timestamp,zone,flow_rate_lpm,consumption_liters,duration_min,scenario,hour,day_of_week,is_weekend,calculated_consumption,consumption_difference,zone_id
2026-07-16 17:10:00,AI Lab,4.76,5.38,1.13,Normal,17,3,0,5.378799999999999,0.001200000000000756,0
2026-07-19 06:20:00,AIML Department,4.06,22.92,5.64,Normal,6,6,1,22.898399999999995,0.021600000000006503,1
2026-07-12 21:00:00,HOD Department,3.56,20.34,5.71,Normal,21,6,1,20.3276,0.012399999999999523,7
2026-07-22 08:30:00,HOD Department,3.17,12.23,3.86,Normal,8,2,0,12.2362,0.006199999999999761,7
2026-07-31 11:50:00,BT Department,3.15,17.44,5.54,Normal,11,4,0,17.451,0.010999999999999233,2
2026-07-19 22:40:00,Mechanical Lab,6.33,27.33,4.32,Normal,22,6,1,27.3456,0.015600000000002723,9
2026-07-13 14:10:00,AIML Department,4.35,26.17,6.01,Normal,14,0,0,26.143499999999996,0.02650000000000574,1
2026-07-09 03:10:00,HOD Department,4.63,40.52,8.76,Normal,3,3,0,40.5588,0.03879999999999484,7
2026-07-29 11:40:00,Physics Lab,4.65,20.97,4.51,Normal,11,2,0,20.9715,0.0015000000000000568,11
2026-07-27 10:50:00,IT Department,4.11,21.36,5.2,Normal,10,0,0,21.372000000000003,0.012000000000004007,8
2026-07-11 23:50:00,AI Lab,4.87,21.39,4.4,Normal,23,5,1,21.428,0.038000000000000256,0
2026-07-21 18:40:00,AI Lab,6.41,42.28,6.59,Normal,18,1,0,42.2419,0.03810000000000002,0
2026-07-22 01:50:00,Physics Lab,4.98,12.54,2.52,Normal,1,2,0,12.549600000000002,0.009600000000002495,11
2026-07-31 03:10:00,Electronics Department,3.5,31.46,8.98,Normal,3,4,0,31.43,0.030000000000001137,6
2026-07-31 11:40:00,Electronics Department,4.72,13.73,2.91,Normal,11,4,0,13.7352,0.0052000000000003155,6
2026-08-01 01:20:00,AI Lab,24.81,1482.62,59.77,Critical,1,5,1,1482.8937,0.2737000000001899,0
2026-08-25 11:30:00,BT Department,22.42,1015.45,45.29,Critical,11,1,0,1015.4018000000001,0.048199999999951615,2
2026-08-05 00:50:00,AIML Department,4.95,36.2,7.32,Normal,0,2,0,36.234,0.03399999999999892,1
2026-07-20 10:00:00,CSE Department,11.21,174.04,15.53,Suspicious,10,0,0,174.09130000000002,0.0513000000000261,4
2026-07-17 07:40:00,Physics Lab,15.15,201.05,13.27,Suspicious,7,4,0,201.0405,0.009500000000002728,11
2026-07-28 15:20:00,Physics Lab,5.65,27.15,4.81,Normal,15,1,0,27.1765,0.02650000000000219,11
2026-08-11 16:40:00,Mechanical Lab,5.33,23.92,4.48,Normal,16,1,0,23.878400000000003,0.04159999999999897,9
2026-08-12 21:50:00,AI Lab,4.5,24.09,5.35,Normal,21,2,0,24.075,0.015000000000000568,0
2026-08-23 02:00:00,Biotech Department,4.69,40.58,8.65,Normal,2,6,1,40.56850000000001,0.011499999999990962,3
2026-07-06 20:20:00,BT Department,13.26,359.79,27.13,Suspicious,20,0,0,359.74379999999996,0.04620000000005575,2
2026-07-23 07:10:00,Physics Lab,11.16,212.45,19.04,Suspicious,7,3,0,212.4864,0.03640000000001464,11
2026-08-25 11:20:00,New Seminar Hall,5.73,40.02,6.99,Normal,11,1,0,40.0527,0.0326999999999984,10
2026-07-23 10:10:00,Mechanical Lab,3.54,10.69,3.02,Normal,10,3,0,10.6908,0.0007999999999999119,9
2026-07-06 15:10:00,Physics Lab,13.48,219.52,16.28,Suspicious,15,0,0,219.45440000000002,0.06559999999998922,11
2026-07-22 17:00:00,Biotech Department,7.08,21.38,3.02,Normal,17,2,0,21.3816,0.0015999999999998238,3
2026-07-06 23:10:00,CSE Department,18.32,675.41,36.87,Critical,23,0,0,675.4584,0.0484000000000151,4
2026-08-20 17:50:00,Chemistry Lab,5.86,49.12,8.39,Normal,17,3,0,49.165400000000005,0.04540000000000788,5
2026-08-18 11:10:00,Physics Lab,2.75,23.14,8.42,Normal,11,1,0,23.155,0.015000000000000568,11
2026-07-12 13:40:00,AIML Department,14.11,820.61,58.18,Critical,13,6,1,820.9198,0.30979999999999563,1
2026-08-17 17:40:00,AI Lab,7.06,14.14,2.0,Normal,17,0,0,14.12,0.02000000000000135,0
2026-07-08 13:40:00,CSE Department,5.21,24.05,4.61,Normal,13,2,0,24.0181,0.03190000000000026,4
2026-08-07 06:20:00,BT Department,17.92,1612.53,89.98,Critical,6,4,0,1612.4416000000003,0.08839999999963766,2
2026-08-03 15:00:00,BT Department,13.36,285.98,21.41,Suspicious,15,0,0,286.0376,0.057599999999979445,2
2026-07-04 17:10:00,BT Department,6.76,24.23,3.59,Normal,17,5,1,24.2684,0.038399999999999324,2
2026-07-08 09:30:00,Electronics Department,4.29,26.31,6.13,Normal,9,2,0,26.2977,0.012299999999999756,6
2026-07-20 21:10:00,BT Department,4.97,19.88,4.0,Normal,21,0,0,19.88,0.0,2
2026-07-20 04:40:00,HOD Department,3.6,8.88,2.47,Normal,4,0,0,8.892000000000001,0.012000000000000455,7
2026-08-07 13:50:00,CSE Department,2.94,25.52,8.67,Normal,13,4,0,25.4898,0.03020000000000067,4
2026-07-21 16:10:00,BT Department,2.76,22.61,8.18,Normal,16,1,0,22.5768,0.033200000000000784,2
2026-07-24 16:20:00,CSE Department,4.03,36.79,9.13,Normal,16,4,0,36.79390000000001,0.0039000000000086743,4
2026-08-06 04:50:00,Electronics Department,3.99,16.29,4.08,Normal,4,3,0,16.2792,0.010799999999999699,6
2026-07-08 19:10:00,Mechanical Lab,6.65,20.56,3.09,Normal,19,2,0,20.5485,0.011499999999998067,9
2026-08-14 18:20:00,Physics Lab,5.95,33.56,5.64,Normal,18,4,0,33.558,0.0020000000000024443,11
2026-08-04 22:10:00,AI Lab,11.59,133.44,11.51,Suspicious,22,1,0,133.4009,0.03909999999999059,0
2026-08-13 14:00:00,HOD Department,4.29,7.5,1.75,Normal,14,3,0,7.5075,0.007500000000000284,7
2026-07-21 14:50:00,IT Department,5.55,5.61,1.01,Normal,14,1,0,5.6055,0.0045000000000001705,8
2026-07-29 05:50:00,Biotech Department,5.82,51.81,8.91,Normal,5,2,0,51.8562,0.04619999999999891,3
2026-07-31 09:50:00,Chemistry Lab,16.01,252.89,15.8,Suspicious,9,4,0,252.95800000000003,0.06800000000004047,5
2026-08-18 22:30:00,Electronics Department,5.16,35.6,6.9,Normal,22,1,0,35.604000000000006,0.0040000000000048885,6
2026-07-10 12:20:00,CSE Department,4.1,34.59,8.43,Normal,12,4,0,34.562999999999995,0.02700000000000813,4
2026-08-24 00:30:00,BT Department,4.46,5.75,1.29,Normal,0,0,0,5.7534,0.0034000000000000696,2
2026-07-16 23:20:00,IT Department,3.27,14.91,4.55,Normal,23,3,0,14.878499999999999,0.031500000000001194,8
2026-08-16 13:00:00,IT Department,3.37,27.98,8.3,Normal,13,6,1,27.971000000000004,0.008999999999996788,8
2026-08-20 15:20:00,Electronics Department,3.28,19.17,5.84,Normal,15,3,0,19.155199999999997,0.014800000000004587,6
2026-07-07 08:20:00,Physics Lab,12.51,363.94,29.08,Suspicious,8,1,0,363.7908,0.14920000000000755,11
2026-08-09 03:50:00,IT Department,4.98,15.67,3.15,Normal,3,6,1,15.687000000000001,0.017000000000001236,8
2026-07-18 10:50:00,HOD Department,2.65,4.82,1.82,Normal,10,5,1,4.823,0.0030000000000001137,7
2026-07-04 13:30:00,Mechanical Lab,5.41,10.05,1.86,Normal,13,5,1,10.062600000000002,0.012600000000000833,9
2026-07-21 08:20:00,Electronics Department,9.38,201.68,21.51,Suspicious,8,1,0,201.76380000000003,0.08380000000002497,6
2026-08-04 18:50:00,AI Lab,11.58,297.85,25.72,Suspicious,18,1,0,297.8376,0.012400000000013733,0
2026-08-19 05:40:00,HOD Department,3.23,24.53,7.6,Normal,5,2,0,24.548,0.01799999999999713,7
2026-08-13 16:00:00,Chemistry Lab,5.77,25.86,4.49,Normal,16,3,0,25.9073,0.0472999999999999,5
2026-08-08 03:50:00,BT Department,3.52,23.88,6.78,Normal,3,5,1,23.8656,0.014399999999998414,2
2026-07-11 18:20:00,IT Department,3.7,29.18,7.88,Normal,18,5,1,29.156000000000002,0.023999999999997357,8
2026-07-28 12:30:00,Electronics Department,5.18,22.36,4.32,Normal,12,1,0,22.3776,0.017600000000001614,6
2026-07-23 23:40:00,AIML Department,5.83,41.75,7.16,Normal,23,3,0,41.7428,0.007199999999997431,1
2026-07-03 03:50:00,IT Department,10.2,256.83,25.17,Suspicious,3,4,0,256.734,0.09600000000000364,8
2026-07-27 18:20:00,Biotech Department,5.54,5.83,1.05,Normal,18,0,0,5.817,0.0129999999999999,3
2026-07-29 16:40:00,Electronics Department,12.08,284.36,23.55,Suspicious,16,2,0,284.48400000000004,0.12400000000002365,6
2026-08-24 18:30:00,Chemistry Lab,5.38,11.75,2.18,Normal,18,0,0,11.7284,0.021599999999999397,5
2026-07-13 21:50:00,Electronics Department,3.4,10.07,2.96,Normal,21,0,0,10.064,0.006000000000000227,6
2026-07-09 06:40:00,Chemistry Lab,5.36,13.23,2.47,Normal,6,3,0,13.239200000000002,0.009200000000001651,5
2026-08-10 19:10:00,IT Department,5.59,36.44,6.51,Normal,19,0,0,36.390899999999995,0.04910000000000281,8
2026-07-16 06:10:00,HOD Department,4.49,44.12,9.83,Normal,6,3,0,44.136700000000005,0.016700000000007265,7
2026-07-28 14:50:00,CSE Department,4.11,6.42,1.56,Normal,14,1,0,6.411600000000001,0.008399999999999075,4
2026-08-14 05:10:00,Biotech Department,5.17,19.18,3.71,Normal,5,4,0,19.180699999999998,0.0006999999999983686,3
2026-07-24 04:20:00,CSE Department,3.87,21.41,5.53,Normal,4,4,0,21.401100000000003,0.008899999999997021,4
2026-07-06 01:40:00,AIML Department,8.23,180.12,21.87,Suspicious,1,0,0,179.9901,0.12989999999999213,1
2026-07-21 01:20:00,CSE Department,2.63,25.81,9.83,Normal,1,1,0,25.852899999999998,0.042899999999999494,4
2026-07-08 07:00:00,HOD Department,2.72,7.23,2.66,Normal,7,2,0,7.235200000000001,0.0052000000000003155,7
2026-08-17 05:50:00,AI Lab,6.5,53.42,8.21,Normal,5,0,0,53.36500000000001,0.05499999999999261,0
2026-08-05 22:50:00,New Seminar Hall,7.55,73.15,9.69,Normal,22,2,0,73.1595,0.009499999999988518,10
2026-07-31 03:00:00,Physics Lab,6.34,34.05,5.37,Normal,3,4,0,34.0458,0.004199999999997317,11
2026-07-16 10:10:00,CSE Department,3.23,27.47,8.51,Normal,10,3,0,27.487299999999998,0.01729999999999876,4
2026-07-04 16:30:00,HOD Department,3.76,18.75,4.99,Normal,16,5,1,18.7624,0.012399999999999523,7
2026-07-27 19:30:00,BT Department,4.98,18.89,3.79,Normal,19,0,0,18.874200000000002,0.015799999999998704,2
2026-07-31 23:40:00,Electronics Department,5.18,23.54,4.54,Normal,23,4,0,23.5172,0.022800000000000153,6
2026-07-04 22:20:00,Physics Lab,4.0,12.81,3.2,Normal,22,5,1,12.8,0.009999999999999787,11
2026-08-18 20:40:00,BT Department,9.95,136.33,13.71,Suspicious,20,1,0,136.4145,0.08449999999999136,2
2026-07-10 16:10:00,BT Department,3.87,13.9,3.59,Normal,16,4,0,13.8933,0.006700000000000372,2
2026-07-06 04:00:00,AI Lab,4.42,4.99,1.13,Normal,4,0,0,4.994599999999999,0.004599999999999049,0
2026-07-08 08:10:00,BT Department,2.66,24.44,9.2,Normal,8,2,0,24.471999999999998,0.031999999999996476,2
2026-08-14 04:50:00,Chemistry Lab,4.83,5.59,1.16,Normal,4,4,0,5.602799999999999,0.012799999999999478,5
2026-08-16 03:10:00,HOD Department,3.7,18.45,4.99,Normal,3,6,1,18.463,0.013000000000001677,7
2026-07-20 13:40:00,CSE Department,3.51,28.84,8.21,Normal,13,0,0,28.8171,0.02289999999999992,4
2026-07-08 19:00:00,BT Department,4.72,34.74,7.36,Normal,19,2,0,34.7392,0.000800000000005241,2
2026-07-10 15:10:00,IT Department,4.58,32.74,7.14,Normal,15,4,0,32.7012,0.038800000000001944,8
2026-07-22 01:40:00,Biotech Department,5.96,38.37,6.44,Normal,1,2,0,38.382400000000004,0.012400000000006628,3
2026-08-23 20:50:00,Mechanical Lab,4.48,31.85,7.11,Normal,20,6,1,31.852800000000006,0.0028000000000041325,9
2026-08-17 04:30:00,New Seminar Hall,7.17,22.52,3.14,Normal,4,0,0,22.5138,0.006199999999999761,10
2026-08-01 00:50:00,Biotech Department,4.86,35.9,7.39,Normal,0,5,1,35.9154,0.015399999999999636,3
2026-07-24 21:20:00,BT Department,5.3,21.3,4.02,Normal,21,4,0,21.305999999999997,0.005999999999996675,2
2026-07-11 15:10:00,Chemistry Lab,6.26,20.63,3.29,Normal,15,5,1,20.595399999999998,0.034600000000001074,5
2026-08-04 02:10:00,IT Department,4.51,33.98,7.53,Normal,2,1,0,33.9603,0.019700000000000273,8
2026-07-14 18:20:00,CSE Department,5.14,16.11,3.13,Normal,18,1,0,16.088199999999997,0.021800000000002484,4
2026-07-08 12:20:00,Biotech Department,3.32,29.04,8.75,Normal,12,2,0,29.049999999999997,0.00999999999999801,3
2026-08-08 10:00:00,New Seminar Hall,11.83,325.39,27.51,Suspicious,10,5,1,325.4433,0.05330000000003565,10
2026-07-18 13:00:00,CSE Department,4.01,20.46,5.11,Normal,13,5,1,20.4911,0.031099999999998573,4
2026-07-03 18:10:00,Chemistry Lab,6.6,17.65,2.67,Normal,18,4,0,17.622,0.027999999999998693,5
2026-07-31 20:10:00,New Seminar Hall,7.8,22.61,2.9,Normal,20,4,0,22.619999999999997,0.00999999999999801,10
2026-07-31 13:20:00,IT Department,8.21,114.95,13.99,Suspicious,13,4,0,114.85790000000001,0.09209999999998786,8
2026-08-22 19:30:00,Physics Lab,5.25,16.24,3.09,Normal,19,5,1,16.2225,0.017499999999998295,11
2026-07-08 16:50:00,AIML Department,4.87,17.61,3.62,Normal,16,2,0,17.6294,0.019400000000000972,1
2026-07-07 10:30:00,IT Department,3.13,30.3,9.67,Normal,10,1,0,30.2671,0.032900000000001484,8
2026-08-09 05:40:00,HOD Department,3.16,25.61,8.11,Normal,5,6,1,25.6276,0.017600000000001614,7
2026-07-18 23:40:00,Electronics Department,4.94,39.01,7.9,Normal,23,5,1,39.026,0.016000000000005343,6
2026-08-14 22:30:00,Biotech Department,3.72,18.26,4.91,Normal,22,4,0,18.2652,0.005199999999998539,3
2026-08-17 04:00:00,Physics Lab,16.2,419.05,25.86,Suspicious,4,0,0,418.93199999999996,0.11800000000005184,11
2026-07-14 04:20:00,IT Department,19.92,1471.04,73.84,Critical,4,1,0,1470.8928000000003,0.14719999999965694,8
2026-08-07 20:20:00,New Seminar Hall,6.76,30.0,4.44,Normal,20,4,0,30.014400000000002,0.014400000000001967,10
2026-07-12 23:30:00,AIML Department,5.77,51.49,8.92,Normal,23,6,1,51.468399999999995,0.021600000000006503,1
2026-07-14 01:50:00,Chemistry Lab,6.97,9.4,1.35,Normal,1,1,0,9.4095,0.009499999999999176,5
2026-08-19 17:10:00,Physics Lab,3.36,16.06,4.79,Normal,17,2,0,16.0944,0.03440000000000154,11
2026-08-04 17:20:00,Chemistry Lab,4.57,33.14,7.26,Normal,17,1,0,33.178200000000004,0.03820000000000334,5
2026-08-03 00:00:00,Chemistry Lab,27.05,2368.67,87.57,Critical,0,0,0,2368.7684999999997,0.09849999999960346,5
2026-08-06 10:30:00,Biotech Department,1.74,9.83,5.65,Normal,10,3,0,9.831000000000001,0.0010000000000012221,3
2026-07-04 12:10:00,Electronics Department,5.3,26.45,4.99,Normal,12,5,1,26.447,0.0030000000000001137,6
2026-08-02 14:30:00,Mechanical Lab,4.6,30.7,6.67,Normal,14,6,1,30.682,0.018000000000000682,9
2026-08-15 12:30:00,AIML Department,3.42,31.5,9.22,Normal,12,5,1,31.532400000000003,0.03240000000000265,1
2026-07-23 10:20:00,AIML Department,10.89,214.77,19.72,Suspicious,10,3,0,214.7508,0.019200000000012096,1
2026-08-07 09:30:00,CSE Department,5.3,19.23,3.63,Normal,9,4,0,19.238999999999997,0.008999999999996788,4
2026-07-14 20:10:00,Physics Lab,5.08,31.36,6.18,Normal,20,1,0,31.394399999999997,0.03439999999999799,11
2026-08-12 20:40:00,HOD Department,3.28,31.21,9.5,Normal,20,2,0,31.159999999999997,0.05000000000000426,7
2026-07-23 23:50:00,AI Lab,8.2,11.48,1.4,Normal,23,3,0,11.479999999999999,1.7763568394002505e-15,0
2026-08-15 15:00:00,AIML Department,19.73,816.65,41.38,Critical,15,5,1,816.4274,0.22259999999994307,1
2026-08-15 14:50:00,CSE Department,3.04,30.14,9.91,Normal,14,5,1,30.1264,0.013600000000000279,4
2026-08-16 21:00:00,New Seminar Hall,26.95,970.53,36.01,Critical,21,6,1,970.4694999999999,0.060500000000047294,10
2026-07-22 02:00:00,Electronics Department,5.23,47.67,9.11,Normal,2,2,0,47.6453,0.02470000000000283,6
2026-08-19 02:00:00,HOD Department,7.83,206.88,26.43,Suspicious,2,2,0,206.9469,0.06690000000000396,7
2026-07-12 02:20:00,BT Department,2.32,18.08,7.79,Normal,2,6,1,18.072799999999997,0.007200000000000983,2
2026-07-16 08:40:00,New Seminar Hall,8.37,8.44,1.01,Normal,8,3,0,8.4537,0.013700000000000045,10
2026-07-05 09:40:00,AIML Department,9.0,248.86,27.64,Suspicious,9,6,1,248.76,0.10000000000002274,1
2026-07-18 00:50:00,Biotech Department,7.39,9.12,1.23,Normal,0,5,1,9.089699999999999,0.030300000000000438,3
2026-08-17 13:20:00,CSE Department,4.51,6.49,1.44,Normal,13,0,0,6.4944,0.004399999999999515,4
2026-07-25 03:20:00,Mechanical Lab,7.83,66.75,8.52,Normal,3,5,1,66.7116,0.03839999999999577,9
2026-07-19 10:50:00,Electronics Department,3.65,30.74,8.41,Normal,10,6,1,30.6965,0.043499999999998096,6
2026-07-26 17:20:00,Physics Lab,5.48,7.7,1.41,Normal,17,6,1,7.7268,0.026799999999999713,11
2026-07-23 15:40:00,Mechanical Lab,7.75,10.49,1.35,Normal,15,3,0,10.4625,0.027499999999999858,9
2026-07-25 21:00:00,HOD Department,4.01,37.25,9.3,Normal,21,5,1,37.293,0.04299999999999926,7
2026-07-24 03:40:00,Biotech Department,5.72,53.73,9.4,Normal,3,4,0,53.768,0.03800000000000381,3
2026-07-15 18:40:00,AI Lab,4.5,33.23,7.39,Normal,18,2,0,33.254999999999995,0.02499999999999858,0
2026-08-18 15:10:00,Biotech Department,3.01,29.68,9.85,Normal,15,1,0,29.6485,0.031500000000001194,3
2026-08-15 09:10:00,Chemistry Lab,5.02,6.21,1.24,Normal,9,5,1,6.224799999999999,0.014799999999999258,5
2026-07-05 19:50:00,CSE Department,3.91,37.17,9.5,Normal,19,6,1,37.145,0.02499999999999858,4
2026-07-02 21:00:00,AIML Department,3.3,8.87,2.69,Normal,21,3,0,8.876999999999999,0.006999999999999673,1
2026-08-18 04:10:00,Biotech Department,6.29,21.39,3.4,Normal,4,1,0,21.386,0.004000000000001336,3
2026-08-23 15:40:00,IT Department,13.37,1202.22,89.89,Critical,15,6,1,1201.8292999999999,0.3907000000001517,8
2026-07-01 11:50:00,AIML Department,4.9,43.53,8.89,Normal,11,2,0,43.56100000000001,0.03100000000000591,1
2026-07-14 13:30:00,AIML Department,3.18,17.21,5.42,Normal,13,1,0,17.2356,0.025600000000000733,1
2026-07-29 15:40:00,Electronics Department,5.66,15.52,2.74,Normal,15,2,0,15.508400000000002,0.011599999999997834,6
2026-07-12 03:00:00,HOD Department,4.34,32.12,7.39,Normal,3,6,1,32.072599999999994,0.04740000000000322,7
2026-08-10 01:50:00,Chemistry Lab,4.35,28.4,6.53,Normal,1,0,0,28.4055,0.005500000000001393,5
2026-08-06 11:20:00,AI Lab,5.31,23.19,4.36,Normal,11,3,0,23.1516,0.038400000000002876,0
2026-08-23 19:20:00,Physics Lab,6.42,20.93,3.26,Normal,19,6,1,20.929199999999998,0.0008000000000016882,11
2026-08-10 21:20:00,New Seminar Hall,3.68,32.96,8.95,Normal,21,0,0,32.936,0.02400000000000091,10
2026-08-04 16:10:00,New Seminar Hall,7.92,73.16,9.24,Normal,16,1,0,73.1808,0.020800000000008367,10
2026-07-11 02:30:00,AIML Department,9.04,200.74,22.2,Suspicious,2,5,1,200.688,0.05200000000002092,1
2026-07-01 18:50:00,HOD Department,1.99,19.88,10.0,Normal,18,2,0,19.9,0.019999999999999574,7
2026-08-14 08:40:00,Electronics Department,11.58,183.99,15.89,Suspicious,8,4,0,184.0062,0.016199999999997772,6
2026-07-08 14:00:00,Biotech Department,5.57,7.68,1.38,Normal,14,2,0,7.686599999999999,0.006599999999999717,3
2026-08-16 18:40:00,AIML Department,9.13,205.23,22.48,Suspicious,18,6,1,205.24240000000003,0.012400000000042155,1
2026-08-25 08:40:00,Physics Lab,13.65,282.19,20.67,Suspicious,8,1,0,282.1455,0.044499999999970896,11
2026-08-03 06:30:00,Physics Lab,4.17,18.26,4.38,Normal,6,0,0,18.264599999999998,0.004599999999996385,11
2026-07-15 10:30:00,CSE Department,6.11,36.46,5.96,Normal,10,2,0,36.415600000000005,0.044399999999996,4
2026-08-10 18:40:00,Physics Lab,4.73,21.63,4.57,Normal,18,0,0,21.616100000000003,0.013899999999996027,11
2026-08-06 18:00:00,Mechanical Lab,6.17,38.56,6.25,Normal,18,3,0,38.5625,0.0024999999999977263,9
2026-08-05 07:20:00,CSE Department,5.72,19.5,3.41,Normal,7,2,0,19.5052,0.005199999999998539,4
2026-07-05 04:20:00,AIML Department,2.98,14.59,4.9,Normal,4,6,1,14.602,0.012000000000000455,1
2026-08-21 02:30:00,Mechanical Lab,5.27,49.93,9.47,Normal,2,4,0,49.9069,0.023099999999999454,9
2026-07-31 20:20:00,BT Department,4.39,25.57,5.83,Normal,20,4,0,25.5937,0.023699999999998056,2
2026-08-07 19:00:00,Mechanical Lab,13.28,309.78,23.33,Suspicious,19,4,0,309.82239999999996,0.04239999999998645,9
2026-07-25 21:10:00,Electronics Department,5.96,14.67,2.46,Normal,21,5,1,14.6616,0.008399999999999963,6
2026-07-13 03:10:00,AIML Department,4.74,33.23,7.01,Normal,3,0,0,33.2274,0.0025999999999939405,1
2026-08-17 01:00:00,Chemistry Lab,4.62,44.89,9.72,Normal,1,0,0,44.906400000000005,0.01640000000000441,5
2026-07-08 15:50:00,BT Department,4.94,12.16,2.46,Normal,15,2,0,12.1524,0.007600000000000051,2
2026-07-11 02:20:00,Physics Lab,5.27,44.16,8.38,Normal,2,5,1,44.1626,0.002600000000001046,11
2026-07-27 11:50:00,Biotech Department,6.93,21.58,3.11,Normal,11,0,0,21.5523,0.027699999999999392,3
2026-07-05 12:10:00,Electronics Department,4.71,6.9,1.46,Normal,12,6,1,6.8766,0.02340000000000053,6
2026-07-10 22:30:00,Biotech Department,4.69,20.97,4.47,Normal,22,4,0,20.9643,0.005699999999997374,3
2026-07-24 11:20:00,AI Lab,12.78,129.03,10.09,Suspicious,11,4,0,128.9502,0.07980000000000587,0
2026-07-16 01:00:00,CSE Department,3.69,6.88,1.86,Normal,1,3,0,6.8634,0.016599999999999504,4
2026-07-31 07:50:00,AIML Department,2.92,28.16,9.65,Normal,7,4,0,28.178,0.018000000000000682,1
2026-07-14 14:40:00,AI Lab,5.08,11.97,2.36,Normal,14,1,0,11.9888,0.018799999999998818,0
2026-07-26 22:00:00,CSE Department,5.33,33.51,6.29,Normal,22,6,1,33.5257,0.01570000000000249,4
2026-08-22 23:40:00,BT Department,3.55,18.32,5.16,Normal,23,5,1,18.317999999999998,0.0020000000000024443,2
2026-08-03 18:10:00,Biotech Department,5.3,34.37,6.49,Normal,18,0,0,34.397,0.027000000000001023,3
2026-07-13 10:00:00,Chemistry Lab,6.17,44.99,7.29,Normal,10,0,0,44.9793,0.010699999999999932,5
2026-08-05 07:50:00,IT Department,5.7,44.63,7.83,Normal,7,2,0,44.631,0.0009999999999976694,8
2026-07-07 18:30:00,CSE Department,3.53,19.37,5.49,Normal,18,1,0,19.3797,0.00969999999999871,4
2026-08-06 00:20:00,Biotech Department,5.9,17.22,2.92,Normal,0,3,0,17.228,0.008000000000002672,3
2026-07-26 04:20:00,AI Lab,5.83,52.12,8.94,Normal,4,6,1,52.1202,0.00019999999999953388,0
2026-08-01 04:20:00,BT Department,4.25,11.43,2.69,Normal,4,5,1,11.4325,0.0024999999999995026,2
2026-08-22 05:20:00,IT Department,1.96,16.35,8.36,Normal,5,5,1,16.3856,0.035599999999998744,8
2026-08-19 20:00:00,Physics Lab,10.99,260.97,23.75,Suspicious,20,2,0,261.0125,0.042499999999961346,11
2026-07-02 23:50:00,Chemistry Lab,5.51,6.21,1.13,Normal,23,3,0,6.226299999999999,0.016299999999999315,5
2026-07-21 22:20:00,CSE Department,17.01,905.34,53.23,Critical,22,1,0,905.4423,0.10230000000001382,4
2026-07-25 22:20:00,New Seminar Hall,3.77,16.49,4.37,Normal,22,5,1,16.4749,0.015099999999996783,10
2026-08-13 10:20:00,New Seminar Hall,5.11,10.9,2.14,Normal,10,3,0,10.935400000000001,0.035400000000000986,10
2026-07-23 15:00:00,BT Department,4.31,34.65,8.03,Normal,15,3,0,34.6093,0.04070000000000107,2
2026-07-02 00:50:00,New Seminar Hall,7.79,35.63,4.57,Normal,0,3,0,35.600300000000004,0.029699999999998283,10
2026-07-03 13:00:00,IT Department,4.17,20.37,4.89,Normal,13,4,0,20.391299999999998,0.021299999999996544,8
2026-08-02 03:30:00,AI Lab,6.38,36.64,5.74,Normal,3,6,1,36.6212,0.018799999999998818,0
2026-07-23 11:10:00,AIML Department,2.73,18.84,6.91,Normal,11,3,0,18.8643,0.02430000000000021,1
2026-07-05 00:50:00,HOD Department,4.35,21.58,4.96,Normal,0,6,1,21.575999999999997,0.004000000000001336,7
2026-07-06 10:50:00,Electronics Department,4.02,36.17,9.0,Normal,10,0,0,36.17999999999999,0.009999999999990905,6
2026-07-09 23:20:00,New Seminar Hall,23.27,1099.8,47.27,Critical,23,3,0,1099.9729,0.17290000000002692,10
2026-07-09 06:20:00,CSE Department,3.39,4.84,1.43,Normal,6,3,0,4.8477,0.007699999999999818,4
2026-07-31 12:30:00,BT Department,4.65,14.08,3.03,Normal,12,4,0,14.089500000000001,0.009500000000000952,2
2026-08-20 22:30:00,Chemistry Lab,6.46,48.16,7.46,Normal,22,3,0,48.1916,0.03160000000000451,5
2026-08-15 15:40:00,Mechanical Lab,5.46,13.77,2.52,Normal,15,5,1,13.7592,0.010799999999999699,9
2026-07-10 13:20:00,Chemistry Lab,6.64,49.4,7.44,Normal,13,4,0,49.4016,0.0016000000000033765,5
2026-08-19 14:50:00,Chemistry Lab,3.9,8.12,2.08,Normal,14,2,0,8.112,0.007999999999999119,5
2026-08-16 06:10:00,AI Lab,5.96,13.19,2.21,Normal,6,6,1,13.1716,0.01839999999999975,0
2026-07-14 17:20:00,HOD Department,9.6,143.03,14.9,Suspicious,17,1,0,143.04,0.009999999999990905,7
2026-08-05 02:00:00,IT Department,6.21,27.22,4.38,Normal,2,2,0,27.1998,0.020199999999999108,8
2026-07-04 18:40:00,AI Lab,3.91,32.2,8.23,Normal,18,5,1,32.179300000000005,0.020699999999997942,0
2026-08-22 17:20:00,Physics Lab,4.89,37.94,7.76,Normal,17,5,1,37.9464,0.006399999999999295,11
2026-07-20 13:50:00,HOD Department,2.94,19.9,6.77,Normal,13,0,0,19.903799999999997,0.0037999999999982492,7
2026-07-04 14:40:00,New Seminar Hall,6.57,52.42,7.98,Normal,14,5,1,52.4286,0.008600000000001273,10
2026-08-05 09:40:00,IT Department,7.88,139.39,17.7,Suspicious,9,2,0,139.476,0.08600000000001273,8
2026-07-29 15:20:00,Chemistry Lab,4.79,39.16,8.18,Normal,15,2,0,39.1822,0.022200000000005105,5
2026-07-28 12:40:00,Chemistry Lab,6.23,43.15,6.93,Normal,12,1,0,43.1739,0.023900000000004695,5
2026-07-05 02:40:00,IT Department,2.95,28.64,9.72,Normal,2,6,1,28.674000000000003,0.03400000000000247,8
2026-07-30 08:00:00,Biotech Department,4.67,17.25,3.69,Normal,8,3,0,17.2323,0.01770000000000138,3
2026-07-09 23:00:00,Biotech Department,5.16,45.48,8.82,Normal,23,3,0,45.5112,0.031200000000005446,3
2026-08-21 05:40:00,Chemistry Lab,5.24,27.06,5.17,Normal,5,4,0,27.0908,0.030800000000002825,5
2026-08-08 19:00:00,BT Department,3.64,13.41,3.68,Normal,19,5,1,13.3952,0.014799999999999258,2
2026-07-03 15:40:00,New Seminar Hall,5.46,5.47,1.0,Normal,15,4,0,5.46,0.009999999999999787,10
2026-08-19 20:40:00,IT Department,4.11,39.81,9.7,Normal,20,2,0,39.867,0.056999999999995055,8
2026-07-10 11:10:00,CSE Department,2.35,9.98,4.25,Normal,11,4,0,9.9875,0.007500000000000284,4
2026-07-14 15:50:00,CSE Department,3.51,21.53,6.13,Normal,15,1,0,21.516299999999998,0.013700000000003598,4
2026-07-16 12:00:00,Chemistry Lab,5.62,24.74,4.4,Normal,12,3,0,24.728,0.011999999999996902,5
2026-07-28 03:30:00,AIML Department,2.93,15.51,5.29,Normal,3,1,0,15.4997,0.010299999999999088,1
2026-08-21 18:50:00,Physics Lab,5.38,45.67,8.49,Normal,18,4,0,45.6762,0.006199999999999761,11
2026-08-02 14:10:00,Biotech Department,4.02,22.66,5.64,Normal,14,6,1,22.672799999999995,0.012799999999995038,3
2026-07-02 06:00:00,IT Department,4.33,20.6,4.76,Normal,6,3,0,20.6108,0.010799999999999699,8
2026-07-28 20:00:00,IT Department,16.04,600.75,37.44,Critical,20,1,0,600.5375999999999,0.21240000000011605,8
2026-08-14 10:30:00,HOD Department,2.49,10.87,4.37,Normal,10,4,0,10.881300000000001,0.011300000000002086,7
2026-07-16 22:10:00,CSE Department,6.1,35.28,5.78,Normal,22,3,0,35.258,0.021999999999998465,4
2026-07-05 02:00:00,IT Department,5.09,43.91,8.62,Normal,2,6,1,43.8758,0.034199999999998454,8
2026-08-13 00:20:00,AI Lab,17.52,1368.86,78.15,Critical,0,3,0,1369.188,0.3280000000002019,0
2026-07-15 10:10:00,HOD Department,5.12,42.73,8.34,Normal,10,2,0,42.7008,0.029199999999995896,7
2026-07-01 14:10:00,Mechanical Lab,12.28,140.35,11.43,Suspicious,14,2,0,140.3604,0.010400000000004184,9
2026-08-23 08:40:00,Physics Lab,5.18,45.03,8.69,Normal,8,6,1,45.014199999999995,0.01580000000000581,11
2026-08-22 22:10:00,Physics Lab,11.42,128.54,11.25,Suspicious,22,5,1,128.475,0.06499999999999773,11
2026-07-15 08:20:00,CSE Department,3.62,22.68,6.27,Normal,8,2,0,22.6974,0.017399999999998528,4
2026-07-15 23:50:00,AI Lab,5.2,21.91,4.21,Normal,23,2,0,21.892,0.018000000000000682,0
2026-07-18 00:20:00,IT Department,4.58,13.09,2.86,Normal,0,5,1,13.098799999999999,0.00879999999999903,8
2026-07-06 12:40:00,Chemistry Lab,7.27,43.19,5.94,Normal,12,0,0,43.1838,0.006199999999999761,5
2026-08-22 21:10:00,HOD Department,3.32,17.74,5.34,Normal,21,5,1,17.7288,0.011199999999998766,7
2026-07-18 09:20:00,BT Department,12.37,359.25,29.05,Suspicious,9,5,1,359.3485,0.09850000000000136,2
2026-08-22 12:00:00,Biotech Department,17.72,977.28,55.15,Critical,12,5,1,977.2579999999999,0.022000000000048203,3
2026-07-17 14:40:00,AI Lab,5.64,47.02,8.34,Normal,14,4,0,47.0376,0.01759999999999451,0
2026-07-01 23:50:00,Mechanical Lab,6.81,50.78,7.46,Normal,23,2,0,50.8026,0.022599999999997067,9
2026-08-13 17:50:00,HOD Department,3.34,32.01,9.59,Normal,17,3,0,32.0306,0.020600000000001728,7
2026-08-24 22:40:00,IT Department,2.12,2.82,1.33,Normal,22,0,0,2.8196000000000003,0.00039999999999951186,8
2026-08-06 14:30:00,Biotech Department,5.8,54.31,9.36,Normal,14,3,0,54.288,0.02200000000000557,3
2026-07-16 00:20:00,BT Department,4.6,26.8,5.83,Normal,0,3,0,26.817999999999998,0.01799999999999713,2
2026-07-19 07:00:00,Chemistry Lab,2.55,24.47,9.6,Normal,7,6,1,24.479999999999997,0.00999999999999801,5
2026-08-06 10:20:00,Electronics Department,8.21,114.54,13.96,Suspicious,10,3,0,114.61160000000002,0.07160000000001787,6
2026-07-25 05:10:00,Chemistry Lab,11.76,138.39,11.77,Suspicious,5,5,1,138.4152,0.025200000000012324,5
2026-07-26 00:20:00,AI Lab,6.59,20.94,3.18,Normal,0,6,1,20.9562,0.016199999999997772,0
2026-07-04 11:30:00,Electronics Department,3.92,33.73,8.61,Normal,11,5,1,33.7512,0.02120000000000033,6
2026-08-16 01:20:00,Biotech Department,6.37,33.71,5.3,Normal,1,6,1,33.761,0.05100000000000193,3
2026-07-20 20:40:00,Mechanical Lab,4.76,34.03,7.15,Normal,20,0,0,34.034,0.003999999999997783,9
2026-07-21 00:40:00,HOD Department,4.82,32.44,6.72,Normal,0,1,0,32.3904,0.04959999999999809,7
2026-07-03 01:50:00,CSE Department,3.95,19.59,4.96,Normal,1,4,0,19.592000000000002,0.0020000000000024443,4
2026-08-16 09:50:00,HOD Department,4.16,18.34,4.41,Normal,9,6,1,18.3456,0.00560000000000116,7
2026-07-08 10:20:00,Biotech Department,5.38,36.34,6.75,Normal,10,2,0,36.315,0.025000000000005684,3
2026-08-23 10:30:00,CSE Department,5.4,6.89,1.28,Normal,10,6,1,6.912000000000001,0.02200000000000113,4
2026-07-08 08:20:00,Electronics Department,4.5,20.62,4.59,Normal,8,2,0,20.655,0.03500000000000014,6
2026-08-02 14:50:00,Electronics Department,5.76,15.3,2.66,Normal,14,6,1,15.3216,0.021599999999999397,6
2026-08-12 00:10:00,BT Department,5.69,17.97,3.16,Normal,0,2,0,17.980400000000003,0.010400000000004184,2
2026-07-12 22:40:00,Physics Lab,4.25,27.28,6.42,Normal,22,6,1,27.285,0.004999999999999005,11
2026-07-05 16:10:00,BT Department,5.99,20.79,3.47,Normal,16,6,1,20.785300000000003,0.004699999999996152,2
2026-08-24 10:50:00,IT Department,4.23,10.69,2.52,Normal,10,0,0,10.659600000000001,0.03039999999999843,8
2026-07-15 23:40:00,Mechanical Lab,8.36,78.51,9.4,Normal,23,2,0,78.584,0.07399999999999807,9
2026-07-11 12:10:00,IT Department,4.72,16.14,3.42,Normal,12,5,1,16.1424,0.0023999999999979593,8
2026-08-22 14:50:00,Biotech Department,11.1,122.08,11.0,Suspicious,14,5,1,122.1,0.01999999999999602,3
2026-08-03 05:00:00,CSE Department,2.03,3.14,1.55,Normal,5,0,0,3.1464999999999996,0.006499999999999506,4
2026-07-30 23:00:00,AI Lab,4.09,27.4,6.71,Normal,23,3,0,27.4439,0.043900000000000716,0
2026-07-22 19:10:00,CSE Department,6.17,41.52,6.73,Normal,19,2,0,41.524100000000004,0.004100000000001103,4
2026-08-18 18:00:00,Chemistry Lab,6.4,50.87,7.95,Normal,18,1,0,50.88,0.010000000000005116,5
2026-07-14 10:40:00,Electronics Department,7.2,13.83,1.92,Normal,10,1,0,13.824,0.006000000000000227,6
2026-07-12 12:00:00,AI Lab,5.53,19.63,3.55,Normal,12,6,1,19.6315,0.0015000000000000568,0
2026-07-13 10:40:00,AI Lab,4.78,13.24,2.77,Normal,10,0,0,13.2406,0.000600000000000378,0
2026-07-02 10:10:00,BT Department,4.2,24.42,5.81,Normal,10,3,0,24.402,0.018000000000000682,2
2026-07-18 06:30:00,Biotech Department,5.89,44.39,7.53,Normal,6,5,1,44.3517,0.03829999999999956,3
2026-07-16 14:30:00,CSE Department,3.9,27.0,6.93,Normal,14,3,0,27.026999999999997,0.02699999999999747,4
2026-07-22 19:40:00,Biotech Department,4.61,29.66,6.43,Normal,19,2,0,29.642300000000002,0.01769999999999783,3
2026-08-13 11:30:00,BT Department,3.82,14.86,3.89,Normal,11,3,0,14.8598,0.00019999999999953388,2
2026-07-04 19:50:00,Physics Lab,5.25,35.23,6.71,Normal,19,5,1,35.2275,0.0024999999999977263,11
2026-08-13 07:00:00,AI Lab,3.84,20.89,5.43,Normal,7,3,0,20.8512,0.038800000000001944,0
2026-07-03 12:30:00,Electronics Department,15.22,749.56,49.26,Critical,12,4,0,749.7372,0.1772000000000844,6
2026-07-06 06:20:00,Electronics Department,4.85,9.86,2.03,Normal,6,0,0,9.845499999999998,0.014500000000001734,6
2026-07-28 21:20:00,CSE Department,1.64,5.87,3.58,Normal,21,1,0,5.8712,0.0011999999999998678,4
2026-07-30 07:40:00,Biotech Department,21.86,1399.83,64.02,Critical,7,3,0,1399.4771999999998,0.3528000000001157,3
2026-07-27 03:30:00,Electronics Department,4.54,10.76,2.37,Normal,3,0,0,10.7598,0.00019999999999953388,6
2026-08-19 12:20:00,Biotech Department,6.09,38.4,6.3,Normal,12,2,0,38.367,0.03300000000000125,3
2026-07-07 06:40:00,Mechanical Lab,5.45,34.0,6.24,Normal,6,1,0,34.008,0.008000000000002672,9
2026-07-24 09:40:00,HOD Department,3.6,29.27,8.13,Normal,9,4,0,29.268000000000004,0.001999999999995339,7
2026-08-05 01:40:00,Physics Lab,5.1,6.93,1.36,Normal,1,2,0,6.936,0.006000000000000227,11
2026-07-19 18:40:00,New Seminar Hall,3.33,13.3,3.99,Normal,18,6,1,13.286700000000002,0.013299999999999201,10
2026-07-03 13:10:00,AI Lab,4.62,27.57,5.97,Normal,13,4,0,27.5814,0.0113999999999983,0
2026-07-04 07:30:00,AI Lab,5.39,7.47,1.39,Normal,7,5,1,7.492099999999999,0.02209999999999912,0
2026-07-08 09:40:00,Biotech Department,4.4,36.26,8.24,Normal,9,2,0,36.25600000000001,0.003999999999990678,3
2026-07-11 05:40:00,BT Department,5.06,19.2,3.8,Normal,5,5,1,19.227999999999998,0.027999999999998693,2
2026-08-25 11:40:00,BT Department,4.05,21.3,5.26,Normal,11,1,0,21.302999999999997,0.002999999999996561,2
2026-07-27 01:10:00,BT Department,4.35,35.38,8.12,Normal,1,0,0,35.321999999999996,0.058000000000006935,2
2026-08-15 18:30:00,Biotech Department,5.61,45.84,8.18,Normal,18,5,1,45.8898,0.049799999999997624,3
2026-07-15 23:10:00,AI Lab,6.05,16.36,2.71,Normal,23,2,0,16.3955,0.03549999999999898,0
2026-08-19 22:50:00,Electronics Department,4.12,4.6,1.12,Normal,22,2,0,4.614400000000001,0.014400000000001079,6
2026-08-16 04:50:00,AI Lab,5.03,18.84,3.75,Normal,4,6,1,18.8625,0.022500000000000853,0
2026-08-22 15:00:00,Mechanical Lab,16.2,244.47,15.09,Suspicious,15,5,1,244.458,0.012000000000000455,9
2026-08-25 17:40:00,Biotech Department,6.84,32.24,4.71,Normal,17,1,0,32.2164,0.02360000000000184,3
2026-08-25 12:00:00,AI Lab,13.35,172.78,12.94,Suspicious,12,1,0,172.749,0.03100000000000591,0
2026-07-09 14:50:00,Chemistry Lab,4.98,7.93,1.59,Normal,14,3,0,7.9182000000000015,0.011799999999998256,5
2026-08-14 11:30:00,Electronics Department,4.84,19.89,4.11,Normal,11,4,0,19.892400000000002,0.002400000000001512,6
2026-07-29 21:30:00,Electronics Department,15.51,1358.47,87.61,Critical,21,2,0,1358.8310999999999,0.3610999999998512,6
2026-08-10 04:40:00,Biotech Department,1.91,14.47,7.59,Normal,4,0,0,14.496899999999998,0.026899999999997704,3
2026-07-14 02:40:00,HOD Department,3.38,17.02,5.04,Normal,2,1,0,17.0352,0.015200000000000102,7
2026-07-18 22:20:00,AI Lab,3.8,21.11,5.56,Normal,22,5,1,21.127999999999997,0.01799999999999713,0
2026-07-14 06:20:00,AIML Department,3.27,3.46,1.06,Normal,6,1,0,3.4662,0.006200000000000205,1
2026-08-10 20:40:00,New Seminar Hall,8.2,15.69,1.91,Normal,20,0,0,15.661999999999997,0.028000000000002245,10
2026-08-24 07:30:00,Mechanical Lab,5.4,46.84,8.67,Normal,7,0,0,46.818000000000005,0.021999999999998465,9
2026-08-16 20:30:00,HOD Department,3.98,29.35,7.37,Normal,20,6,1,29.3326,0.01740000000000208,7
2026-07-22 11:30:00,HOD Department,4.49,28.82,6.42,Normal,11,2,0,28.8258,0.0058000000000006935,7
2026-07-19 14:00:00,AIML Department,4.3,7.05,1.64,Normal,14,6,1,7.052,0.0019999999999997797,1
2026-07-30 16:40:00,BT Department,3.98,35.89,9.03,Normal,16,3,0,35.9394,0.049399999999998556,2
2026-08-12 10:00:00,AIML Department,2.69,6.07,2.25,Normal,10,2,0,6.0525,0.01750000000000007,1
2026-07-30 16:50:00,AI Lab,14.81,429.1,28.97,Suspicious,16,3,0,429.0457,0.054300000000012005,0
2026-07-10 05:30:00,HOD Department,4.83,42.24,8.74,Normal,5,4,0,42.2142,0.02580000000000382,7
2026-08-24 02:00:00,BT Department,5.04,36.89,7.31,Normal,2,0,0,36.8424,0.04760000000000275,2
2026-08-20 22:40:00,New Seminar Hall,14.05,379.62,27.03,Suspicious,22,3,0,379.77150000000006,0.15150000000005548,10
2026-08-08 13:00:00,Physics Lab,24.36,808.03,33.16,Critical,13,5,1,807.7775999999999,0.25240000000007967,11
2026-07-30 15:20:00,IT Department,3.42,27.65,8.08,Normal,15,3,0,27.6336,0.016399999999997306,8
2026-08-01 21:30:00,IT Department,3.9,11.84,3.03,Normal,21,5,1,11.816999999999998,0.023000000000001464,8
2026-08-23 19:00:00,IT Department,5.53,16.94,3.07,Normal,19,6,1,16.9771,0.0370999999999988,8
2026-07-06 11:50:00,Mechanical Lab,4.75,27.56,5.8,Normal,11,0,0,27.55,0.00999999999999801,9
2026-08-08 17:20:00,HOD Department,5.99,19.25,3.21,Normal,17,5,1,19.2279,0.022099999999998232,7
2026-07-16 20:10:00,New Seminar Hall,5.08,7.86,1.55,Normal,20,3,0,7.8740000000000006,0.014000000000000234,10
2026-08-01 14:40:00,AIML Department,2.65,18.33,6.9,Normal,14,5,1,18.285,0.04499999999999815,1
2026-08-13 17:00:00,Mechanical Lab,15.65,445.72,28.48,Suspicious,17,3,0,445.712,0.008000000000038199,9
2026-08-12 16:00:00,IT Department,5.1,25.65,5.03,Normal,16,2,0,25.653,0.0030000000000001137,8
2026-08-24 07:00:00,Biotech Department,5.17,49.02,9.48,Normal,7,0,0,49.0116,0.00840000000000174,3
2026-08-06 23:30:00,Chemistry Lab,4.81,40.03,8.33,Normal,23,3,0,40.067299999999996,0.03729999999999478,5
2026-07-26 10:30:00,AIML Department,4.85,16.39,3.38,Normal,10,6,1,16.392999999999997,0.002999999999996561,1
2026-08-03 14:10:00,HOD Department,2.93,5.86,2.0,Normal,14,0,0,5.86,0.0,7
2026-08-22 09:20:00,Chemistry Lab,5.78,46.36,8.02,Normal,9,5,1,46.3556,0.004399999999996851,5
2026-07-20 01:30:00,CSE Department,5.06,48.93,9.67,Normal,1,0,0,48.9302,0.00019999999999953388,4
2026-07-13 03:30:00,Physics Lab,5.06,7.09,1.4,Normal,3,0,0,7.083999999999999,0.0060000000000011156,11
2026-07-08 06:00:00,BT Department,4.38,34.87,7.97,Normal,6,2,0,34.9086,0.03860000000000241,2
2026-07-29 09:00:00,Mechanical Lab,4.13,34.02,8.23,Normal,9,2,0,33.9899,0.030100000000004457,9
2026-08-02 16:10:00,Chemistry Lab,4.39,9.85,2.24,Normal,16,6,1,9.8336,0.016399999999999082,5
2026-08-25 05:40:00,AIML Department,3.3,22.27,6.75,Normal,5,1,0,22.275,0.004999999999999005,1
2026-08-03 02:10:00,Physics Lab,8.55,19.14,2.24,Normal,2,0,0,19.152000000000005,0.012000000000004007,11
2026-08-03 01:50:00,AI Lab,4.63,36.56,7.9,Normal,1,0,0,36.577,0.016999999999995907,0
2026-07-25 12:20:00,Chemistry Lab,5.98,47.72,7.98,Normal,12,5,1,47.720400000000005,0.0004000000000061732,5
2026-08-14 13:30:00,New Seminar Hall,7.08,42.25,5.97,Normal,13,4,0,42.2676,0.017600000000001614,10
2026-08-11 06:10:00,New Seminar Hall,4.91,46.51,9.47,Normal,6,1,0,46.4977,0.012299999999996203,10
2026-08-06 01:40:00,Chemistry Lab,5.33,16.05,3.01,Normal,1,3,0,16.0433,0.006700000000002149,5
2026-07-08 20:40:00,IT Department,4.05,10.61,2.62,Normal,20,2,0,10.611,0.0010000000000012221,8
2026-07-17 01:40:00,AI Lab,5.71,53.58,9.38,Normal,1,4,0,53.5598,0.020199999999995555,0
2026-07-14 16:20:00,Biotech Department,12.69,347.17,27.36,Suspicious,16,1,0,347.1984,0.028399999999976444,3
2026-08-20 11:50:00,AI Lab,18.21,679.28,37.31,Critical,11,3,0,679.4151,0.1351000000000795,0
2026-07-08 14:20:00,Chemistry Lab,2.82,17.97,6.38,Normal,14,2,0,17.9916,0.021599999999999397,5
2026-07-10 16:20:00,Biotech Department,5.66,55.71,9.85,Normal,16,4,0,55.751,0.04099999999999682,3
2026-08-11 11:00:00,Physics Lab,6.26,50.54,8.07,Normal,11,1,0,50.5182,0.02179999999999893,11
2026-07-09 12:00:00,Chemistry Lab,4.19,8.4,2.01,Normal,12,3,0,8.421899999999999,0.0218999999999987,5
2026-08-13 23:00:00,Biotech Department,2.5,18.81,7.53,Normal,23,3,0,18.825,0.015000000000000568,3
2026-08-19 04:40:00,Chemistry Lab,3.22,8.23,2.56,Normal,4,2,0,8.2432,0.013199999999999434,5
2026-08-12 13:50:00,CSE Department,5.25,13.55,2.58,Normal,13,2,0,13.545,0.005000000000000782,4
2026-08-11 09:40:00,AI Lab,4.56,14.68,3.22,Normal,9,1,0,14.6832,0.0031999999999996476,0
2026-08-03 22:20:00,HOD Department,7.89,224.71,28.49,Suspicious,22,0,0,224.78609999999998,0.0760999999999683,7
2026-07-11 04:50:00,AI Lab,6.59,24.44,3.71,Normal,4,5,1,24.4489,0.008899999999997021,0
2026-08-12 12:30:00,New Seminar Hall,7.41,37.23,5.02,Normal,12,2,0,37.1982,0.03179999999999694,10
2026-07-30 03:30:00,Biotech Department,4.22,8.78,2.08,Normal,3,3,0,8.7776,0.0023999999999997357,3
2026-08-10 10:30:00,Physics Lab,6.71,17.08,2.55,Normal,10,0,0,17.1105,0.03049999999999997,11
2026-07-07 15:20:00,AI Lab,8.63,45.79,5.3,Normal,15,1,0,45.739000000000004,0.05099999999999483,0
2026-07-21 13:30:00,Electronics Department,2.89,17.37,6.01,Normal,13,1,0,17.3689,0.001100000000000989,6
2026-08-17 21:50:00,Physics Lab,6.82,47.17,6.92,Normal,21,0,0,47.1944,0.024399999999999977,11
2026-07-15 00:40:00,Electronics Department,4.89,11.59,2.37,Normal,0,2,0,11.5893,0.000700000000000145,6
2026-08-15 15:50:00,Biotech Department,3.45,14.64,4.24,Normal,15,5,1,14.628000000000002,0.011999999999998678,3
2026-08-25 07:40:00,Chemistry Lab,3.94,21.6,5.49,Normal,7,1,0,21.6306,0.03059999999999974,5
2026-07-27 06:10:00,Mechanical Lab,5.37,23.46,4.37,Normal,6,0,0,23.466900000000003,0.0069000000000016826,9
2026-07-04 01:30:00,AIML Department,4.08,27.14,6.66,Normal,1,5,1,27.172800000000002,0.03280000000000172,1
2026-07-06 01:50:00,Mechanical Lab,6.45,10.35,1.6,Normal,1,0,0,10.32,0.02999999999999936,9
2026-07-02 22:20:00,IT Department,3.92,29.6,7.55,Normal,22,3,0,29.596,0.004000000000001336,8
2026-08-25 12:30:00,Physics Lab,4.1,29.25,7.13,Normal,12,1,0,29.232999999999997,0.017000000000003013,11
2026-07-11 06:20:00,Chemistry Lab,6.14,26.42,4.3,Normal,6,5,1,26.401999999999997,0.018000000000004235,5
2026-07-06 00:40:00,Chemistry Lab,3.63,20.36,5.61,Normal,0,0,0,20.3643,0.004300000000000637,5
2026-08-15 05:10:00,BT Department,4.26,37.81,8.87,Normal,5,5,1,37.786199999999994,0.02380000000000848,2
2026-07-16 04:20:00,BT Department,5.58,45.49,8.15,Normal,4,3,0,45.477000000000004,0.012999999999998124,2
2026-08-18 10:20:00,IT Department,2.6,16.86,6.48,Normal,10,1,0,16.848000000000003,0.011999999999996902,8
2026-07-01 13:30:00,Chemistry Lab,7.8,56.51,7.25,Normal,13,2,0,56.55,0.03999999999999915,5
2026-07-20 19:50:00,Biotech Department,5.64,50.88,9.02,Normal,19,0,0,50.8728,0.007200000000004536,3
2026-07-07 23:30:00,AI Lab,4.07,27.96,6.87,Normal,23,1,0,27.960900000000002,0.0009000000000014552,0
2026-08-24 23:50:00,Physics Lab,5.15,51.53,10.0,Normal,23,0,0,51.5,0.030000000000001137,11
2026-08-14 09:00:00,Mechanical Lab,19.87,757.1,38.11,Critical,9,4,0,757.2457,0.14570000000003347,9
2026-07-12 16:00:00,Physics Lab,14.02,179.25,12.78,Suspicious,16,6,1,179.17559999999997,0.07440000000002556,11
2026-08-21 20:10:00,Electronics Department,5.02,48.68,9.7,Normal,20,4,0,48.693999999999996,0.013999999999995794,6
2026-07-30 22:20:00,AIML Department,4.09,24.83,6.08,Normal,22,3,0,24.8672,0.03720000000000212,1
2026-07-16 18:30:00,Biotech Department,4.35,31.13,7.15,Normal,18,3,0,31.1025,0.027499999999999858,3
2026-07-24 19:00:00,HOD Department,4.08,21.17,5.19,Normal,19,4,0,21.1752,0.005199999999998539,7
2026-08-20 01:10:00,HOD Department,3.5,23.11,6.6,Normal,1,3,0,23.099999999999998,0.010000000000001563,7
2026-07-01 18:10:00,Mechanical Lab,4.76,19.64,4.12,Normal,18,2,0,19.6112,0.02880000000000038,9
2026-08-02 01:40:00,Biotech Department,6.99,37.87,5.42,Normal,1,6,1,37.8858,0.01580000000000581,3
2026-07-13 21:10:00,Mechanical Lab,19.4,1478.98,76.22,Critical,21,0,0,1478.668,0.3120000000001255,9
2026-07-10 04:50:00,Electronics Department,10.36,269.65,26.03,Suspicious,4,4,0,269.6708,0.020800000000008367,6
2026-08-22 15:40:00,Physics Lab,12.73,243.45,19.13,Suspicious,15,5,1,243.5249,0.07490000000001373,11
2026-07-25 17:50:00,Physics Lab,4.97,6.54,1.31,Normal,17,5,1,6.5107,0.029300000000000104,11
2026-07-03 15:20:00,HOD Department,2.46,14.13,5.75,Normal,15,4,0,14.145,0.014999999999998792,7
2026-08-12 12:00:00,HOD Department,3.39,29.85,8.8,Normal,12,2,0,29.832000000000004,0.01799999999999713,7
2026-07-17 19:50:00,BT Department,3.12,16.23,5.2,Normal,19,4,0,16.224,0.006000000000000227,2
2026-08-20 03:10:00,AI Lab,5.66,9.92,1.75,Normal,3,3,0,9.905000000000001,0.014999999999998792,0
2026-07-10 02:10:00,BT Department,3.05,29.83,9.77,Normal,2,4,0,29.798499999999997,0.031500000000001194,2
2026-08-09 06:30:00,AIML Department,7.25,129.22,17.83,Suspicious,6,6,1,129.26749999999998,0.04749999999998522,1
2026-08-07 03:50:00,IT Department,5.55,31.9,5.75,Normal,3,4,0,31.912499999999998,0.01249999999999929,8
2026-08-09 09:50:00,HOD Department,3.92,6.83,1.74,Normal,9,6,1,6.8208,0.009199999999999875,7
2026-07-06 10:40:00,Mechanical Lab,4.27,30.09,7.04,Normal,10,0,0,30.060799999999997,0.029200000000003,9
2026-08-14 21:10:00,Mechanical Lab,5.61,47.66,8.5,Normal,21,4,0,47.685,0.025000000000005684,9
2026-08-12 14:40:00,BT Department,2.19,10.02,4.58,Normal,14,2,0,10.0302,0.010200000000001097,2
2026-07-21 10:50:00,Physics Lab,5.43,26.27,4.83,Normal,10,1,0,26.2269,0.04309999999999903,11
2026-07-23 20:40:00,Mechanical Lab,22.26,1615.92,72.6,Critical,20,3,0,1616.076,0.15599999999994907,9
2026-08-07 14:00:00,CSE Department,8.19,190.19,23.24,Suspicious,14,4,0,190.33559999999997,0.1455999999999733,4
2026-07-24 04:00:00,Electronics Department,5.24,21.48,4.1,Normal,4,4,0,21.483999999999998,0.003999999999997783,6
2026-08-15 04:30:00,Mechanical Lab,4.95,46.09,9.31,Normal,4,5,1,46.084500000000006,0.00549999999999784,9
2026-08-20 22:00:00,IT Department,16.74,754.3,45.05,Critical,22,3,0,754.1369999999998,0.1630000000001246,8
2026-08-15 02:50:00,CSE Department,4.87,21.77,4.47,Normal,2,5,1,21.7689,0.001100000000000989,4
2026-07-24 05:50:00,BT Department,5.9,46.62,7.9,Normal,5,4,0,46.61000000000001,0.009999999999990905,2
2026-07-18 12:10:00,BT Department,7.49,67.98,9.07,Normal,12,5,1,67.93430000000001,0.04569999999999652,2
2026-07-17 08:20:00,CSE Department,7.11,24.4,3.43,Normal,8,4,0,24.387300000000003,0.01269999999999527,4
2026-07-10 21:00:00,BT Department,10.57,133.85,12.67,Suspicious,21,4,0,133.9219,0.07189999999999941,2
2026-08-13 04:30:00,Physics Lab,4.3,4.97,1.16,Normal,4,3,0,4.9879999999999995,0.017999999999999794,11
2026-08-24 02:10:00,Biotech Department,13.61,273.73,20.11,Suspicious,2,0,0,273.6971,0.03290000000004056,3
2026-08-25 03:30:00,Physics Lab,7.03,48.08,6.83,Normal,3,1,0,48.014900000000004,0.06509999999999394,11
2026-07-19 09:00:00,New Seminar Hall,6.16,28.77,4.67,Normal,9,6,1,28.7672,0.00280000000000058,10
2026-07-25 03:30:00,Mechanical Lab,6.04,51.12,8.47,Normal,3,5,1,51.15880000000001,0.03880000000000905,9
2026-07-19 09:50:00,New Seminar Hall,5.92,58.99,9.96,Normal,9,6,1,58.96320000000001,0.026799999999994384,10
2026-07-28 06:10:00,IT Department,12.04,272.93,22.66,Suspicious,6,1,0,272.8264,0.10360000000002856,8
2026-08-24 22:30:00,HOD Department,3.97,18.84,4.74,Normal,22,0,0,18.817800000000002,0.022199999999998,7
2026-08-15 23:50:00,HOD Department,11.81,671.48,56.85,Critical,23,5,1,671.3985,0.08150000000000546,7
2026-08-19 18:10:00,Biotech Department,5.53,44.89,8.12,Normal,18,2,0,44.9036,0.013599999999996726,3
2026-07-08 19:40:00,BT Department,4.99,7.16,1.44,Normal,19,2,0,7.1856,0.025599999999999845,2
2026-07-25 18:40:00,New Seminar Hall,7.68,34.2,4.45,Normal,18,5,1,34.176,0.02400000000000091,10
2026-07-09 09:50:00,Electronics Department,4.02,16.33,4.06,Normal,9,3,0,16.321199999999997,0.008800000000000807,6
2026-08-16 00:10:00,IT Department,4.25,12.56,2.96,Normal,0,6,1,12.58,0.019999999999999574,8
2026-07-27 22:40:00,Electronics Department,3.14,12.91,4.11,Normal,22,0,0,12.905400000000002,0.004599999999998161,6
2026-08-08 02:50:00,Physics Lab,4.19,11.17,2.67,Normal,2,5,1,11.1873,0.017300000000000537,11
2026-07-01 21:10:00,Physics Lab,5.54,7.16,1.29,Normal,21,2,0,7.1466,0.013399999999999856,11
2026-07-19 06:50:00,AIML Department,5.42,38.71,7.14,Normal,6,6,1,38.6988,0.01120000000000232,1
2026-08-18 07:00:00,AI Lab,4.47,27.71,6.2,Normal,7,1,0,27.714,0.003999999999997783,0
2026-08-17 16:00:00,Physics Lab,26.19,2043.52,78.03,Critical,16,0,0,2043.6057,0.08570000000008804,11
2026-08-01 15:30:00,IT Department,16.47,575.46,34.95,Critical,15,5,1,575.6265,0.16649999999992815,8
2026-08-20 02:10:00,CSE Department,2.04,6.17,3.03,Normal,2,3,0,6.1812,0.011199999999999655,4
2026-08-11 11:30:00,AI Lab,5.81,17.81,3.06,Normal,11,1,0,17.7786,0.031399999999997874,0
2026-08-02 05:50:00,IT Department,4.74,38.75,8.17,Normal,5,6,1,38.7258,0.024200000000000443,8
2026-07-13 18:20:00,Electronics Department,1.67,6.14,3.69,Normal,18,0,0,6.162299999999999,0.022299999999999542,6
2026-07-13 17:40:00,BT Department,5.43,10.8,1.99,Normal,17,0,0,10.8057,0.00569999999999915,2
2026-07-12 05:30:00,Mechanical Lab,6.19,33.42,5.4,Normal,5,6,1,33.426,0.006000000000000227,9
2026-07-13 09:30:00,HOD Department,4.71,45.52,9.67,Normal,9,0,0,45.5457,0.025699999999993395,7
2026-07-16 23:10:00,Chemistry Lab,5.26,41.47,7.88,Normal,23,3,0,41.4488,0.02120000000000033,5
2026-08-04 06:40:00,Mechanical Lab,5.75,24.16,4.2,Normal,6,1,0,24.150000000000002,0.00999999999999801,9
2026-07-08 10:50:00,AIML Department,4.03,20.54,5.1,Normal,10,2,0,20.553,0.013000000000001677,1
2026-07-14 21:40:00,IT Department,3.49,9.75,2.79,Normal,21,1,0,9.7371,0.012900000000000134,8
2026-07-26 10:00:00,CSE Department,3.43,30.03,8.76,Normal,10,6,1,30.0468,0.016799999999999926,4
2026-07-12 04:20:00,AIML Department,4.05,28.93,7.15,Normal,4,6,1,28.9575,0.027499999999999858,1
2026-08-10 10:50:00,New Seminar Hall,7.0,14.39,2.06,Normal,10,0,0,14.42,0.02999999999999936,10
2026-08-14 00:10:00,Biotech Department,2.53,22.57,8.92,Normal,0,4,0,22.5676,0.002400000000001512,3
2026-08-22 04:20:00,CSE Department,4.61,34.3,7.44,Normal,4,5,1,34.2984,0.001599999999996271,4
2026-07-10 13:40:00,Biotech Department,7.02,57.82,8.23,Normal,13,4,0,57.7746,0.04540000000000077,3
2026-08-17 07:00:00,Chemistry Lab,4.26,40.22,9.44,Normal,7,0,0,40.2144,0.00560000000000116,5
2026-08-25 01:00:00,Biotech Department,10.72,141.87,13.24,Suspicious,1,1,0,141.93280000000001,0.06280000000000996,3
2026-08-10 01:40:00,Physics Lab,10.71,195.53,18.26,Suspicious,1,0,0,195.56460000000004,0.034600000000040154,11
2026-07-15 08:40:00,Physics Lab,5.92,15.29,2.58,Normal,8,2,0,15.2736,0.016399999999999082,11
2026-07-02 08:50:00,Physics Lab,8.89,29.25,3.29,Normal,8,3,0,29.2481,0.0018999999999991246,11
2026-08-07 07:50:00,HOD Department,4.25,5.12,1.2,Normal,7,4,0,5.1,0.020000000000000462,7
2026-08-06 03:10:00,Biotech Department,6.61,10.5,1.59,Normal,3,3,0,10.509900000000002,0.009900000000001796,3
2026-08-24 09:30:00,Electronics Department,4.84,25.83,5.33,Normal,9,0,0,25.7972,0.032799999999998164,6
2026-07-13 08:40:00,Chemistry Lab,4.87,47.19,9.68,Normal,8,0,0,47.1416,0.04840000000000089,5
2026-07-08 01:40:00,AI Lab,4.78,31.51,6.59,Normal,1,2,0,31.5002,0.00980000000000203,0
2026-07-17 13:40:00,AI Lab,6.68,32.32,4.84,Normal,13,4,0,32.331199999999995,0.011199999999995214,0
2026-07-10 02:30:00,CSE Department,4.33,16.28,3.76,Normal,2,4,0,16.2808,0.0007999999999981355,4
2026-07-02 12:10:00,AI Lab,5.88,5.94,1.01,Normal,12,3,0,5.9388,0.001200000000000756,0
2026-08-01 22:20:00,HOD Department,3.58,25.47,7.12,Normal,22,5,1,25.4896,0.019600000000000506,7
2026-07-11 20:30:00,Chemistry Lab,6.1,26.38,4.32,Normal,20,5,1,26.352,0.027999999999998693,5
2026-07-21 04:30:00,AI Lab,5.32,38.05,7.15,Normal,4,1,0,38.038000000000004,0.01199999999999335,0
2026-07-11 14:30:00,IT Department,4.13,19.5,4.72,Normal,14,5,1,19.493599999999997,0.006400000000002848,8
2026-07-12 13:10:00,CSE Department,11.27,150.98,13.4,Suspicious,13,6,1,151.018,0.038000000000010914,4
2026-07-19 05:00:00,Chemistry Lab,6.34,41.01,6.47,Normal,5,6,1,41.0198,0.009799999999998477,5
2026-08-10 15:00:00,Electronics Department,12.24,302.19,24.68,Suspicious,15,0,0,302.0832,0.1068000000000211,6
2026-08-04 09:30:00,Mechanical Lab,4.29,11.96,2.79,Normal,9,1,0,11.969100000000001,0.009100000000000108,9
2026-07-19 05:50:00,IT Department,3.67,12.04,3.28,Normal,5,6,1,12.0376,0.0023999999999997357,8
2026-07-30 20:00:00,AIML Department,4.64,40.82,8.8,Normal,20,3,0,40.832,0.012000000000000455,1
2026-07-25 05:00:00,AIML Department,3.69,7.1,1.92,Normal,5,5,1,7.0847999999999995,0.015200000000000102,1
2026-07-02 22:50:00,Mechanical Lab,6.83,43.76,6.41,Normal,22,3,0,43.780300000000004,0.02030000000000598,9
2026-07-03 18:50:00,CSE Department,3.94,10.16,2.58,Normal,18,4,0,10.1652,0.0052000000000003155,4
2026-07-16 19:30:00,Chemistry Lab,5.92,12.63,2.13,Normal,19,3,0,12.609599999999999,0.020400000000002194,5
2026-08-02 12:10:00,Physics Lab,6.02,14.8,2.46,Normal,12,6,1,14.809199999999999,0.009199999999998099,11
2026-08-01 16:10:00,AIML Department,3.6,24.61,6.84,Normal,16,5,1,24.624,0.013999999999999346,1
2026-07-21 07:30:00,Biotech Department,6.25,24.75,3.96,Normal,7,1,0,24.75,0.0,3
2026-08-10 16:20:00,New Seminar Hall,7.4,54.83,7.41,Normal,16,0,0,54.834,0.0040000000000048885,10
2026-07-21 02:30:00,IT Department,2.23,22.13,9.92,Normal,2,1,0,22.1216,0.008399999999998187,8
2026-07-24 01:40:00,Chemistry Lab,6.1,14.98,2.45,Normal,1,4,0,14.945,0.03500000000000014,5
2026-07-27 21:40:00,CSE Department,3.98,7.95,2.0,Normal,21,0,0,7.96,0.009999999999999787,4
2026-08-04 12:00:00,IT Department,4.04,21.36,5.29,Normal,12,1,0,21.3716,0.011600000000001387,8
2026-07-09 19:30:00,AI Lab,5.4,6.89,1.28,Normal,19,3,0,6.912000000000001,0.02200000000000113,0
2026-08-02 21:30:00,New Seminar Hall,5.16,23.3,4.51,Normal,21,6,1,23.2716,0.028400000000001313,10
2026-07-04 20:50:00,BT Department,11.72,128.84,10.99,Suspicious,20,5,1,128.80280000000002,0.03719999999998436,2
2026-07-08 06:10:00,Biotech Department,5.81,30.41,5.23,Normal,6,2,0,30.386300000000002,0.023699999999998056,3
2026-08-08 23:20:00,Chemistry Lab,6.11,8.65,1.41,Normal,23,5,1,8.6151,0.034900000000000375,5
2026-08-01 15:50:00,Physics Lab,5.1,45.81,8.99,Normal,15,5,1,45.849,0.03899999999999437,11
2026-08-19 15:20:00,CSE Department,3.92,32.02,8.16,Normal,15,2,0,31.9872,0.03280000000000172,4
2026-08-18 10:10:00,Electronics Department,5.17,23.07,4.46,Normal,10,1,0,23.0582,0.01180000000000092,6
2026-08-02 21:00:00,CSE Department,5.87,30.82,5.25,Normal,21,6,1,30.8175,0.002500000000001279,4
2026-08-17 11:40:00,IT Department,3.67,17.07,4.65,Normal,11,0,0,17.0655,0.0045000000000001705,8
2026-08-20 16:30:00,AIML Department,4.09,36.5,8.93,Normal,16,3,0,36.5237,0.023699999999998056,1
2026-08-07 04:20:00,AIML Department,8.24,202.13,24.52,Suspicious,4,4,0,202.0448,0.08519999999998618,1
2026-07-05 01:40:00,CSE Department,5.78,53.63,9.28,Normal,1,6,1,53.6384,0.008399999999994634,4
2026-08-25 00:20:00,Electronics Department,4.15,24.16,5.82,Normal,0,1,0,24.153000000000002,0.006999999999997897,6
2026-07-28 05:00:00,AIML Department,7.49,137.54,18.36,Suspicious,5,1,0,137.5164,0.02359999999998763,1
2026-08-08 05:00:00,New Seminar Hall,8.45,32.67,3.87,Normal,5,5,1,32.701499999999996,0.03149999999999409,10
2026-07-28 17:40:00,AI Lab,4.49,33.28,7.42,Normal,17,1,0,33.3158,0.03580000000000183,0
2026-08-21 12:50:00,Electronics Department,6.23,59.48,9.55,Normal,12,4,0,59.49650000000001,0.016500000000014836,6
2026-07-14 02:30:00,Mechanical Lab,15.08,445.5,29.53,Suspicious,2,1,0,445.3124,0.1875999999999749,9
2026-07-13 03:50:00,HOD Department,3.94,22.8,5.79,Normal,3,0,0,22.8126,0.012599999999999056,7
2026-08-18 01:20:00,Physics Lab,3.46,24.51,7.08,Normal,1,1,0,24.4968,0.01320000000000121,11
2026-08-03 05:40:00,AIML Department,9.05,144.04,15.91,Suspicious,5,0,0,143.9855,0.05449999999999022,1
2026-08-16 16:20:00,New Seminar Hall,7.71,31.05,4.03,Normal,16,6,1,31.0713,0.021300000000000097,10
2026-08-25 13:00:00,HOD Department,4.86,10.38,2.13,Normal,13,1,0,10.3518,0.028200000000000003,7
2026-07-19 18:10:00,Chemistry Lab,5.55,41.42,7.47,Normal,18,6,1,41.4585,0.03849999999999909,5
2026-08-04 17:00:00,Chemistry Lab,25.25,1436.69,56.9,Critical,17,1,0,1436.725,0.03499999999985448,5
2026-07-25 02:20:00,Electronics Department,4.41,30.15,6.83,Normal,2,5,1,30.1203,0.029699999999998283,6
2026-07-21 23:00:00,Chemistry Lab,4.77,43.46,9.11,Normal,23,1,0,43.454699999999995,0.0053000000000054115,5
2026-07-30 09:20:00,BT Department,3.28,18.7,5.7,Normal,9,3,0,18.695999999999998,0.004000000000001336,2
2026-08-14 02:40:00,Chemistry Lab,6.8,52.17,7.67,Normal,2,4,0,52.156,0.014000000000002899,5
2026-07-15 09:00:00,Electronics Department,4.48,30.87,6.9,Normal,9,2,0,30.912000000000006,0.042000000000005144,6
2026-08-23 04:00:00,Biotech Department,6.81,55.24,8.11,Normal,4,6,1,55.229099999999995,0.010900000000006571,3
2026-08-10 09:30:00,HOD Department,17.04,1229.62,72.16,Critical,9,0,0,1229.6064,0.013599999999996726,7
2026-07-08 07:30:00,New Seminar Hall,7.18,65.0,9.06,Normal,7,2,0,65.0508,0.05079999999999529,10
2026-08-12 12:40:00,BT Department,3.29,20.96,6.36,Normal,12,2,0,20.924400000000002,0.035599999999998744,2
2026-07-10 12:00:00,New Seminar Hall,8.15,35.52,4.36,Normal,12,4,0,35.534000000000006,0.014000000000002899,10
2026-08-10 08:10:00,CSE Department,4.99,22.05,4.41,Normal,8,0,0,22.0059,0.04410000000000025,4
2026-08-11 05:50:00,Electronics Department,3.29,13.11,3.99,Normal,5,1,0,13.1271,0.017100000000001003,6
2026-07-20 11:10:00,New Seminar Hall,4.42,11.92,2.7,Normal,11,0,0,11.934000000000001,0.014000000000001123,10
2026-08-22 03:00:00,Mechanical Lab,6.56,62.63,9.55,Normal,3,5,1,62.648,0.018000000000000682,9
2026-07-04 04:00:00,IT Department,4.03,23.39,5.8,Normal,4,5,1,23.374000000000002,0.015999999999998238,8
2026-07-09 15:30:00,Electronics Department,2.72,8.12,2.99,Normal,15,3,0,8.132800000000001,0.012800000000002143,6
2026-08-24 23:40:00,Mechanical Lab,5.68,51.39,9.05,Normal,23,0,0,51.404,0.014000000000002899,9
2026-08-23 21:00:00,AIML Department,5.59,54.77,9.8,Normal,21,6,1,54.782000000000004,0.012000000000000455,1
2026-08-25 01:20:00,Biotech Department,6.27,34.16,5.44,Normal,1,1,0,34.1088,0.05119999999999436,3
2026-07-10 12:30:00,AI Lab,6.0,56.35,9.39,Normal,12,4,0,56.34,0.00999999999999801,0
2026-07-08 16:00:00,New Seminar Hall,29.83,1725.7,57.85,Critical,16,2,0,1725.6654999999998,0.034500000000207365,10
2026-08-02 18:10:00,CSE Department,3.29,3.41,1.04,Normal,18,6,1,3.4216,0.011600000000000055,4
2026-07-27 17:10:00,IT Department,4.49,20.1,4.48,Normal,17,0,0,20.1152,0.015200000000000102,8
2026-07-22 06:00:00,Biotech Department,3.79,8.9,2.35,Normal,6,2,0,8.906500000000001,0.0065000000000008384,3
2026-07-12 22:20:00,IT Department,5.17,40.38,7.81,Normal,22,6,1,40.3777,0.002300000000005298,8
2026-07-07 20:40:00,IT Department,4.12,5.64,1.37,Normal,20,1,0,5.644400000000001,0.004400000000001292,8
2026-07-24 06:50:00,Electronics Department,4.23,24.35,5.76,Normal,6,4,0,24.364800000000002,0.014800000000001035,6
2026-08-20 03:30:00,Mechanical Lab,6.78,37.36,5.51,Normal,3,3,0,37.3578,0.002200000000001978,9
2026-08-08 11:10:00,AIML Department,4.58,37.54,8.19,Normal,11,5,1,37.5102,0.029800000000001603,1
2026-07-20 14:40:00,HOD Department,4.38,21.44,4.9,Normal,14,0,0,21.462,0.021999999999998465,7
2026-07-05 08:00:00,AI Lab,5.78,41.1,7.11,Normal,8,6,1,41.095800000000004,0.004199999999997317,0
2026-07-25 01:40:00,HOD Department,6.44,161.07,25.0,Suspicious,1,5,1,161.0,0.06999999999999318,7
2026-07-13 10:10:00,Chemistry Lab,5.05,14.02,2.77,Normal,10,0,0,13.9885,0.03149999999999942,5
2026-07-12 22:10:00,AI Lab,4.65,32.12,6.91,Normal,22,6,1,32.1315,0.011500000000005173,0
2026-08-07 12:40:00,Physics Lab,4.33,35.36,8.16,Normal,12,4,0,35.3328,0.027200000000000557,11
2026-07-21 15:00:00,CSE Department,2.59,13.59,5.25,Normal,15,1,0,13.5975,0.007500000000000284,4
2026-08-05 09:00:00,Biotech Department,5.12,41.59,8.13,Normal,9,2,0,41.625600000000006,0.035600000000002296,3
2026-07-02 13:30:00,Chemistry Lab,5.07,24.1,4.75,Normal,13,3,0,24.082500000000003,0.017499999999998295,5
2026-08-20 11:20:00,Physics Lab,4.83,35.06,7.26,Normal,11,3,0,35.0658,0.0058000000000006935,11
2026-07-13 22:50:00,IT Department,6.12,33.28,5.44,Normal,22,0,0,33.2928,0.01279999999999859,8
2026-08-16 07:20:00,AI Lab,4.44,27.21,6.12,Normal,7,6,1,27.172800000000002,0.03719999999999857,0
2026-07-13 08:00:00,HOD Department,2.09,9.19,4.41,Normal,8,0,0,9.216899999999999,0.02689999999999948,7
2026-08-11 11:10:00,New Seminar Hall,7.27,44.92,6.18,Normal,11,1,0,44.928599999999996,0.008599999999994168,10
2026-08-08 20:20:00,BT Department,4.52,45.11,9.99,Normal,20,5,1,45.154799999999994,0.044799999999995066,2
2026-07-28 15:40:00,AIML Department,3.23,12.81,3.96,Normal,15,1,0,12.790799999999999,0.019200000000001438,1
2026-07-03 14:40:00,Electronics Department,4.04,34.61,8.57,Normal,14,4,0,34.6228,0.01279999999999859,6
2026-07-19 01:40:00,IT Department,3.13,3.77,1.2,Normal,1,6,1,3.756,0.014000000000000234,8
2026-07-16 02:00:00,Mechanical Lab,8.09,27.38,3.38,Normal,2,3,0,27.344199999999997,0.03580000000000183,9
2026-08-10 11:40:00,Physics Lab,22.4,722.49,32.25,Critical,11,0,0,722.4,0.09000000000003183,11
2026-08-14 16:10:00,HOD Department,2.36,23.2,9.81,Normal,16,4,0,23.1516,0.04840000000000089,7
2026-08-21 07:30:00,AI Lab,5.06,41.63,8.23,Normal,7,4,0,41.6438,0.01379999999999626,0
2026-07-21 10:00:00,BT Department,2.91,14.07,4.84,Normal,10,1,0,14.0844,0.01440000000000019,2
2026-08-12 10:20:00,Electronics Department,14.83,1179.01,79.51,Critical,10,2,0,1179.1333000000002,0.12330000000019936,6
2026-08-01 00:10:00,Biotech Department,2.45,23.29,9.51,Normal,0,5,1,23.299500000000002,0.009500000000002728,3
2026-07-23 22:50:00,Physics Lab,5.04,18.43,3.65,Normal,22,3,0,18.396,0.03399999999999892,11
2026-08-09 16:00:00,BT Department,3.02,4.34,1.43,Normal,16,6,1,4.3186,0.021399999999999864,2
2026-07-29 02:50:00,Biotech Department,12.96,141.18,10.9,Suspicious,2,2,0,141.264,0.08400000000000318,3
2026-08-20 01:40:00,HOD Department,2.8,18.45,6.59,Normal,1,3,0,18.451999999999998,0.0019999999999988916,7
2026-07-10 08:10:00,AIML Department,2.33,7.46,3.2,Normal,8,4,0,7.456,0.0039999999999995595,1
2026-08-01 19:20:00,IT Department,4.04,34.57,8.56,Normal,19,5,1,34.5824,0.012399999999999523,8
2026-08-01 17:00:00,IT Department,5.85,52.99,9.06,Normal,17,5,1,53.001,0.01099999999999568,8
2026-08-06 09:00:00,Mechanical Lab,5.46,45.85,8.4,Normal,9,3,0,45.864000000000004,0.014000000000002899,9
2026-08-16 13:50:00,Biotech Department,4.82,28.94,6.01,Normal,13,6,1,28.9682,0.028199999999998226,3
2026-08-24 10:10:00,HOD Department,8.89,228.38,25.7,Suspicious,10,0,0,228.473,0.09300000000001774,7
2026-08-23 09:30:00,AI Lab,11.58,262.95,22.71,Suspicious,9,6,1,262.9818,0.03180000000003247,0
2026-07-02 14:10:00,AI Lab,5.93,16.93,2.86,Normal,14,3,0,16.959799999999998,0.02979999999999805,0
2026-07-31 04:00:00,Chemistry Lab,5.06,39.87,7.87,Normal,4,4,0,39.822199999999995,0.047800000000002285,5
2026-08-01 19:50:00,Chemistry Lab,6.56,65.45,9.97,Normal,19,5,1,65.4032,0.046800000000004616,5
2026-08-22 00:20:00,Electronics Department,3.49,19.51,5.59,Normal,0,5,1,19.5091,0.0009000000000014552,6
2026-07-10 07:50:00,IT Department,3.18,9.79,3.08,Normal,7,4,0,9.794400000000001,0.00440000000000218,8
2026-08-04 18:40:00,Mechanical Lab,6.29,12.23,1.95,Normal,18,1,0,12.2655,0.03549999999999898,9
2026-08-10 19:00:00,AIML Department,3.57,8.69,2.43,Normal,19,0,0,8.6751,0.014899999999999025,1
2026-07-06 11:40:00,AIML Department,3.58,18.24,5.1,Normal,11,0,0,18.258,0.018000000000000682,1
2026-07-16 16:00:00,Biotech Department,4.51,20.1,4.45,Normal,16,3,0,20.0695,0.03049999999999997,3
2026-08-17 11:30:00,AIML Department,8.49,95.14,11.2,Suspicious,11,0,0,95.088,0.05200000000000671,1
2026-07-09 13:10:00,Physics Lab,4.71,8.28,1.76,Normal,13,3,0,8.2896,0.009600000000000719,11
2026-08-25 19:10:00,IT Department,1.81,8.25,4.56,Normal,19,1,0,8.253599999999999,0.0035999999999987153,8
2026-07-24 22:00:00,Mechanical Lab,5.58,45.2,8.1,Normal,22,4,0,45.198,0.0020000000000024443,9
2026-07-23 00:30:00,Electronics Department,10.47,134.37,12.84,Suspicious,0,3,0,134.4348,0.06479999999999109,6
2026-07-01 14:50:00,Electronics Department,4.6,34.87,7.57,Normal,14,2,0,34.821999999999996,0.04800000000000182,6
2026-08-14 22:50:00,Electronics Department,9.17,107.19,11.69,Suspicious,22,4,0,107.1973,0.00730000000000075,6
2026-07-31 15:40:00,Electronics Department,3.76,20.17,5.37,Normal,15,4,0,20.1912,0.021199999999996777,6
2026-07-28 11:40:00,Mechanical Lab,4.32,41.32,9.56,Normal,11,1,0,41.299200000000006,0.020799999999994156,9
2026-08-17 22:50:00,Mechanical Lab,5.79,11.86,2.05,Normal,22,0,0,11.869499999999999,0.009499999999999176,9
2026-07-02 20:10:00,CSE Department,3.75,31.38,8.36,Normal,20,3,0,31.349999999999998,0.030000000000001137,4
2026-07-02 14:50:00,AI Lab,3.88,23.06,5.95,Normal,14,3,0,23.086,0.0259999999999998,0
2026-07-23 03:10:00,AIML Department,6.34,49.84,7.86,Normal,3,3,0,49.8324,0.007600000000003604,1
2026-08-08 06:40:00,Electronics Department,3.7,30.34,8.19,Normal,6,5,1,30.303,0.036999999999999034,6
2026-07-26 02:30:00,CSE Department,9.62,123.57,12.84,Suspicious,2,6,1,123.5208,0.04919999999999902,4
2026-08-18 20:10:00,Chemistry Lab,6.3,35.02,5.56,Normal,20,1,0,35.028,0.007999999999995566,5
2026-08-01 03:40:00,HOD Department,3.81,7.94,2.08,Normal,3,5,1,7.9248,0.015200000000000102,7
2026-07-06 06:40:00,IT Department,4.46,17.54,3.93,Normal,6,0,0,17.5278,0.012199999999999989,8
2026-07-11 03:40:00,Physics Lab,7.16,63.52,8.87,Normal,3,5,1,63.50919999999999,0.010800000000010357,11
2026-07-20 19:00:00,HOD Department,4.85,10.65,2.19,Normal,19,0,0,10.6215,0.02850000000000108,7
2026-07-01 22:30:00,AI Lab,5.2,38.01,7.31,Normal,22,2,0,38.012,0.0020000000000024443,0
2026-08-11 04:00:00,Electronics Department,3.41,14.55,4.26,Normal,4,1,0,14.5266,0.02340000000000053,6
2026-08-15 21:40:00,Mechanical Lab,7.7,35.82,4.65,Normal,21,5,1,35.80500000000001,0.014999999999993463,9
2026-08-19 01:30:00,IT Department,4.72,45.99,9.75,Normal,1,2,0,46.019999999999996,0.02999999999999403,8
2026-08-16 05:00:00,Electronics Department,5.41,30.32,5.6,Normal,5,6,1,30.296,0.02400000000000091,6
2026-07-08 11:10:00,HOD Department,8.53,132.0,15.47,Suspicious,11,2,0,131.9591,0.0408999999999935,7
2026-07-19 01:00:00,Electronics Department,5.44,22.58,4.15,Normal,1,6,1,22.576000000000004,0.00399999999999423,6
2026-07-16 00:00:00,Chemistry Lab,5.43,12.26,2.26,Normal,0,3,0,12.271799999999999,0.011799999999999145,5
2026-07-03 02:50:00,Electronics Department,5.47,27.67,5.06,Normal,2,4,0,27.678199999999997,0.0081999999999951,6
2026-08-24 10:40:00,BT Department,11.21,262.28,23.4,Suspicious,10,0,0,262.314,0.03400000000004866,2
2026-07-23 21:00:00,BT Department,4.23,21.69,5.13,Normal,21,3,0,21.699900000000003,0.009900000000001796,2
2026-08-23 17:00:00,CSE Department,17.89,1449.11,80.98,Critical,17,6,1,1448.7322000000001,0.3777999999997519,4
2026-08-02 18:30:00,Physics Lab,5.12,14.18,2.77,Normal,18,6,1,14.182400000000001,0.002400000000001512,11
2026-07-27 14:20:00,IT Department,3.67,11.59,3.15,Normal,14,0,0,11.5605,0.029500000000000526,8
2026-07-06 05:40:00,BT Department,2.56,11.66,4.55,Normal,5,0,0,11.648,0.012000000000000455,2
2026-07-18 08:50:00,Mechanical Lab,4.42,42.17,9.55,Normal,8,5,1,42.211000000000006,0.04100000000000392,9
2026-07-12 20:00:00,AI Lab,6.24,20.06,3.21,Normal,20,6,1,20.0304,0.029599999999998516,0
2026-08-03 23:30:00,HOD Department,2.0,5.92,2.96,Normal,23,0,0,5.92,0.0,7
2026-08-11 01:50:00,AI Lab,4.12,7.59,1.84,Normal,1,1,0,7.580800000000001,0.009199999999998987,0
2026-07-25 11:10:00,CSE Department,5.48,33.7,6.15,Normal,11,5,1,33.702000000000005,0.0020000000000024443,4
2026-07-05 02:30:00,Mechanical Lab,6.35,58.49,9.21,Normal,2,6,1,58.4835,0.006500000000002615,9
2026-07-17 15:50:00,BT Department,3.24,10.08,3.11,Normal,15,4,0,10.0764,0.0036000000000004917,2
2026-07-20 17:50:00,CSE Department,3.45,27.1,7.85,Normal,17,0,0,27.0825,0.017500000000001847,4
2026-08-02 22:30:00,Physics Lab,7.42,14.33,1.93,Normal,22,6,1,14.320599999999999,0.009400000000001185,11
2026-08-08 03:20:00,Mechanical Lab,5.98,32.14,5.38,Normal,3,5,1,32.1724,0.03240000000000265,9
2026-08-19 05:10:00,CSE Department,16.43,1093.63,66.55,Critical,5,2,0,1093.4165,0.2135000000000673,4
2026-07-17 05:10:00,Electronics Department,8.55,92.41,10.81,Suspicious,5,4,0,92.42550000000001,0.015500000000017167,6
2026-07-08 15:30:00,HOD Department,10.46,167.77,16.04,Suspicious,15,2,0,167.7784,0.008399999999994634,7
2026-08-08 23:00:00,New Seminar Hall,8.0,77.33,9.66,Normal,23,5,1,77.28,0.04999999999999716,10
2026-08-12 08:50:00,IT Department,3.12,23.33,7.48,Normal,8,2,0,23.337600000000002,0.007600000000003604,8
2026-07-03 23:30:00,IT Department,4.26,21.82,5.12,Normal,23,4,0,21.8112,0.008800000000000807,8
2026-07-01 17:20:00,AI Lab,7.87,12.52,1.59,Normal,17,2,0,12.513300000000001,0.006699999999998596,0
2026-07-01 19:30:00,AIML Department,5.01,40.81,8.14,Normal,19,2,0,40.7814,0.0286000000000044,1
2026-07-23 14:30:00,New Seminar Hall,18.89,1510.83,79.96,Critical,14,3,0,1510.4443999999999,0.38560000000006767,10
2026-07-20 10:30:00,AI Lab,5.34,22.81,4.27,Normal,10,0,0,22.801799999999997,0.008200000000002206,0
2026-07-11 06:10:00,BT Department,3.41,18.54,5.43,Normal,6,5,1,18.5163,0.023699999999998056,2
2026-07-12 01:30:00,Physics Lab,5.82,25.33,4.35,Normal,1,6,1,25.317,0.012999999999998124,11
2026-07-09 03:50:00,Biotech Department,4.49,39.37,8.77,Normal,3,3,0,39.3773,0.00730000000000075,3
2026-07-24 09:20:00,Chemistry Lab,6.46,23.14,3.59,Normal,9,4,0,23.191399999999998,0.05139999999999745,5
2026-08-16 05:50:00,BT Department,5.78,53.45,9.24,Normal,5,6,1,53.4072,0.04279999999999973,2
2026-07-18 14:30:00,CSE Department,3.38,5.4,1.6,Normal,14,5,1,5.408,0.008000000000000007,4
2026-08-24 09:00:00,Chemistry Lab,6.86,8.04,1.17,Normal,9,0,0,8.0262,0.013799999999999812,5
2026-07-22 05:10:00,Electronics Department,4.69,16.62,3.55,Normal,5,2,0,16.6495,0.02949999999999875,6
2026-07-04 10:10:00,BT Department,5.84,29.02,4.97,Normal,10,5,1,29.0248,0.004799999999999471,2
2026-08-22 20:40:00,Mechanical Lab,3.7,6.4,1.73,Normal,20,5,1,6.401,0.0009999999999994458,9
2026-08-15 13:10:00,Physics Lab,3.57,19.23,5.38,Normal,13,5,1,19.206599999999998,0.023400000000002308,11
2026-08-04 05:30:00,CSE Department,2.99,20.45,6.84,Normal,5,1,0,20.451600000000003,0.0016000000000033765,4
2026-07-06 21:20:00,BT Department,3.65,12.25,3.35,Normal,21,0,0,12.2275,0.022500000000000853,2
2026-07-26 01:00:00,Electronics Department,4.39,17.36,3.96,Normal,1,6,1,17.3844,0.024399999999999977,6
2026-07-23 14:20:00,Chemistry Lab,6.04,48.1,7.97,Normal,14,3,0,48.138799999999996,0.03879999999999484,5
2026-08-16 14:40:00,IT Department,4.07,6.17,1.52,Normal,14,6,1,6.186400000000001,0.01640000000000086,8
2026-08-23 00:30:00,New Seminar Hall,4.49,4.88,1.09,Normal,0,6,1,4.894100000000001,0.01410000000000089,10
2026-07-17 14:50:00,Physics Lab,13.7,138.28,10.09,Suspicious,14,4,0,138.233,0.046999999999997044,11
2026-08-21 17:00:00,IT Department,5.86,27.38,4.67,Normal,17,4,0,27.366200000000003,0.01379999999999626,8
2026-08-15 07:00:00,HOD Department,3.55,19.98,5.63,Normal,7,5,1,19.9865,0.006499999999999062,7
2026-07-01 11:10:00,AIML Department,4.46,42.23,9.46,Normal,11,2,0,42.1916,0.03839999999999577,1
2026-08-21 14:30:00,IT Department,3.71,31.41,8.46,Normal,14,4,0,31.3866,0.023399999999998755,8
2026-08-07 08:50:00,Mechanical Lab,2.76,10.09,3.65,Normal,8,4,0,10.074,0.016000000000000014,9
2026-08-15 16:40:00,BT Department,3.83,29.26,7.64,Normal,16,5,1,29.2612,0.0011999999999972033,2
2026-07-11 19:50:00,IT Department,4.58,27.3,5.96,Normal,19,5,1,27.2968,0.0031999999999996476,8
2026-07-07 02:00:00,Biotech Department,5.65,44.7,7.91,Normal,2,1,0,44.691500000000005,0.008499999999997954,3
2026-08-21 22:30:00,New Seminar Hall,3.13,4.07,1.3,Normal,22,4,0,4.069,0.001000000000000334,10
2026-08-20 00:10:00,Physics Lab,5.9,34.83,5.9,Normal,0,3,0,34.81,0.01999999999999602,11
2026-08-02 18:40:00,AI Lab,13.93,161.77,11.61,Suspicious,18,6,1,161.72729999999999,0.04270000000002483,0
2026-08-15 17:20:00,Mechanical Lab,6.58,31.49,4.79,Normal,17,5,1,31.5182,0.02820000000000178,9
2026-07-04 15:20:00,CSE Department,4.04,27.54,6.81,Normal,15,5,1,27.5124,0.027599999999999625,4
2026-08-09 16:40:00,Physics Lab,9.99,212.38,21.27,Suspicious,16,6,1,212.4873,0.10730000000000928,11
2026-08-15 23:30:00,BT Department,5.19,20.59,3.97,Normal,23,5,1,20.604300000000002,0.0143000000000022,2
2026-07-19 22:00:00,AI Lab,4.8,6.63,1.38,Normal,22,6,1,6.624,0.006000000000000227,0
2026-07-04 14:00:00,Physics Lab,5.46,32.55,5.96,Normal,14,5,1,32.5416,0.008399999999994634,11
2026-08-21 20:00:00,New Seminar Hall,4.64,21.07,4.55,Normal,20,4,0,21.112,0.04199999999999804,10
2026-07-03 11:20:00,Electronics Department,4.6,33.18,7.22,Normal,11,4,0,33.211999999999996,0.031999999999996476,6
2026-08-21 22:00:00,Mechanical Lab,6.02,41.47,6.89,Normal,22,4,0,41.477799999999995,0.007799999999996032,9
2026-07-21 15:30:00,HOD Department,4.05,10.89,2.69,Normal,15,1,0,10.894499999999999,0.004499999999998394,7
2026-07-12 19:00:00,Biotech Department,2.39,9.26,3.87,Normal,19,6,1,9.2493,0.010699999999999932,3
2026-07-29 16:50:00,New Seminar Hall,6.05,55.2,9.12,Normal,16,2,0,55.175999999999995,0.024000000000008015,10
2026-08-07 07:30:00,HOD Department,2.98,25.57,8.58,Normal,7,4,0,25.5684,0.0015999999999998238,7
2026-08-08 00:40:00,IT Department,3.04,19.61,6.46,Normal,0,5,1,19.6384,0.028400000000001313,8
2026-07-14 23:40:00,AIML Department,4.09,10.82,2.64,Normal,23,1,0,10.797600000000001,0.02239999999999931,1
2026-08-10 22:10:00,Biotech Department,5.13,18.9,3.68,Normal,22,0,0,18.8784,0.021599999999999397,3
2026-08-10 10:20:00,Biotech Department,5.48,43.48,7.93,Normal,10,0,0,43.4564,0.023599999999994736,3
2026-08-20 21:40:00,New Seminar Hall,4.42,29.31,6.64,Normal,21,3,0,29.348799999999997,0.03879999999999839,10
2026-08-12 07:20:00,Physics Lab,5.78,20.92,3.62,Normal,7,2,0,20.9236,0.0035999999999987153,11
2026-08-02 11:00:00,Physics Lab,5.63,6.64,1.18,Normal,11,6,1,6.6434,0.0034000000000000696,11
2026-07-01 21:20:00,Mechanical Lab,3.7,25.26,6.82,Normal,21,2,0,25.234,0.0259999999999998,9
2026-07-16 03:20:00,Physics Lab,4.64,9.08,1.96,Normal,3,3,0,9.094399999999998,0.014399999999998414,11
2026-07-05 18:50:00,AIML Department,4.66,16.18,3.47,Normal,18,6,1,16.1702,0.009799999999998477,1
2026-07-21 10:20:00,HOD Department,2.57,10.7,4.16,Normal,10,1,0,10.6912,0.00879999999999903,7
2026-07-18 06:00:00,Mechanical Lab,6.69,21.43,3.2,Normal,6,5,1,21.408,0.021999999999998465,9
2026-07-28 08:10:00,AI Lab,5.33,18.57,3.49,Normal,8,1,0,18.6017,0.03170000000000073,0
2026-07-26 19:00:00,BT Department,2.77,7.73,2.79,Normal,19,6,1,7.7283,0.001700000000000479,2
2026-07-11 19:30:00,AIML Department,4.07,33.82,8.32,Normal,19,5,1,33.8624,0.04240000000000066,1
2026-08-23 23:40:00,BT Department,5.16,30.85,5.98,Normal,23,6,1,30.856800000000003,0.006800000000001916,2
2026-07-09 10:40:00,IT Department,5.48,20.07,3.66,Normal,10,3,0,20.056800000000003,0.013199999999997658,8
2026-07-30 11:40:00,BT Department,5.48,22.92,4.19,Normal,11,3,0,22.961200000000005,0.041200000000003456,2
2026-07-11 02:10:00,Physics Lab,4.03,16.57,4.11,Normal,2,5,1,16.5633,0.006699999999998596,11
2026-08-03 04:30:00,BT Department,5.37,44.49,8.29,Normal,4,0,0,44.5173,0.02729999999999677,2
2026-07-16 18:10:00,Biotech Department,5.9,9.32,1.58,Normal,18,3,0,9.322000000000001,0.002000000000000668,3
2026-07-21 23:30:00,IT Department,3.09,6.16,1.99,Normal,23,1,0,6.1491,0.010900000000000354,8
2026-08-12 03:40:00,Electronics Department,4.37,42.07,9.62,Normal,3,2,0,42.0394,0.03059999999999974,6
2026-08-04 13:10:00,IT Department,4.99,26.75,5.36,Normal,13,1,0,26.7464,0.0035999999999987153,8
2026-08-16 17:50:00,Electronics Department,10.92,178.13,16.31,Suspicious,17,6,1,178.1052,0.024799999999999045,6
2026-08-06 02:40:00,Chemistry Lab,5.96,45.35,7.6,Normal,2,3,0,45.296,0.054000000000002046,5
2026-07-02 03:40:00,New Seminar Hall,11.21,255.59,22.79,Suspicious,3,3,0,255.4759,0.11410000000000764,10
2026-07-23 04:10:00,CSE Department,4.1,29.84,7.28,Normal,4,3,0,29.848,0.007999999999999119,4
2026-07-22 08:10:00,AI Lab,5.36,52.26,9.76,Normal,8,2,0,52.3136,0.05360000000000298,0
2026-08-02 18:00:00,Electronics Department,4.13,15.57,3.77,Normal,18,6,1,15.5701,9.999999999976694e-05,6
2026-08-11 12:50:00,BT Department,4.24,37.49,8.84,Normal,12,1,0,37.4816,0.00840000000000174,2
2026-08-02 10:00:00,Chemistry Lab,12.85,368.67,28.69,Suspicious,10,6,1,368.6665,0.003500000000030923,5
2026-07-29 21:00:00,Mechanical Lab,4.48,15.67,3.5,Normal,21,2,0,15.680000000000001,0.010000000000001563,9
2026-08-04 14:30:00,Physics Lab,25.63,1846.85,72.07,Critical,14,1,0,1847.1540999999997,0.30409999999983484,11
2026-07-30 23:10:00,BT Department,4.56,16.33,3.58,Normal,23,3,0,16.3248,0.005199999999998539,2
2026-08-01 18:20:00,CSE Department,4.2,10.53,2.51,Normal,18,5,1,10.542,0.012000000000000455,4
2026-07-27 14:40:00,Chemistry Lab,3.23,25.92,8.03,Normal,14,0,0,25.936899999999998,0.01689999999999614,5
2026-08-24 16:40:00,Mechanical Lab,4.75,45.64,9.62,Normal,16,0,0,45.69499999999999,0.05499999999999261,9
2026-08-23 17:10:00,Mechanical Lab,3.87,35.9,9.29,Normal,17,6,1,35.9523,0.052300000000002456,9
2026-07-13 08:10:00,HOD Department,4.02,29.88,7.43,Normal,8,0,0,29.868599999999997,0.011400000000001853,7
2026-07-19 20:00:00,HOD Department,16.62,1444.91,86.96,Critical,20,6,1,1445.2752,0.3651999999999589,7
2026-07-15 21:40:00,Mechanical Lab,15.71,393.26,25.03,Suspicious,21,2,0,393.22130000000004,0.038699999999948886,9
2026-07-21 08:40:00,Electronics Department,2.8,17.78,6.35,Normal,8,1,0,17.779999999999998,3.552713678800501e-15,6
2026-07-22 02:30:00,AIML Department,3.52,27.3,7.75,Normal,2,2,0,27.28,0.019999999999999574,1
2026-08-14 04:20:00,Chemistry Lab,6.87,58.87,8.56,Normal,4,4,0,58.8072,0.06279999999999575,5
2026-08-23 02:20:00,Mechanical Lab,5.7,57.02,9.99,Normal,2,6,1,56.943000000000005,0.07699999999999818,9
2026-07-19 04:40:00,Mechanical Lab,5.1,39.16,7.68,Normal,4,6,1,39.168,0.008000000000002672,9
2026-08-24 04:50:00,HOD Department,3.77,9.87,2.62,Normal,4,0,0,9.8774,0.007400000000000517,7
2026-07-08 16:10:00,Physics Lab,3.92,25.02,6.38,Normal,16,2,0,25.0096,0.010400000000000631,11
2026-07-27 18:10:00,AIML Department,5.08,45.67,9.0,Normal,18,0,0,45.72,0.04999999999999716,1
2026-08-10 20:10:00,New Seminar Hall,6.73,14.02,2.08,Normal,20,0,0,13.998400000000002,0.02159999999999762,10
2026-08-09 11:00:00,Physics Lab,4.37,15.7,3.6,Normal,11,6,1,15.732000000000001,0.032000000000001805,11
2026-08-13 16:50:00,Electronics Department,4.36,39.02,8.94,Normal,16,3,0,38.9784,0.041600000000002524,6
2026-08-25 04:30:00,Mechanical Lab,13.46,362.52,26.92,Suspicious,4,1,0,362.3432,0.17679999999995744,9
2026-08-11 02:30:00,Biotech Department,4.92,42.56,8.65,Normal,2,1,0,42.558,0.0020000000000024443,3
2026-07-24 08:00:00,AIML Department,4.15,18.74,4.52,Normal,8,4,0,18.758,0.018000000000000682,1
2026-07-18 11:50:00,HOD Department,3.76,28.44,7.57,Normal,11,5,1,28.4632,0.02319999999999922,7
2026-08-05 14:40:00,Physics Lab,5.57,14.91,2.68,Normal,14,2,0,14.927600000000002,0.017600000000001614,11
2026-07-29 03:20:00,AI Lab,5.71,19.7,3.45,Normal,3,2,0,19.6995,0.0004999999999988347,0
2026-07-29 00:10:00,HOD Department,2.93,13.46,4.6,Normal,0,2,0,13.478,0.017999999999998906,7
2026-08-25 19:00:00,AI Lab,5.06,37.17,7.34,Normal,19,1,0,37.1404,0.02960000000000207,0
2026-08-14 18:40:00,Biotech Department,5.23,19.8,3.79,Normal,18,4,0,19.821700000000003,0.021700000000002717,3
2026-08-22 06:30:00,AIML Department,4.32,41.5,9.61,Normal,6,5,1,41.5152,0.015200000000000102,1
2026-07-06 16:50:00,AIML Department,3.73,24.9,6.67,Normal,16,0,0,24.8791,0.020899999999997476,1
2026-08-25 20:00:00,BT Department,9.85,217.39,22.07,Suspicious,20,1,0,217.3895,0.0004999999999881766,2
2026-08-17 09:10:00,IT Department,3.52,9.05,2.57,Normal,9,0,0,9.0464,0.0036000000000004917,8
2026-08-20 16:00:00,Physics Lab,5.17,27.08,5.24,Normal,16,3,0,27.0908,0.010800000000003251,11
2026-07-28 10:10:00,Physics Lab,5.46,31.03,5.69,Normal,10,1,0,31.067400000000003,0.037400000000001654,11
2026-07-01 16:20:00,AIML Department,3.46,26.16,7.57,Normal,16,2,0,26.1922,0.03219999999999956,1
2026-08-08 12:30:00,Electronics Department,13.66,724.19,53.03,Critical,12,5,1,724.3898,0.199799999999982,6
2026-07-06 10:10:00,BT Department,11.0,198.35,18.04,Suspicious,10,0,0,198.44,0.09000000000000341,2
2026-07-03 00:50:00,BT Department,3.82,12.88,3.38,Normal,0,4,0,12.911599999999998,0.03159999999999741,2
2026-08-10 23:00:00,New Seminar Hall,4.87,13.39,2.75,Normal,23,0,0,13.3925,0.0024999999999995026,10
2026-07-02 13:50:00,New Seminar Hall,4.81,9.13,1.9,Normal,13,3,0,9.139,0.008999999999998565,10
2026-08-19 04:00:00,New Seminar Hall,6.54,37.87,5.79,Normal,4,2,0,37.8666,0.0033999999999991815,10
2026-07-01 10:50:00,Biotech Department,6.35,19.65,3.09,Normal,10,2,0,19.621499999999997,0.02850000000000108,3
2026-07-16 11:40:00,New Seminar Hall,18.48,1304.27,70.57,Critical,11,3,0,1304.1336,0.13640000000009422,10
2026-08-11 12:20:00,IT Department,4.4,38.7,8.79,Normal,12,1,0,38.676,0.02400000000000091,8
2026-07-28 14:30:00,AI Lab,24.22,1162.28,48.0,Critical,14,1,0,1162.56,0.2799999999999727,0
2026-08-24 13:20:00,Electronics Department,6.17,57.79,9.37,Normal,13,0,0,57.81289999999999,0.022899999999992815,6
2026-08-13 12:00:00,New Seminar Hall,7.23,26.98,3.73,Normal,12,3,0,26.9679,0.012100000000000222,10
2026-07-30 23:40:00,BT Department,4.33,13.61,3.14,Normal,23,3,0,13.596200000000001,0.013799999999998036,2
2026-08-25 10:30:00,BT Department,5.17,47.4,9.17,Normal,10,1,0,47.408899999999996,0.008899999999997021,2
2026-08-02 08:00:00,AIML Department,2.95,24.2,8.21,Normal,8,6,1,24.219500000000004,0.01950000000000429,1
2026-07-21 17:50:00,CSE Department,3.04,19.46,6.4,Normal,17,1,0,19.456000000000003,0.003999999999997783,4
2026-07-31 10:40:00,CSE Department,5.19,23.08,4.45,Normal,10,4,0,23.0955,0.015500000000002956,4
2026-07-26 17:40:00,Biotech Department,5.35,12.04,2.25,Normal,17,6,1,12.0375,0.0024999999999995026,3
2026-07-10 20:50:00,BT Department,4.05,8.5,2.1,Normal,20,4,0,8.505,0.005000000000000782,2
2026-07-08 21:10:00,HOD Department,2.67,22.76,8.53,Normal,21,2,0,22.7751,0.015099999999996783,7
2026-07-03 13:30:00,AIML Department,11.68,142.63,12.21,Suspicious,13,4,0,142.6128,0.017200000000002547,1
2026-07-16 02:30:00,AIML Department,15.94,1006.38,63.14,Critical,2,3,0,1006.4516,0.07159999999998945,1
2026-08-02 16:40:00,CSE Department,4.26,21.17,4.97,Normal,16,6,1,21.172199999999997,0.0021999999999948727,4
2026-07-11 15:50:00,Physics Lab,15.6,247.4,15.86,Suspicious,15,5,1,247.416,0.015999999999991132,11
2026-07-31 16:00:00,AI Lab,7.56,23.27,3.08,Normal,16,4,0,23.2848,0.014800000000001035,0
2026-08-04 03:50:00,Mechanical Lab,5.7,54.95,9.64,Normal,3,1,0,54.94800000000001,0.001999999999995339,9
2026-08-05 17:10:00,New Seminar Hall,6.47,32.34,5.0,Normal,17,2,0,32.35,0.00999999999999801,10
2026-08-17 17:30:00,HOD Department,4.45,13.75,3.09,Normal,17,0,0,13.7505,0.0005000000000006111,7
2026-07-08 00:50:00,Electronics Department,4.95,45.92,9.27,Normal,0,2,0,45.8865,0.03350000000000364,6
2026-08-25 00:10:00,Chemistry Lab,6.58,47.8,7.27,Normal,0,1,0,47.8366,0.036599999999999966,5
2026-08-19 21:10:00,AIML Department,4.83,36.55,7.56,Normal,21,2,0,36.5148,0.03519999999999612,1
2026-08-12 06:10:00,AIML Department,4.04,25.7,6.35,Normal,6,2,0,25.654,0.045999999999999375,1
2026-08-12 11:50:00,Chemistry Lab,6.82,32.3,4.73,Normal,11,2,0,32.2586,0.041399999999995885,5
2026-07-12 21:30:00,BT Department,3.54,34.67,9.8,Normal,21,6,1,34.692,0.021999999999998465,2
2026-08-01 17:10:00,Biotech Department,5.28,46.3,8.76,Normal,17,5,1,46.2528,0.04719999999999658,3
2026-07-13 18:50:00,Chemistry Lab,3.52,4.68,1.33,Normal,18,0,0,4.6816,0.001600000000000712,5
2026-08-05 07:40:00,BT Department,4.11,10.65,2.59,Normal,7,2,0,10.6449,0.0051000000000005485,2
2026-08-08 08:10:00,New Seminar Hall,4.8,5.69,1.19,Normal,8,5,1,5.712,0.021999999999999353,10
2026-07-29 07:50:00,New Seminar Hall,7.28,24.0,3.29,Normal,7,2,0,23.9512,0.048799999999999955,10
2026-07-31 07:20:00,Electronics Department,4.24,13.64,3.21,Normal,7,4,0,13.6104,0.029600000000000293,6
2026-08-24 00:20:00,AI Lab,7.16,63.54,8.87,Normal,0,0,0,63.50919999999999,0.030800000000006378,0
2026-08-14 14:00:00,Chemistry Lab,3.05,3.93,1.29,Normal,14,4,0,3.9345,0.0044999999999997264,5
2026-08-09 13:30:00,Electronics Department,4.55,17.87,3.92,Normal,13,6,1,17.836,0.03400000000000247,6
2026-07-16 11:30:00,New Seminar Hall,8.22,63.1,7.67,Normal,11,3,0,63.0474,0.052599999999998204,10
2026-08-10 12:20:00,Chemistry Lab,6.07,13.07,2.15,Normal,12,0,0,13.0505,0.01950000000000074,5
2026-08-25 04:20:00,New Seminar Hall,6.63,8.68,1.31,Normal,4,1,0,8.6853,0.005300000000000082,10
2026-08-03 15:20:00,AIML Department,1.97,14.57,7.38,Normal,15,0,0,14.538599999999999,0.03140000000000143,1
2026-08-01 05:30:00,Chemistry Lab,5.75,27.49,4.78,Normal,5,5,1,27.485000000000003,0.0049999999999954525,5
2026-08-10 18:10:00,Chemistry Lab,6.33,36.99,5.85,Normal,18,0,0,37.030499999999996,0.04049999999999443,5
2026-08-07 20:00:00,IT Department,1.87,5.75,3.07,Normal,20,4,0,5.7409,0.009100000000000108,8
2026-07-18 20:20:00,Mechanical Lab,5.79,10.3,1.78,Normal,20,5,1,10.3062,0.006199999999999761,9
2026-08-06 19:30:00,AIML Department,4.43,25.07,5.66,Normal,19,3,0,25.0738,0.0037999999999982492,1
2026-08-06 00:10:00,Biotech Department,6.16,29.17,4.73,Normal,0,3,0,29.136800000000004,0.03319999999999723,3
2026-07-29 06:40:00,CSE Department,4.1,40.91,9.97,Normal,6,2,0,40.877,0.032999999999994145,4
2026-07-09 11:20:00,Chemistry Lab,5.43,12.44,2.29,Normal,11,3,0,12.4347,0.005300000000000082,5
2026-08-14 21:40:00,AIML Department,7.5,113.7,15.15,Suspicious,21,4,0,113.625,0.07500000000000284,1
2026-07-25 08:20:00,Physics Lab,5.35,48.78,9.12,Normal,8,5,1,48.791999999999994,0.01199999999999335,11
2026-08-16 15:40:00,Biotech Department,9.97,120.13,12.05,Suspicious,15,6,1,120.13850000000002,0.008500000000026375,3
2026-07-21 17:30:00,AIML Department,3.58,22.25,6.21,Normal,17,1,0,22.2318,0.018200000000000216,1
2026-07-04 08:30:00,CSE Department,4.73,28.75,6.07,Normal,8,5,1,28.711100000000005,0.038899999999994606,4
2026-07-25 17:30:00,New Seminar Hall,5.86,32.11,5.48,Normal,17,5,1,32.11280000000001,0.0028000000000076852,10
2026-07-11 16:10:00,BT Department,3.8,4.55,1.2,Normal,16,5,1,4.56,0.009999999999999787,2
2026-07-25 10:20:00,CSE Department,6.23,55.39,8.89,Normal,10,5,1,55.38470000000001,0.005299999999991201,4
2026-08-04 13:20:00,Biotech Department,2.91,11.66,4.0,Normal,13,1,0,11.64,0.019999999999999574,3
2026-08-09 15:40:00,Electronics Department,4.98,45.65,9.17,Normal,15,6,1,45.6666,0.016600000000003945,6
2026-07-12 03:30:00,New Seminar Hall,4.84,22.27,4.6,Normal,3,6,1,22.264,0.006000000000000227,10
2026-07-08 05:40:00,BT Department,3.77,17.17,4.55,Normal,5,2,0,17.1535,0.016500000000000625,2
2026-07-07 07:00:00,Physics Lab,3.61,25.38,7.04,Normal,7,1,0,25.4144,0.03440000000000154,11
2026-07-20 11:40:00,BT Department,2.04,16.89,8.27,Normal,11,0,0,16.8708,0.019200000000001438,2
2026-07-11 23:30:00,AI Lab,5.25,43.17,8.23,Normal,23,5,1,43.2075,0.03750000000000142,0
2026-07-29 05:30:00,AI Lab,2.09,12.24,5.84,Normal,5,2,0,12.205599999999999,0.03440000000000154,0
2026-07-24 13:50:00,Electronics Department,3.53,31.06,8.79,Normal,13,4,0,31.028699999999994,0.03130000000000521,6
2026-07-23 18:30:00,Mechanical Lab,18.49,1634.55,88.41,Critical,18,3,0,1634.7008999999998,0.15089999999986503,9
2026-08-05 18:30:00,Biotech Department,23.3,1154.68,49.57,Critical,18,2,0,1154.981,0.3009999999999309,3
2026-08-17 06:50:00,Biotech Department,2.88,11.39,3.96,Normal,6,0,0,11.4048,0.014799999999999258,3
2026-08-08 11:40:00,BT Department,3.02,25.19,8.35,Normal,11,5,1,25.217,0.02699999999999747,2
2026-08-22 10:30:00,Chemistry Lab,5.96,36.99,6.2,Normal,10,5,1,36.952,0.03800000000000381,5
2026-07-25 04:50:00,HOD Department,2.98,20.62,6.92,Normal,4,5,1,20.6216,0.0015999999999998238,7
2026-07-04 17:00:00,New Seminar Hall,7.15,15.74,2.2,Normal,17,5,1,15.730000000000002,0.00999999999999801,10
2026-07-22 19:50:00,AIML Department,3.73,18.07,4.84,Normal,19,2,0,18.0532,0.016799999999999926,1
2026-07-02 17:10:00,Physics Lab,7.33,66.33,9.04,Normal,17,3,0,66.2632,0.06680000000000064,11
2026-08-13 21:50:00,Mechanical Lab,5.14,19.47,3.79,Normal,21,3,0,19.4806,0.010600000000000165,9
2026-07-15 14:50:00,HOD Department,3.12,28.83,9.24,Normal,14,2,0,28.8288,0.0011999999999972033,7
2026-08-09 11:10:00,Chemistry Lab,5.65,55.65,9.85,Normal,11,6,1,55.6525,0.0025000000000048317,5
2026-08-24 14:40:00,AI Lab,3.41,12.8,3.76,Normal,14,0,0,12.8216,0.021599999999999397,0
2026-07-18 09:40:00,New Seminar Hall,7.42,13.38,1.8,Normal,9,5,1,13.356,0.02400000000000091,10
2026-07-08 03:40:00,BT Department,5.14,7.97,1.55,Normal,3,2,0,7.967,0.0030000000000001137,2
2026-08-23 13:20:00,Physics Lab,14.62,307.68,21.04,Suspicious,13,6,1,307.60479999999995,0.07520000000005211,11
2026-07-25 04:20:00,Biotech Department,6.51,54.2,8.32,Normal,4,5,1,54.1632,0.0367999999999995,3
2026-08-22 20:00:00,HOD Department,4.85,5.83,1.2,Normal,20,5,1,5.819999999999999,0.010000000000000675,7
2026-07-19 08:00:00,AI Lab,4.04,34.8,8.62,Normal,8,6,1,34.824799999999996,0.024799999999999045,0
2026-08-08 07:50:00,AIML Department,4.22,22.66,5.37,Normal,7,5,1,22.6614,0.00140000000000029,1
2026-08-06 04:20:00,HOD Department,3.91,32.97,8.43,Normal,4,3,0,32.9613,0.008699999999997488,7
2026-07-31 13:50:00,New Seminar Hall,5.02,47.61,9.48,Normal,13,4,0,47.5896,0.020400000000002194,10
2026-08-05 14:50:00,New Seminar Hall,29.91,2349.85,78.56,Critical,14,2,0,2349.7296,0.12039999999979045,10
2026-08-15 17:10:00,New Seminar Hall,7.99,36.74,4.6,Normal,17,5,1,36.754,0.013999999999995794,10
2026-08-14 23:20:00,AIML Department,8.69,206.07,23.71,Suspicious,23,4,0,206.0399,0.030100000000004457,1
2026-07-16 19:00:00,AI Lab,4.06,24.53,6.04,Normal,19,3,0,24.522399999999998,0.007600000000003604,0
2026-07-29 16:00:00,Mechanical Lab,5.49,19.63,3.58,Normal,16,2,0,19.6542,0.024200000000000443,9
2026-08-04 21:30:00,AI Lab,4.26,8.68,2.04,Normal,21,1,0,8.6904,0.010400000000000631,0
2026-07-11 18:10:00,IT Department,4.23,21.46,5.07,Normal,18,5,1,21.446100000000005,0.013899999999996027,8
2026-07-06 06:30:00,IT Department,4.08,37.94,9.31,Normal,6,0,0,37.9848,0.04480000000000217,8
2026-07-03 19:00:00,Mechanical Lab,11.82,147.91,12.52,Suspicious,19,4,0,147.9864,0.07640000000000668,9
2026-07-20 18:00:00,Mechanical Lab,5.26,8.57,1.63,Normal,18,0,0,8.573799999999999,0.0037999999999982492,9
2026-07-29 12:30:00,BT Department,4.2,7.72,1.84,Normal,12,2,0,7.728000000000001,0.008000000000000895,2
2026-07-01 16:00:00,AI Lab,4.43,24.04,5.42,Normal,16,2,0,24.010599999999997,0.029400000000002535,0
2026-07-22 09:20:00,Chemistry Lab,6.46,10.53,1.63,Normal,9,2,0,10.5298,0.00019999999999953388,5
2026-07-05 19:00:00,Mechanical Lab,26.13,844.2,32.31,Critical,19,6,1,844.2603,0.06029999999998381,9
2026-07-29 23:40:00,Chemistry Lab,7.37,58.01,7.87,Normal,23,2,0,58.0019,0.008099999999998886,5
2026-08-17 13:00:00,Physics Lab,3.92,5.33,1.36,Normal,13,0,0,5.3312,0.0011999999999998678,11
2026-07-02 13:20:00,Electronics Department,3.34,18.68,5.6,Normal,13,3,0,18.703999999999997,0.023999999999997357,6
2026-07-14 07:50:00,Chemistry Lab,16.39,231.26,14.11,Suspicious,7,1,0,231.2629,0.002900000000011005,5
2026-07-17 10:00:00,HOD Department,4.3,14.55,3.38,Normal,10,4,0,14.533999999999999,0.01600000000000179,7
2026-07-06 19:00:00,IT Department,5.26,27.68,5.27,Normal,19,0,0,27.7202,0.04019999999999868,8
2026-08-03 14:50:00,Chemistry Lab,4.94,15.27,3.09,Normal,14,0,0,15.2646,0.005399999999999849,5
2026-07-23 22:20:00,BT Department,3.71,27.88,7.52,Normal,22,3,0,27.899199999999997,0.019199999999997885,2
2026-08-22 08:00:00,Biotech Department,5.01,37.8,7.55,Normal,8,5,1,37.8255,0.025500000000000966,3
2026-07-13 20:30:00,HOD Department,4.93,29.02,5.89,Normal,20,0,0,29.037699999999997,0.01769999999999783,7
2026-07-30 11:20:00,Physics Lab,17.01,1101.88,64.79,Critical,11,3,0,1102.0779000000002,0.19790000000011787,11
2026-07-30 14:40:00,Mechanical Lab,6.11,9.65,1.58,Normal,14,3,0,9.6538,0.0038000000000000256,9
2026-07-07 19:20:00,Physics Lab,5.05,9.75,1.93,Normal,19,1,0,9.7465,0.0035000000000007248,11
2026-07-01 23:10:00,BT Department,4.26,41.98,9.86,Normal,23,2,0,42.0036,0.02360000000000184,2
2026-07-10 09:00:00,Biotech Department,10.08,187.97,18.65,Suspicious,9,4,0,187.992,0.02199999999999136,3
2026-07-15 15:50:00,New Seminar Hall,8.1,73.27,9.05,Normal,15,2,0,73.305,0.0350000000000108,10
2026-07-11 01:20:00,AI Lab,3.64,34.44,9.45,Normal,1,5,1,34.397999999999996,0.04200000000000159,0
2026-08-11 01:00:00,Biotech Department,5.61,50.5,9.0,Normal,1,1,0,50.49,0.00999999999999801,3
2026-08-23 16:10:00,IT Department,3.2,16.12,5.03,Normal,16,6,1,16.096,0.02400000000000091,8
2026-08-10 21:00:00,Mechanical Lab,6.78,30.29,4.47,Normal,21,0,0,30.3066,0.016600000000000392,9
2026-07-05 00:20:00,Mechanical Lab,7.55,39.42,5.22,Normal,0,6,1,39.410999999999994,0.009000000000007446,9
2026-07-26 03:10:00,Chemistry Lab,7.68,32.07,4.17,Normal,3,6,1,32.0256,0.044400000000003104,5
2026-08-15 20:00:00,New Seminar Hall,4.34,40.74,9.38,Normal,20,5,1,40.7092,0.030799999999999272,10
2026-08-04 17:30:00,IT Department,4.28,17.66,4.12,Normal,17,1,0,17.6336,0.02639999999999887,8
2026-07-14 19:20:00,New Seminar Hall,4.63,11.67,2.52,Normal,19,1,0,11.6676,0.0023999999999997357,10
2026-07-23 13:10:00,BT Department,16.5,877.77,53.2,Critical,13,3,0,877.8000000000001,0.030000000000086402,2
2026-08-07 21:50:00,Biotech Department,2.92,12.27,4.2,Normal,21,4,0,12.264,0.006000000000000227,3
2026-07-29 01:20:00,BT Department,17.78,1333.48,74.99,Critical,1,2,0,1333.3222,0.15779999999995198,2
2026-07-02 01:40:00,HOD Department,2.84,12.96,4.56,Normal,1,3,0,12.950399999999998,0.009600000000002495,7
2026-08-09 19:40:00,Mechanical Lab,6.87,8.96,1.3,Normal,19,6,1,8.931000000000001,0.028999999999999915,9
2026-07-26 06:40:00,BT Department,4.44,22.87,5.15,Normal,6,6,1,22.866000000000003,0.003999999999997783,2
2026-07-21 14:20:00,IT Department,3.74,12.12,3.24,Normal,14,1,0,12.117600000000001,0.0023999999999979593,8
2026-08-10 06:50:00,IT Department,4.46,27.75,6.22,Normal,6,0,0,27.7412,0.008800000000000807,8
2026-07-24 23:20:00,AIML Department,5.76,9.31,1.62,Normal,23,4,0,9.3312,0.02120000000000033,1
2026-07-02 05:50:00,BT Department,3.92,34.71,8.85,Normal,5,3,0,34.692,0.018000000000000682,2
2026-08-12 23:30:00,Mechanical Lab,6.35,32.25,5.08,Normal,23,2,0,32.257999999999996,0.007999999999995566,9
2026-07-13 07:40:00,Physics Lab,6.38,14.72,2.31,Normal,7,0,0,14.7378,0.017799999999999372,11
2026-08-21 00:30:00,BT Department,5.1,23.51,4.61,Normal,0,4,0,23.511,0.0009999999999976694,2
2026-07-23 02:00:00,Chemistry Lab,3.99,27.95,7.01,Normal,2,3,0,27.9699,0.019899999999999807,5
2026-08-13 21:00:00,Mechanical Lab,5.73,18.06,3.15,Normal,21,3,0,18.049500000000002,0.010499999999996845,9
2026-08-01 12:10:00,Biotech Department,5.32,32.02,6.02,Normal,12,5,1,32.0264,0.006399999999999295,3
2026-07-23 01:00:00,HOD Department,3.02,10.57,3.5,Normal,1,3,0,10.57,0.0,7
2026-08-13 07:10:00,CSE Department,4.49,31.42,7.0,Normal,7,3,0,31.43,0.00999999999999801,4
2026-08-06 08:10:00,New Seminar Hall,7.84,8.0,1.02,Normal,8,3,0,7.9968,0.0031999999999996476,10
2026-08-20 11:30:00,Chemistry Lab,3.86,16.31,4.22,Normal,11,3,0,16.289199999999997,0.020800000000001262,5
2026-07-18 03:00:00,Biotech Department,10.7,313.94,29.34,Suspicious,3,5,1,313.938,0.0020000000000095497,3
2026-07-12 13:30:00,HOD Department,2.06,20.19,9.8,Normal,13,6,1,20.188000000000002,0.0019999999999988916,7
2026-07-11 03:20:00,AIML Department,4.43,19.61,4.43,Normal,3,5,1,19.624899999999997,0.014899999999997249,1
2026-08-08 06:00:00,Electronics Department,3.62,4.01,1.11,Normal,6,5,1,4.0182,0.00820000000000043,6
2026-08-22 03:50:00,AI Lab,3.96,10.1,2.55,Normal,3,5,1,10.097999999999999,0.002000000000000668,0
2026-08-24 19:40:00,Physics Lab,7.34,40.5,5.52,Normal,19,0,0,40.516799999999996,0.016799999999996373,11
2026-08-06 15:50:00,HOD Department,3.36,29.09,8.66,Normal,15,3,0,29.0976,0.007600000000000051,7
2026-07-20 05:40:00,Physics Lab,10.68,195.51,18.3,Suspicious,5,0,0,195.444,0.0660000000000025,11
2026-07-06 03:40:00,Mechanical Lab,7.57,67.82,8.95,Normal,3,0,0,67.7515,0.06850000000000023,9
2026-08-11 17:40:00,New Seminar Hall,5.72,14.83,2.59,Normal,17,1,0,14.814799999999998,0.015200000000001879,10
2026-07-18 14:40:00,BT Department,3.94,4.27,1.08,Normal,14,5,1,4.2552,0.014799999999999258,2
2026-08-08 14:00:00,AI Lab,4.02,5.68,1.41,Normal,14,5,1,5.668199999999999,0.01180000000000092,0
2026-07-08 23:50:00,AI Lab,3.19,17.89,5.61,Normal,23,2,0,17.8959,0.00590000000000046,0
2026-07-02 11:50:00,AIML Department,5.88,45.99,7.82,Normal,11,3,0,45.9816,0.00840000000000174,1
2026-07-01 23:30:00,Physics Lab,5.19,23.0,4.43,Normal,23,2,0,22.9917,0.00829999999999842,11
2026-07-03 21:10:00,IT Department,5.86,57.15,9.76,Normal,21,4,0,57.1936,0.04360000000000497,8
2026-07-24 14:40:00,New Seminar Hall,14.23,327.07,22.99,Suspicious,14,4,0,327.1477,0.077699999999993,10
2026-08-16 18:30:00,IT Department,11.66,162.88,13.97,Suspicious,18,6,1,162.89020000000002,0.010200000000025966,8
2026-08-15 05:30:00,CSE Department,5.33,29.06,5.46,Normal,5,5,1,29.1018,0.04180000000000206,4
2026-08-21 09:40:00,Chemistry Lab,3.7,31.29,8.46,Normal,9,4,0,31.302000000000003,0.012000000000004007,5
2026-07-07 03:10:00,BT Department,5.56,44.88,8.06,Normal,3,1,0,44.8136,0.06640000000000157,2
2026-08-08 19:40:00,Biotech Department,15.05,588.77,39.11,Critical,19,5,1,588.6055,0.16449999999997544,3
2026-08-13 03:30:00,BT Department,21.59,1752.49,81.17,Critical,3,3,0,1752.4603,0.02970000000004802,2
2026-08-17 22:20:00,Mechanical Lab,6.91,10.55,1.53,Normal,22,0,0,10.5723,0.022299999999999542,9
2026-07-24 11:30:00,HOD Department,8.84,167.41,18.94,Suspicious,11,4,0,167.42960000000002,0.019600000000025375,7
2026-08-11 10:50:00,AI Lab,18.32,1271.13,69.38,Critical,10,1,0,1271.0416,0.0884000000000924,0
2026-08-15 03:50:00,Biotech Department,2.91,5.96,2.05,Normal,3,5,1,5.9655,0.005499999999999616,3
2026-08-03 08:10:00,Chemistry Lab,4.0,38.78,9.69,Normal,8,0,0,38.76,0.020000000000003126,5
2026-08-17 21:30:00,IT Department,5.49,17.7,3.22,Normal,21,0,0,17.6778,0.022199999999998,8
2026-08-19 06:50:00,AIML Department,5.18,9.13,1.76,Normal,6,2,0,9.1168,0.01320000000000121,1
2026-08-06 18:30:00,Electronics Department,9.96,159.22,15.98,Suspicious,18,3,0,159.16080000000002,0.059199999999975716,6
2026-08-21 21:10:00,Physics Lab,8.38,64.2,7.66,Normal,21,4,0,64.19080000000001,0.00919999999999277,11
2026-07-14 09:20:00,Physics Lab,12.73,333.27,26.18,Suspicious,9,1,0,333.2714,0.0014000000000464752,11
2026-08-06 09:50:00,BT Department,11.36,168.51,14.83,Suspicious,9,3,0,168.4688,0.041200000000003456,2
2026-07-20 03:00:00,BT Department,4.27,15.14,3.54,Normal,3,0,0,15.115799999999998,0.02420000000000222,2
2026-08-08 20:40:00,Biotech Department,24.64,763.45,30.98,Critical,20,5,1,763.3472,0.102800000000002,3
2026-08-02 16:00:00,Biotech Department,5.03,30.4,6.04,Normal,16,6,1,30.381200000000003,0.018799999999995265,3
2026-07-18 03:20:00,New Seminar Hall,6.21,6.22,1.0,Normal,3,5,1,6.21,0.009999999999999787,10
2026-08-11 04:20:00,AI Lab,5.94,57.27,9.63,Normal,4,1,0,57.20220000000001,0.0677999999999912,0
2026-07-19 12:30:00,New Seminar Hall,6.22,24.86,4.0,Normal,12,6,1,24.88,0.019999999999999574,10
2026-07-31 22:00:00,Biotech Department,6.13,57.86,9.43,Normal,22,4,0,57.805899999999994,0.054100000000005366,3
2026-07-14 15:10:00,Biotech Department,5.34,7.89,1.48,Normal,15,1,0,7.9032,0.013200000000000323,3
2026-08-16 09:10:00,AI Lab,3.68,27.87,7.57,Normal,9,6,1,27.8576,0.012399999999999523,0
2026-08-01 05:40:00,AIML Department,7.48,216.46,28.94,Suspicious,5,5,1,216.4712,0.01120000000000232,1
2026-08-06 21:40:00,Biotech Department,4.51,33.79,7.49,Normal,21,3,0,33.7799,0.01010000000000133,3
2026-08-08 02:40:00,IT Department,4.5,43.2,9.59,Normal,2,5,1,43.155,0.045000000000001705,8
2026-07-13 08:20:00,AIML Department,2.73,5.23,1.92,Normal,8,0,0,5.2416,0.01159999999999961,1
2026-07-04 21:10:00,Physics Lab,9.0,15.28,1.7,Normal,21,5,1,15.299999999999999,0.019999999999999574,11
2026-07-06 19:30:00,New Seminar Hall,4.14,20.79,5.02,Normal,19,0,0,20.782799999999998,0.007200000000000983,10
2026-08-13 02:50:00,AIML Department,18.16,1327.79,73.1,Critical,2,3,0,1327.4959999999999,0.2940000000000964,1
2026-08-24 06:30:00,AI Lab,24.11,1701.84,70.59,Critical,6,0,0,1701.9249,0.08490000000006148,0
2026-08-25 18:10:00,BT Department,4.47,26.08,5.83,Normal,18,1,0,26.0601,0.019899999999999807,2
2026-07-14 15:20:00,IT Department,3.25,5.54,1.71,Normal,15,1,0,5.5575,0.01750000000000007,8
2026-07-12 17:50:00,AI Lab,7.03,21.16,3.01,Normal,17,6,1,21.1603,0.0002999999999993008,0
2026-08-23 00:50:00,HOD Department,3.66,9.23,2.52,Normal,0,6,1,9.2232,0.006800000000000139,7
2026-07-21 19:20:00,CSE Department,4.81,15.5,3.23,Normal,19,1,0,15.536299999999999,0.03629999999999889,4
2026-07-30 11:10:00,AIML Department,4.89,26.77,5.47,Normal,11,3,0,26.748299999999997,0.021700000000002717,1
2026-08-18 03:30:00,New Seminar Hall,6.3,16.7,2.65,Normal,3,1,0,16.695,0.004999999999999005,10
2026-07-20 12:40:00,Biotech Department,5.08,44.04,8.68,Normal,12,0,0,44.0944,0.054400000000001114,3
2026-08-16 14:10:00,HOD Department,3.56,18.19,5.11,Normal,14,6,1,18.1916,0.0015999999999998238,7
2026-07-19 16:40:00,BT Department,12.05,320.89,26.63,Suspicious,16,6,1,320.8915,0.0015000000000213731,2
2026-08-12 09:50:00,BT Department,5.1,41.98,8.24,Normal,9,2,0,42.024,0.044000000000004036,2
2026-07-12 03:50:00,Electronics Department,3.56,15.2,4.27,Normal,3,6,1,15.201199999999998,0.0011999999999989797,6
2026-08-07 00:50:00,IT Department,4.19,8.32,1.99,Normal,0,4,0,8.3381,0.01810000000000045,8
2026-07-23 20:50:00,AI Lab,4.53,11.82,2.61,Normal,20,3,0,11.8233,0.0032999999999994145,0
2026-08-04 20:20:00,IT Department,3.17,19.9,6.27,Normal,20,1,0,19.875899999999998,0.024100000000000676,8
2026-08-19 07:00:00,Physics Lab,5.11,14.84,2.9,Normal,7,2,0,14.819,0.02099999999999902,11
2026-08-12 00:30:00,New Seminar Hall,4.4,28.56,6.49,Normal,0,2,0,28.556000000000004,0.00399999999999423,10
2026-08-05 21:30:00,HOD Department,1.71,5.43,3.18,Normal,21,2,0,5.4378,0.007800000000000473,7
2026-07-27 20:00:00,AI Lab,7.09,62.97,8.88,Normal,20,0,0,62.9592,0.010799999999996146,0
2026-08-10 17:30:00,Physics Lab,7.4,27.57,3.72,Normal,17,0,0,27.528000000000002,0.04199999999999804,11
2026-07-20 00:40:00,HOD Department,2.47,4.32,1.75,Normal,0,0,0,4.322500000000001,0.002500000000000391,7
2026-08-18 03:20:00,Physics Lab,4.86,29.28,6.02,Normal,3,1,0,29.2572,0.022800000000000153,11
2026-08-10 17:20:00,Biotech Department,4.52,34.66,7.66,Normal,17,0,0,34.6232,0.0367999999999995,3
2026-07-31 15:00:00,New Seminar Hall,4.41,34.11,7.73,Normal,15,4,0,34.0893,0.020699999999997942,10
2026-08-17 08:30:00,BT Department,4.67,22.97,4.92,Normal,8,0,0,22.976399999999998,0.006399999999999295,2
2026-08-24 13:40:00,New Seminar Hall,5.19,14.09,2.72,Normal,13,0,0,14.116800000000001,0.02680000000000149,10
2026-08-14 20:10:00,AIML Department,5.44,13.15,2.42,Normal,20,4,0,13.164800000000001,0.014800000000001035,1
2026-08-09 17:40:00,AI Lab,5.13,32.54,6.35,Normal,17,6,1,32.5755,0.03549999999999898,0
2026-07-14 09:50:00,AI Lab,12.81,261.12,20.38,Suspicious,9,1,0,261.0678,0.05220000000002756,0
2026-07-01 20:10:00,Biotech Department,4.03,38.33,9.5,Normal,20,2,0,38.285000000000004,0.0449999999999946,3
2026-07-25 13:50:00,HOD Department,4.13,11.9,2.88,Normal,13,5,1,11.8944,0.00560000000000116,7
2026-07-10 01:50:00,Electronics Department,6.28,18.0,2.86,Normal,1,4,0,17.9608,0.03920000000000101,6
2026-07-10 14:30:00,CSE Department,4.8,33.91,7.06,Normal,14,4,0,33.888,0.021999999999998465,4
2026-08-14 09:20:00,Biotech Department,5.34,11.28,2.11,Normal,9,4,0,11.267399999999999,0.012600000000000833,3
2026-08-01 13:40:00,CSE Department,3.31,16.77,5.07,Normal,13,5,1,16.7817,0.011700000000001154,4
2026-07-18 18:50:00,Biotech Department,4.52,31.88,7.05,Normal,18,5,1,31.865999999999996,0.014000000000002899,3
2026-08-21 09:00:00,BT Department,4.84,45.33,9.37,Normal,9,4,0,45.35079999999999,0.020799999999994156,2
2026-07-24 23:30:00,HOD Department,3.81,4.31,1.13,Normal,23,4,0,4.3053,0.004699999999999704,7
2026-08-09 08:10:00,AI Lab,9.83,194.24,19.75,Suspicious,8,6,1,194.1425,0.09749999999999659,0
2026-07-18 16:20:00,AI Lab,2.93,3.54,1.21,Normal,16,5,1,3.5453,0.005300000000000082,0
2026-07-12 14:30:00,CSE Department,4.41,29.05,6.58,Normal,14,6,1,29.0178,0.03219999999999956,4
2026-07-17 08:00:00,AIML Department,8.94,104.6,11.7,Suspicious,8,4,0,104.59799999999998,0.0020000000000095497,1
2026-07-25 23:40:00,AIML Department,10.36,168.34,16.24,Suspicious,23,5,1,168.24639999999997,0.09360000000003765,1
2026-07-11 04:10:00,Biotech Department,5.88,10.25,1.74,Normal,4,5,1,10.2312,0.018800000000000594,3
2026-07-01 13:10:00,AI Lab,6.88,44.62,6.49,Normal,13,2,0,44.6512,0.031200000000005446,0
2026-07-21 18:30:00,Chemistry Lab,15.45,286.44,18.54,Suspicious,18,1,0,286.443,0.002999999999985903,5
2026-07-22 16:50:00,New Seminar Hall,8.11,10.76,1.33,Normal,16,2,0,10.7863,0.026300000000000878,10
2026-08-14 05:50:00,Biotech Department,6.71,51.27,7.64,Normal,5,4,0,51.264399999999995,0.005600000000008265,3
2026-07-02 12:00:00,Physics Lab,3.56,12.08,3.39,Normal,12,3,0,12.0684,0.01159999999999961,11
2026-08-12 16:30:00,HOD Department,1.98,15.02,7.57,Normal,16,2,0,14.9886,0.03139999999999965,7
2026-08-17 08:50:00,CSE Department,1.89,1.99,1.06,Normal,8,0,0,2.0034,0.013400000000000079,4
2026-08-09 07:00:00,Mechanical Lab,6.19,37.42,6.04,Normal,7,6,1,37.3876,0.03240000000000265,9
2026-08-22 10:10:00,Chemistry Lab,8.12,71.1,8.76,Normal,10,5,1,71.13119999999999,0.03119999999999834,5
2026-07-14 17:00:00,CSE Department,18.79,754.45,40.15,Critical,17,1,0,754.4185,0.03150000000005093,4
2026-07-15 20:00:00,Mechanical Lab,4.55,42.42,9.32,Normal,20,2,0,42.406,0.014000000000002899,9
2026-08-15 20:10:00,Physics Lab,6.14,35.29,5.75,Normal,20,5,1,35.305,0.015000000000000568,11
2026-07-18 15:50:00,New Seminar Hall,13.7,401.91,29.33,Suspicious,15,5,1,401.82099999999997,0.08900000000005548,10
2026-08-11 21:50:00,Mechanical Lab,5.55,27.18,4.9,Normal,21,1,0,27.195,0.015000000000000568,9
2026-07-24 05:10:00,Electronics Department,4.32,34.09,7.89,Normal,5,4,0,34.0848,0.005200000000002092,6
2026-07-11 01:40:00,Biotech Department,5.22,19.79,3.79,Normal,1,5,1,19.7838,0.006199999999999761,3
2026-07-31 08:30:00,CSE Department,4.4,14.29,3.25,Normal,8,4,0,14.3,0.010000000000001563,4
2026-08-03 01:00:00,BT Department,20.12,1013.23,50.37,Critical,1,0,0,1013.4444,0.21439999999995507,2
2026-07-11 19:10:00,IT Department,6.17,40.71,6.59,Normal,19,5,1,40.6603,0.04970000000000141,8
2026-07-01 12:20:00,CSE Department,2.78,16.61,5.98,Normal,12,2,0,16.6244,0.014400000000001967,4
2026-08-03 07:40:00,Biotech Department,5.53,15.51,2.8,Normal,7,0,0,15.484,0.0259999999999998,3
2026-08-20 03:40:00,IT Department,10.95,150.15,13.71,Suspicious,3,3,0,150.1245,0.02549999999999386,8
2026-07-18 01:00:00,Physics Lab,4.18,19.42,4.64,Normal,1,5,1,19.3952,0.024800000000002598,11
2026-07-15 16:50:00,Mechanical Lab,5.76,18.3,3.18,Normal,16,2,0,18.3168,0.016799999999999926,9
2026-07-28 17:00:00,AI Lab,2.51,12.91,5.14,Normal,17,1,0,12.901399999999999,0.008600000000001273,0
2026-07-16 13:10:00,HOD Department,3.6,22.99,6.39,Normal,13,3,0,23.003999999999998,0.013999999999999346,7
2026-07-04 19:20:00,Electronics Department,4.28,28.86,6.75,Normal,19,5,1,28.89,0.030000000000001137,6
2026-08-14 03:30:00,IT Department,6.31,17.85,2.83,Normal,3,4,0,17.8573,0.007299999999997198,8
2026-07-04 08:50:00,Physics Lab,14.46,414.76,28.69,Suspicious,8,5,1,414.85740000000004,0.09740000000005011,11
2026-08-04 22:30:00,AIML Department,5.22,51.19,9.82,Normal,22,1,0,51.2604,0.07039999999999935,1
2026-07-11 04:40:00,BT Department,4.7,43.93,9.34,Normal,4,5,1,43.898,0.031999999999996476,2
2026-07-28 02:50:00,AIML Department,4.63,8.38,1.81,Normal,2,1,0,8.3803,0.0002999999999993008,1
2026-08-25 11:10:00,CSE Department,3.25,14.53,4.47,Normal,11,1,0,14.5275,0.0024999999999995026,4
2026-07-15 01:40:00,IT Department,3.65,11.65,3.19,Normal,1,2,0,11.6435,0.0065000000000008384,8
2026-08-11 22:40:00,Electronics Department,5.35,14.81,2.77,Normal,22,1,0,14.8195,0.009499999999999176,6
2026-07-18 20:30:00,CSE Department,3.06,11.55,3.77,Normal,20,5,1,11.536200000000001,0.013799999999999812,4
2026-08-13 11:00:00,Biotech Department,5.23,15.48,2.96,Normal,11,3,0,15.4808,0.0007999999999999119,3
2026-08-10 00:40:00,IT Department,1.79,7.23,4.04,Normal,0,0,0,7.2316,0.0015999999999998238,8
2026-08-13 20:00:00,Electronics Department,5.72,19.62,3.43,Normal,20,3,0,19.6196,0.0004000000000026205,6
2026-07-27 20:10:00,HOD Department,2.86,4.18,1.46,Normal,20,0,0,4.175599999999999,0.004400000000000404,7
2026-07-09 12:40:00,Biotech Department,4.6,6.68,1.45,Normal,12,3,0,6.669999999999999,0.010000000000000675,3
2026-07-24 15:10:00,IT Department,4.32,4.65,1.08,Normal,15,4,0,4.6656,0.015600000000000058,8
2026-07-21 20:20:00,Mechanical Lab,6.01,20.72,3.44,Normal,20,1,0,20.6744,0.04560000000000031,9
2026-08-24 00:40:00,AIML Department,4.26,23.28,5.47,Normal,0,0,0,23.3022,0.022199999999998,1
2026-08-08 15:30:00,AI Lab,5.67,26.19,4.62,Normal,15,5,1,26.1954,0.005399999999998073,0
2026-08-23 09:10:00,New Seminar Hall,17.61,485.26,27.55,Suspicious,9,6,1,485.1555,0.10449999999997317,10
2026-08-11 05:10:00,Biotech Department,4.07,14.7,3.61,Normal,5,1,0,14.6927,0.007299999999998974,3
2026-07-13 13:00:00,Physics Lab,4.64,39.77,8.57,Normal,13,0,0,39.7648,0.005200000000002092,11
2026-07-05 01:00:00,Mechanical Lab,7.37,16.82,2.28,Normal,1,6,1,16.8036,0.01640000000000086,9
2026-07-26 03:00:00,IT Department,4.64,8.41,1.81,Normal,3,6,1,8.3984,0.01159999999999961,8
2026-07-05 09:30:00,Electronics Department,3.68,12.55,3.41,Normal,9,6,1,12.548800000000002,0.0011999999999989797,6
2026-08-13 07:50:00,Biotech Department,4.25,11.02,2.59,Normal,7,3,0,11.0075,0.01249999999999929,3
2026-08-01 22:40:00,IT Department,13.19,1083.96,82.18,Critical,22,5,1,1083.9542000000001,0.005799999999908323,8
2026-07-09 16:30:00,CSE Department,3.18,28.65,9.01,Normal,16,3,0,28.6518,0.0018000000000029104,4
2026-07-12 11:40:00,HOD Department,2.63,24.86,9.45,Normal,11,6,1,24.853499999999997,0.006500000000002615,7
2026-08-16 10:30:00,BT Department,3.55,24.31,6.84,Normal,10,6,1,24.282,0.027999999999998693,2
2026-07-24 06:30:00,BT Department,22.25,921.43,41.41,Critical,6,4,0,921.3725,0.05750000000000455,2
2026-07-04 17:50:00,Mechanical Lab,3.0,16.28,5.43,Normal,17,5,1,16.29,0.00999999999999801,9
2026-08-06 07:20:00,Physics Lab,5.0,48.64,9.72,Normal,7,3,0,48.6,0.03999999999999915,11
2026-07-25 19:20:00,AIML Department,3.9,9.27,2.37,Normal,19,5,1,9.243,0.026999999999999247,1
2026-07-25 08:40:00,AI Lab,24.06,1090.79,45.34,Critical,8,5,1,1090.8804,0.09040000000004511,0
2026-08-12 08:10:00,AI Lab,6.28,49.83,7.93,Normal,8,2,0,49.8004,0.029599999999994964,0
2026-08-20 16:10:00,Biotech Department,5.13,8.74,1.71,Normal,16,3,0,8.7723,0.03229999999999933,3
2026-08-17 05:30:00,CSE Department,1.45,12.95,8.93,Normal,5,0,0,12.9485,0.0015000000000000568,4
2026-07-07 06:00:00,AI Lab,4.51,33.43,7.41,Normal,6,1,0,33.4191,0.010899999999999466,0
2026-08-22 13:00:00,AI Lab,5.89,56.37,9.57,Normal,13,5,1,56.3673,0.00269999999999726,0
2026-08-06 12:10:00,New Seminar Hall,6.83,13.07,1.91,Normal,12,3,0,13.0453,0.024700000000001054,10
2026-07-15 21:00:00,IT Department,3.87,5.11,1.32,Normal,21,2,0,5.1084000000000005,0.0015999999999998238,8
2026-07-18 21:50:00,IT Department,4.51,35.46,7.86,Normal,21,5,1,35.4486,0.011400000000001853,8
2026-08-08 09:00:00,Chemistry Lab,3.71,28.51,7.69,Normal,9,5,1,28.5299,0.019899999999999807,5
2026-07-04 02:10:00,Physics Lab,6.67,48.01,7.19,Normal,2,5,1,47.957300000000004,0.05269999999999442,11
2026-08-12 09:10:00,IT Department,5.21,19.08,3.66,Normal,9,2,0,19.0686,0.0113999999999983,8
2026-07-12 18:50:00,Electronics Department,5.24,44.23,8.43,Normal,18,6,1,44.1732,0.05679999999999552,6
2026-07-04 02:50:00,AI Lab,3.4,21.2,6.24,Normal,2,5,1,21.216,0.01600000000000179,0
2026-08-23 04:40:00,HOD Department,3.71,11.43,3.08,Normal,4,6,1,11.4268,0.0031999999999996476,7
2026-08-25 05:50:00,Electronics Department,5.82,29.76,5.12,Normal,5,1,0,29.7984,0.038399999999999324,6
2026-08-23 18:30:00,BT Department,3.76,26.61,7.08,Normal,18,6,1,26.6208,0.010799999999999699,2
2026-07-25 22:40:00,AI Lab,5.21,22.36,4.29,Normal,22,5,1,22.3509,0.009100000000000108,0
2026-08-09 10:40:00,BT Department,9.78,182.55,18.66,Suspicious,10,6,1,182.4948,0.05520000000001346,2
2026-08-11 07:50:00,AIML Department,5.76,13.92,2.42,Normal,7,1,0,13.9392,0.019199999999999662,1
2026-08-11 13:00:00,BT Department,2.99,11.29,3.78,Normal,13,1,0,11.302200000000001,0.012200000000001765,2
2026-08-02 17:20:00,Electronics Department,4.84,48.04,9.92,Normal,17,6,1,48.0128,0.027200000000000557,6
2026-07-05 07:30:00,Electronics Department,5.06,5.99,1.19,Normal,7,6,1,6.021399999999999,0.03139999999999876,6
2026-07-17 12:00:00,Mechanical Lab,4.86,27.84,5.73,Normal,12,4,0,27.847800000000003,0.007800000000003138,9
2026-07-21 20:30:00,Chemistry Lab,4.22,27.22,6.46,Normal,20,1,0,27.2612,0.0411999999999999,5
2026-07-18 00:40:00,Physics Lab,14.73,199.46,13.54,Suspicious,0,5,1,199.4442,0.015800000000012915,11
2026-08-20 12:20:00,New Seminar Hall,3.82,14.73,3.85,Normal,12,3,0,14.706999999999999,0.023000000000001464,10
2026-07-05 01:10:00,AIML Department,10.28,261.59,25.46,Suspicious,1,6,1,261.7288,0.13880000000000337,1
2026-07-26 03:40:00,Physics Lab,6.49,7.07,1.09,Normal,3,6,1,7.0741000000000005,0.004100000000000215,11
2026-07-17 19:30:00,CSE Department,4.15,14.15,3.41,Normal,19,4,0,14.151500000000002,0.0015000000000018332,4
2026-08-22 05:40:00,Mechanical Lab,6.98,19.87,2.85,Normal,5,5,1,19.893,0.022999999999999687,9
2026-07-26 18:00:00,Chemistry Lab,6.33,54.6,8.63,Normal,18,6,1,54.627900000000004,0.02790000000000248,5
2026-07-24 19:50:00,HOD Department,3.16,12.52,3.96,Normal,19,4,0,12.5136,0.006399999999999295,7
2026-08-11 00:40:00,Electronics Department,3.82,36.9,9.67,Normal,0,1,0,36.9394,0.039400000000000546,6
2026-07-04 14:50:00,AI Lab,5.36,5.87,1.09,Normal,14,5,1,5.8424000000000005,0.027599999999999625,0
2026-08-08 21:10:00,CSE Department,3.97,39.45,9.94,Normal,21,5,1,39.4618,0.011799999999993815,4
2026-08-12 08:00:00,Physics Lab,13.28,378.81,28.51,Suspicious,8,2,0,378.6128,0.19720000000000937,11
2026-07-07 10:50:00,New Seminar Hall,7.37,72.63,9.85,Normal,10,1,0,72.5945,0.03549999999999898,10
2026-08-04 00:00:00,New Seminar Hall,4.97,45.97,9.24,Normal,0,1,0,45.9228,0.04719999999999658,10
2026-07-24 13:40:00,Mechanical Lab,4.35,5.99,1.38,Normal,13,4,0,6.002999999999999,0.012999999999999012,9
2026-08-03 08:40:00,Physics Lab,4.51,14.26,3.16,Normal,8,0,0,14.2516,0.008399999999999963,11
2026-07-20 09:40:00,AIML Department,4.37,38.05,8.7,Normal,9,0,0,38.019,0.030999999999998806,1
2026-07-04 14:10:00,BT Department,3.83,24.42,6.37,Normal,14,5,1,24.397100000000002,0.02289999999999992,2
2026-07-19 09:40:00,Electronics Department,15.58,633.54,40.66,Critical,9,6,1,633.4828,0.05719999999996617,6
2026-08-19 10:00:00,IT Department,3.2,17.34,5.41,Normal,10,2,0,17.312,0.027999999999998693,8
2026-07-03 01:10:00,AIML Department,2.39,13.29,5.57,Normal,1,4,0,13.312300000000002,0.022300000000003095,1
2026-07-17 03:20:00,AIML Department,5.86,13.0,2.22,Normal,3,4,0,13.009200000000002,0.009200000000001651,1
2026-08-12 05:30:00,Electronics Department,3.13,16.33,5.21,Normal,5,2,0,16.307299999999998,0.022700000000000387,6
2026-07-07 08:10:00,CSE Department,3.73,17.48,4.68,Normal,8,1,0,17.4564,0.02360000000000184,4
2026-07-06 14:50:00,AI Lab,3.64,33.92,9.32,Normal,14,0,0,33.924800000000005,0.004800000000003024,0
2026-08-14 12:50:00,Mechanical Lab,5.43,40.63,7.48,Normal,12,4,0,40.6164,0.013600000000003831,9
2026-08-01 07:40:00,BT Department,5.42,17.38,3.21,Normal,7,5,1,17.3982,0.018200000000000216,2
2026-07-18 23:20:00,IT Department,3.56,31.78,8.93,Normal,23,5,1,31.7908,0.010799999999999699,8
2026-07-10 06:30:00,Chemistry Lab,5.15,43.79,8.5,Normal,6,4,0,43.775000000000006,0.014999999999993463,5
2026-07-29 08:20:00,IT Department,5.18,13.5,2.61,Normal,8,2,0,13.519799999999998,0.019799999999998263,8
2026-07-04 06:50:00,AIML Department,4.52,14.13,3.12,Normal,6,5,1,14.1024,0.0276000000000014,1
2026-08-10 04:20:00,CSE Department,3.6,9.03,2.51,Normal,4,0,0,9.036,0.006000000000000227,4
2026-07-23 12:10:00,CSE Department,4.25,11.65,2.74,Normal,12,3,0,11.645000000000001,0.004999999999999005,4
2026-08-10 19:40:00,HOD Department,4.74,31.44,6.64,Normal,19,0,0,31.4736,0.03359999999999985,7
2026-07-02 22:00:00,CSE Department,7.33,217.06,29.59,Suspicious,22,3,0,216.8947,0.165300000000002,4
2026-08-01 16:30:00,Electronics Department,4.39,41.35,9.42,Normal,16,5,1,41.3538,0.0037999999999982492,6
2026-08-25 01:40:00,AI Lab,5.48,29.97,5.47,Normal,1,1,0,29.9756,0.00560000000000116,0
2026-07-06 03:30:00,AI Lab,10.5,129.03,12.29,Suspicious,3,0,0,129.045,0.014999999999986358,0
2026-07-08 13:30:00,Mechanical Lab,8.32,28.68,3.45,Normal,13,2,0,28.704000000000004,0.024000000000004462,9
2026-07-22 20:00:00,CSE Department,3.42,16.18,4.73,Normal,20,2,0,16.1766,0.0033999999999991815,4
2026-07-22 12:20:00,Mechanical Lab,5.75,8.98,1.56,Normal,12,2,0,8.97,0.009999999999999787,9
2026-07-12 09:50:00,Chemistry Lab,6.12,55.28,9.03,Normal,9,6,1,55.2636,0.01640000000000441,5
2026-07-19 00:50:00,CSE Department,2.78,15.89,5.71,Normal,0,6,1,15.8738,0.016200000000001324,4
2026-08-23 05:30:00,BT Department,2.86,15.9,5.56,Normal,5,6,1,15.901599999999998,0.0015999999999980474,2
2026-08-25 20:10:00,IT Department,5.4,6.05,1.12,Normal,20,1,0,6.048000000000001,0.0019999999999988916,8
2026-08-12 10:10:00,Chemistry Lab,7.46,57.62,7.72,Normal,10,2,0,57.5912,0.028799999999996828,5
2026-08-05 22:10:00,HOD Department,4.69,21.0,4.48,Normal,22,2,0,21.011200000000002,0.01120000000000232,7
2026-07-09 04:00:00,Biotech Department,4.51,24.74,5.48,Normal,4,3,0,24.7148,0.025199999999998113,3
2026-08-08 11:30:00,BT Department,6.96,67.93,9.75,Normal,11,5,1,67.86,0.07000000000000739,2
2026-07-25 10:50:00,Electronics Department,4.66,10.75,2.31,Normal,10,5,1,10.7646,0.014599999999999724,6
2026-08-05 23:20:00,AIML Department,3.45,20.32,5.89,Normal,23,2,0,20.3205,0.0004999999999988347,1
2026-07-01 17:40:00,BT Department,6.2,22.48,3.63,Normal,17,2,0,22.506,0.0259999999999998,2
2026-08-10 06:40:00,Biotech Department,5.96,6.84,1.15,Normal,6,0,0,6.853999999999999,0.013999999999999346,3
2026-07-31 06:50:00,CSE Department,4.76,15.42,3.24,Normal,6,4,0,15.4224,0.0023999999999997357,4
2026-07-09 15:50:00,HOD Department,8.49,173.33,20.41,Suspicious,15,3,0,173.2809,0.049100000000009913,7
2026-07-26 22:40:00,BT Department,4.68,26.08,5.57,Normal,22,6,1,26.0676,0.012399999999999523,2
2026-08-04 07:40:00,Chemistry Lab,4.19,37.02,8.83,Normal,7,1,0,36.9977,0.02230000000000132,5
2026-07-02 00:00:00,Mechanical Lab,5.61,11.24,2.0,Normal,0,3,0,11.22,0.019999999999999574,9
2026-08-10 02:50:00,New Seminar Hall,6.28,56.58,9.01,Normal,2,0,0,56.5828,0.00280000000000058,10
2026-07-08 00:00:00,Biotech Department,4.86,21.81,4.49,Normal,0,2,0,21.821400000000004,0.011400000000005406,3
2026-07-12 16:20:00,BT Department,5.15,43.16,8.38,Normal,16,6,1,43.157000000000004,0.0029999999999930083,2
2026-08-24 08:30:00,New Seminar Hall,6.55,49.0,7.48,Normal,8,0,0,48.994,0.006000000000000227,10
2026-07-07 10:10:00,Chemistry Lab,7.45,64.2,8.62,Normal,10,1,0,64.219,0.018999999999991246,5
2026-08-16 13:20:00,New Seminar Hall,4.62,5.53,1.2,Normal,13,6,1,5.544,0.013999999999999346,10
2026-07-02 10:00:00,Electronics Department,4.65,24.83,5.34,Normal,10,3,0,24.831,0.0010000000000012221,6
2026-07-15 19:50:00,HOD Department,3.82,23.41,6.13,Normal,19,2,0,23.4166,0.006599999999998829,7
2026-08-11 17:00:00,Physics Lab,5.91,10.71,1.81,Normal,17,1,0,10.6971,0.012900000000000134,11
2026-07-05 13:50:00,Mechanical Lab,15.3,235.4,15.39,Suspicious,13,6,1,235.467,0.06700000000000728,9
2026-08-11 12:10:00,Physics Lab,4.83,37.88,7.84,Normal,12,1,0,37.8672,0.012800000000005696,11
2026-07-15 01:50:00,AI Lab,4.87,23.93,4.91,Normal,1,2,0,23.9117,0.018299999999999983,0
2026-07-09 14:00:00,AIML Department,3.68,13.97,3.8,Normal,14,3,0,13.984,0.013999999999999346,1
2026-07-30 17:30:00,New Seminar Hall,6.44,10.81,1.68,Normal,17,3,0,10.8192,0.009199999999999875,10
2026-07-04 10:30:00,Mechanical Lab,6.79,34.78,5.12,Normal,10,5,1,34.7648,0.015200000000000102,9
2026-08-19 17:40:00,CSE Department,3.55,18.09,5.09,Normal,17,2,0,18.069499999999998,0.02050000000000196,4
2026-07-17 16:50:00,Mechanical Lab,4.73,19.65,4.16,Normal,16,4,0,19.676800000000004,0.026800000000005042,9
2026-07-29 22:30:00,HOD Department,4.43,29.5,6.66,Normal,22,2,0,29.5038,0.0037999999999982492,7
2026-07-05 10:40:00,Mechanical Lab,18.35,575.91,31.39,Critical,10,6,1,576.0065000000001,0.0965000000001055,9
2026-08-25 09:40:00,Physics Lab,3.83,4.99,1.3,Normal,9,1,0,4.979,0.01100000000000012,11
2026-08-25 13:40:00,Electronics Department,5.05,30.49,6.04,Normal,13,1,0,30.502,0.012000000000000455,6
2026-08-20 05:00:00,CSE Department,4.96,26.98,5.44,Normal,5,3,0,26.982400000000002,0.002400000000001512,4
2026-08-15 19:40:00,Physics Lab,3.01,22.52,7.47,Normal,19,5,1,22.484699999999997,0.035300000000002996,11
2026-07-31 05:40:00,BT Department,8.72,180.77,20.72,Suspicious,5,4,0,180.6784,0.09159999999999968,2
2026-07-29 23:50:00,Electronics Department,3.98,32.06,8.05,Normal,23,2,0,32.039,0.021000000000000796,6
2026-07-07 05:10:00,AIML Department,2.83,27.56,9.74,Normal,5,1,0,27.5642,0.00420000000000087,1
2026-08-13 14:40:00,BT Department,4.99,42.68,8.56,Normal,14,3,0,42.714400000000005,0.03440000000000509,2
2026-07-05 16:00:00,Chemistry Lab,7.07,29.04,4.11,Normal,16,6,1,29.057700000000004,0.017700000000004934,5
2026-07-28 11:20:00,AIML Department,3.54,30.53,8.63,Normal,11,1,0,30.550200000000004,0.02020000000000266,1
2026-07-23 19:40:00,Mechanical Lab,6.1,15.51,2.54,Normal,19,3,0,15.494,0.016000000000000014,9
2026-07-17 02:40:00,Electronics Department,2.41,13.13,5.46,Normal,2,4,0,13.1586,0.02859999999999907,6
2026-08-12 20:30:00,CSE Department,3.86,9.18,2.38,Normal,20,2,0,9.1868,0.006800000000000139,4
2026-07-27 09:30:00,CSE Department,5.37,6.26,1.17,Normal,9,0,0,6.2829,0.02289999999999992,4
2026-07-06 14:00:00,IT Department,3.02,23.95,7.93,Normal,14,0,0,23.9486,0.00140000000000029,8
2026-08-09 23:10:00,Chemistry Lab,2.89,6.7,2.32,Normal,23,6,1,6.7048,0.004799999999999471,5
2026-07-11 14:40:00,Electronics Department,2.94,12.28,4.18,Normal,14,5,1,12.2892,0.009199999999999875,6
2026-07-27 12:30:00,Biotech Department,5.16,38.55,7.47,Normal,12,0,0,38.5452,0.004799999999995919,3
2026-07-19 16:10:00,BT Department,5.41,6.38,1.18,Normal,16,6,1,6.3838,0.0038000000000000256,2
2026-07-24 11:40:00,HOD Department,14.21,890.16,62.63,Critical,11,4,0,889.9723000000001,0.1876999999998361,7
2026-08-18 21:50:00,CSE Department,3.47,28.11,8.11,Normal,21,1,0,28.1417,0.03170000000000073,4
2026-08-23 12:00:00,IT Department,10.97,217.65,19.84,Suspicious,12,6,1,217.6448,0.005200000000002092,8
2026-08-05 04:20:00,Chemistry Lab,5.99,58.04,9.69,Normal,4,2,0,58.0431,0.0031000000000034333,5
2026-08-09 23:00:00,HOD Department,3.09,6.96,2.25,Normal,23,6,1,6.9525,0.007500000000000284,7
2026-08-02 00:20:00,CSE Department,3.2,21.13,6.6,Normal,0,6,1,21.12,0.00999999999999801,4
2026-07-22 05:00:00,AI Lab,5.88,26.64,4.53,Normal,5,2,0,26.636400000000002,0.0035999999999987153,0
2026-07-06 15:20:00,HOD Department,7.44,170.5,22.92,Suspicious,15,0,0,170.52480000000003,0.024800000000027467,7
2026-07-28 22:50:00,New Seminar Hall,11.98,342.59,28.6,Suspicious,22,1,0,342.62800000000004,0.03800000000006776,10
2026-08-09 11:20:00,CSE Department,10.05,159.02,15.83,Suspicious,11,6,1,159.09150000000002,0.07150000000001455,4
2026-07-15 00:30:00,Chemistry Lab,5.66,29.33,5.18,Normal,0,2,0,29.3188,0.011199999999998766,5
2026-07-20 05:00:00,BT Department,4.82,30.41,6.31,Normal,5,0,0,30.4142,0.00420000000000087,2
2026-08-19 17:20:00,HOD Department,3.07,23.6,7.69,Normal,17,2,0,23.6083,0.00829999999999842,7
2026-07-28 09:40:00,CSE Department,4.0,22.13,5.53,Normal,9,1,0,22.12,0.00999999999999801,4
2026-08-25 14:00:00,CSE Department,5.48,36.19,6.61,Normal,14,1,0,36.22280000000001,0.03280000000000882,4
2026-07-08 10:40:00,AI Lab,4.98,34.46,6.92,Normal,10,2,0,34.461600000000004,0.0016000000000033765,0
2026-07-20 23:30:00,Biotech Department,4.78,44.26,9.27,Normal,23,0,0,44.3106,0.050600000000002865,3
2026-07-06 13:20:00,CSE Department,3.67,10.22,2.78,Normal,13,0,0,10.202599999999999,0.01740000000000208,4
2026-07-03 18:30:00,AIML Department,1.33,2.59,1.95,Normal,18,4,0,2.5935,0.0035000000000002807,1
2026-08-18 20:50:00,CSE Department,8.06,174.87,21.71,Suspicious,20,1,0,174.98260000000002,0.11260000000001469,4
2026-07-10 10:50:00,AIML Department,3.75,23.93,6.38,Normal,10,4,0,23.925,0.004999999999999005,1
2026-08-16 02:10:00,CSE Department,3.61,15.55,4.31,Normal,2,6,1,15.559099999999997,0.009099999999996555,4
2026-07-27 07:40:00,AIML Department,4.48,15.25,3.41,Normal,7,0,0,15.276800000000001,0.02680000000000149,1
2026-08-22 11:20:00,BT Department,1.69,6.11,3.62,Normal,11,5,1,6.1178,0.007799999999999585,2
2026-08-08 18:00:00,New Seminar Hall,4.74,44.94,9.48,Normal,18,5,1,44.9352,0.004799999999995919,10
2026-07-22 14:50:00,IT Department,3.94,26.65,6.76,Normal,14,2,0,26.6344,0.01559999999999917,8
2026-07-05 05:30:00,Physics Lab,5.22,45.05,8.63,Normal,5,6,1,45.0486,0.0013999999999967372,11
2026-07-18 10:40:00,Mechanical Lab,5.53,49.45,8.95,Normal,10,5,1,49.4935,0.04349999999999454,9
2026-07-30 23:50:00,Mechanical Lab,4.31,22.59,5.24,Normal,23,3,0,22.5844,0.00560000000000116,9
2026-07-31 08:00:00,Electronics Department,3.92,12.57,3.2,Normal,8,4,0,12.544,0.0259999999999998,6
2026-08-18 06:20:00,IT Department,2.35,13.51,5.76,Normal,6,1,0,13.536,0.0259999999999998,8
2026-08-03 18:40:00,CSE Department,10.45,275.37,26.36,Suspicious,18,0,0,275.462,0.09199999999998454,4
2026-08-23 17:50:00,AI Lab,4.01,5.23,1.31,Normal,17,6,1,5.2531,0.023099999999999454,0
2026-07-08 14:30:00,Electronics Department,11.97,226.87,18.95,Suspicious,14,2,0,226.8315,0.03849999999999909,6
2026-07-22 21:10:00,AIML Department,2.83,24.13,8.54,Normal,21,2,0,24.1682,0.03819999999999979,1
2026-07-10 22:50:00,HOD Department,2.67,15.37,5.76,Normal,22,4,0,15.379199999999999,0.009199999999999875,7
2026-07-04 05:00:00,New Seminar Hall,5.43,27.66,5.1,Normal,5,5,1,27.692999999999998,0.0329999999999977,10
2026-07-29 03:00:00,New Seminar Hall,7.25,18.1,2.5,Normal,3,2,0,18.125,0.02499999999999858,10
2026-07-19 04:20:00,Electronics Department,4.43,34.28,7.74,Normal,4,6,1,34.288199999999996,0.0081999999999951,6
2026-07-15 05:40:00,AIML Department,4.53,27.62,6.1,Normal,5,2,0,27.633,0.012999999999998124,1
2026-08-11 14:40:00,Biotech Department,13.01,326.44,25.09,Suspicious,14,1,0,326.4209,0.019099999999980355,3
2026-07-22 23:00:00,Chemistry Lab,3.89,34.02,8.75,Normal,23,2,0,34.0375,0.017499999999998295,5
2026-08-22 04:50:00,Electronics Department,3.03,21.44,7.07,Normal,4,5,1,21.4221,0.017900000000000915,6
2026-07-19 19:40:00,Mechanical Lab,6.83,65.47,9.59,Normal,19,6,1,65.4997,0.02970000000000539,9
2026-07-30 01:50:00,Physics Lab,5.0,9.64,1.93,Normal,1,3,0,9.65,0.009999999999999787,11
2026-08-15 00:40:00,Electronics Department,4.8,6.07,1.27,Normal,0,5,1,6.096,0.0259999999999998,6
2026-08-18 14:30:00,Biotech Department,5.31,47.96,9.04,Normal,14,1,0,48.002399999999994,0.042399999999993554,3
2026-07-22 03:20:00,Electronics Department,3.97,34.26,8.62,Normal,3,2,0,34.221399999999996,0.03860000000000241,6
2026-07-07 04:20:00,Mechanical Lab,6.18,22.39,3.63,Normal,4,1,0,22.4334,0.04339999999999833,9
2026-07-09 07:00:00,CSE Department,3.18,22.73,7.14,Normal,7,3,0,22.7052,0.024799999999999045,4
2026-07-14 01:20:00,AIML Department,3.23,26.43,8.18,Normal,1,1,0,26.4214,0.008600000000001273,1
2026-07-18 07:50:00,IT Department,3.67,7.67,2.09,Normal,7,5,1,7.670299999999999,0.0002999999999993008,8
2026-08-15 13:50:00,Physics Lab,4.34,38.71,8.92,Normal,13,5,1,38.7128,0.00280000000000058,11
2026-07-10 00:50:00,Chemistry Lab,4.97,25.95,5.23,Normal,0,4,0,25.993100000000002,0.04310000000000258,5
2026-08-07 19:10:00,Biotech Department,3.99,17.6,4.41,Normal,19,4,0,17.5959,0.004100000000001103,3
2026-08-01 08:00:00,Biotech Department,5.32,15.1,2.84,Normal,8,5,1,15.1088,0.008800000000000807,3
2026-08-14 08:50:00,AI Lab,4.84,15.55,3.21,Normal,8,4,0,15.536399999999999,0.013600000000002055,0
2026-08-15 10:00:00,Mechanical Lab,12.58,345.07,27.43,Suspicious,10,5,1,345.0694,0.0006000000000199179,9
2026-08-11 05:30:00,Biotech Department,6.4,26.97,4.21,Normal,5,1,0,26.944000000000003,0.02599999999999625,3
2026-08-09 17:00:00,Electronics Department,13.04,282.78,21.69,Suspicious,17,6,1,282.8376,0.05760000000003629,6
2026-07-03 23:00:00,BT Department,3.99,22.67,5.69,Normal,23,4,0,22.703100000000003,0.03310000000000102,2
2026-08-10 16:50:00,CSE Department,4.05,37.73,9.32,Normal,16,0,0,37.746,0.016000000000005343,4
2026-08-17 17:50:00,AI Lab,6.53,30.23,4.63,Normal,17,0,0,30.233900000000002,0.003900000000001569,0
2026-08-16 12:00:00,AIML Department,3.22,27.9,8.67,Normal,12,6,1,27.9174,0.01740000000000208,1
2026-07-31 03:40:00,HOD Department,3.97,39.49,9.95,Normal,3,4,0,39.5015,0.011499999999998067,7
2026-08-04 02:00:00,Biotech Department,4.79,27.42,5.73,Normal,2,1,0,27.446700000000003,0.026700000000001722,3
2026-07-13 08:30:00,HOD Department,3.0,22.69,7.56,Normal,8,0,0,22.68,0.010000000000001563,7
2026-08-01 07:50:00,BT Department,4.73,28.63,6.05,Normal,7,5,1,28.616500000000002,0.013499999999996959,2
2026-07-15 09:20:00,Electronics Department,3.44,8.43,2.45,Normal,9,2,0,8.428,0.0019999999999988916,6
2026-07-22 11:20:00,Electronics Department,5.09,27.8,5.46,Normal,11,2,0,27.7914,0.008600000000001273,6
2026-07-28 03:10:00,Chemistry Lab,6.3,18.4,2.92,Normal,3,1,0,18.396,0.003999999999997783,5
2026-08-11 22:50:00,Mechanical Lab,7.17,7.21,1.01,Normal,22,1,0,7.2417,0.03169999999999984,9
2026-07-31 16:20:00,New Seminar Hall,7.39,15.51,2.1,Normal,16,4,0,15.519,0.009000000000000341,10
2026-08-06 13:50:00,AI Lab,4.48,4.66,1.04,Normal,13,3,0,4.6592,0.0007999999999999119,0
2026-07-27 12:00:00,New Seminar Hall,6.52,51.51,7.9,Normal,12,0,0,51.507999999999996,0.0020000000000024443,10
2026-07-20 10:50:00,AI Lab,11.1,316.67,28.54,Suspicious,10,0,0,316.794,0.1239999999999668,0
2026-08-07 18:10:00,Chemistry Lab,11.61,264.01,22.73,Suspicious,18,4,0,263.8953,0.11469999999997071,5
2026-07-31 02:40:00,IT Department,10.01,220.18,22.0,Suspicious,2,4,0,220.22,0.03999999999999204,8
2026-08-14 07:40:00,Electronics Department,5.08,11.13,2.19,Normal,7,4,0,11.1252,0.004800000000001248,6
2026-07-25 07:50:00,HOD Department,3.22,23.79,7.39,Normal,7,5,1,23.7958,0.0058000000000006935,7
2026-07-11 10:20:00,IT Department,4.47,9.07,2.03,Normal,10,5,1,9.074099999999998,0.00409999999999755,8
2026-07-23 04:50:00,Biotech Department,4.19,37.66,8.98,Normal,4,3,0,37.626200000000004,0.03379999999999228,3
2026-07-24 05:40:00,Biotech Department,4.68,26.66,5.7,Normal,5,4,0,26.676,0.015999999999998238,3
2026-08-02 23:30:00,CSE Department,17.87,1020.37,57.1,Critical,23,6,1,1020.3770000000001,0.007000000000061846,4
2026-07-24 23:40:00,CSE Department,3.89,35.08,9.02,Normal,23,4,0,35.0878,0.007800000000003138,4
2026-07-09 11:50:00,Electronics Department,2.51,19.24,7.68,Normal,11,3,0,19.276799999999998,0.0367999999999995,6
2026-07-29 15:00:00,Electronics Department,4.29,11.91,2.77,Normal,15,2,0,11.8833,0.026699999999999946,6
2026-07-11 07:40:00,BT Department,2.96,18.47,6.24,Normal,7,5,1,18.4704,0.0004000000000026205,2
2026-07-16 16:20:00,CSE Department,10.46,180.92,17.29,Suspicious,16,3,0,180.8534,0.066599999999994,4
2026-07-15 04:30:00,New Seminar Hall,7.22,24.79,3.43,Normal,4,2,0,24.7646,0.025399999999997647,10
2026-07-27 22:50:00,AI Lab,2.71,12.66,4.68,Normal,22,0,0,12.682799999999999,0.022799999999998377,0
2026-08-01 08:20:00,CSE Department,8.27,188.5,22.78,Suspicious,8,5,1,188.3906,0.10939999999999372,4
2026-08-16 14:00:00,Mechanical Lab,4.59,15.76,3.43,Normal,14,6,1,15.7437,0.016299999999999315,9
2026-07-05 03:10:00,HOD Department,2.73,23.54,8.64,Normal,3,6,1,23.587200000000003,0.04720000000000368,7
2026-08-11 19:00:00,New Seminar Hall,4.26,26.63,6.24,Normal,19,1,0,26.5824,0.0475999999999992,10
2026-07-24 15:30:00,HOD Department,2.17,19.86,9.15,Normal,15,4,0,19.8555,0.0045000000000001705,7
2026-07-23 10:50:00,IT Department,4.46,9.01,2.02,Normal,10,3,0,9.0092,0.0007999999999999119,8
2026-07-12 04:10:00,IT Department,2.62,15.58,5.94,Normal,4,6,1,15.562800000000001,0.017199999999998994,8
2026-07-02 12:40:00,Mechanical Lab,4.43,17.07,3.85,Normal,12,3,0,17.0555,0.014500000000001734,9
2026-08-04 14:50:00,New Seminar Hall,6.32,36.67,5.8,Normal,14,1,0,36.656,0.014000000000002899,10
2026-07-26 10:20:00,New Seminar Hall,5.9,40.27,6.82,Normal,10,6,1,40.23800000000001,0.031999999999996476,10
2026-07-25 18:30:00,Chemistry Lab,3.76,11.09,2.95,Normal,18,5,1,11.092,0.002000000000000668,5
2026-08-05 03:10:00,Chemistry Lab,17.34,1180.89,68.11,Critical,3,2,0,1181.0274,0.1373999999998432,5
2026-07-12 09:30:00,Physics Lab,11.82,225.53,19.09,Suspicious,9,6,1,225.6438,0.11379999999999768,11
2026-08-08 02:00:00,New Seminar Hall,5.59,52.31,9.35,Normal,2,5,1,52.26649999999999,0.043500000000008754,10
2026-07-14 09:40:00,Electronics Department,5.7,35.79,6.28,Normal,9,1,0,35.796,0.006000000000000227,6
2026-08-25 19:30:00,CSE Department,3.93,36.83,9.37,Normal,19,1,0,36.8241,0.005899999999996908,4
2026-08-24 22:20:00,New Seminar Hall,8.23,24.61,2.99,Normal,22,0,0,24.607700000000005,0.0022999999999946397,10
2026-08-03 16:00:00,Physics Lab,4.65,8.39,1.8,Normal,16,0,0,8.370000000000001,0.019999999999999574,11
2026-08-16 10:10:00,HOD Department,5.44,7.37,1.35,Normal,10,6,1,7.344000000000001,0.025999999999998913,7
2026-08-07 02:20:00,Electronics Department,3.17,25.23,7.96,Normal,2,4,0,25.2332,0.0031999999999996476,6
2026-08-16 11:50:00,New Seminar Hall,4.59,41.29,8.99,Normal,11,6,1,41.2641,0.025900000000000034,10
2026-08-20 20:10:00,New Seminar Hall,2.45,13.54,5.53,Normal,20,3,0,13.548500000000002,0.008500000000003283,10
2026-07-08 13:00:00,CSE Department,4.48,12.72,2.84,Normal,13,2,0,12.7232,0.0031999999999996476,4
2026-07-03 13:50:00,Biotech Department,6.45,21.84,3.39,Normal,13,4,0,21.8655,0.025500000000000966,3
2026-07-29 16:10:00,Physics Lab,4.98,41.5,8.33,Normal,16,2,0,41.4834,0.01659999999999684,11
2026-08-04 17:10:00,AI Lab,6.35,51.72,8.14,Normal,17,1,0,51.689,0.030999999999998806,0
2026-08-03 10:30:00,Biotech Department,5.62,37.66,6.7,Normal,10,0,0,37.654,0.005999999999993122,3
2026-07-07 12:50:00,Chemistry Lab,5.21,6.15,1.18,Normal,12,1,0,6.147799999999999,0.00220000000000109,5
2026-07-17 10:10:00,CSE Department,4.54,44.12,9.73,Normal,10,4,0,44.1742,0.05420000000000158,4
2026-08-05 18:00:00,Electronics Department,8.51,244.12,28.67,Suspicious,18,2,0,243.98170000000002,0.13829999999998677,6
2026-07-03 14:00:00,IT Department,5.35,21.28,3.97,Normal,14,4,0,21.2395,0.040500000000001535,8
2026-07-09 18:30:00,BT Department,3.52,24.43,6.94,Normal,18,3,0,24.428800000000003,0.0011999999999972033,2
2026-08-20 08:50:00,BT Department,4.17,15.76,3.78,Normal,8,3,0,15.762599999999999,0.0025999999999992696,2
2026-07-29 02:10:00,BT Department,6.37,22.93,3.6,Normal,2,2,0,22.932000000000002,0.0020000000000024443,2
2026-08-01 20:30:00,Electronics Department,5.84,6.85,1.17,Normal,20,5,1,6.8328,0.017199999999999882,6
2026-08-20 21:30:00,AI Lab,4.81,5.14,1.07,Normal,21,3,0,5.1467,0.006700000000000372,0
2026-08-24 14:20:00,BT Department,5.09,49.29,9.69,Normal,14,0,0,49.3221,0.032099999999999795,2
2026-07-09 04:10:00,IT Department,14.67,1046.03,71.32,Critical,4,3,0,1046.2643999999998,0.2343999999998232,8
2026-08-06 13:20:00,Mechanical Lab,6.8,17.31,2.55,Normal,13,3,0,17.34,0.030000000000001137,9
2026-08-11 16:30:00,AI Lab,5.9,41.75,7.07,Normal,16,1,0,41.713,0.036999999999999034,0
2026-08-19 07:10:00,CSE Department,3.37,32.24,9.57,Normal,7,2,0,32.2509,0.010899999999999466,4
2026-07-05 22:40:00,Electronics Department,3.54,14.47,4.09,Normal,22,6,1,14.4786,0.008599999999999497,6
2026-07-24 10:40:00,IT Department,15.22,739.11,48.57,Critical,10,4,0,739.2354,0.12540000000001328,8
2026-08-17 12:50:00,CSE Department,3.56,17.6,4.94,Normal,12,0,0,17.5864,0.013600000000000279,4
2026-07-02 18:40:00,CSE Department,4.47,34.46,7.71,Normal,18,3,0,34.463699999999996,0.0036999999999949296,4
2026-08-19 09:20:00,AI Lab,3.64,30.37,8.34,Normal,9,2,0,30.3576,0.012399999999999523,0
2026-07-06 12:30:00,Electronics Department,6.54,34.65,5.3,Normal,12,0,0,34.662,0.012000000000000455,6
2026-07-13 09:50:00,CSE Department,5.05,33.5,6.64,Normal,9,0,0,33.532,0.031999999999996476,4
2026-07-06 21:00:00,New Seminar Hall,4.59,23.04,5.01,Normal,21,0,0,22.9959,0.04410000000000025,10
2026-07-01 22:40:00,HOD Department,6.81,187.27,27.49,Suspicious,22,2,0,187.2069,0.06310000000001992,7
2026-07-06 10:20:00,HOD Department,10.24,226.85,22.15,Suspicious,10,0,0,226.816,0.033999999999991815,7
2026-08-10 03:30:00,AIML Department,3.63,22.51,6.2,Normal,3,0,0,22.506,0.004000000000001336,1
2026-07-26 16:10:00,BT Department,5.21,28.53,5.48,Normal,16,6,1,28.550800000000002,0.020800000000001262,2
2026-07-20 00:10:00,Chemistry Lab,4.71,46.23,9.82,Normal,0,0,0,46.2522,0.022200000000005105,5
2026-07-09 11:40:00,BT Department,5.71,41.89,7.34,Normal,11,3,0,41.9114,0.021399999999999864,2
2026-07-23 03:40:00,IT Department,5.01,38.97,7.77,Normal,3,3,0,38.927699999999994,0.042300000000004445,8
2026-08-06 08:30:00,Chemistry Lab,11.41,145.81,12.78,Suspicious,8,3,0,145.8198,0.009799999999984266,5
2026-07-09 08:10:00,Physics Lab,20.27,1291.82,63.72,Critical,8,3,0,1291.6044,0.2155999999999949,11
2026-07-02 17:00:00,IT Department,3.38,19.55,5.78,Normal,17,3,0,19.5364,0.013600000000000279,8
2026-08-24 23:00:00,AIML Department,18.77,1165.15,62.08,Critical,23,0,0,1165.2415999999998,0.09159999999974389,1
2026-08-22 01:40:00,Physics Lab,4.99,46.78,9.37,Normal,1,5,1,46.756299999999996,0.02370000000000516,11
2026-07-08 22:50:00,BT Department,5.53,42.61,7.7,Normal,22,2,0,42.581,0.028999999999996362,2
2026-07-05 03:20:00,Physics Lab,2.75,21.55,7.83,Normal,3,6,1,21.5325,0.017500000000001847,11
2026-08-25 08:50:00,AI Lab,5.88,58.01,9.87,Normal,8,1,0,58.035599999999995,0.02559999999999718,0
2026-08-18 03:50:00,Physics Lab,7.4,69.66,9.42,Normal,3,1,0,69.708,0.04800000000000182,11
2026-08-17 00:00:00,New Seminar Hall,7.07,35.38,5.01,Normal,0,0,0,35.4207,0.04069999999999396,10
2026-08-04 12:10:00,Physics Lab,10.21,112.96,11.06,Suspicious,12,1,0,112.92260000000002,0.037399999999976785,11
2026-07-10 12:10:00,HOD Department,2.94,26.11,8.88,Normal,12,4,0,26.107200000000002,0.002799999999997027,7
2026-07-30 04:50:00,AI Lab,6.02,29.33,4.87,Normal,4,3,0,29.3174,0.012599999999999056,0
2026-08-17 23:40:00,AIML Department,1.34,5.72,4.28,Normal,23,0,0,5.735200000000001,0.01520000000000099,1
2026-07-19 17:40:00,IT Department,4.56,36.31,7.97,Normal,17,6,1,36.343199999999996,0.03319999999999368,8
2026-08-07 10:50:00,Biotech Department,3.91,32.0,8.18,Normal,10,4,0,31.9838,0.016200000000001324,3
2026-08-04 05:50:00,HOD Department,6.91,185.77,26.89,Suspicious,5,1,0,185.8099,0.03989999999998872,7
2026-08-06 16:20:00,Biotech Department,17.59,1025.05,58.28,Critical,16,3,0,1025.1452,0.09519999999997708,3
2026-08-16 01:40:00,AI Lab,6.0,56.28,9.38,Normal,1,6,1,56.28,0.0,0
2026-08-24 09:50:00,CSE Department,4.45,35.9,8.08,Normal,9,0,0,35.956,0.05600000000000449,4
2026-08-06 05:30:00,IT Department,3.97,21.95,5.53,Normal,5,3,0,21.9541,0.004100000000001103,8
2026-08-21 00:40:00,Mechanical Lab,6.67,45.02,6.75,Normal,0,4,0,45.0225,0.0024999999999977263,9
2026-08-17 01:10:00,Mechanical Lab,7.08,39.62,5.59,Normal,1,0,0,39.5772,0.04279999999999973,9
2026-07-17 02:00:00,BT Department,3.79,18.68,4.93,Normal,2,4,0,18.6847,0.004699999999999704,2
2026-07-12 22:30:00,Electronics Department,3.94,7.79,1.98,Normal,22,6,1,7.8012,0.011199999999999655,6
2026-07-07 20:10:00,Physics Lab,4.44,8.12,1.83,Normal,20,1,0,8.125200000000001,0.005200000000002092,11
2026-08-19 05:00:00,AIML Department,3.18,24.53,7.72,Normal,5,2,0,24.5496,0.019600000000000506,1
2026-07-19 21:00:00,BT Department,4.65,26.12,5.61,Normal,21,6,1,26.086500000000004,0.03349999999999653,2
2026-07-20 15:00:00,Mechanical Lab,6.2,17.83,2.88,Normal,15,0,0,17.855999999999998,0.0259999999999998,9
2026-07-23 07:20:00,HOD Department,3.92,37.08,9.46,Normal,7,3,0,37.083200000000005,0.003200000000006753,7
2026-08-02 22:00:00,Electronics Department,4.23,6.59,1.56,Normal,22,6,1,6.598800000000001,0.008800000000000807,6
2026-08-05 08:40:00,AI Lab,2.99,4.76,1.59,Normal,8,2,0,4.7541,0.005899999999999572,0
2026-08-03 11:10:00,CSE Department,2.05,10.29,5.01,Normal,11,0,0,10.270499999999998,0.01950000000000074,4
2026-07-31 17:20:00,IT Department,7.61,177.88,23.39,Suspicious,17,4,0,177.99790000000002,0.1179000000000201,8
2026-08-03 10:20:00,AI Lab,4.75,6.64,1.4,Normal,10,0,0,6.6499999999999995,0.009999999999999787,0
2026-07-31 04:50:00,New Seminar Hall,5.07,46.85,9.23,Normal,4,4,0,46.7961,0.05389999999999873,10
2026-08-05 01:10:00,Biotech Department,5.6,28.1,5.02,Normal,1,2,0,28.111999999999995,0.01199999999999335,3
2026-07-25 20:00:00,CSE Department,4.35,32.05,7.38,Normal,20,5,1,32.102999999999994,0.05299999999999727,4
2026-08-17 13:50:00,HOD Department,6.76,74.58,11.04,Suspicious,13,0,0,74.6304,0.050399999999996226,7
2026-07-05 15:20:00,IT Department,17.08,1152.43,67.49,Critical,15,6,1,1152.7291999999998,0.2991999999997006,8
2026-07-11 10:00:00,BT Department,5.0,43.18,8.63,Normal,10,5,1,43.150000000000006,0.02999999999999403,2
2026-08-22 14:40:00,Mechanical Lab,8.51,74.38,8.74,Normal,14,5,1,74.3774,0.002600000000001046,9
2026-07-29 21:20:00,BT Department,5.67,35.55,6.27,Normal,21,2,0,35.5509,0.0009000000000014552,2
2026-08-04 01:30:00,CSE Department,3.52,32.97,9.36,Normal,1,1,0,32.947199999999995,0.022800000000003706,4
2026-07-04 15:40:00,Physics Lab,5.14,14.73,2.87,Normal,15,5,1,14.7518,0.02179999999999893,11
2026-07-10 17:20:00,New Seminar Hall,7.07,55.73,7.89,Normal,17,4,0,55.7823,0.052300000000002456,10
2026-08-01 14:00:00,IT Department,3.2,10.93,3.42,Normal,14,5,1,10.944,0.014000000000001123,8
2026-07-14 11:40:00,Biotech Department,4.89,7.0,1.43,Normal,11,1,0,6.992699999999999,0.00730000000000075,3
2026-08-10 06:00:00,Physics Lab,3.45,27.49,7.96,Normal,6,0,0,27.462,0.027999999999998693,11
2026-07-13 06:20:00,BT Department,5.55,22.08,3.98,Normal,6,0,0,22.089,0.009000000000000341,2
2026-07-25 15:30:00,Chemistry Lab,6.28,23.77,3.79,Normal,15,5,1,23.8012,0.031200000000001893,5
2026-07-13 14:40:00,AIML Department,3.53,16.25,4.6,Normal,14,0,0,16.238,0.012000000000000455,1
2026-07-08 12:10:00,Physics Lab,5.47,11.01,2.01,Normal,12,2,0,10.994699999999998,0.015300000000001646,11
2026-07-25 00:50:00,AI Lab,4.51,36.52,8.1,Normal,0,5,1,36.531,0.01099999999999568,0
2026-07-03 07:40:00,AI Lab,6.31,25.5,4.04,Normal,7,4,0,25.4924,0.007600000000000051,0
2026-07-05 03:40:00,Mechanical Lab,7.55,31.19,4.13,Normal,3,6,1,31.1815,0.008500000000001506,9
2026-08-24 17:20:00,BT Department,3.91,24.94,6.38,Normal,17,0,0,24.945800000000002,0.0058000000000006935,2
2026-08-16 21:40:00,HOD Department,2.67,25.67,9.62,Normal,21,6,1,25.685399999999998,0.015399999999996083,7
2026-08-01 23:30:00,AIML Department,4.97,48.41,9.74,Normal,23,5,1,48.4078,0.0021999999999948727,1
2026-08-08 15:20:00,AIML Department,5.9,45.2,7.67,Normal,15,5,1,45.253,0.05299999999999727,1
2026-07-21 01:40:00,BT Department,5.36,10.35,1.93,Normal,1,1,0,10.344800000000001,0.005199999999998539,2
2026-07-13 17:10:00,AIML Department,3.78,9.97,2.64,Normal,17,0,0,9.9792,0.009199999999999875,1
2026-07-11 05:30:00,New Seminar Hall,5.07,8.47,1.67,Normal,5,5,1,8.4669,0.0030999999999998806,10
2026-08-16 10:00:00,Biotech Department,4.75,32.67,6.88,Normal,10,6,1,32.68,0.00999999999999801,3
2026-07-19 07:30:00,AI Lab,6.54,64.89,9.92,Normal,7,6,1,64.8768,0.013199999999997658,0
2026-08-06 09:40:00,IT Department,4.86,44.58,9.17,Normal,9,3,0,44.5662,0.01379999999999626,8
2026-08-05 03:20:00,Mechanical Lab,5.26,8.63,1.64,Normal,3,2,0,8.626399999999999,0.003600000000002268,9
2026-08-18 09:00:00,AI Lab,4.46,21.59,4.85,Normal,9,1,0,21.630999999999997,0.04099999999999682,0
2026-08-11 13:30:00,New Seminar Hall,4.97,21.64,4.35,Normal,13,1,0,21.6195,0.02050000000000196,10
2026-07-12 13:20:00,IT Department,5.37,19.05,3.55,Normal,13,6,1,19.063499999999998,0.013499999999996959,8
2026-08-11 09:20:00,Electronics Department,4.83,19.1,3.95,Normal,9,1,0,19.078500000000002,0.02149999999999963,6
2026-08-15 10:40:00,BT Department,3.44,8.31,2.41,Normal,10,5,1,8.2904,0.019600000000000506,2
2026-08-19 20:50:00,New Seminar Hall,6.12,17.5,2.86,Normal,20,2,0,17.5032,0.0031999999999996476,10
2026-07-18 13:30:00,Electronics Department,6.54,22.09,3.38,Normal,13,5,1,22.1052,0.015200000000000102,6
2026-07-19 17:50:00,CSE Department,4.43,5.3,1.2,Normal,17,6,1,5.316,0.016000000000000014,4
2026-07-22 21:30:00,AIML Department,4.98,39.69,7.96,Normal,21,2,0,39.640800000000006,0.04919999999999192,1
2026-07-13 17:20:00,Mechanical Lab,5.07,48.88,9.65,Normal,17,0,0,48.92550000000001,0.04550000000000409,9
2026-07-12 06:30:00,HOD Department,2.62,15.15,5.78,Normal,6,6,1,15.143600000000001,0.006399999999999295,7
2026-08-04 06:20:00,BT Department,4.64,35.05,7.55,Normal,6,1,0,35.032,0.018000000000000682,2
2026-08-02 13:10:00,New Seminar Hall,7.73,15.05,1.95,Normal,13,6,1,15.073500000000001,0.0235000000000003,10
2026-07-06 04:50:00,Biotech Department,10.69,227.51,21.29,Suspicious,4,0,0,227.59009999999998,0.0800999999999874,3
2026-08-02 12:30:00,Biotech Department,6.37,46.34,7.27,Normal,12,6,1,46.3099,0.030100000000004457,3
2026-08-03 23:00:00,BT Department,5.68,40.73,7.17,Normal,23,0,0,40.7256,0.004399999999996851,2
2026-08-13 11:50:00,Electronics Department,3.44,10.65,3.1,Normal,11,3,0,10.664,0.013999999999999346,6
2026-07-30 19:40:00,Chemistry Lab,3.28,25.22,7.69,Normal,19,3,0,25.2232,0.0031999999999996476,5
2026-08-18 16:00:00,IT Department,3.84,34.77,9.06,Normal,16,1,0,34.7904,0.02039999999999509,8
2026-07-18 20:10:00,Physics Lab,6.82,41.57,6.09,Normal,20,5,1,41.5338,0.0362000000000009,11
2026-08-06 06:20:00,IT Department,4.27,36.08,8.45,Normal,6,3,0,36.08149999999999,0.0014999999999929514,8
2026-07-17 16:20:00,HOD Department,3.21,7.14,2.22,Normal,16,4,0,7.126200000000001,0.013799999999998924,7
2026-08-03 05:50:00,HOD Department,2.49,15.98,6.42,Normal,5,0,0,15.985800000000001,0.0058000000000006935,7
2026-07-07 02:50:00,CSE Department,7.42,104.37,14.07,Suspicious,2,1,0,104.3994,0.02939999999999543,4
2026-07-16 18:50:00,AIML Department,1.34,10.01,7.47,Normal,18,3,0,10.0098,0.00019999999999953388,1
2026-08-10 22:50:00,BT Department,5.35,32.53,6.08,Normal,22,0,0,32.528,0.0020000000000024443,2
2026-07-05 03:30:00,Chemistry Lab,3.5,9.38,2.68,Normal,3,6,1,9.38,0.0,5
2026-07-08 10:00:00,CSE Department,6.07,8.49,1.4,Normal,10,2,0,8.498,0.007999999999999119,4
2026-07-03 01:20:00,Biotech Department,6.34,46.93,7.4,Normal,1,4,0,46.916000000000004,0.013999999999995794,3
2026-07-17 01:20:00,BT Department,8.7,217.62,25.02,Suspicious,1,4,0,217.67399999999998,0.053999999999973625,2
2026-07-27 01:50:00,Chemistry Lab,6.59,23.42,3.55,Normal,1,0,0,23.394499999999997,0.02550000000000452,5
2026-07-03 09:20:00,New Seminar Hall,8.4,23.63,2.81,Normal,9,4,0,23.604000000000003,0.02599999999999625,10
2026-07-19 19:50:00,AIML Department,5.45,40.49,7.42,Normal,19,6,1,40.439,0.05100000000000193,1
2026-07-22 04:00:00,Mechanical Lab,6.58,65.59,9.97,Normal,4,2,0,65.60260000000001,0.012600000000006162,9
2026-08-14 08:20:00,Chemistry Lab,4.88,5.38,1.1,Normal,8,4,0,5.368,0.011999999999999567,5
2026-07-17 10:20:00,Physics Lab,5.22,18.61,3.57,Normal,10,4,0,18.635399999999997,0.025399999999997647,11
2026-08-21 04:10:00,New Seminar Hall,7.45,28.38,3.81,Normal,4,4,0,28.384500000000003,0.004500000000003723,10
2026-07-02 00:40:00,AI Lab,7.01,9.13,1.3,Normal,0,3,0,9.113,0.017000000000001236,0
2026-08-02 11:30:00,IT Department,17.34,1418.56,81.83,Critical,11,6,1,1418.9322,0.37220000000002074,8
2026-08-03 11:30:00,Mechanical Lab,7.96,64.2,8.06,Normal,11,0,0,64.1576,0.04240000000000066,9
2026-07-27 23:40:00,HOD Department,4.52,21.8,4.82,Normal,23,0,0,21.7864,0.013600000000000279,7
2026-07-21 04:20:00,AI Lab,4.7,9.65,2.05,Normal,4,1,0,9.635,0.015000000000000568,0
2026-07-17 05:50:00,BT Department,5.69,14.06,2.47,Normal,5,4,0,14.054300000000001,0.00569999999999915,2
2026-07-05 00:40:00,Electronics Department,1.8,9.34,5.19,Normal,0,6,1,9.342,0.002000000000000668,6
2026-08-02 22:10:00,IT Department,4.32,25.95,6.01,Normal,22,6,1,25.9632,0.01320000000000121,8
2026-08-05 09:30:00,New Seminar Hall,6.61,23.75,3.59,Normal,9,2,0,23.7299,0.02009999999999934,10
2026-07-24 17:40:00,IT Department,4.18,22.44,5.36,Normal,17,4,0,22.404799999999998,0.03520000000000323,8
2026-07-10 20:20:00,New Seminar Hall,4.02,11.49,2.85,Normal,20,4,0,11.456999999999999,0.03300000000000125,10
2026-08-16 08:20:00,HOD Department,3.91,6.85,1.75,Normal,8,6,1,6.8425,0.007499999999999396,7
2026-07-03 17:40:00,IT Department,2.41,11.2,4.65,Normal,17,4,0,11.206500000000002,0.006500000000002615,8
2026-08-23 05:40:00,AI Lab,5.75,41.58,7.23,Normal,5,6,1,41.572500000000005,0.007499999999993179,0
2026-07-28 05:20:00,Physics Lab,14.44,326.56,22.61,Suspicious,5,1,0,326.48839999999996,0.0716000000000463,11
2026-07-28 02:40:00,Mechanical Lab,5.13,44.09,8.6,Normal,2,1,0,44.117999999999995,0.027999999999991587,9
2026-08-13 19:40:00,CSE Department,4.0,11.3,2.82,Normal,19,3,0,11.28,0.02000000000000135,4
2026-07-06 01:30:00,IT Department,4.89,18.78,3.84,Normal,1,0,0,18.7776,0.002400000000001512,8
2026-08-17 17:10:00,AI Lab,2.92,8.51,2.91,Normal,17,0,0,8.4972,0.012800000000000367,0
2026-07-24 15:40:00,Biotech Department,5.86,27.27,4.66,Normal,15,4,0,27.3076,0.03760000000000119,3
2026-08-23 03:30:00,CSE Department,3.5,27.98,8.0,Normal,3,6,1,28.0,0.019999999999999574,4
2026-08-14 17:50:00,Biotech Department,2.62,4.89,1.86,Normal,17,4,0,4.873200000000001,0.016799999999999038,3
2026-08-15 09:00:00,Biotech Department,7.14,44.6,6.25,Normal,9,5,1,44.625,0.02499999999999858,3
2026-07-12 05:00:00,CSE Department,3.58,13.59,3.79,Normal,5,6,1,13.568200000000001,0.02179999999999893,4
2026-07-30 15:40:00,HOD Department,2.15,15.96,7.44,Normal,15,3,0,15.996,0.03599999999999959,7
2026-08-16 19:10:00,Biotech Department,6.83,13.47,1.97,Normal,19,6,1,13.4551,0.014900000000000801,3
2026-08-07 15:20:00,AIML Department,4.81,37.55,7.81,Normal,15,4,0,37.56609999999999,0.016099999999994452,1
2026-08-16 16:40:00,Mechanical Lab,10.88,233.85,21.49,Suspicious,16,6,1,233.8112,0.03879999999998063,9
2026-08-05 12:00:00,HOD Department,3.23,10.38,3.21,Normal,12,2,0,10.3683,0.011700000000001154,7
2026-08-16 08:30:00,Electronics Department,3.97,21.02,5.29,Normal,8,6,1,21.0013,0.01869999999999905,6
2026-07-09 12:50:00,HOD Department,7.03,89.87,12.79,Suspicious,12,3,0,89.91369999999999,0.04369999999998697,7
2026-07-10 21:10:00,Biotech Department,3.19,18.22,5.71,Normal,21,4,0,18.2149,0.005099999999998772,3
2026-08-22 07:30:00,Mechanical Lab,6.94,38.6,5.56,Normal,7,5,1,38.5864,0.013600000000003831,9
2026-07-12 01:20:00,New Seminar Hall,6.28,20.31,3.23,Normal,1,6,1,20.2844,0.02559999999999718,10
2026-07-15 04:00:00,New Seminar Hall,8.23,54.88,6.66,Normal,4,2,0,54.811800000000005,0.06819999999999737,10
2026-08-14 22:10:00,Electronics Department,3.28,32.47,9.89,Normal,22,4,0,32.4392,0.030799999999999272,6
2026-07-30 06:50:00,Chemistry Lab,4.67,18.44,3.95,Normal,6,3,0,18.4465,0.006499999999999062,5
2026-07-27 09:50:00,Electronics Department,3.68,23.57,6.41,Normal,9,0,0,23.588800000000003,0.01880000000000237,6
2026-08-11 08:40:00,New Seminar Hall,7.64,35.08,4.59,Normal,8,1,0,35.0676,0.012399999999999523,10
2026-08-06 16:30:00,AIML Department,5.58,13.96,2.5,Normal,16,3,0,13.95,0.010000000000001563,1
2026-08-16 07:00:00,Chemistry Lab,5.56,30.2,5.43,Normal,7,6,1,30.190799999999996,0.009200000000003428,5
2026-07-01 22:00:00,HOD Department,3.01,8.28,2.75,Normal,22,2,0,8.2775,0.0024999999999995026,7
2026-08-11 00:00:00,Biotech Department,7.39,69.9,9.46,Normal,0,1,0,69.9094,0.009399999999999409,3
2026-07-12 03:40:00,AIML Department,5.4,14.1,2.61,Normal,3,6,1,14.094,0.006000000000000227,1
2026-07-27 04:10:00,Mechanical Lab,7.63,48.23,6.32,Normal,4,0,0,48.2216,0.008399999999994634,9
2026-07-26 11:20:00,Electronics Department,4.54,8.05,1.77,Normal,11,6,1,8.0358,0.014200000000000657,6
2026-07-19 13:50:00,New Seminar Hall,25.36,840.18,33.13,Critical,13,6,1,840.1768000000001,0.0031999999998788553,10
2026-08-16 01:00:00,New Seminar Hall,17.9,366.79,20.49,Suspicious,1,6,1,366.77099999999996,0.0190000000000623,10
2026-07-04 05:40:00,CSE Department,4.06,23.75,5.84,Normal,5,5,1,23.710399999999996,0.03960000000000363,4
2026-08-09 06:40:00,Electronics Department,3.31,30.31,9.16,Normal,6,6,1,30.3196,0.009600000000002495,6
2026-07-13 17:00:00,AI Lab,5.35,23.26,4.35,Normal,17,0,0,23.272499999999997,0.012499999999995737,0
2026-07-23 21:20:00,AIML Department,4.62,16.65,3.6,Normal,21,3,0,16.632,0.01799999999999713,1
2026-08-16 17:00:00,Chemistry Lab,4.91,47.24,9.62,Normal,17,6,1,47.234199999999994,0.005800000000007799,5
2026-08-04 19:00:00,HOD Department,2.17,2.71,1.25,Normal,19,1,0,2.7125,0.0024999999999999467,7
2026-08-25 12:10:00,CSE Department,10.83,260.06,24.0,Suspicious,12,1,0,259.92,0.13999999999998636,4
2026-07-03 08:50:00,BT Department,5.71,49.0,8.57,Normal,8,4,0,48.9347,0.06530000000000058,2
2026-08-10 22:40:00,BT Department,6.07,48.31,7.96,Normal,22,0,0,48.3172,0.007199999999997431,2
2026-07-26 15:50:00,CSE Department,3.11,9.26,2.98,Normal,15,6,1,9.2678,0.007799999999999585,4
2026-08-19 03:40:00,Biotech Department,5.21,27.05,5.19,Normal,3,2,0,27.039900000000003,0.010099999999997777,3
2026-08-16 01:50:00,Biotech Department,5.29,40.84,7.71,Normal,1,6,1,40.7859,0.054100000000005366,3
2026-08-10 14:20:00,IT Department,4.16,10.09,2.43,Normal,14,0,0,10.1088,0.018800000000000594,8
2026-08-22 16:30:00,IT Department,5.63,21.12,3.75,Normal,16,5,1,21.1125,0.007500000000000284,8
2026-07-19 23:20:00,Physics Lab,4.91,23.56,4.79,Normal,23,6,1,23.518900000000002,0.041099999999996584,11
2026-07-09 07:30:00,AIML Department,4.29,19.02,4.43,Normal,7,3,0,19.0047,0.01529999999999987,1
2026-07-13 12:30:00,AI Lab,4.84,10.78,2.23,Normal,12,0,0,10.793199999999999,0.013199999999999434,0
2026-08-17 14:40:00,Biotech Department,5.3,22.31,4.21,Normal,14,0,0,22.313,0.0030000000000001137,3
2026-07-13 06:50:00,BT Department,3.14,29.7,9.45,Normal,6,0,0,29.673,0.027000000000001023,2
2026-08-14 22:20:00,Chemistry Lab,4.21,30.0,7.13,Normal,22,4,0,30.0173,0.01729999999999876,5
2026-08-12 08:20:00,Physics Lab,5.84,54.34,9.3,Normal,8,2,0,54.312000000000005,0.027999999999998693,11
2026-07-19 23:30:00,Mechanical Lab,3.06,12.07,3.94,Normal,23,6,1,12.0564,0.013600000000000279,9
2026-07-25 19:50:00,Electronics Department,4.91,27.23,5.55,Normal,19,5,1,27.2505,0.02049999999999841,6
2026-07-19 04:30:00,AIML Department,4.66,31.76,6.81,Normal,4,6,1,31.7346,0.0254000000000012,1
2026-07-17 15:20:00,CSE Department,3.85,33.11,8.59,Normal,15,4,0,33.0715,0.03849999999999909,4
2026-08-09 23:30:00,BT Department,14.0,687.21,49.1,Critical,23,6,1,687.4,0.18999999999994088,2
2026-08-01 06:20:00,Physics Lab,6.3,57.43,9.11,Normal,6,5,1,57.392999999999994,0.03700000000000614,11
2026-07-17 09:20:00,Mechanical Lab,5.48,42.56,7.76,Normal,9,4,0,42.5248,0.03520000000000323,9
2026-08-19 05:50:00,Electronics Department,6.66,19.27,2.89,Normal,5,2,0,19.247400000000003,0.022599999999997067,6
2026-08-24 09:20:00,Biotech Department,4.43,35.21,7.96,Normal,9,0,0,35.2628,0.05279999999999774,3
2026-08-06 02:10:00,IT Department,2.41,8.33,3.45,Normal,2,3,0,8.3145,0.015499999999999403,8
2026-08-16 09:00:00,Electronics Department,4.53,6.8,1.5,Normal,9,6,1,6.795,0.004999999999999893,6
2026-07-29 19:40:00,BT Department,4.69,16.21,3.46,Normal,19,2,0,16.227400000000003,0.01740000000000208,2
2026-08-17 15:20:00,AI Lab,5.55,8.26,1.49,Normal,15,0,0,8.269499999999999,0.009499999999999176,0
2026-08-04 10:00:00,New Seminar Hall,5.17,28.66,5.54,Normal,10,1,0,28.6418,0.018200000000000216,10
2026-07-03 22:10:00,BT Department,5.57,40.64,7.3,Normal,22,4,0,40.661,0.021000000000000796,2
2026-08-13 22:30:00,New Seminar Hall,4.88,23.5,4.82,Normal,22,3,0,23.5216,0.021599999999999397,10
2026-08-10 11:50:00,Electronics Department,4.77,14.22,2.98,Normal,11,0,0,14.214599999999999,0.005400000000001626,6
2026-07-14 07:10:00,AI Lab,6.16,33.98,5.52,Normal,7,1,0,34.0032,0.023200000000002774,0
2026-08-17 02:20:00,New Seminar Hall,6.87,8.57,1.25,Normal,2,0,0,8.5875,0.01750000000000007,10
2026-07-31 20:00:00,CSE Department,5.03,35.92,7.13,Normal,20,4,0,35.8639,0.056100000000000705,4
2026-08-08 05:50:00,CSE Department,4.55,30.47,6.69,Normal,5,5,1,30.4395,0.03049999999999997,4
2026-07-13 11:00:00,Physics Lab,12.08,235.47,19.49,Suspicious,11,0,0,235.43919999999997,0.030800000000027694,11
2026-07-18 06:50:00,AIML Department,10.28,262.52,25.55,Suspicious,6,5,1,262.654,0.13400000000001455,1
2026-08-03 13:40:00,Mechanical Lab,5.9,38.2,6.48,Normal,13,0,0,38.232000000000006,0.03200000000000358,9
2026-07-31 11:00:00,Biotech Department,3.7,15.2,4.1,Normal,11,4,0,15.17,0.02999999999999936,3
2026-07-30 20:30:00,HOD Department,2.76,5.14,1.86,Normal,20,3,0,5.1335999999999995,0.006400000000000183,7
2026-07-17 05:20:00,Chemistry Lab,19.35,939.48,48.55,Critical,5,4,0,939.4425,0.03750000000002274,5
2026-07-22 09:30:00,AI Lab,5.41,19.79,3.66,Normal,9,2,0,19.800600000000003,0.010600000000003718,0
2026-07-19 15:40:00,New Seminar Hall,13.22,255.46,19.33,Suspicious,15,6,1,255.5426,0.08259999999998513,10
2026-07-11 00:10:00,IT Department,3.63,19.96,5.49,Normal,0,5,1,19.9287,0.03130000000000166,8
2026-07-06 23:20:00,CSE Department,3.13,6.5,2.08,Normal,23,0,0,6.5104,0.010399999999999743,4
2026-08-05 11:20:00,Physics Lab,5.23,12.65,2.42,Normal,11,2,0,12.656600000000001,0.006600000000000605,11
2026-07-14 05:40:00,CSE Department,4.6,38.68,8.41,Normal,5,1,0,38.686,0.006000000000000227,4
2026-07-14 07:30:00,BT Department,3.57,34.44,9.65,Normal,7,1,0,34.4505,0.010500000000000398,2
2026-08-12 18:20:00,AIML Department,4.6,25.85,5.63,Normal,18,2,0,25.897999999999996,0.047999999999994714,1
2026-07-21 07:00:00,Chemistry Lab,5.47,37.91,6.93,Normal,7,1,0,37.9071,0.002899999999996794,5
2026-07-31 19:10:00,Physics Lab,4.94,43.86,8.89,Normal,19,4,0,43.91660000000001,0.0566000000000102,11
2026-08-03 10:50:00,AI Lab,3.54,3.79,1.07,Normal,10,0,0,3.7878000000000003,0.0021999999999997577,0
2026-08-14 12:40:00,Chemistry Lab,5.71,38.85,6.8,Normal,12,4,0,38.827999999999996,0.02200000000000557,5
2026-08-20 17:00:00,New Seminar Hall,6.61,31.09,4.7,Normal,17,3,0,31.067000000000004,0.022999999999996135,10
2026-07-17 04:30:00,New Seminar Hall,8.48,24.11,2.84,Normal,4,4,0,24.0832,0.026799999999997937,10
2026-07-13 06:40:00,Mechanical Lab,6.29,9.75,1.55,Normal,6,0,0,9.749500000000001,0.0004999999999988347,9
2026-08-02 04:40:00,Electronics Department,10.26,116.67,11.37,Suspicious,4,6,1,116.65619999999998,0.013800000000017576,6
2026-07-25 20:40:00,IT Department,4.53,39.71,8.76,Normal,20,5,1,39.6828,0.027200000000000557,8
2026-08-20 18:50:00,AI Lab,1.9,8.46,4.45,Normal,18,3,0,8.455,0.005000000000000782,0
2026-07-07 17:30:00,Chemistry Lab,7.24,41.26,5.7,Normal,17,1,0,41.268,0.008000000000002672,5
2026-07-03 13:40:00,AIML Department,4.48,30.07,6.71,Normal,13,4,0,30.060800000000004,0.009199999999996322,1
2026-08-20 10:10:00,Chemistry Lab,4.02,24.01,5.98,Normal,10,3,0,24.0396,0.029599999999998516,5
2026-08-18 08:10:00,Biotech Department,3.89,29.74,7.65,Normal,8,1,0,29.7585,0.01850000000000307,3
2026-08-13 07:20:00,Electronics Department,8.94,99.22,11.1,Suspicious,7,3,0,99.234,0.013999999999995794,6
2026-07-25 10:10:00,CSE Department,4.67,32.43,6.95,Normal,10,5,1,32.4565,0.026499999999998636,4
2026-08-07 14:20:00,Physics Lab,4.27,15.11,3.54,Normal,14,4,0,15.115799999999998,0.005799999999998917,11
2026-08-25 09:50:00,Biotech Department,3.98,20.65,5.19,Normal,9,1,0,20.656200000000002,0.006200000000003314,3
2026-08-23 12:20:00,Biotech Department,4.63,9.56,2.06,Normal,12,6,1,9.5378,0.022199999999999775,3
2026-08-05 00:10:00,Mechanical Lab,5.18,47.77,9.21,Normal,0,2,0,47.7078,0.06220000000000425,9
2026-07-02 22:30:00,AIML Department,3.93,33.31,8.48,Normal,22,3,0,33.3264,0.016399999999997306,1
2026-07-14 19:30:00,AIML Department,6.29,25.01,3.98,Normal,19,1,0,25.0342,0.02419999999999689,1
2026-08-18 02:40:00,New Seminar Hall,6.11,37.98,6.22,Normal,2,1,0,38.0042,0.024200000000000443,10
2026-08-20 14:50:00,Biotech Department,3.75,7.61,2.03,Normal,14,3,0,7.612499999999999,0.0024999999999986144,3
2026-07-08 19:50:00,HOD Department,4.72,21.94,4.65,Normal,19,2,0,21.948,0.007999999999999119,7
2026-08-25 17:50:00,AI Lab,4.51,15.67,3.47,Normal,17,1,0,15.6497,0.02030000000000065,0
2026-07-09 01:50:00,CSE Department,17.6,556.81,31.64,Critical,1,3,0,556.864,0.05400000000008731,4
2026-08-12 15:30:00,HOD Department,5.01,34.89,6.96,Normal,15,2,0,34.8696,0.020400000000002194,7
2026-08-17 18:40:00,AI Lab,3.91,37.11,9.49,Normal,18,0,0,37.105900000000005,0.004099999999993997,0
2026-07-11 12:30:00,AIML Department,4.51,8.44,1.87,Normal,12,5,1,8.4337,0.006299999999999528,1
2026-08-10 09:20:00,BT Department,3.64,7.13,1.96,Normal,9,0,0,7.1344,0.004400000000000404,2
2026-08-10 00:20:00,HOD Department,3.67,6.63,1.81,Normal,0,0,0,6.6427000000000005,0.0127000000000006,7
2026-07-12 07:00:00,New Seminar Hall,8.12,65.74,8.1,Normal,7,6,1,65.77199999999999,0.031999999999996476,10
2026-08-18 15:40:00,Chemistry Lab,6.87,41.05,5.98,Normal,15,1,0,41.082600000000006,0.03260000000000929,5
2026-08-17 23:30:00,New Seminar Hall,5.17,12.24,2.37,Normal,23,0,0,12.2529,0.012900000000000134,10
2026-07-16 02:20:00,Electronics Department,17.85,1455.9,81.58,Critical,2,3,0,1456.203,0.3029999999998836,6
2026-08-13 09:40:00,Biotech Department,3.14,6.94,2.21,Normal,9,3,0,6.9394,0.000600000000000378,3
2026-07-11 09:40:00,CSE Department,2.46,11.83,4.82,Normal,9,5,1,11.8572,0.027200000000000557,4
2026-08-05 12:30:00,HOD Department,3.32,21.76,6.55,Normal,12,2,0,21.746,0.014000000000002899,7
2026-07-22 12:10:00,Physics Lab,5.07,49.72,9.81,Normal,12,2,0,49.736700000000006,0.016700000000007265,11
2026-08-05 02:30:00,HOD Department,3.52,21.97,6.24,Normal,2,2,0,21.9648,0.005199999999998539,7
2026-08-07 08:00:00,New Seminar Hall,5.42,52.82,9.75,Normal,8,4,0,52.845,0.02499999999999858,10
2026-08-23 02:50:00,Physics Lab,2.15,20.51,9.52,Normal,2,6,1,20.468,0.04200000000000159,11
2026-08-12 21:20:00,BT Department,6.06,21.8,3.6,Normal,21,2,0,21.816,0.015999999999998238,2
2026-08-24 16:00:00,AI Lab,3.07,20.41,6.65,Normal,16,0,0,20.4155,0.005500000000001393,0
2026-08-07 19:30:00,Mechanical Lab,7.74,24.98,3.23,Normal,19,4,0,25.0002,0.020199999999999108,9
2026-07-11 16:00:00,AIML Department,4.29,21.66,5.05,Normal,16,5,1,21.6645,0.0045000000000001705,1
2026-08-20 21:00:00,AIML Department,3.71,34.59,9.32,Normal,21,3,0,34.5772,0.012800000000005696,1
2026-08-08 10:40:00,CSE Department,5.33,25.73,4.83,Normal,10,5,1,25.7439,0.01389999999999958,4
2026-08-06 23:00:00,New Seminar Hall,17.5,178.24,10.19,Suspicious,23,3,0,178.325,0.08499999999997954,10
2026-08-24 16:30:00,AIML Department,3.69,5.53,1.5,Normal,16,0,0,5.535,0.004999999999999893,1
2026-08-09 13:20:00,New Seminar Hall,5.89,50.21,8.53,Normal,13,6,1,50.241699999999994,0.03169999999999362,10
2026-07-20 22:50:00,BT Department,6.82,48.15,7.06,Normal,22,0,0,48.1492,0.0007999999999981355,2
2026-07-11 20:20:00,Chemistry Lab,5.78,32.69,5.66,Normal,20,5,1,32.714800000000004,0.02480000000000615,5
2026-07-03 04:10:00,Electronics Department,4.21,32.44,7.71,Normal,4,4,0,32.4591,0.01910000000000167,6
2026-07-01 08:00:00,New Seminar Hall,7.46,10.05,1.35,Normal,8,2,0,10.071,0.02099999999999902,10
2026-07-11 09:50:00,IT Department,2.64,8.38,3.18,Normal,9,5,1,8.3952,0.015200000000000102,8
2026-07-26 09:20:00,AI Lab,4.01,39.08,9.74,Normal,9,6,1,39.0574,0.022599999999997067,0
2026-08-04 22:20:00,HOD Department,3.09,28.41,9.19,Normal,22,1,0,28.3971,0.01290000000000191,7
2026-07-21 11:10:00,Electronics Department,4.87,15.45,3.17,Normal,11,1,0,15.4379,0.012099999999998445,6
2026-08-24 13:50:00,Mechanical Lab,6.41,35.76,5.58,Normal,13,0,0,35.7678,0.007800000000003138,9
2026-07-07 03:40:00,Chemistry Lab,6.5,11.72,1.8,Normal,3,1,0,11.700000000000001,0.019999999999999574,5
2026-07-01 10:20:00,HOD Department,10.06,231.86,23.04,Suspicious,10,2,0,231.7824,0.0776000000000181,7
2026-07-28 13:00:00,HOD Department,3.45,11.59,3.36,Normal,13,1,0,11.592,0.002000000000000668,7
2026-08-02 09:30:00,Electronics Department,9.86,136.94,13.89,Suspicious,9,6,1,136.9554,0.015399999999999636,6
2026-08-21 13:20:00,Chemistry Lab,5.25,31.17,5.94,Normal,13,4,0,31.185000000000002,0.015000000000000568,5
2026-08-18 16:50:00,AI Lab,6.02,23.94,3.98,Normal,16,1,0,23.9596,0.019599999999996953,0
2026-07-01 09:20:00,New Seminar Hall,4.49,42.27,9.41,Normal,9,2,0,42.2509,0.01910000000000167,10
2026-08-15 12:00:00,IT Department,1.82,4.39,2.42,Normal,12,5,1,4.4044,0.01440000000000019,8
2026-07-21 12:10:00,New Seminar Hall,4.28,38.91,9.09,Normal,12,1,0,38.9052,0.004799999999995919,10
2026-07-16 22:50:00,Biotech Department,3.94,19.83,5.03,Normal,22,3,0,19.8182,0.011799999999997368,3
2026-07-08 13:10:00,Electronics Department,10.35,215.3,20.81,Suspicious,13,2,0,215.38349999999997,0.08349999999995816,6
2026-07-28 10:50:00,Biotech Department,3.05,18.03,5.92,Normal,10,1,0,18.055999999999997,0.02599999999999625,3
2026-08-12 05:40:00,AI Lab,13.59,365.68,26.91,Suspicious,5,2,0,365.7069,0.026900000000011914,0
2026-07-26 10:40:00,HOD Department,3.7,23.04,6.23,Normal,10,6,1,23.051000000000002,0.011000000000002785,7
2026-08-23 19:30:00,HOD Department,3.5,31.62,9.03,Normal,19,6,1,31.604999999999997,0.015000000000004121,7
2026-07-26 21:20:00,AI Lab,12.06,238.87,19.81,Suspicious,21,6,1,238.9086,0.03860000000000241,0
2026-07-03 16:30:00,Chemistry Lab,6.51,40.21,6.18,Normal,16,4,0,40.2318,0.02179999999999893,5
2026-07-02 04:10:00,Mechanical Lab,6.72,41.78,6.22,Normal,4,3,0,41.798399999999994,0.018399999999992644,9
2026-08-08 05:40:00,AIML Department,9.3,175.77,18.9,Suspicious,5,5,1,175.77,0.0,1
2026-08-14 18:30:00,New Seminar Hall,6.18,51.59,8.34,Normal,18,4,0,51.541199999999996,0.04880000000000706,10
2026-07-08 21:40:00,HOD Department,8.9,207.33,23.31,Suspicious,21,2,0,207.459,0.12899999999999068,7
2026-08-14 20:30:00,Chemistry Lab,3.26,30.93,9.49,Normal,20,4,0,30.9374,0.007400000000000517,5
2026-07-10 20:40:00,Electronics Department,4.43,40.91,9.24,Normal,20,4,0,40.9332,0.023200000000002774,6
2026-08-12 03:30:00,Biotech Department,16.64,500.15,30.05,Critical,3,2,0,500.03200000000004,0.11799999999993815,3
2026-07-10 11:30:00,New Seminar Hall,4.5,17.25,3.83,Normal,11,4,0,17.235,0.015000000000000568,10
2026-07-05 15:40:00,AI Lab,5.3,50.98,9.61,Normal,15,6,1,50.93299999999999,0.04700000000000415,0
2026-07-11 04:30:00,CSE Department,4.93,26.43,5.36,Normal,4,5,1,26.4248,0.005199999999998539,4
2026-08-12 11:10:00,HOD Department,2.54,22.89,9.0,Normal,11,2,0,22.86,0.030000000000001137,7
2026-08-25 07:00:00,AI Lab,4.2,8.59,2.05,Normal,7,1,0,8.61,0.019999999999999574,0
2026-07-18 16:30:00,BT Department,4.73,21.87,4.62,Normal,16,5,1,21.852600000000002,0.017399999999998528,2
2026-07-31 09:20:00,New Seminar Hall,16.69,243.01,14.56,Suspicious,9,4,0,243.0064,0.003599999999977399,10
2026-07-27 04:00:00,IT Department,3.48,29.52,8.48,Normal,4,0,0,29.5104,0.009599999999998943,8
2026-08-05 01:00:00,AIML Department,4.6,13.3,2.89,Normal,1,2,0,13.293999999999999,0.006000000000002004,1
2026-07-23 03:50:00,HOD Department,7.47,129.59,17.36,Suspicious,3,3,0,129.67919999999998,0.08919999999997685,7
2026-07-11 03:00:00,Chemistry Lab,3.91,8.24,2.11,Normal,3,5,1,8.2501,0.010099999999999554,5
2026-08-01 11:00:00,AI Lab,4.01,7.47,1.86,Normal,11,5,1,7.4586,0.011400000000000077,0
2026-07-20 22:10:00,HOD Department,4.09,25.14,6.15,Normal,22,0,0,25.1535,0.013500000000000512,7
2026-07-07 12:10:00,HOD Department,2.79,12.35,4.43,Normal,12,1,0,12.3597,0.009700000000000486,7
2026-08-13 18:00:00,Chemistry Lab,7.28,71.88,9.87,Normal,18,3,0,71.8536,0.026399999999995316,5
2026-08-19 16:40:00,AIML Department,3.36,9.72,2.89,Normal,16,2,0,9.7104,0.009600000000000719,1
2026-08-19 18:00:00,AIML Department,4.81,33.68,7.0,Normal,18,2,0,33.669999999999995,0.010000000000005116,1
2026-08-22 16:00:00,CSE Department,2.31,15.03,6.5,Normal,16,5,1,15.015,0.014999999999998792,4
2026-08-25 01:10:00,CSE Department,4.34,36.91,8.51,Normal,1,1,0,36.9334,0.023400000000002308,4
2026-08-03 19:00:00,Biotech Department,4.19,36.17,8.63,Normal,19,0,0,36.15970000000001,0.010299999999993759,3
2026-07-02 16:40:00,BT Department,3.41,29.81,8.75,Normal,16,3,0,29.837500000000002,0.02750000000000341,2
2026-08-15 01:00:00,Chemistry Lab,17.71,1326.25,74.89,Critical,1,5,1,1326.3019000000002,0.05190000000015971,5
2026-07-29 11:50:00,BT Department,11.59,181.6,15.67,Suspicious,11,2,0,181.6153,0.015299999999996317,2
2026-07-04 05:10:00,AI Lab,6.25,7.82,1.25,Normal,5,5,1,7.8125,0.007500000000000284,0
2026-07-23 16:10:00,Chemistry Lab,4.95,30.85,6.23,Normal,16,3,0,30.838500000000003,0.011499999999998067,5
2026-08-20 10:00:00,Mechanical Lab,5.6,27.49,4.91,Normal,10,3,0,27.496,0.006000000000000227,9
2026-08-02 17:10:00,Chemistry Lab,13.97,411.57,29.45,Suspicious,17,6,1,411.4165,0.15350000000000819,5
2026-07-04 08:00:00,Physics Lab,13.19,367.38,27.86,Suspicious,8,5,1,367.47339999999997,0.09339999999997417,11
2026-08-13 08:00:00,IT Department,4.35,17.91,4.12,Normal,8,3,0,17.922,0.012000000000000455,8
2026-07-28 16:30:00,HOD Department,3.62,32.18,8.9,Normal,16,1,0,32.218,0.03800000000000381,7
2026-07-25 07:40:00,Chemistry Lab,4.38,27.7,6.33,Normal,7,5,1,27.7254,0.0254000000000012,5
2026-08-22 17:40:00,Physics Lab,12.23,314.2,25.7,Suspicious,17,5,1,314.311,0.11099999999999,11
2026-07-27 06:20:00,BT Department,4.87,13.87,2.85,Normal,6,0,0,13.8795,0.009500000000000952,2
2026-07-16 07:30:00,HOD Department,15.75,655.22,41.59,Critical,7,3,0,655.0425,0.1775000000000091,7
2026-08-08 01:00:00,IT Department,11.88,296.08,24.91,Suspicious,1,5,1,295.93080000000003,0.1491999999999507,8
2026-07-09 00:40:00,HOD Department,9.99,209.54,20.97,Suspicious,0,3,0,209.4903,0.04970000000000141,7
2026-08-09 10:00:00,Physics Lab,4.69,28.76,6.13,Normal,10,6,1,28.7497,0.010300000000000864,11
2026-08-24 15:30:00,AI Lab,5.82,14.38,2.47,Normal,15,0,0,14.375400000000003,0.004599999999998161,0
2026-07-17 04:00:00,BT Department,3.55,3.92,1.1,Normal,4,4,0,3.9050000000000002,0.01499999999999968,2
2026-08-16 22:40:00,New Seminar Hall,6.39,57.37,8.98,Normal,22,6,1,57.3822,0.012199999999999989,10
2026-08-20 12:10:00,New Seminar Hall,6.11,44.15,7.22,Normal,12,3,0,44.114200000000004,0.035799999999994725,10
2026-07-22 15:50:00,CSE Department,4.61,20.93,4.54,Normal,15,2,0,20.9294,0.0005999999999986017,4
2026-07-09 15:10:00,Mechanical Lab,4.25,40.84,9.61,Normal,15,3,0,40.8425,0.0024999999999977263,9
2026-07-25 12:10:00,Physics Lab,7.23,64.82,8.97,Normal,12,5,1,64.85310000000001,0.03310000000001878,11
2026-08-10 06:30:00,Biotech Department,5.19,42.34,8.16,Normal,6,0,0,42.3504,0.010399999999997078,3
2026-07-05 12:40:00,Chemistry Lab,5.6,21.11,3.77,Normal,12,6,1,21.112,0.0019999999999988916,5
2026-07-22 21:50:00,New Seminar Hall,7.18,31.92,4.45,Normal,21,2,0,31.951,0.030999999999998806,10
2026-07-07 10:40:00,AI Lab,11.09,295.51,26.64,Suspicious,10,1,0,295.4376,0.07240000000001601,0
2026-07-09 19:10:00,Biotech Department,4.76,40.0,8.4,Normal,19,3,0,39.984,0.015999999999998238,3
2026-07-19 17:20:00,Electronics Department,6.87,53.35,7.76,Normal,17,6,1,53.3112,0.038800000000001944,6
2026-07-18 09:30:00,AI Lab,3.7,34.22,9.25,Normal,9,5,1,34.225,0.005000000000002558,0
2026-08-14 13:00:00,Biotech Department,3.64,5.65,1.55,Normal,13,4,0,5.642,0.008000000000000007,3
2026-08-10 11:20:00,Physics Lab,5.99,46.68,7.79,Normal,11,0,0,46.6621,0.017899999999997362,11
2026-08-05 21:50:00,Biotech Department,7.15,25.4,3.55,Normal,21,2,0,25.3825,0.017499999999998295,3
2026-07-31 08:50:00,Physics Lab,4.6,8.34,1.81,Normal,8,4,0,8.325999999999999,0.014000000000001123,11
2026-08-17 22:00:00,Electronics Department,4.95,18.27,3.69,Normal,22,0,0,18.2655,0.0045000000000001705,6
2026-08-07 12:50:00,HOD Department,3.17,5.48,1.73,Normal,12,4,0,5.4841,0.004099999999999326,7
2026-07-14 12:10:00,AIML Department,4.55,43.68,9.6,Normal,12,1,0,43.68,0.0,1
2026-07-29 00:00:00,CSE Department,5.39,24.29,4.5,Normal,0,2,0,24.255,0.03500000000000014,4
2026-07-13 04:20:00,Chemistry Lab,23.44,897.48,38.28,Critical,4,0,0,897.2832000000001,0.19679999999993925,5
2026-07-09 09:00:00,HOD Department,2.65,5.94,2.24,Normal,9,3,0,5.936,0.004000000000000448,7
2026-08-19 06:20:00,Biotech Department,12.64,245.83,19.45,Suspicious,6,2,0,245.848,0.018000000000000682,3
2026-07-29 17:00:00,Mechanical Lab,8.32,51.49,6.19,Normal,17,2,0,51.500800000000005,0.010800000000003251,9
2026-08-13 23:40:00,Chemistry Lab,4.99,34.21,6.86,Normal,23,3,0,34.2314,0.021399999999999864,5
2026-07-31 16:50:00,Chemistry Lab,14.53,398.27,27.41,Suspicious,16,4,0,398.2673,0.0027000000000043656,5
2026-07-19 14:10:00,Chemistry Lab,4.68,29.73,6.36,Normal,14,6,1,29.7648,0.03480000000000061,5
2026-08-24 12:40:00,Biotech Department,4.82,31.43,6.52,Normal,12,0,0,31.4264,0.0035999999999987153,3
2026-08-07 01:20:00,Physics Lab,16.43,465.79,28.35,Suspicious,1,4,0,465.7905,0.0004999999999881766,11
2026-07-31 18:20:00,HOD Department,3.15,25.58,8.11,Normal,18,4,0,25.546499999999998,0.033500000000000085,7
2026-07-14 07:40:00,HOD Department,4.67,18.36,3.93,Normal,7,1,0,18.3531,0.00689999999999813,7
2026-08-10 17:00:00,IT Department,2.55,10.46,4.1,Normal,17,0,0,10.454999999999998,0.005000000000002558,8
2026-07-14 06:40:00,Chemistry Lab,12.66,328.04,25.92,Suspicious,6,1,0,328.1472,0.10719999999997754,5
2026-08-01 20:10:00,AI Lab,6.24,39.75,6.37,Normal,20,5,1,39.7488,0.0011999999999972033,0
2026-08-22 00:30:00,Electronics Department,5.82,54.36,9.34,Normal,0,5,1,54.3588,0.0011999999999972033,6
2026-07-22 03:30:00,Biotech Department,5.63,8.56,1.52,Normal,3,2,0,8.5576,0.0023999999999997357,3
2026-07-07 14:40:00,BT Department,19.53,747.26,38.27,Critical,14,1,0,747.4131000000001,0.1531000000001086,2
2026-07-11 09:00:00,AIML Department,4.26,35.22,8.27,Normal,9,5,1,35.230199999999996,0.010199999999997544,1
2026-08-22 10:40:00,IT Department,3.02,7.25,2.4,Normal,10,5,1,7.247999999999999,0.002000000000000668,8
2026-08-03 21:00:00,IT Department,3.59,24.41,6.8,Normal,21,0,0,24.412,0.0019999999999988916,8
2026-07-14 10:20:00,Mechanical Lab,6.67,41.62,6.24,Normal,10,1,0,41.6208,0.000800000000005241,9
2026-08-24 12:20:00,Physics Lab,4.56,32.64,7.15,Normal,12,0,0,32.604,0.036000000000001364,11
2026-08-11 12:00:00,AIML Department,6.17,54.99,8.92,Normal,12,1,0,55.0364,0.04639999999999844,1
2026-08-06 12:20:00,Biotech Department,3.5,25.56,7.31,Normal,12,3,0,25.584999999999997,0.02499999999999858,3
2026-07-12 04:50:00,New Seminar Hall,5.85,20.66,3.53,Normal,4,6,1,20.650499999999997,0.009500000000002728,10
2026-07-27 16:30:00,CSE Department,3.87,28.39,7.33,Normal,16,0,0,28.3671,0.02289999999999992,4
2026-08-22 15:30:00,AI Lab,4.19,29.54,7.06,Normal,15,5,1,29.581400000000002,0.04140000000000299,0
2026-07-30 13:30:00,Mechanical Lab,8.13,34.59,4.26,Normal,13,3,0,34.6338,0.0437999999999974,9
2026-07-17 22:00:00,IT Department,2.32,16.82,7.24,Normal,22,4,0,16.7968,0.02319999999999922,8
2026-08-12 23:10:00,AI Lab,4.23,34.61,8.17,Normal,23,2,0,34.5591,0.05089999999999861,0
2026-07-23 16:50:00,AI Lab,5.94,26.32,4.43,Normal,16,3,0,26.3142,0.0058000000000006935,0
2026-07-24 05:20:00,Physics Lab,4.48,7.76,1.73,Normal,5,4,0,7.750400000000001,0.009599999999998943,11
2026-07-19 13:10:00,New Seminar Hall,8.01,31.16,3.89,Normal,13,6,1,31.1589,0.001100000000000989,10
2026-08-02 00:10:00,CSE Department,17.7,1308.17,73.91,Critical,0,6,1,1308.2069999999999,0.03699999999980719,4
2026-07-17 23:50:00,New Seminar Hall,7.82,72.09,9.22,Normal,23,4,0,72.10040000000001,0.010400000000004184,10
2026-08-06 20:10:00,AIML Department,2.36,13.43,5.69,Normal,20,3,0,13.4284,0.0015999999999998238,1
2026-07-17 07:50:00,Electronics Department,5.14,9.77,1.9,Normal,7,4,0,9.765999999999998,0.004000000000001336,6
2026-08-04 10:50:00,HOD Department,3.67,16.97,4.63,Normal,10,1,0,16.9921,0.022100000000001785,7
2026-08-06 09:30:00,BT Department,2.68,4.97,1.86,Normal,9,3,0,4.984800000000001,0.014800000000001035,2
2026-07-31 05:00:00,CSE Department,2.71,8.22,3.04,Normal,5,4,0,8.2384,0.01839999999999975,4
2026-08-13 01:30:00,AIML Department,4.81,5.67,1.18,Normal,1,3,0,5.675799999999999,0.005799999999998917,1
2026-08-02 09:10:00,AIML Department,4.9,14.33,2.93,Normal,9,6,1,14.357000000000001,0.027000000000001023,1
2026-07-03 02:20:00,Chemistry Lab,3.81,17.07,4.48,Normal,2,4,0,17.068800000000003,0.0011999999999972033,5
2026-08-07 00:10:00,New Seminar Hall,8.27,10.28,1.24,Normal,0,4,0,10.2548,0.02519999999999989,10
2026-07-09 01:30:00,CSE Department,4.74,32.44,6.84,Normal,1,3,0,32.4216,0.01839999999999975,4
2026-07-17 00:40:00,HOD Department,8.61,214.18,24.89,Suspicious,0,4,0,214.3029,0.12289999999998713,7
2026-07-02 20:50:00,CSE Department,4.06,9.27,2.28,Normal,20,3,0,9.256799999999998,0.01320000000000121,4
2026-07-03 04:30:00,Electronics Department,4.97,37.84,7.61,Normal,4,4,0,37.8217,0.018300000000003536,6
2026-07-02 01:50:00,HOD Department,4.12,14.7,3.57,Normal,1,3,0,14.7084,0.008399999999999963,7
2026-08-03 03:50:00,Electronics Department,5.22,23.97,4.59,Normal,3,0,0,23.959799999999998,0.010200000000001097,6
2026-07-09 20:20:00,HOD Department,3.03,27.56,9.11,Normal,20,3,0,27.603299999999997,0.04329999999999856,7
2026-07-21 00:30:00,BT Department,6.91,64.22,9.3,Normal,0,1,0,64.263,0.043000000000006366,2
2026-08-09 23:50:00,Chemistry Lab,5.81,54.45,9.38,Normal,23,6,1,54.4978,0.04779999999999518,5
2026-08-20 23:40:00,Physics Lab,4.35,12.17,2.8,Normal,23,3,0,12.179999999999998,0.00999999999999801,11
2026-08-09 00:20:00,Mechanical Lab,4.28,39.73,9.28,Normal,0,6,1,39.7184,0.011599999999994282,9
2026-07-11 20:00:00,BT Department,4.09,40.28,9.86,Normal,20,5,1,40.3274,0.04739999999999611,2
2026-08-05 07:10:00,Electronics Department,1.77,17.18,9.71,Normal,7,2,0,17.186700000000002,0.006700000000002149,6
2026-07-23 13:50:00,IT Department,6.6,18.77,2.84,Normal,13,3,0,18.744,0.0259999999999998,8
2026-07-03 10:30:00,HOD Department,3.52,4.18,1.19,Normal,10,4,0,4.1888,0.008799999999999919,7
2026-08-01 02:00:00,AIML Department,4.27,39.51,9.26,Normal,2,5,1,39.5402,0.03020000000000067,1
2026-07-29 19:30:00,New Seminar Hall,3.55,29.04,8.18,Normal,19,2,0,29.038999999999998,0.0010000000000012221,10
2026-07-26 23:30:00,BT Department,5.45,14.18,2.6,Normal,23,6,1,14.170000000000002,0.00999999999999801,2
2026-08-04 15:40:00,New Seminar Hall,4.61,43.61,9.45,Normal,15,1,0,43.5645,0.04549999999999699,10
2026-08-21 10:50:00,CSE Department,13.41,783.29,58.39,Critical,10,4,0,783.0099,0.2800999999999476,4
2026-07-09 17:40:00,AI Lab,17.92,1029.1,57.44,Critical,17,3,0,1029.3248,0.22480000000018663,0
2026-08-07 04:30:00,New Seminar Hall,5.58,9.66,1.73,Normal,4,4,0,9.6534,0.006600000000000605,10
2026-07-21 20:50:00,AI Lab,5.96,57.58,9.67,Normal,20,1,0,57.6332,0.05320000000000391,0
2026-08-18 09:10:00,Biotech Department,6.01,16.39,2.73,Normal,9,1,0,16.4073,0.01729999999999876,3
2026-07-11 07:20:00,Mechanical Lab,4.04,21.15,5.24,Normal,7,5,1,21.169600000000003,0.01960000000000406,9
2026-08-11 20:30:00,Electronics Department,6.37,28.51,4.48,Normal,20,1,0,28.537600000000005,0.027600000000003178,6
2026-08-24 04:10:00,HOD Department,3.56,22.71,6.37,Normal,4,0,0,22.6772,0.03280000000000172,7
2026-08-08 11:20:00,Chemistry Lab,5.62,54.04,9.62,Normal,11,5,1,54.0644,0.024399999999999977,5
2026-07-03 22:40:00,CSE Department,5.57,52.96,9.5,Normal,22,4,0,52.915000000000006,0.0449999999999946,4
2026-07-20 00:00:00,Mechanical Lab,4.22,20.23,4.79,Normal,0,0,0,20.2138,0.016200000000001324,9
2026-07-16 00:30:00,Mechanical Lab,9.25,11.26,1.22,Normal,0,3,0,11.285,0.025000000000000355,9
2026-08-20 11:10:00,Electronics Department,4.47,32.75,7.33,Normal,11,3,0,32.7651,0.015099999999996783,6
2026-07-06 13:50:00,Mechanical Lab,7.16,68.89,9.62,Normal,13,0,0,68.8792,0.010800000000003251,9
2026-07-03 08:30:00,CSE Department,3.14,26.76,8.53,Normal,8,4,0,26.7842,0.02419999999999689,4
2026-07-22 03:10:00,AI Lab,5.73,41.0,7.15,Normal,3,2,0,40.969500000000004,0.03049999999999642,0
2026-07-29 12:20:00,Physics Lab,5.82,51.37,8.82,Normal,12,2,0,51.33240000000001,0.03759999999999053,11
2026-07-12 01:10:00,CSE Department,5.22,46.28,8.87,Normal,1,6,1,46.301399999999994,0.021399999999992758,4
2026-07-30 05:20:00,Physics Lab,4.73,16.4,3.47,Normal,5,3,0,16.413100000000004,0.013100000000004997,11
2026-07-02 15:20:00,Electronics Department,5.89,51.5,8.74,Normal,15,3,0,51.4786,0.021399999999999864,6
2026-08-04 12:50:00,AIML Department,5.01,44.93,8.96,Normal,12,1,0,44.8896,0.040399999999998215,1
2026-07-09 16:10:00,HOD Department,2.86,27.25,9.52,Normal,16,3,0,27.227199999999996,0.022800000000003706,7
2026-08-22 06:20:00,IT Department,5.06,12.92,2.55,Normal,6,5,1,12.902999999999999,0.017000000000001236,8
2026-08-15 21:00:00,Physics Lab,2.32,17.43,7.51,Normal,21,5,1,17.423199999999998,0.006800000000001916,11
2026-07-12 00:00:00,Mechanical Lab,6.85,26.58,3.88,Normal,0,6,1,26.578,0.0019999999999988916,9
2026-08-23 01:20:00,AI Lab,13.38,181.84,13.59,Suspicious,1,6,1,181.8342,0.005799999999993588,0
2026-08-02 06:10:00,HOD Department,2.79,10.78,3.86,Normal,6,6,1,10.7694,0.010600000000000165,7
2026-07-04 19:30:00,BT Department,4.75,27.51,5.79,Normal,19,5,1,27.5025,0.007500000000000284,2
2026-08-02 19:50:00,Chemistry Lab,6.74,29.47,4.37,Normal,19,6,1,29.4538,0.016199999999997772,5
2026-07-22 21:40:00,IT Department,4.5,42.03,9.35,Normal,21,2,0,42.074999999999996,0.0449999999999946,8
2026-07-19 17:10:00,BT Department,5.62,54.07,9.63,Normal,17,6,1,54.1206,0.050600000000002865,2
2026-07-12 00:30:00,AI Lab,4.33,12.16,2.81,Normal,0,6,1,12.167300000000001,0.00730000000000075,0
2026-07-28 23:20:00,BT Department,5.03,45.94,9.14,Normal,23,1,0,45.9742,0.03420000000000556,2
2026-08-01 09:50:00,New Seminar Hall,4.24,30.5,7.19,Normal,9,5,1,30.4856,0.014399999999998414,10
2026-08-03 00:50:00,Chemistry Lab,5.55,35.39,6.37,Normal,0,0,0,35.3535,0.03650000000000375,5
2026-08-17 19:10:00,New Seminar Hall,5.96,24.82,4.17,Normal,19,0,0,24.8532,0.033200000000000784,10
2026-08-21 18:20:00,Chemistry Lab,4.98,22.94,4.61,Normal,18,4,0,22.957800000000002,0.017800000000001148,5
2026-07-06 00:00:00,IT Department,4.69,42.29,9.01,Normal,0,0,0,42.2569,0.033099999999997465,8
2026-08-18 06:40:00,AI Lab,5.11,9.28,1.82,Normal,6,1,0,9.3002,0.020200000000000884,0
2026-08-16 16:00:00,AIML Department,3.6,4.65,1.29,Normal,16,6,1,4.644,0.006000000000000227,1
2026-08-18 19:30:00,New Seminar Hall,12.2,251.9,20.64,Suspicious,19,1,0,251.808,0.09200000000001296,10
2026-07-18 12:40:00,HOD Department,3.1,28.95,9.33,Normal,12,5,1,28.923000000000002,0.02699999999999747,7
2026-07-30 12:40:00,IT Department,4.79,28.1,5.87,Normal,12,3,0,28.1173,0.01729999999999876,8
2026-08-18 19:20:00,Biotech Department,3.8,32.5,8.55,Normal,19,1,0,32.49,0.00999999999999801,3
2026-08-14 19:30:00,Physics Lab,5.77,13.32,2.31,Normal,19,4,0,13.3287,0.008699999999999264,11
2026-08-23 05:10:00,HOD Department,3.65,28.6,7.84,Normal,5,6,1,28.616,0.015999999999998238,7
2026-08-13 22:00:00,Electronics Department,9.75,215.52,22.1,Suspicious,22,3,0,215.47500000000002,0.044999999999987494,6
2026-07-09 14:40:00,Mechanical Lab,21.52,1062.31,49.37,Critical,14,3,0,1062.4424,0.13239999999996144,9
2026-08-17 16:40:00,Mechanical Lab,3.88,11.42,2.95,Normal,16,0,0,11.446,0.0259999999999998,9
2026-08-25 15:00:00,Physics Lab,5.75,43.98,7.64,Normal,15,1,0,43.93,0.04999999999999716,11
2026-08-14 23:30:00,AI Lab,3.17,12.97,4.09,Normal,23,4,0,12.9653,0.004700000000001481,0
2026-08-20 09:10:00,IT Department,3.63,30.2,8.31,Normal,9,3,0,30.165300000000002,0.03469999999999729,8
2026-07-11 20:10:00,Mechanical Lab,5.38,24.51,4.55,Normal,20,5,1,24.479,0.03100000000000236,9
2026-07-02 20:00:00,BT Department,5.74,21.87,3.81,Normal,20,3,0,21.869400000000002,0.0005999999999986017,2
2026-08-02 07:20:00,HOD Department,3.86,25.83,6.7,Normal,7,6,1,25.862,0.03200000000000003,7
2026-08-08 00:10:00,HOD Department,3.19,31.58,9.91,Normal,0,5,1,31.6129,0.032900000000001484,7
2026-07-04 06:10:00,IT Department,4.41,33.71,7.64,Normal,6,5,1,33.6924,0.017600000000001614,8
2026-07-04 20:10:00,BT Department,13.46,354.42,26.33,Suspicious,20,5,1,354.4018,0.018200000000035743,2
2026-08-07 06:00:00,Physics Lab,6.98,19.0,2.72,Normal,6,4,0,18.9856,0.014399999999998414,11
2026-08-19 17:50:00,HOD Department,2.26,8.29,3.67,Normal,17,2,0,8.294199999999998,0.004199999999999093,7
2026-08-01 07:00:00,Electronics Department,1.97,17.69,8.96,Normal,7,5,1,17.651200000000003,0.03879999999999839,6
2026-07-22 15:40:00,AI Lab,4.59,31.15,6.79,Normal,15,2,0,31.1661,0.016100000000001558,0
2026-07-12 07:40:00,CSE Department,7.53,211.88,28.16,Suspicious,7,6,1,212.0448,0.16480000000001382,4
2026-07-04 20:20:00,New Seminar Hall,5.77,50.05,8.67,Normal,20,5,1,50.02589999999999,0.02410000000000423,10
2026-07-16 10:50:00,BT Department,8.84,91.54,10.35,Suspicious,10,3,0,91.494,0.04600000000000648,2
2026-08-23 16:50:00,Biotech Department,4.6,39.06,8.49,Normal,16,6,1,39.053999999999995,0.006000000000007333,3
2026-08-18 23:00:00,CSE Department,4.38,28.68,6.55,Normal,23,1,0,28.689,0.009000000000000341,4
2026-08-03 23:20:00,Electronics Department,9.0,171.74,19.09,Suspicious,23,0,0,171.81,0.06999999999999318,6
2026-08-15 07:40:00,AIML Department,5.06,45.84,9.06,Normal,7,5,1,45.8436,0.0035999999999987153,1
2026-08-22 01:50:00,Mechanical Lab,7.19,51.22,7.12,Normal,1,5,1,51.192800000000005,0.02719999999999345,9
2026-07-14 23:30:00,HOD Department,7.77,215.37,27.7,Suspicious,23,1,0,215.22899999999998,0.14100000000001955,7
2026-07-30 02:00:00,HOD Department,5.13,44.07,8.59,Normal,2,3,0,44.0667,0.0033000000000029672,7
2026-07-26 09:50:00,Mechanical Lab,5.81,40.87,7.03,Normal,9,6,1,40.8443,0.0257000000000005,9
2026-07-29 19:00:00,AIML Department,5.68,55.27,9.73,Normal,19,2,0,55.2664,0.0036000000000058208,1
2026-07-24 14:20:00,Chemistry Lab,17.83,1594.15,89.42,Critical,14,4,0,1594.3585999999998,0.2085999999997057,5
2026-08-15 06:00:00,New Seminar Hall,20.96,892.36,42.57,Critical,6,5,1,892.2672,0.0928000000000111,10
2026-08-05 23:00:00,HOD Department,3.37,9.46,2.81,Normal,23,2,0,9.469700000000001,0.009700000000000486,7
2026-07-19 05:30:00,New Seminar Hall,7.21,70.83,9.83,Normal,5,6,1,70.8743,0.04430000000000689,10
2026-07-03 17:50:00,Biotech Department,6.32,15.22,2.41,Normal,17,4,0,15.231200000000001,0.011200000000000543,3
2026-08-19 09:30:00,BT Department,6.02,33.64,5.59,Normal,9,2,0,33.651799999999994,0.011799999999993815,2
2026-08-16 23:10:00,Chemistry Lab,7.37,44.86,6.09,Normal,23,6,1,44.8833,0.023299999999998988,5
2026-07-03 15:30:00,HOD Department,4.04,26.1,6.47,Normal,15,4,0,26.1388,0.03879999999999839,7
2026-08-03 20:30:00,IT Department,5.75,39.35,6.85,Normal,20,0,0,39.387499999999996,0.037499999999994316,8
2026-08-18 13:40:00,IT Department,3.26,20.5,6.28,Normal,13,1,0,20.4728,0.027200000000000557,8
2026-08-25 13:50:00,AIML Department,3.49,34.46,9.89,Normal,13,1,0,34.5161,0.056100000000000705,1
2026-07-24 21:30:00,Electronics Department,12.21,354.25,29.02,Suspicious,21,4,0,354.3342,0.08420000000000982,6
2026-08-16 02:20:00,BT Department,4.73,42.4,8.97,Normal,2,6,1,42.42810000000001,0.028100000000009118,2
2026-08-18 22:50:00,Electronics Department,5.03,16.9,3.36,Normal,22,1,0,16.9008,0.0008000000000016882,6
2026-08-13 04:50:00,AIML Department,10.69,269.15,25.19,Suspicious,4,3,0,269.2811,0.13110000000000355,1
2026-08-22 08:40:00,New Seminar Hall,5.33,20.17,3.79,Normal,8,5,1,20.2007,0.030699999999999505,10
2026-07-26 11:30:00,BT Department,3.46,33.21,9.6,Normal,11,6,1,33.216,0.006000000000000227,2
2026-08-08 16:00:00,AI Lab,4.82,25.31,5.25,Normal,16,5,1,25.305,0.004999999999999005,0
2026-07-06 12:20:00,AI Lab,10.9,302.61,27.77,Suspicious,12,0,0,302.693,0.08299999999996999,0
2026-07-12 04:30:00,Chemistry Lab,6.89,11.55,1.68,Normal,4,6,1,11.575199999999999,0.025199999999998113,5
2026-08-25 08:20:00,New Seminar Hall,4.02,10.51,2.62,Normal,8,1,0,10.532399999999999,0.02239999999999931,10
2026-07-22 10:20:00,Chemistry Lab,3.8,4.33,1.14,Normal,10,2,0,4.332,0.0019999999999997797,5
2026-07-24 07:10:00,CSE Department,3.69,21.05,5.7,Normal,7,4,0,21.033,0.01699999999999946,4
2026-08-02 09:40:00,AI Lab,2.6,8.0,3.08,Normal,9,6,1,8.008000000000001,0.008000000000000895,0
2026-08-15 00:20:00,Electronics Department,3.2,10.26,3.21,Normal,0,5,1,10.272,0.012000000000000455,6
2026-07-17 03:10:00,Biotech Department,6.17,9.43,1.53,Normal,3,4,0,9.4401,0.010099999999999554,3
2026-08-18 01:00:00,BT Department,5.82,56.81,9.76,Normal,1,1,0,56.803200000000004,0.006799999999998363,2
2026-07-17 12:50:00,Biotech Department,4.39,38.38,8.74,Normal,12,4,0,38.3686,0.011400000000001853,3
2026-07-22 02:40:00,IT Department,5.21,36.59,7.02,Normal,2,2,0,36.5742,0.01580000000000581,8
2026-08-11 06:40:00,Physics Lab,5.33,13.12,2.46,Normal,6,1,0,13.1118,0.008199999999998653,11
2026-08-14 16:20:00,AI Lab,6.19,35.41,5.72,Normal,16,4,0,35.406800000000004,0.003199999999992542,0
2026-08-21 16:50:00,Physics Lab,4.71,43.5,9.23,Normal,16,4,0,43.4733,0.02669999999999817,11
2026-07-21 15:50:00,Physics Lab,5.73,42.89,7.49,Normal,15,1,0,42.9177,0.027700000000002944,11
2026-07-03 03:10:00,Chemistry Lab,6.77,48.9,7.22,Normal,3,4,0,48.8794,0.020600000000001728,5
2026-08-21 05:20:00,AI Lab,4.68,37.98,8.11,Normal,5,4,0,37.95479999999999,0.025200000000005218,0
2026-08-09 22:40:00,New Seminar Hall,5.24,38.47,7.35,Normal,22,6,1,38.514,0.044000000000004036,10
2026-08-07 05:20:00,Electronics Department,5.2,48.59,9.35,Normal,5,4,0,48.62,0.02999999999999403,6
2026-08-17 11:10:00,AIML Department,4.82,38.97,8.09,Normal,11,0,0,38.9938,0.023800000000001376,1
2026-07-03 23:20:00,CSE Department,4.28,18.35,4.29,Normal,23,4,0,18.3612,0.011199999999998766,4
2026-08-06 05:20:00,Physics Lab,5.77,19.63,3.4,Normal,5,3,0,19.618,0.012000000000000455,11
2026-07-19 04:10:00,Mechanical Lab,8.33,58.0,6.97,Normal,4,6,1,58.0601,0.06009999999999849,9
2026-07-16 19:10:00,New Seminar Hall,5.98,15.45,2.58,Normal,19,3,0,15.428400000000002,0.02159999999999762,10
2026-07-05 11:50:00,CSE Department,4.39,12.67,2.88,Normal,11,6,1,12.643199999999998,0.02680000000000149,4
2026-07-14 03:20:00,Chemistry Lab,3.85,16.99,4.41,Normal,3,1,0,16.9785,0.011499999999998067,5
2026-07-01 15:30:00,IT Department,3.77,22.8,6.04,Normal,15,2,0,22.7708,0.02919999999999945,8
2026-07-11 08:40:00,Mechanical Lab,6.95,64.58,9.29,Normal,8,5,1,64.5655,0.014499999999998181,9
2026-07-12 19:20:00,IT Department,3.74,10.93,2.92,Normal,19,6,1,10.9208,0.009199999999999875,8
2026-07-12 08:20:00,AIML Department,2.65,7.48,2.82,Normal,8,6,1,7.472999999999999,0.0070000000000014495,1
2026-08-05 20:50:00,BT Department,12.08,216.35,17.91,Suspicious,20,2,0,216.3528,0.0028000000000076852,2
2026-07-14 11:30:00,Biotech Department,18.93,1362.86,71.98,Critical,11,1,0,1362.5814,0.2785999999998694,3
2026-08-07 07:20:00,HOD Department,2.94,17.35,5.9,Normal,7,4,0,17.346,0.004000000000001336,7
2026-08-09 01:00:00,BT Department,5.51,50.99,9.26,Normal,1,6,1,51.0226,0.03259999999999508,2
2026-08-05 23:30:00,AIML Department,3.07,20.26,6.59,Normal,23,2,0,20.231299999999997,0.028700000000004167,1
2026-08-07 07:00:00,AI Lab,14.7,231.94,15.78,Suspicious,7,4,0,231.96599999999998,0.025999999999982037,0
2026-07-31 18:10:00,Chemistry Lab,5.76,46.51,8.07,Normal,18,4,0,46.4832,0.02680000000000149,5
2026-08-23 11:10:00,CSE Department,4.09,29.35,7.18,Normal,11,6,1,29.3662,0.016199999999997772,4
2026-07-20 00:30:00,AIML Department,4.0,30.1,7.53,Normal,0,0,0,30.12,0.019999999999999574,1
2026-07-17 09:00:00,Chemistry Lab,22.06,1081.11,49.01,Critical,9,4,0,1081.1606,0.05060000000003129,5
2026-07-27 15:40:00,IT Department,2.52,16.92,6.7,Normal,15,0,0,16.884,0.036000000000001364,8
2026-08-19 01:40:00,AI Lab,5.91,42.08,7.12,Normal,1,2,0,42.0792,0.0007999999999981355,0
2026-08-13 13:40:00,Biotech Department,4.46,24.95,5.6,Normal,13,3,0,24.976,0.0259999999999998,3
2026-07-24 19:10:00,AIML Department,3.43,31.74,9.27,Normal,19,4,0,31.7961,0.056100000000000705,1
2026-07-29 05:10:00,Electronics Department,6.04,59.06,9.79,Normal,5,2,0,59.13159999999999,0.07159999999998945,6
2026-07-12 10:40:00,New Seminar Hall,5.64,31.53,5.59,Normal,10,6,1,31.527599999999996,0.0024000000000050647,10
2026-08-16 09:40:00,Physics Lab,3.36,13.08,3.9,Normal,9,6,1,13.104,0.023999999999999133,11
2026-08-09 20:00:00,Biotech Department,4.58,44.98,9.83,Normal,20,6,1,45.0214,0.04140000000000299,3
2026-07-24 16:00:00,Electronics Department,3.07,3.6,1.17,Normal,16,4,0,3.5918999999999994,0.008100000000000662,6
2026-08-13 21:40:00,Mechanical Lab,15.45,168.36,10.9,Suspicious,21,3,0,168.405,0.044999999999987494,9
2026-07-21 03:10:00,AI Lab,4.46,19.45,4.36,Normal,3,1,0,19.445600000000002,0.004399999999996851,0
2026-08-01 05:00:00,New Seminar Hall,6.71,42.56,6.35,Normal,5,5,1,42.6085,0.0484999999999971,10
2026-08-10 17:50:00,Electronics Department,5.33,45.18,8.48,Normal,17,0,0,45.1984,0.01839999999999975,6
2026-07-10 08:20:00,Biotech Department,5.13,10.82,2.11,Normal,8,4,0,10.8243,0.00429999999999886,3
2026-07-04 07:00:00,New Seminar Hall,4.51,7.46,1.66,Normal,7,5,1,7.486599999999999,0.02659999999999929,10
2026-07-25 05:30:00,AI Lab,6.0,58.49,9.74,Normal,5,5,1,58.44,0.05000000000000426,0
2026-07-06 22:10:00,CSE Department,3.2,21.67,6.78,Normal,22,0,0,21.696,0.0259999999999998,4
2026-07-17 02:50:00,Chemistry Lab,15.92,353.09,22.17,Suspicious,2,4,0,352.94640000000004,0.14359999999993533,5
2026-07-04 04:20:00,AI Lab,3.72,30.48,8.2,Normal,4,5,1,30.503999999999998,0.023999999999997357,0
2026-08-16 19:30:00,Mechanical Lab,5.34,11.91,2.23,Normal,19,6,1,11.908199999999999,0.001800000000001134,9
2026-07-05 22:50:00,CSE Department,4.31,30.51,7.08,Normal,22,6,1,30.514799999999997,0.004799999999995919,4
2026-07-18 10:20:00,Mechanical Lab,4.67,39.1,8.37,Normal,10,5,1,39.0879,0.012100000000003774,9
2026-07-04 09:00:00,Biotech Department,5.24,38.91,7.43,Normal,9,5,1,38.9332,0.023200000000002774,3
2026-08-08 16:50:00,Mechanical Lab,5.33,6.56,1.23,Normal,16,5,1,6.5559,0.004099999999999326,9
2026-08-19 20:20:00,Physics Lab,12.97,137.67,10.62,Suspicious,20,2,0,137.7414,0.07140000000001123,11
2026-07-04 08:20:00,Biotech Department,5.41,45.26,8.37,Normal,8,5,1,45.281699999999994,0.02169999999999561,3
2026-08-06 21:30:00,Chemistry Lab,7.28,25.63,3.52,Normal,21,3,0,25.625600000000002,0.004399999999996851,5
2026-07-06 13:10:00,AI Lab,3.69,32.34,8.76,Normal,13,0,0,32.3244,0.015600000000006276,0
2026-07-14 21:20:00,HOD Department,8.71,259.19,29.77,Suspicious,21,1,0,259.29670000000004,0.1067000000000462,7
2026-07-16 03:30:00,CSE Department,11.23,279.65,24.9,Suspicious,3,3,0,279.627,0.022999999999967713,4
2026-08-05 03:30:00,Electronics Department,5.61,40.59,7.23,Normal,3,2,0,40.560300000000005,0.029699999999998283,6
2026-07-23 06:30:00,IT Department,3.92,6.65,1.7,Normal,6,3,0,6.664,0.013999999999999346,8
2026-08-03 11:50:00,Biotech Department,5.74,42.44,7.4,Normal,11,0,0,42.476000000000006,0.03600000000000847,3
2026-08-24 17:50:00,CSE Department,3.28,4.04,1.23,Normal,17,0,0,4.0344,0.005600000000000271,4
2026-08-15 07:10:00,Biotech Department,2.38,23.62,9.93,Normal,7,5,1,23.633399999999998,0.013399999999997192,3
2026-07-23 02:30:00,Physics Lab,5.86,48.88,8.34,Normal,2,3,0,48.8724,0.007600000000003604,11
2026-07-08 14:50:00,IT Department,5.28,34.83,6.6,Normal,14,2,0,34.848,0.018000000000000682,8
2026-07-05 16:20:00,Electronics Department,11.87,155.02,13.06,Suspicious,16,6,1,155.0222,0.0021999999999877673,6
2026-07-13 15:50:00,Mechanical Lab,6.89,46.06,6.68,Normal,15,0,0,46.0252,0.03480000000000416,9
2026-07-22 10:30:00,New Seminar Hall,5.83,21.03,3.61,Normal,10,2,0,21.0463,0.01629999999999754,10
2026-07-16 11:00:00,Biotech Department,6.05,22.67,3.75,Normal,11,3,0,22.6875,0.017499999999998295,3
2026-07-09 19:50:00,Biotech Department,3.62,27.6,7.63,Normal,19,3,0,27.6206,0.020599999999998175,3
2026-07-02 19:00:00,Electronics Department,8.15,87.45,10.73,Suspicious,19,3,0,87.4495,0.0005000000000023874,6
2026-08-12 22:20:00,Chemistry Lab,11.18,188.74,16.88,Suspicious,22,2,0,188.71839999999997,0.021600000000034925,5
2026-07-28 20:10:00,IT Department,3.57,7.63,2.14,Normal,20,1,0,7.6398,0.009800000000000253,8
2026-08-17 17:00:00,Electronics Department,4.21,4.57,1.09,Normal,17,0,0,4.588900000000001,0.01890000000000036,6
2026-07-02 02:20:00,CSE Department,5.73,57.08,9.96,Normal,2,3,0,57.07080000000001,0.009199999999985664,4
2026-07-01 16:30:00,Electronics Department,5.88,16.83,2.86,Normal,16,2,0,16.8168,0.013199999999997658,6
2026-07-11 17:50:00,AI Lab,7.99,52.34,6.55,Normal,17,5,1,52.3345,0.005500000000004945,0
2026-07-09 00:50:00,New Seminar Hall,7.54,26.9,3.57,Normal,0,3,0,26.9178,0.017800000000001148,10
2026-07-11 12:00:00,HOD Department,2.88,16.49,5.72,Normal,12,5,1,16.473599999999998,0.01640000000000086,7
2026-08-24 07:50:00,IT Department,4.2,30.98,7.37,Normal,7,0,0,30.954,0.0259999999999998,8
2026-07-15 11:20:00,BT Department,10.56,111.68,10.57,Suspicious,11,2,0,111.6192,0.06080000000000041,2
2026-07-05 20:40:00,AI Lab,3.83,17.11,4.47,Normal,20,6,1,17.1201,0.01010000000000133,0
2026-07-17 13:30:00,Mechanical Lab,7.04,57.79,8.2,Normal,13,4,0,57.727999999999994,0.06200000000000472,9
2026-07-20 06:20:00,IT Department,2.58,14.45,5.6,Normal,6,0,0,14.447999999999999,0.002000000000000668,8
2026-08-09 04:50:00,Chemistry Lab,6.79,35.81,5.27,Normal,4,6,1,35.7833,0.026700000000005275,5
2026-08-03 11:40:00,CSE Department,4.75,32.54,6.85,Normal,11,0,0,32.5375,0.0024999999999977263,4
2026-07-28 02:30:00,IT Department,19.67,1238.29,62.94,Critical,2,1,0,1238.0298,0.2601999999999407,8
2026-08-20 10:40:00,Physics Lab,5.77,47.51,8.23,Normal,10,3,0,47.4871,0.02289999999999992,11
2026-07-13 19:10:00,Mechanical Lab,5.54,29.35,5.29,Normal,19,0,0,29.3066,0.04340000000000188,9
2026-07-13 03:40:00,AI Lab,4.89,17.65,3.61,Normal,3,0,0,17.6529,0.0029000000000003467,0
2026-08-15 01:20:00,AI Lab,3.42,12.53,3.66,Normal,1,5,1,12.5172,0.01279999999999859,0
2026-07-19 20:50:00,Physics Lab,4.07,35.11,8.63,Normal,20,6,1,35.124100000000006,0.014100000000006219,11
2026-08-02 05:10:00,Biotech Department,4.17,14.42,3.46,Normal,5,6,1,14.4282,0.00820000000000043,3
2026-07-27 15:10:00,IT Department,3.23,31.73,9.83,Normal,15,0,0,31.7509,0.02090000000000103,8
2026-08-06 03:30:00,Mechanical Lab,5.63,33.93,6.03,Normal,3,3,0,33.9489,0.018900000000002137,9
2026-07-21 18:50:00,Mechanical Lab,5.77,15.09,2.61,Normal,18,1,0,15.059699999999998,0.030300000000002214,9
2026-07-11 17:40:00,Physics Lab,26.85,1723.26,64.18,Critical,17,5,1,1723.2330000000002,0.026999999999816282,11
2026-07-21 18:10:00,Mechanical Lab,7.06,14.37,2.03,Normal,18,1,0,14.331799999999998,0.038200000000001566,9
2026-08-18 10:00:00,Mechanical Lab,5.5,10.85,1.97,Normal,10,1,0,10.834999999999999,0.015000000000000568,9
2026-08-15 08:20:00,CSE Department,2.58,11.48,4.46,Normal,8,5,1,11.5068,0.026799999999999713,4
2026-08-13 12:10:00,HOD Department,3.54,8.57,2.42,Normal,12,3,0,8.5668,0.0031999999999996476,7
2026-08-13 20:20:00,HOD Department,4.12,18.37,4.46,Normal,20,3,0,18.3752,0.005199999999998539,7
2026-08-03 20:00:00,BT Department,4.65,4.97,1.07,Normal,20,0,0,4.9755,0.0055000000000005045,2
2026-08-11 03:20:00,Chemistry Lab,5.75,26.88,4.67,Normal,3,1,0,26.8525,0.027499999999999858,5
2026-08-11 18:10:00,Physics Lab,5.46,43.92,8.04,Normal,18,1,0,43.898399999999995,0.021600000000006503,11
2026-07-28 22:30:00,AI Lab,4.98,36.58,7.35,Normal,22,1,0,36.603,0.02300000000000324,0
2026-08-06 11:00:00,Electronics Department,5.09,30.22,5.94,Normal,11,3,0,30.2346,0.0146000000000015,6
2026-07-18 18:20:00,Electronics Department,7.1,30.8,4.34,Normal,18,5,1,30.813999999999997,0.013999999999995794,6
2026-07-15 19:10:00,IT Department,4.43,39.92,9.0,Normal,19,2,0,39.87,0.05000000000000426,8
2026-07-06 05:30:00,Biotech Department,6.75,62.63,9.27,Normal,5,0,0,62.5725,0.05750000000000455,3
2026-07-14 08:00:00,AIML Department,3.69,33.12,8.97,Normal,8,1,0,33.0993,0.020699999999997942,1
2026-07-18 19:20:00,Chemistry Lab,10.67,309.07,28.97,Suspicious,19,5,1,309.1099,0.03989999999998872,5
2026-08-09 01:50:00,Physics Lab,8.06,59.94,7.44,Normal,1,6,1,59.96640000000001,0.026400000000009527,11
2026-08-02 17:50:00,AIML Department,3.58,20.0,5.58,Normal,17,6,1,19.9764,0.02359999999999829,1
2026-07-01 17:30:00,Physics Lab,5.35,39.32,7.35,Normal,17,2,0,39.3225,0.0024999999999977263,11
2026-07-14 15:40:00,AI Lab,5.33,51.81,9.72,Normal,15,1,0,51.8076,0.002400000000001512,0
2026-08-25 05:00:00,CSE Department,2.73,26.42,9.68,Normal,5,1,0,26.426399999999997,0.006399999999995742,4
2026-07-27 05:20:00,IT Department,4.45,42.97,9.66,Normal,5,0,0,42.987,0.017000000000003013,8
2026-07-27 23:20:00,BT Department,5.38,21.9,4.07,Normal,23,0,0,21.8966,0.0033999999999991815,2
2026-08-14 20:00:00,New Seminar Hall,14.99,423.5,28.24,Suspicious,20,4,0,423.31759999999997,0.18240000000002965,10
2026-08-03 22:40:00,New Seminar Hall,8.1,48.92,6.04,Normal,22,0,0,48.924,0.003999999999997783,10
2026-07-04 23:50:00,New Seminar Hall,13.52,367.57,27.18,Suspicious,23,5,1,367.4736,0.09640000000001692,10
2026-08-12 17:30:00,IT Department,10.53,292.59,27.79,Suspicious,17,2,0,292.6287,0.03870000000000573,8
2026-08-15 08:30:00,Physics Lab,4.67,24.64,5.28,Normal,8,5,1,24.657600000000002,0.017600000000001614,11
2026-07-23 14:50:00,New Seminar Hall,6.37,55.95,8.78,Normal,14,3,0,55.928599999999996,0.02140000000000697,10
2026-08-12 11:00:00,Mechanical Lab,5.63,7.43,1.32,Normal,11,2,0,7.4316,0.001600000000000712,9
2026-08-08 22:50:00,IT Department,3.95,16.35,4.14,Normal,22,5,1,16.352999999999998,0.002999999999996561,8
2026-07-05 06:10:00,AI Lab,5.75,27.26,4.74,Normal,6,6,1,27.255000000000003,0.004999999999999005,0
2026-08-22 11:40:00,AI Lab,6.37,35.23,5.53,Normal,11,5,1,35.2261,0.0038999999999944635,0
2026-07-21 05:00:00,Biotech Department,4.4,43.29,9.84,Normal,5,1,0,43.296,0.006000000000000227,3
2026-08-22 16:20:00,IT Department,2.68,11.02,4.12,Normal,16,5,1,11.0416,0.021600000000001174,8
2026-07-16 11:50:00,Physics Lab,5.9,57.27,9.7,Normal,11,3,0,57.23,0.04000000000000625,11
2026-08-14 20:40:00,Electronics Department,6.01,18.13,3.02,Normal,20,4,0,18.150199999999998,0.020199999999999108,6
2026-07-15 11:00:00,Electronics Department,4.98,47.64,9.57,Normal,11,2,0,47.65860000000001,0.01860000000000639,6
2026-07-05 18:40:00,Chemistry Lab,6.13,33.59,5.48,Normal,18,6,1,33.592400000000005,0.002400000000001512,5
2026-07-18 07:30:00,Biotech Department,6.31,58.07,9.2,Normal,7,5,1,58.05199999999999,0.018000000000007788,3
2026-07-18 02:00:00,Electronics Department,4.88,18.22,3.74,Normal,2,5,1,18.2512,0.031200000000001893,6
2026-07-29 03:10:00,Mechanical Lab,7.12,17.87,2.51,Normal,3,2,0,17.871199999999998,0.0011999999999972033,9
2026-07-06 09:40:00,Mechanical Lab,5.48,12.03,2.19,Normal,9,0,0,12.0012,0.028799999999998604,9
2026-08-10 12:50:00,Electronics Department,4.45,29.73,6.67,Normal,12,0,0,29.6815,0.048500000000000654,6
2026-08-04 16:30:00,CSE Department,5.04,17.39,3.45,Normal,16,1,0,17.388,0.0019999999999988916,4
2026-07-14 23:20:00,HOD Department,3.49,11.42,3.28,Normal,23,1,0,11.4472,0.027200000000000557,7
2026-08-07 02:40:00,New Seminar Hall,4.4,31.15,7.07,Normal,2,4,0,31.108000000000004,0.041999999999994486,10
2026-07-25 11:50:00,BT Department,6.28,21.95,3.5,Normal,11,5,1,21.98,0.030000000000001137,2
2026-07-16 09:00:00,AIML Department,4.47,12.31,2.75,Normal,9,3,0,12.292499999999999,0.017500000000001847,1
2026-08-18 12:40:00,AI Lab,4.45,35.18,7.9,Normal,12,1,0,35.155,0.02499999999999858,0
2026-08-23 08:20:00,Physics Lab,6.23,11.44,1.84,Normal,8,6,1,11.4632,0.023200000000000998,11
2026-07-03 14:10:00,AI Lab,3.33,3.94,1.18,Normal,14,4,0,3.9294,0.010600000000000165,0
2026-07-13 23:20:00,New Seminar Hall,4.29,22.07,5.15,Normal,23,0,0,22.093500000000002,0.023500000000002075,10
2026-08-05 04:50:00,AI Lab,5.49,42.71,7.78,Normal,4,2,0,42.7122,0.002200000000001978,0
2026-08-06 03:50:00,IT Department,2.76,4.73,1.72,Normal,3,3,0,4.747199999999999,0.017199999999998994,8
2026-07-03 08:20:00,AIML Department,4.11,7.79,1.9,Normal,8,4,0,7.809,0.019000000000000128,1
2026-07-13 11:10:00,Electronics Department,8.47,93.67,11.05,Suspicious,11,0,0,93.59350000000002,0.07649999999998158,6
2026-07-23 09:20:00,AIML Department,3.44,29.62,8.62,Normal,9,3,0,29.652799999999996,0.03279999999999461,1
2026-08-19 03:30:00,AIML Department,5.34,23.28,4.36,Normal,3,2,0,23.282400000000003,0.002400000000001512,1
2026-07-20 10:20:00,Electronics Department,3.47,11.53,3.33,Normal,10,0,0,11.555100000000001,0.0251000000000019,6
2026-07-17 19:20:00,AIML Department,3.53,18.79,5.32,Normal,19,4,0,18.7796,0.010400000000000631,1
2026-08-01 10:10:00,Biotech Department,6.26,54.39,8.69,Normal,10,5,1,54.39939999999999,0.009399999999992303,3
2026-08-24 04:00:00,New Seminar Hall,16.14,418.78,25.95,Suspicious,4,0,0,418.833,0.053000000000054115,10
2026-07-22 21:00:00,AI Lab,4.5,14.14,3.14,Normal,21,2,0,14.13,0.009999999999999787,0
2026-08-07 02:00:00,HOD Department,3.23,19.75,6.11,Normal,2,4,0,19.735300000000002,0.014699999999997715,7
2026-07-25 09:20:00,IT Department,5.21,48.66,9.33,Normal,9,5,1,48.6093,0.05069999999999908,8
2026-07-31 16:40:00,AI Lab,3.92,9.47,2.42,Normal,16,4,0,9.4864,0.016399999999999082,0
2026-08-22 10:00:00,New Seminar Hall,17.3,514.73,29.76,Suspicious,10,5,1,514.8480000000001,0.11800000000005184,10
2026-08-16 23:00:00,New Seminar Hall,7.39,32.47,4.39,Normal,23,6,1,32.442099999999996,0.02790000000000248,10
2026-08-16 14:30:00,CSE Department,4.99,44.53,8.92,Normal,14,6,1,44.5108,0.019199999999997885,4
2026-08-05 16:30:00,BT Department,6.25,37.59,6.01,Normal,16,2,0,37.5625,0.02750000000000341,2
2026-07-07 08:00:00,HOD Department,3.62,29.53,8.16,Normal,8,1,0,29.5392,0.009199999999999875,7
2026-08-22 21:30:00,Chemistry Lab,5.95,58.58,9.84,Normal,21,5,1,58.548,0.031999999999996476,5
2026-08-17 09:40:00,Electronics Department,15.59,1014.43,65.05,Critical,9,0,0,1014.1294999999999,0.3005000000000564,6
2026-07-27 02:00:00,New Seminar Hall,6.17,29.55,4.79,Normal,2,0,0,29.5543,0.004300000000000637,10
2026-08-25 10:40:00,HOD Department,3.32,14.23,4.28,Normal,10,1,0,14.2096,0.020400000000000418,7
2026-07-03 21:50:00,HOD Department,3.45,29.54,8.56,Normal,21,4,0,29.532000000000004,0.007999999999995566,7
2026-07-25 11:30:00,New Seminar Hall,5.93,19.94,3.36,Normal,11,5,1,19.924799999999998,0.015200000000003655,10
2026-07-17 22:10:00,New Seminar Hall,6.54,9.18,1.4,Normal,22,4,0,9.155999999999999,0.02400000000000091,10
2026-08-14 05:00:00,Chemistry Lab,6.84,11.39,1.66,Normal,5,4,0,11.3544,0.03560000000000052,5
2026-08-13 23:20:00,Biotech Department,5.29,46.98,8.87,Normal,23,3,0,46.92229999999999,0.05770000000000408,3
2026-08-09 15:50:00,Biotech Department,6.89,22.02,3.2,Normal,15,6,1,22.048000000000002,0.028000000000002245,3
2026-08-01 11:50:00,AI Lab,2.89,22.28,7.71,Normal,11,5,1,22.2819,0.0018999999999991246,0
2026-08-23 14:10:00,AIML Department,3.88,5.87,1.51,Normal,14,6,1,5.8588,0.011200000000000543,1
2026-07-10 18:40:00,AIML Department,6.1,29.92,4.91,Normal,18,4,0,29.951,0.030999999999998806,1
2026-07-07 15:50:00,AIML Department,4.04,13.65,3.38,Normal,15,1,0,13.655199999999999,0.005199999999998539,1
2026-08-06 00:50:00,Mechanical Lab,6.72,17.32,2.58,Normal,0,3,0,17.3376,0.01759999999999806,9
2026-07-31 03:50:00,New Seminar Hall,6.08,37.12,6.11,Normal,3,4,0,37.1488,0.028800000000003934,10
2026-08-25 17:20:00,Electronics Department,4.01,19.84,4.95,Normal,17,1,0,19.8495,0.009499999999999176,6
2026-08-02 07:00:00,AI Lab,10.68,295.92,27.7,Suspicious,7,6,1,295.836,0.08400000000000318,0
2026-07-08 00:40:00,CSE Department,3.23,8.49,2.63,Normal,0,2,0,8.4949,0.004899999999999238,4
2026-07-11 05:10:00,Physics Lab,7.2,16.92,2.35,Normal,5,5,1,16.92,0.0,11
2026-07-02 04:20:00,New Seminar Hall,6.42,20.69,3.22,Normal,4,3,0,20.6724,0.017600000000001614,10
2026-07-04 15:50:00,CSE Department,3.54,7.43,2.1,Normal,15,5,1,7.434,0.004000000000000448,4
2026-07-05 22:20:00,CSE Department,4.35,13.33,3.07,Normal,22,6,1,13.354499999999998,0.024499999999997968,4
2026-08-16 19:20:00,New Seminar Hall,9.68,42.11,4.35,Normal,19,6,1,42.108,0.0020000000000024443,10
2026-07-16 12:50:00,Physics Lab,6.3,10.66,1.69,Normal,12,3,0,10.647,0.0129999999999999,11
2026-08-06 13:00:00,Chemistry Lab,7.81,68.33,8.75,Normal,13,3,0,68.33749999999999,0.007499999999993179,5
2026-07-16 03:10:00,Electronics Department,4.34,39.95,9.2,Normal,3,3,0,39.928,0.02200000000000557,6
2026-07-04 09:10:00,Biotech Department,4.87,40.38,8.29,Normal,9,5,1,40.372299999999996,0.0077000000000069235,3
2026-07-10 21:50:00,Mechanical Lab,8.47,72.91,8.6,Normal,21,4,0,72.842,0.06799999999999784,9
2026-07-11 08:30:00,BT Department,2.78,15.83,5.7,Normal,8,5,1,15.846,0.016000000000000014,2
2026-07-31 17:50:00,IT Department,3.7,10.96,2.97,Normal,17,4,0,10.989,0.028999999999999915,8
2026-07-31 10:30:00,Physics Lab,5.22,11.46,2.2,Normal,10,4,0,11.484,0.023999999999999133,11
2026-07-11 14:10:00,Electronics Department,3.05,8.21,2.69,Normal,14,5,1,8.2045,0.005500000000001393,6
2026-08-17 04:50:00,BT Department,4.98,15.98,3.21,Normal,4,0,0,15.985800000000001,0.0058000000000006935,2
2026-07-09 11:30:00,Chemistry Lab,3.28,7.25,2.21,Normal,11,3,0,7.248799999999999,0.001200000000000756,5
2026-08-01 19:40:00,Chemistry Lab,6.75,46.72,6.92,Normal,19,5,1,46.71,0.00999999999999801,5
2026-08-07 21:30:00,CSE Department,3.88,34.65,8.93,Normal,21,4,0,34.648399999999995,0.0016000000000033765,4
2026-07-18 07:40:00,CSE Department,5.9,30.62,5.19,Normal,7,5,1,30.621000000000006,0.0010000000000047748,4
2026-07-28 18:00:00,Chemistry Lab,21.44,1824.38,85.09,Critical,18,1,0,1824.3296000000003,0.05039999999985412,5
2026-07-22 18:10:00,Physics Lab,13.4,140.93,10.52,Suspicious,18,2,0,140.968,0.03799999999998249,11
2026-07-03 06:30:00,AIML Department,3.17,13.55,4.27,Normal,6,4,0,13.535899999999998,0.014100000000002666,1
2026-07-19 06:00:00,BT Department,4.79,26.6,5.55,Normal,6,6,1,26.5845,0.015500000000002956,2
2026-08-02 10:50:00,IT Department,4.09,38.42,9.4,Normal,10,6,1,38.446,0.02599999999999625,8
2026-07-08 23:30:00,Physics Lab,5.8,11.13,1.92,Normal,23,2,0,11.136,0.005999999999998451,11
2026-08-13 13:20:00,Mechanical Lab,4.42,33.38,7.55,Normal,13,3,0,33.371,0.009000000000000341,9
2026-07-13 02:20:00,Chemistry Lab,5.96,44.92,7.54,Normal,2,0,0,44.9384,0.01839999999999975,5
2026-07-16 05:00:00,CSE Department,3.62,33.53,9.27,Normal,5,3,0,33.5574,0.02740000000000009,4
2026-07-24 08:50:00,Chemistry Lab,5.64,37.72,6.69,Normal,8,4,0,37.7316,0.011600000000001387,5
2026-07-18 03:50:00,Mechanical Lab,5.38,32.22,5.99,Normal,3,5,1,32.2262,0.006199999999999761,9
2026-08-13 23:30:00,Chemistry Lab,11.9,150.4,12.64,Suspicious,23,3,0,150.41600000000003,0.016000000000019554,5
2026-08-05 13:00:00,Mechanical Lab,24.77,1795.91,72.51,Critical,13,2,0,1796.0727000000002,0.16270000000008622,9
2026-07-05 08:10:00,Electronics Department,4.33,17.0,3.93,Normal,8,6,1,17.0169,0.016899999999999693,6
2026-07-01 17:50:00,AIML Department,6.6,41.96,6.35,Normal,17,2,0,41.91,0.05000000000000426,1
2026-07-06 19:10:00,CSE Department,4.21,39.33,9.35,Normal,19,0,0,39.363499999999995,0.03349999999999653,4
2026-07-18 23:50:00,AIML Department,4.78,18.3,3.83,Normal,23,5,1,18.3074,0.007400000000000517,1
2026-08-10 19:50:00,Chemistry Lab,15.19,374.1,24.63,Suspicious,19,0,0,374.12969999999996,0.029699999999934334,5
2026-08-05 19:20:00,Electronics Department,3.59,21.17,5.9,Normal,19,2,0,21.181,0.010999999999999233,6
2026-07-31 05:20:00,Electronics Department,3.64,23.18,6.37,Normal,5,4,0,23.1868,0.006800000000001916,6
2026-08-19 12:40:00,New Seminar Hall,5.49,24.31,4.43,Normal,12,2,0,24.3207,0.010699999999999932,10
2026-08-07 13:20:00,Mechanical Lab,4.66,13.53,2.9,Normal,13,4,0,13.514,0.016000000000000014,9
2026-08-22 11:50:00,IT Department,8.55,148.67,17.38,Suspicious,11,5,1,148.59900000000002,0.07099999999996953,8
2026-08-22 18:50:00,IT Department,17.91,1023.16,57.11,Critical,18,5,1,1022.8401,0.31989999999996144,8
2026-07-28 11:10:00,Electronics Department,5.06,26.75,5.28,Normal,11,1,0,26.7168,0.033200000000000784,6
2026-08-22 09:30:00,BT Department,5.63,21.61,3.84,Normal,9,5,1,21.6192,0.009199999999999875,2
2026-08-14 19:10:00,CSE Department,10.3,193.24,18.76,Suspicious,19,4,0,193.22800000000004,0.011999999999972033,4
2026-08-06 04:30:00,AIML Department,2.37,17.26,7.27,Normal,4,3,0,17.2299,0.030100000000000904,1
2026-08-17 12:10:00,AI Lab,3.0,10.13,3.38,Normal,12,0,0,10.14,0.009999999999999787,0
2026-07-02 14:40:00,CSE Department,4.42,35.64,8.07,Normal,14,3,0,35.6694,0.029400000000002535,4
2026-07-18 11:40:00,IT Department,3.25,4.86,1.49,Normal,11,5,1,4.8425,0.01750000000000007,8
2026-07-18 19:10:00,Biotech Department,4.94,9.91,2.0,Normal,19,5,1,9.88,0.02999999999999936,3
2026-07-04 06:00:00,Mechanical Lab,12.58,184.06,14.63,Suspicious,6,5,1,184.0454,0.0146000000000015,9
2026-07-05 04:10:00,IT Department,2.96,26.48,8.95,Normal,4,6,1,26.491999999999997,0.011999999999996902,8
2026-07-11 00:50:00,AIML Department,3.27,15.25,4.66,Normal,0,5,1,15.2382,0.011799999999999145,1
2026-08-20 00:40:00,IT Department,4.53,5.14,1.14,Normal,0,3,0,5.1642,0.024200000000000443,8
2026-07-18 01:10:00,New Seminar Hall,6.19,53.14,8.59,Normal,1,5,1,53.1721,0.032099999999999795,10
2026-08-17 18:00:00,Physics Lab,5.71,32.56,5.7,Normal,18,0,0,32.547000000000004,0.012999999999998124,11
2026-07-13 13:20:00,Chemistry Lab,4.77,8.09,1.7,Normal,13,0,0,8.108999999999998,0.01899999999999835,5
2026-08-22 13:30:00,HOD Department,3.57,30.88,8.64,Normal,13,5,1,30.8448,0.035199999999999676,7
2026-07-03 09:30:00,AI Lab,4.65,19.5,4.19,Normal,9,4,0,19.483500000000003,0.016499999999997073,0
2026-07-04 09:50:00,CSE Department,3.54,22.46,6.34,Normal,9,5,1,22.4436,0.01640000000000086,4
2026-07-25 21:40:00,Mechanical Lab,5.34,25.01,4.69,Normal,21,5,1,25.044600000000003,0.034600000000001074,9
2026-07-09 02:30:00,New Seminar Hall,6.92,52.18,7.54,Normal,2,3,0,52.1768,0.0031999999999996476,10
2026-07-19 21:30:00,AI Lab,4.14,9.36,2.26,Normal,21,6,1,9.356399999999999,0.0036000000000004917,0
2026-07-19 10:10:00,CSE Department,5.48,32.46,5.92,Normal,10,6,1,32.4416,0.01839999999999975,4
2026-07-14 16:10:00,AI Lab,4.45,33.77,7.6,Normal,16,1,0,33.82,0.04999999999999716,0
2026-07-05 21:10:00,Physics Lab,6.69,25.29,3.78,Normal,21,6,1,25.2882,0.0017999999999993577,11
2026-08-03 00:40:00,Electronics Department,8.9,157.28,17.67,Suspicious,0,0,0,157.26300000000003,0.016999999999967486,6
2026-08-08 17:50:00,Chemistry Lab,3.21,21.14,6.59,Normal,17,5,1,21.1539,0.01389999999999958,5
2026-07-22 11:10:00,Chemistry Lab,4.71,32.17,6.83,Normal,11,2,0,32.1693,0.0007000000000019213,5
2026-07-30 18:30:00,Electronics Department,4.5,35.91,7.98,Normal,18,3,0,35.910000000000004,7.105427357601002e-15,6
2026-08-13 09:50:00,Mechanical Lab,5.76,25.19,4.37,Normal,9,3,0,25.1712,0.01880000000000237,9
2026-07-29 11:00:00,AI Lab,4.04,37.13,9.2,Normal,11,2,0,37.168,0.0379999999999967,0
2026-08-16 21:20:00,BT Department,3.69,30.4,8.23,Normal,21,6,1,30.3687,0.03129999999999811,2
2026-08-13 12:40:00,CSE Department,5.92,9.61,1.62,Normal,12,3,0,9.5904,0.01959999999999873,4
2026-07-05 05:00:00,Physics Lab,10.64,242.61,22.81,Suspicious,5,6,1,242.6984,0.08839999999997872,11
2026-08-17 03:10:00,Chemistry Lab,24.46,779.62,31.87,Critical,3,0,0,779.5402,0.07979999999997744,5
2026-07-10 20:30:00,Mechanical Lab,5.6,44.07,7.87,Normal,20,4,0,44.071999999999996,0.001999999999995339,9
2026-07-07 15:10:00,BT Department,4.94,32.75,6.63,Normal,15,1,0,32.7522,0.002200000000001978,2
2026-07-29 04:20:00,Mechanical Lab,3.83,18.42,4.81,Normal,4,2,0,18.4223,0.0022999999999981924,9
2026-07-11 06:50:00,Chemistry Lab,26.46,1658.81,62.69,Critical,6,5,1,1658.7774,0.03260000000000218,5
2026-08-24 11:40:00,BT Department,12.95,171.09,13.21,Suspicious,11,0,0,171.0695,0.02049999999999841,2
2026-07-31 23:20:00,Biotech Department,4.32,16.89,3.91,Normal,23,4,0,16.8912,0.001200000000000756,3
2026-08-05 06:00:00,HOD Department,4.29,14.25,3.32,Normal,6,2,0,14.242799999999999,0.007200000000000983,7
2026-08-11 18:00:00,AIML Department,4.51,35.08,7.78,Normal,18,1,0,35.0878,0.007800000000003138,1
2026-07-07 18:20:00,HOD Department,7.21,88.95,12.34,Suspicious,18,1,0,88.9714,0.021399999999999864,7
2026-07-23 12:40:00,BT Department,5.93,51.5,8.68,Normal,12,3,0,51.47239999999999,0.02760000000000673,2
2026-07-01 10:30:00,HOD Department,4.48,26.15,5.83,Normal,10,2,0,26.1184,0.03159999999999741,7
2026-08-20 14:40:00,Mechanical Lab,4.73,11.13,2.35,Normal,14,3,0,11.1155,0.014499999999999957,9
2026-08-20 22:20:00,AIML Department,4.78,24.98,5.23,Normal,22,3,0,24.999400000000005,0.019400000000004525,1
2026-08-09 22:20:00,Physics Lab,6.64,14.98,2.25,Normal,22,6,1,14.94,0.040000000000000924,11
2026-07-09 09:30:00,HOD Department,2.42,7.72,3.19,Normal,9,3,0,7.719799999999999,0.00020000000000042206,7
2026-07-26 06:20:00,New Seminar Hall,14.4,420.51,29.21,Suspicious,6,6,1,420.624,0.11400000000003274,10
2026-07-30 19:50:00,BT Department,3.73,10.55,2.83,Normal,19,3,0,10.5559,0.005899999999998684,2
2026-08-21 04:30:00,Biotech Department,10.59,252.16,23.81,Suspicious,4,4,0,252.1479,0.012100000000003774,3
2026-08-04 14:20:00,HOD Department,3.67,12.39,3.37,Normal,14,1,0,12.3679,0.02210000000000001,7
2026-08-09 03:10:00,AI Lab,4.75,44.3,9.33,Normal,3,6,1,44.3175,0.0175000000000054,0
2026-07-28 13:40:00,AIML Department,11.51,222.19,19.3,Suspicious,13,1,0,222.143,0.046999999999997044,1
2026-07-10 19:00:00,CSE Department,3.75,12.86,3.43,Normal,19,4,0,12.8625,0.002500000000001279,4
2026-07-09 18:00:00,Chemistry Lab,4.92,32.48,6.6,Normal,18,3,0,32.472,0.007999999999995566,5
2026-07-14 08:40:00,Mechanical Lab,3.64,28.12,7.72,Normal,8,1,0,28.1008,0.019200000000001438,9
2026-07-18 19:30:00,Biotech Department,5.71,18.39,3.22,Normal,19,5,1,18.386200000000002,0.0037999999999982492,3
2026-07-22 09:40:00,BT Department,3.82,26.83,7.02,Normal,9,2,0,26.816399999999998,0.013600000000000279,2
2026-08-13 12:50:00,BT Department,6.21,52.95,8.53,Normal,12,3,0,52.97129999999999,0.02129999999998944,2
2026-08-21 06:10:00,AI Lab,4.65,16.1,3.46,Normal,6,4,0,16.089000000000002,0.010999999999999233,0
2026-07-09 11:00:00,Electronics Department,2.31,3.18,1.38,Normal,11,3,0,3.1877999999999997,0.007799999999999585,6
2026-08-14 06:50:00,CSE Department,3.92,28.5,7.27,Normal,6,4,0,28.498399999999997,0.0016000000000033765,4
2026-08-15 14:30:00,AIML Department,10.94,122.1,11.17,Suspicious,14,5,1,122.1998,0.09980000000000189,1
2026-07-28 08:40:00,IT Department,4.59,22.74,4.95,Normal,8,1,0,22.7205,0.019499999999997186,8
2026-07-14 01:30:00,Electronics Department,5.2,14.09,2.71,Normal,1,1,0,14.092,0.002000000000000668,6
2026-08-04 23:50:00,HOD Department,3.15,24.06,7.64,Normal,23,1,0,24.066,0.006000000000000227,7
2026-07-14 05:50:00,AI Lab,11.88,233.13,19.63,Suspicious,5,1,0,233.2044,0.07439999999999714,0
2026-07-23 14:00:00,AI Lab,5.81,16.98,2.92,Normal,14,3,0,16.9652,0.014800000000001035,0
2026-07-29 04:40:00,AI Lab,6.52,40.56,6.22,Normal,4,2,0,40.554399999999994,0.005600000000008265,0
2026-07-30 10:20:00,Biotech Department,4.53,12.65,2.79,Normal,10,3,0,12.6387,0.01130000000000031,3
2026-07-27 03:10:00,AIML Department,2.98,8.58,2.88,Normal,3,0,0,8.5824,0.0023999999999997357,1
2026-08-10 01:10:00,Mechanical Lab,4.45,11.18,2.51,Normal,1,0,0,11.1695,0.010500000000000398,9
2026-07-04 00:30:00,IT Department,3.5,10.85,3.1,Normal,0,5,1,10.85,0.0,8
2026-08-05 19:50:00,Mechanical Lab,6.95,22.25,3.2,Normal,19,2,0,22.240000000000002,0.00999999999999801,9
2026-07-08 12:00:00,Biotech Department,2.24,19.99,8.93,Normal,12,2,0,20.0032,0.01320000000000121,3
2026-08-08 09:40:00,Mechanical Lab,8.0,27.04,3.38,Normal,9,5,1,27.04,0.0,9
2026-08-14 16:00:00,Electronics Department,3.83,21.36,5.58,Normal,16,4,0,21.3714,0.011400000000001853,6
2026-07-27 23:00:00,BT Department,3.36,11.2,3.33,Normal,23,0,0,11.1888,0.011199999999998766,2
2026-08-06 12:40:00,HOD Department,4.47,35.89,8.03,Normal,12,3,0,35.894099999999995,0.004099999999993997,7
2026-07-07 19:10:00,Biotech Department,5.36,22.55,4.21,Normal,19,1,0,22.5656,0.01559999999999917,3
2026-07-30 17:50:00,Biotech Department,7.0,50.02,7.14,Normal,17,3,0,49.98,0.04000000000000625,3
2026-07-06 03:10:00,IT Department,3.34,26.3,7.87,Normal,3,0,0,26.2858,0.014200000000002433,8
2026-07-14 11:10:00,AI Lab,5.93,27.67,4.66,Normal,11,1,0,27.6338,0.0362000000000009,0
2026-07-27 10:10:00,Physics Lab,5.16,40.51,7.85,Normal,10,0,0,40.506,0.003999999999997783,11
2026-07-31 10:00:00,AI Lab,4.05,18.58,4.59,Normal,10,4,0,18.589499999999997,0.009499999999999176,0
2026-08-14 12:10:00,CSE Department,5.12,6.4,1.25,Normal,12,4,0,6.4,0.0,4
2026-07-18 15:20:00,AIML Department,5.18,32.93,6.36,Normal,15,5,1,32.9448,0.014800000000001035,1
2026-08-17 08:10:00,IT Department,5.01,46.67,9.31,Normal,8,0,0,46.643100000000004,0.026899999999997704,8
2026-07-01 15:20:00,BT Department,4.11,29.5,7.17,Normal,15,2,0,29.468700000000002,0.03129999999999811,2
2026-08-07 13:40:00,New Seminar Hall,5.49,37.13,6.77,Normal,13,4,0,37.1673,0.03729999999999478,10
2026-07-17 01:10:00,Mechanical Lab,29.74,1254.44,42.18,Critical,1,4,0,1254.4332,0.00680000000011205,9
2026-08-19 08:10:00,Electronics Department,10.96,170.61,15.57,Suspicious,8,2,0,170.64720000000003,0.03720000000001278,6
2026-07-24 21:50:00,IT Department,5.32,28.02,5.27,Normal,21,4,0,28.0364,0.01640000000000086,8
2026-08-05 08:00:00,Mechanical Lab,28.98,2492.35,86.0,Critical,8,2,0,2492.28,0.06999999999970896,9
2026-07-22 06:20:00,New Seminar Hall,12.98,276.36,21.3,Suspicious,6,2,0,276.47400000000005,0.11400000000003274,10
2026-07-13 00:30:00,Biotech Department,6.09,14.92,2.45,Normal,0,0,0,14.9205,0.0005000000000006111,3
2026-08-11 19:40:00,Mechanical Lab,7.39,27.62,3.74,Normal,19,1,0,27.6386,0.018599999999999284,9
2026-08-24 20:40:00,CSE Department,10.52,115.46,10.97,Suspicious,20,0,0,115.4044,0.05559999999999832,4
2026-07-01 18:30:00,New Seminar Hall,14.01,154.65,11.04,Suspicious,18,2,0,154.67039999999997,0.020399999999966667,10
2026-07-25 08:30:00,CSE Department,3.53,22.76,6.45,Normal,8,5,1,22.7685,0.008499999999997954,4
2026-08-03 16:30:00,Biotech Department,6.16,24.21,3.93,Normal,16,0,0,24.2088,0.001200000000000756,3
2026-07-25 02:40:00,IT Department,3.17,16.4,5.17,Normal,2,5,1,16.3889,0.011099999999999,8
2026-07-02 21:50:00,BT Department,12.17,175.55,14.42,Suspicious,21,3,0,175.4914,0.05860000000001264,2
2026-07-29 23:30:00,Biotech Department,4.04,8.35,2.07,Normal,23,2,0,8.3628,0.012800000000000367,3
2026-08-05 03:40:00,Chemistry Lab,20.23,909.37,44.95,Critical,3,2,0,909.3385000000001,0.031499999999937245,5
2026-08-07 18:00:00,Physics Lab,5.38,37.81,7.03,Normal,18,4,0,37.821400000000004,0.011400000000001853,11
2026-08-21 08:50:00,CSE Department,5.97,15.48,2.59,Normal,8,4,0,15.462299999999999,0.01770000000000138,4
2026-07-08 01:30:00,IT Department,2.82,10.54,3.73,Normal,1,2,0,10.5186,0.021399999999999864,8
2026-07-13 20:50:00,AIML Department,7.9,81.27,10.29,Suspicious,20,0,0,81.291,0.021000000000000796,1
2026-07-30 13:40:00,CSE Department,2.93,18.25,6.22,Normal,13,3,0,18.2246,0.0254000000000012,4
2026-07-25 00:40:00,Mechanical Lab,7.38,7.76,1.05,Normal,0,5,1,7.7490000000000006,0.010999999999999233,9
2026-07-30 19:30:00,Chemistry Lab,4.19,29.56,7.06,Normal,19,3,0,29.581400000000002,0.021400000000003416,5
2026-08-09 18:50:00,New Seminar Hall,14.24,268.43,18.84,Suspicious,18,6,1,268.2816,0.148399999999981,10
2026-07-20 01:40:00,Mechanical Lab,5.38,50.62,9.42,Normal,1,0,0,50.6796,0.059600000000003206,9
2026-08-17 14:00:00,New Seminar Hall,4.89,9.46,1.93,Normal,14,0,0,9.4377,0.02230000000000132,10
2026-07-14 06:00:00,HOD Department,4.35,31.24,7.18,Normal,6,1,0,31.232999999999997,0.0070000000000014495,7
2026-07-28 23:00:00,Physics Lab,6.8,61.39,9.02,Normal,23,1,0,61.336,0.054000000000002046,11
2026-08-05 22:40:00,HOD Department,2.86,20.9,7.3,Normal,22,2,0,20.878,0.021999999999998465,7
2026-08-25 10:50:00,CSE Department,4.83,14.79,3.06,Normal,10,1,0,14.7798,0.01019999999999932,4
2026-07-21 00:10:00,Mechanical Lab,12.9,261.19,20.25,Suspicious,0,1,0,261.225,0.03500000000002501,9
2026-07-03 02:00:00,AI Lab,6.0,45.09,7.52,Normal,2,4,0,45.12,0.02999999999999403,0
2026-07-27 19:50:00,AIML Department,3.83,12.81,3.34,Normal,19,0,0,12.7922,0.017800000000001148,1
2026-08-25 20:20:00,AI Lab,5.12,46.04,8.99,Normal,20,1,0,46.028800000000004,0.011199999999995214,0
2026-07-13 18:10:00,Electronics Department,4.33,42.78,9.88,Normal,18,0,0,42.78040000000001,0.0004000000000061732,6
2026-08-16 05:30:00,Chemistry Lab,14.21,304.56,21.43,Suspicious,5,6,1,304.5203,0.03969999999998208,5
2026-07-15 15:10:00,New Seminar Hall,5.21,34.11,6.55,Normal,15,2,0,34.1255,0.015500000000002956,10
2026-08-18 05:50:00,Biotech Department,4.96,38.37,7.74,Normal,5,1,0,38.3904,0.020400000000002194,3
2026-07-21 03:50:00,Chemistry Lab,6.22,13.84,2.22,Normal,3,1,0,13.8084,0.031599999999999184,5
2026-08-10 11:30:00,BT Department,8.63,237.99,27.56,Suspicious,11,0,0,237.8428,0.147199999999998,2
2026-07-14 13:00:00,HOD Department,3.69,13.49,3.66,Normal,13,1,0,13.5054,0.015399999999999636,7
2026-07-16 01:10:00,HOD Department,4.0,12.93,3.23,Normal,1,3,0,12.92,0.009999999999999787,7
2026-08-11 08:10:00,Chemistry Lab,7.35,51.78,7.04,Normal,8,1,0,51.744,0.036000000000001364,5
2026-07-19 23:10:00,AIML Department,4.61,21.99,4.77,Normal,23,6,1,21.9897,0.0002999999999993008,1
2026-08-17 10:50:00,Mechanical Lab,2.95,12.89,4.37,Normal,10,0,0,12.8915,0.0015000000000000568,9
2026-08-08 17:10:00,Chemistry Lab,3.13,24.25,7.75,Normal,17,5,1,24.2575,0.007500000000000284,5
2026-08-02 01:10:00,Chemistry Lab,8.36,55.69,6.66,Normal,1,6,1,55.6776,0.012399999999999523,5
2026-07-01 20:30:00,Physics Lab,4.69,41.46,8.84,Normal,20,2,0,41.4596,0.00039999999999906777,11
2026-08-18 15:20:00,HOD Department,3.66,24.77,6.77,Normal,15,1,0,24.7782,0.008199999999998653,7
2026-07-04 07:40:00,Physics Lab,4.29,20.95,4.88,Normal,7,5,1,20.9352,0.014800000000001035,11
2026-07-29 17:10:00,CSE Department,5.96,50.63,8.5,Normal,17,2,0,50.66,0.02999999999999403,4
2026-08-01 03:00:00,Chemistry Lab,5.34,12.17,2.28,Normal,3,5,1,12.175199999999998,0.005199999999998539,5
2026-08-24 13:10:00,HOD Department,5.67,18.17,3.2,Normal,13,0,0,18.144000000000002,0.0259999999999998,7
2026-07-27 02:20:00,IT Department,5.27,38.22,7.26,Normal,2,0,0,38.2602,0.04019999999999868,8
2026-08-09 23:40:00,AI Lab,12.37,223.31,18.05,Suspicious,23,6,1,223.2785,0.03149999999999409,0
2026-08-07 10:00:00,BT Department,3.17,10.85,3.42,Normal,10,4,0,10.8414,0.008599999999999497,2
2026-08-16 02:30:00,Mechanical Lab,5.75,10.98,1.91,Normal,2,6,1,10.9825,0.0024999999999995026,9
2026-07-17 07:30:00,HOD Department,3.39,13.66,4.03,Normal,7,4,0,13.661700000000002,0.001700000000001367,7
2026-08-05 04:30:00,AIML Department,5.22,51.26,9.82,Normal,4,2,0,51.2604,0.00039999999999906777,1
2026-07-03 00:00:00,HOD Department,1.83,16.74,9.14,Normal,0,4,0,16.726200000000002,0.01379999999999626,7
2026-07-06 18:30:00,CSE Department,2.9,8.77,3.02,Normal,18,0,0,8.758,0.012000000000000455,4
2026-07-10 17:40:00,New Seminar Hall,5.45,35.92,6.59,Normal,17,4,0,35.9155,0.0045000000000001705,10
2026-08-01 06:40:00,AI Lab,4.78,25.6,5.36,Normal,6,5,1,25.620800000000003,0.020800000000001262,0
2026-07-08 02:50:00,CSE Department,3.71,25.1,6.76,Normal,2,2,0,25.0796,0.020400000000002194,4
2026-07-06 22:50:00,IT Department,4.52,31.46,6.96,Normal,22,0,0,31.459199999999996,0.000800000000005241,8
2026-07-16 09:20:00,Mechanical Lab,25.03,1934.43,77.28,Critical,9,3,0,1934.3184,0.11159999999995307,9
2026-07-12 10:30:00,Chemistry Lab,12.49,346.4,27.73,Suspicious,10,6,1,346.34770000000003,0.05229999999994561,5
2026-08-17 14:30:00,AI Lab,5.01,23.91,4.77,Normal,14,0,0,23.897699999999997,0.012300000000003308,0
2026-07-23 01:10:00,HOD Department,5.41,25.06,4.64,Normal,1,3,0,25.1024,0.04240000000000066,7
2026-07-12 14:00:00,AIML Department,5.27,48.06,9.13,Normal,14,6,1,48.1151,0.05509999999999593,1
2026-07-20 21:40:00,AIML Department,5.16,39.49,7.65,Normal,21,0,0,39.474000000000004,0.015999999999998238,1
2026-07-11 15:00:00,CSE Department,5.75,40.62,7.06,Normal,15,5,1,40.595,0.02499999999999858,4
2026-08-08 18:50:00,BT Department,5.38,14.08,2.62,Normal,18,5,1,14.095600000000001,0.015600000000000946,2
2026-07-13 20:10:00,Biotech Department,6.48,61.23,9.46,Normal,20,0,0,61.30080000000001,0.07080000000001263,3
2026-07-15 21:10:00,Biotech Department,4.2,9.83,2.34,Normal,21,2,0,9.828,0.002000000000000668,3
2026-08-19 02:40:00,CSE Department,3.81,5.66,1.49,Normal,2,2,0,5.6769,0.016899999999999693,4
2026-07-10 18:10:00,IT Department,3.49,3.91,1.12,Normal,18,4,0,3.9088000000000007,0.0011999999999994237,8
2026-08-07 01:00:00,Electronics Department,5.24,27.22,5.2,Normal,1,4,0,27.248,0.028000000000002245,6
2026-08-02 19:00:00,BT Department,11.07,193.95,17.52,Suspicious,19,6,1,193.9464,0.003599999999977399,2
2026-07-21 07:50:00,IT Department,3.94,12.52,3.18,Normal,7,1,0,12.529200000000001,0.009200000000001651,8
2026-07-28 03:40:00,HOD Department,3.31,10.07,3.04,Normal,3,1,0,10.0624,0.007600000000000051,7
2026-07-23 10:40:00,IT Department,4.87,39.23,8.05,Normal,10,3,0,39.203500000000005,0.02649999999999153,8
2026-08-16 18:20:00,Physics Lab,5.71,46.33,8.11,Normal,18,6,1,46.308099999999996,0.02190000000000225,11
2026-07-23 05:40:00,Chemistry Lab,6.94,19.74,2.84,Normal,5,3,0,19.709600000000002,0.030399999999996652,5
2026-08-12 11:30:00,New Seminar Hall,12.97,388.4,29.94,Suspicious,11,2,0,388.32180000000005,0.07819999999992433,10
2026-07-23 23:20:00,IT Department,4.38,6.6,1.51,Normal,23,3,0,6.6137999999999995,0.013799999999999812,8
2026-08-25 11:50:00,CSE Department,2.68,17.41,6.49,Normal,11,1,0,17.3932,0.016799999999999926,4
2026-07-01 12:50:00,Biotech Department,7.06,30.64,4.34,Normal,12,2,0,30.640399999999996,0.00039999999999551505,3
2026-08-23 05:50:00,New Seminar Hall,4.6,10.5,2.28,Normal,5,6,1,10.487999999999998,0.012000000000002231,10
2026-07-22 20:20:00,BT Department,11.25,250.79,22.3,Suspicious,20,2,0,250.875,0.08500000000000796,2
2026-07-08 22:00:00,AI Lab,4.28,38.45,8.99,Normal,22,2,0,38.4772,0.027200000000000557,0
2026-07-02 04:40:00,HOD Department,3.23,24.89,7.72,Normal,4,3,0,24.935599999999997,0.045599999999996754,7
2026-07-30 17:10:00,IT Department,6.43,33.19,5.16,Normal,17,3,0,33.1788,0.011199999999995214,8
2026-08-10 22:00:00,Physics Lab,6.12,13.83,2.26,Normal,22,0,0,13.831199999999999,0.0011999999999989797,11
2026-07-22 06:40:00,New Seminar Hall,7.06,20.82,2.95,Normal,6,2,0,20.827,0.0070000000000014495,10
2026-08-04 08:10:00,Physics Lab,6.62,36.81,5.56,Normal,8,1,0,36.807199999999995,0.0028000000000076852,11
2026-07-17 07:00:00,Chemistry Lab,5.12,46.81,9.14,Normal,7,4,0,46.796800000000005,0.013199999999997658,5
2026-08-05 16:50:00,Chemistry Lab,6.96,49.55,7.11,Normal,16,2,0,49.485600000000005,0.06439999999999202,5
2026-07-12 02:50:00,IT Department,9.42,132.82,14.1,Suspicious,2,6,1,132.822,0.0020000000000095497,8
2026-08-17 15:10:00,Biotech Department,5.74,50.12,8.73,Normal,15,0,0,50.110200000000006,0.009799999999991371,3
2026-07-05 11:40:00,AI Lab,4.6,40.87,8.88,Normal,11,6,1,40.848,0.021999999999998465,0
2026-08-06 05:10:00,Chemistry Lab,4.88,20.82,4.27,Normal,5,3,0,20.8376,0.01759999999999806,5
2026-07-11 04:00:00,AI Lab,5.69,26.19,4.6,Normal,4,5,1,26.174,0.01600000000000179,0
2026-07-26 22:20:00,Electronics Department,3.09,26.95,8.72,Normal,22,6,1,26.9448,0.005199999999998539,6
2026-07-30 00:00:00,HOD Department,15.69,710.21,45.25,Critical,0,3,0,709.9725,0.2375000000000682,7
2026-08-03 00:20:00,AIML Department,5.13,10.86,2.12,Normal,0,0,0,10.8756,0.015600000000000946,1
2026-08-09 00:50:00,New Seminar Hall,5.95,22.5,3.78,Normal,0,6,1,22.491,0.009000000000000341,10
2026-07-16 14:10:00,Electronics Department,6.73,32.81,4.88,Normal,14,3,0,32.8424,0.032399999999995543,6
2026-07-28 06:40:00,HOD Department,3.78,10.17,2.69,Normal,6,1,0,10.168199999999999,0.001800000000001134,7
2026-08-01 16:40:00,HOD Department,4.58,31.57,6.89,Normal,16,5,1,31.5562,0.013799999999999812,7
2026-08-22 03:30:00,AIML Department,4.58,33.57,7.33,Normal,3,5,1,33.571400000000004,0.0014000000000038426,1
2026-07-06 22:40:00,CSE Department,3.91,26.79,6.86,Normal,22,0,0,26.8226,0.03260000000000218,4
2026-08-23 22:40:00,Mechanical Lab,11.89,254.66,21.42,Suspicious,22,6,1,254.68380000000002,0.023800000000022692,9
2026-07-07 23:40:00,CSE Department,4.12,23.62,5.74,Normal,23,1,0,23.6488,0.02880000000000038,4
2026-08-04 22:40:00,IT Department,10.98,307.66,28.03,Suspicious,22,1,0,307.7694,0.10939999999999372,8
2026-08-03 07:10:00,New Seminar Hall,6.72,52.29,7.79,Normal,7,0,0,52.3488,0.058799999999997965,10
2026-07-06 23:00:00,Electronics Department,2.84,26.69,9.4,Normal,23,0,0,26.695999999999998,0.005999999999996675,6
2026-07-07 03:00:00,New Seminar Hall,5.25,31.71,6.04,Normal,3,1,0,31.71,0.0,10
2026-08-12 20:00:00,Mechanical Lab,6.61,53.37,8.08,Normal,20,2,0,53.40880000000001,0.03880000000000905,9
2026-07-19 05:20:00,Mechanical Lab,4.77,35.02,7.35,Normal,5,6,1,35.05949999999999,0.039499999999989654,9
2026-07-09 21:50:00,Physics Lab,6.58,27.38,4.16,Normal,21,3,0,27.3728,0.007199999999997431,11
2026-07-09 20:10:00,IT Department,5.05,50.36,9.96,Normal,20,3,0,50.298,0.06199999999999761,8
2026-08-06 15:30:00,Electronics Department,2.44,11.46,4.69,Normal,15,3,0,11.4436,0.01640000000000086,6
2026-08-24 21:50:00,CSE Department,3.47,10.06,2.9,Normal,21,0,0,10.063,0.0030000000000001137,4
2026-07-22 04:10:00,Mechanical Lab,6.96,20.31,2.92,Normal,4,2,0,20.3232,0.01320000000000121,9
2026-08-19 21:50:00,Biotech Department,7.87,58.21,7.39,Normal,21,2,0,58.1593,0.05069999999999908,3
2026-08-13 10:30:00,Mechanical Lab,5.03,11.14,2.21,Normal,10,3,0,11.1163,0.023699999999999832,9
2026-08-04 08:40:00,IT Department,4.33,7.68,1.77,Normal,8,1,0,7.6641,0.01589999999999936,8
2026-07-21 12:40:00,HOD Department,3.27,20.79,6.37,Normal,12,1,0,20.829900000000002,0.03990000000000293,7
2026-08-03 23:50:00,New Seminar Hall,6.8,22.93,3.37,Normal,23,0,0,22.916,0.013999999999999346,10
2026-07-12 20:10:00,Physics Lab,6.01,57.82,9.62,Normal,20,6,1,57.816199999999995,0.0038000000000053547,11
2026-08-17 17:20:00,Electronics Department,4.19,28.2,6.73,Normal,17,0,0,28.198700000000006,0.0012999999999934175,6
2026-07-04 11:20:00,Biotech Department,5.73,36.01,6.28,Normal,11,5,1,35.9844,0.02559999999999718,3
2026-08-12 16:40:00,AIML Department,3.83,30.23,7.89,Normal,16,2,0,30.2187,0.011300000000002086,1
2026-07-24 08:40:00,Chemistry Lab,13.74,370.36,26.95,Suspicious,8,4,0,370.293,0.06700000000000728,5
2026-07-04 06:20:00,New Seminar Hall,4.58,26.77,5.84,Normal,6,5,1,26.7472,0.022800000000000153,10
2026-07-09 19:20:00,New Seminar Hall,5.9,22.33,3.79,Normal,19,3,0,22.361,0.03100000000000236,10
2026-08-18 22:20:00,IT Department,4.17,25.15,6.03,Normal,22,1,0,25.1451,0.004899999999999238,8
2026-08-06 08:20:00,HOD Department,3.59,25.08,6.98,Normal,8,3,0,25.0582,0.02179999999999893,7
2026-08-22 03:20:00,HOD Department,13.13,841.86,64.12,Critical,3,5,1,841.8956000000001,0.03560000000004493,7
2026-07-31 17:30:00,BT Department,9.75,186.03,19.09,Suspicious,17,4,0,186.1275,0.09749999999999659,2
2026-07-02 01:00:00,AI Lab,6.87,26.42,3.85,Normal,1,3,0,26.4495,0.02949999999999875,0
2026-08-04 11:00:00,HOD Department,4.65,40.28,8.66,Normal,11,1,0,40.269000000000005,0.01099999999999568,7
2026-07-23 05:10:00,Electronics Department,4.15,4.22,1.02,Normal,5,3,0,4.2330000000000005,0.013000000000000789,6
2026-07-12 07:20:00,New Seminar Hall,4.99,10.45,2.09,Normal,7,6,1,10.4291,0.020899999999999253,10
2026-08-12 18:30:00,CSE Department,3.84,37.4,9.73,Normal,18,2,0,37.3632,0.0367999999999995,4
2026-07-16 15:40:00,AIML Department,4.68,5.51,1.18,Normal,15,3,0,5.522399999999999,0.012399999999999523,1
2026-07-02 12:20:00,BT Department,4.49,40.62,9.05,Normal,12,3,0,40.6345,0.014500000000005286,2
2026-08-20 18:40:00,Chemistry Lab,5.76,21.17,3.68,Normal,18,3,0,21.1968,0.026799999999997937,5
2026-07-02 06:30:00,Biotech Department,7.75,56.96,7.35,Normal,6,3,0,56.9625,0.0024999999999977263,3
2026-08-25 17:00:00,New Seminar Hall,6.49,46.74,7.2,Normal,17,1,0,46.728,0.012000000000000455,10
2026-08-01 17:20:00,AI Lab,9.93,196.18,19.76,Suspicious,17,5,1,196.2168,0.0367999999999995,0
2026-07-10 10:20:00,Physics Lab,6.85,67.34,9.84,Normal,10,4,0,67.404,0.06399999999999295,11
2026-08-20 07:40:00,AIML Department,4.51,15.11,3.35,Normal,7,3,0,15.1085,0.0015000000000000568,1
2026-07-17 04:40:00,BT Department,3.69,20.28,5.49,Normal,4,4,0,20.2581,0.02190000000000225,2
2026-08-10 04:10:00,Mechanical Lab,5.77,9.01,1.56,Normal,4,0,0,9.001199999999999,0.008800000000000807,9
2026-08-19 12:00:00,Biotech Department,4.92,23.18,4.71,Normal,12,2,0,23.173199999999998,0.006800000000001916,3
2026-08-02 07:50:00,CSE Department,4.72,11.0,2.33,Normal,7,6,1,10.9976,0.0023999999999997357,4
2026-08-19 04:10:00,AI Lab,7.49,8.06,1.08,Normal,4,2,0,8.0892,0.02919999999999945,0
2026-07-14 18:30:00,AI Lab,5.45,16.3,2.99,Normal,18,1,0,16.2955,0.0045000000000001705,0
2026-08-13 10:00:00,CSE Department,6.52,11.54,1.77,Normal,10,3,0,11.5404,0.0004000000000008441,4
2026-08-21 05:10:00,Physics Lab,7.31,12.87,1.76,Normal,5,4,0,12.865599999999999,0.004400000000000404,11
2026-07-20 06:40:00,IT Department,4.88,11.48,2.35,Normal,6,0,0,11.468,0.012000000000000455,8
2026-07-06 22:30:00,AI Lab,6.05,54.91,9.08,Normal,22,0,0,54.934,0.02400000000000091,0
2026-07-15 12:50:00,IT Department,2.66,24.75,9.31,Normal,12,2,0,24.7646,0.0146000000000015,8
2026-07-31 18:50:00,HOD Department,3.3,18.09,5.48,Normal,18,4,0,18.084,0.006000000000000227,7
2026-07-04 13:00:00,CSE Department,4.56,43.05,9.44,Normal,13,5,1,43.04639999999999,0.0036000000000058208,4
2026-07-14 22:00:00,Biotech Department,14.14,191.7,13.56,Suspicious,22,1,0,191.7384,0.03840000000002419,3
2026-08-04 04:50:00,BT Department,5.04,43.01,8.53,Normal,4,1,0,42.9912,0.018799999999998818,2
2026-07-06 21:10:00,BT Department,4.47,23.34,5.22,Normal,21,0,0,23.333399999999997,0.006600000000002382,2
2026-08-06 10:00:00,Mechanical Lab,3.42,25.01,7.31,Normal,10,3,0,25.0002,0.00980000000000203,9
2026-07-08 18:50:00,CSE Department,17.23,694.16,40.3,Critical,18,2,0,694.3689999999999,0.20899999999994634,4
2026-07-02 08:00:00,Physics Lab,6.31,37.39,5.92,Normal,8,3,0,37.355199999999996,0.03480000000000416,11
2026-07-10 15:20:00,HOD Department,4.61,40.37,8.75,Normal,15,4,0,40.337500000000006,0.03249999999999176,7
2026-07-31 11:10:00,AIML Department,4.65,16.25,3.49,Normal,11,4,0,16.228500000000004,0.021499999999996078,1
2026-07-23 02:10:00,AI Lab,4.27,39.36,9.22,Normal,2,3,0,39.3694,0.009399999999999409,0
2026-07-15 20:30:00,New Seminar Hall,5.07,27.52,5.43,Normal,20,2,0,27.5301,0.01010000000000133,10
2026-08-04 21:10:00,IT Department,5.12,40.53,7.92,Normal,21,1,0,40.5504,0.020400000000002194,8
2026-08-07 06:10:00,Electronics Department,4.0,30.1,7.53,Normal,6,4,0,30.12,0.019999999999999574,6
2026-07-21 22:40:00,Biotech Department,3.0,13.85,4.62,Normal,22,1,0,13.86,0.009999999999999787,3
2026-08-01 10:20:00,CSE Department,3.87,34.47,8.9,Normal,10,5,1,34.443000000000005,0.026999999999993918,4
2026-08-03 10:10:00,CSE Department,3.48,12.65,3.63,Normal,10,0,0,12.632399999999999,0.017600000000001614,4
2026-07-20 22:00:00,New Seminar Hall,5.65,32.97,5.84,Normal,22,0,0,32.996,0.026000000000003354,10
2026-07-08 07:10:00,New Seminar Hall,6.3,60.45,9.59,Normal,7,2,0,60.416999999999994,0.033000000000008356,10
2026-08-03 12:50:00,BT Department,2.33,6.81,2.92,Normal,12,0,0,6.8036,0.006399999999999295,2
2026-08-19 20:30:00,Electronics Department,5.94,40.56,6.82,Normal,20,2,0,40.5108,0.04919999999999902,6
2026-07-05 04:30:00,IT Department,5.49,12.56,2.29,Normal,4,6,1,12.5721,0.012100000000000222,8
2026-08-17 03:50:00,BT Department,6.14,60.16,9.79,Normal,3,0,0,60.11059999999999,0.04940000000000566,2
2026-07-11 15:30:00,AIML Department,4.82,20.01,4.15,Normal,15,5,1,20.003000000000004,0.006999999999997897,1
2026-08-10 00:50:00,Chemistry Lab,6.7,12.69,1.89,Normal,0,0,0,12.663,0.026999999999999247,5
2026-07-10 04:00:00,New Seminar Hall,5.57,8.39,1.51,Normal,4,4,0,8.4107,0.02069999999999972,10
2026-07-11 03:10:00,Biotech Department,6.0,14.08,2.35,Normal,3,5,1,14.100000000000001,0.02000000000000135,3
2026-08-19 08:20:00,BT Department,5.08,42.79,8.42,Normal,8,2,0,42.7736,0.016399999999997306,2
2026-08-21 02:40:00,CSE Department,3.11,4.64,1.49,Normal,2,4,0,4.6339,0.006099999999999994,4
2026-07-11 13:10:00,Biotech Department,5.37,34.74,6.47,Normal,13,5,1,34.7439,0.0038999999999944635,3
2026-08-13 19:20:00,BT Department,16.4,1408.2,85.89,Critical,19,3,0,1408.5959999999998,0.3959999999997308,2
2026-08-14 15:40:00,CSE Department,6.2,37.97,6.13,Normal,15,4,0,38.006,0.036000000000001364,4
2026-08-17 06:40:00,AI Lab,5.02,12.07,2.41,Normal,6,0,0,12.0982,0.028200000000000003,0
2026-08-02 10:30:00,New Seminar Hall,4.32,29.02,6.72,Normal,10,6,1,29.0304,0.010400000000000631,10
2026-08-24 18:50:00,HOD Department,2.66,20.38,7.67,Normal,18,0,0,20.4022,0.022200000000001552,7
2026-07-27 01:20:00,Mechanical Lab,6.67,43.58,6.53,Normal,1,0,0,43.5551,0.02489999999999526,9
2026-07-08 03:30:00,AI Lab,7.32,72.62,9.92,Normal,3,2,0,72.6144,0.00560000000000116,0
2026-08-17 12:20:00,Biotech Department,6.88,42.24,6.14,Normal,12,0,0,42.243199999999995,0.003199999999992542,3
2026-07-21 05:20:00,Physics Lab,5.47,38.03,6.95,Normal,5,1,0,38.0165,0.013500000000000512,11
2026-08-19 09:00:00,CSE Department,3.65,31.21,8.56,Normal,9,2,0,31.244,0.03399999999999892,4
2026-07-10 03:20:00,Mechanical Lab,11.76,317.4,26.99,Suspicious,3,4,0,317.4024,0.0024000000000228283,9
2026-08-24 11:00:00,Physics Lab,6.45,16.19,2.51,Normal,11,0,0,16.1895,0.0005000000000023874,11
2026-07-03 04:40:00,AI Lab,4.9,7.62,1.56,Normal,4,4,0,7.644000000000001,0.02400000000000091,0
2026-07-05 21:00:00,Chemistry Lab,5.57,32.5,5.83,Normal,21,6,1,32.4731,0.026899999999997704,5
2026-07-19 11:40:00,New Seminar Hall,16.02,452.62,28.25,Suspicious,11,6,1,452.565,0.05500000000000682,10
2026-07-21 02:10:00,Electronics Department,20.76,1158.86,55.82,Critical,2,1,0,1158.8232,0.03679999999985739,6
2026-07-21 14:10:00,AIML Department,4.21,20.79,4.94,Normal,14,1,0,20.797400000000003,0.00740000000000407,1
2026-08-09 04:20:00,IT Department,3.43,14.85,4.32,Normal,4,6,1,14.817600000000002,0.03239999999999732,8
2026-07-25 13:10:00,BT Department,5.2,12.84,2.47,Normal,13,5,1,12.844000000000001,0.004000000000001336,2
2026-07-05 10:10:00,HOD Department,2.16,20.67,9.56,Normal,10,6,1,20.649600000000003,0.02039999999999864,7
2026-08-01 21:40:00,AI Lab,6.57,59.36,9.03,Normal,21,5,1,59.3271,0.03289999999999793,0
2026-08-14 21:00:00,CSE Department,2.83,13.89,4.91,Normal,21,4,0,13.8953,0.005300000000000082,4
2026-08-09 06:20:00,HOD Department,3.89,22.95,5.9,Normal,6,6,1,22.951,0.0010000000000012221,7
2026-08-23 18:50:00,Biotech Department,12.84,159.07,12.39,Suspicious,18,6,1,159.0876,0.017600000000015825,3
2026-07-28 15:30:00,Physics Lab,5.15,12.66,2.46,Normal,15,1,0,12.669,0.009000000000000341,11
2026-08-18 05:00:00,Chemistry Lab,5.69,6.57,1.15,Normal,5,1,0,6.5435,0.026500000000000412,5
2026-08-09 16:50:00,Physics Lab,3.37,31.36,9.31,Normal,16,6,1,31.374700000000004,0.01470000000000482,11
2026-07-13 21:20:00,Electronics Department,4.27,17.81,4.17,Normal,21,0,0,17.805899999999998,0.004100000000001103,6
2026-08-24 11:30:00,Biotech Department,4.05,37.57,9.27,Normal,11,0,0,37.543499999999995,0.02650000000000574,3
2026-08-09 22:10:00,BT Department,2.89,25.22,8.73,Normal,22,6,1,25.2297,0.009700000000002262,2
2026-07-26 03:30:00,New Seminar Hall,5.15,5.26,1.02,Normal,3,6,1,5.253,0.006999999999999673,10
2026-07-06 00:50:00,Physics Lab,5.65,34.35,6.08,Normal,0,0,0,34.352000000000004,0.0020000000000024443,11
2026-07-25 20:10:00,Electronics Department,5.16,29.25,5.67,Normal,20,5,1,29.2572,0.007200000000000983,6
2026-08-07 16:40:00,CSE Department,3.29,25.22,7.67,Normal,16,4,0,25.2343,0.0143000000000022,4
2026-07-24 14:50:00,AI Lab,4.57,21.21,4.64,Normal,14,4,0,21.2048,0.005200000000002092,0
2026-07-22 04:20:00,Mechanical Lab,6.7,13.05,1.95,Normal,4,2,0,13.065,0.014999999999998792,9
2026-08-02 19:30:00,IT Department,4.34,20.36,4.69,Normal,19,6,1,20.3546,0.005399999999998073,8
2026-08-18 13:10:00,HOD Department,4.09,36.44,8.91,Normal,13,1,0,36.4419,0.0018999999999991246,7
2026-07-18 05:20:00,HOD Department,9.49,179.18,18.88,Suspicious,5,5,1,179.1712,0.008800000000007913,7
2026-07-30 05:30:00,Chemistry Lab,3.23,15.56,4.81,Normal,5,3,0,15.536299999999999,0.02370000000000161,5
2026-08-21 16:40:00,CSE Department,3.53,28.04,7.95,Normal,16,4,0,28.063499999999998,0.023499999999998522,4
2026-08-08 13:50:00,CSE Department,3.88,7.18,1.85,Normal,13,5,1,7.178,0.0019999999999997797,4
2026-07-29 19:50:00,AI Lab,21.16,911.46,43.08,Critical,19,2,0,911.5727999999999,0.11279999999987922,0
2026-07-21 16:40:00,Electronics Department,9.27,202.0,21.78,Suspicious,16,1,0,201.9006,0.09940000000000282,6
2026-08-11 00:30:00,Mechanical Lab,4.97,7.05,1.42,Normal,0,1,0,7.0573999999999995,0.007399999999999629,9
2026-07-12 12:30:00,New Seminar Hall,6.57,43.45,6.61,Normal,12,6,1,43.4277,0.02230000000000132,10
2026-07-31 01:20:00,AIML Department,3.89,26.7,6.86,Normal,1,4,0,26.6854,0.014599999999997948,1
2026-08-10 03:50:00,Electronics Department,5.28,41.84,7.93,Normal,3,0,0,41.870400000000004,0.030400000000000205,6
2026-08-24 05:40:00,Mechanical Lab,15.84,423.52,26.74,Suspicious,5,0,0,423.5616,0.041600000000016735,9
2026-07-31 12:40:00,IT Department,5.88,21.21,3.61,Normal,12,4,0,21.226799999999997,0.016799999999996373,8
2026-08-09 18:30:00,Chemistry Lab,5.61,29.96,5.34,Normal,18,6,1,29.9574,0.002600000000001046,5
2026-07-27 23:30:00,HOD Department,4.03,38.78,9.62,Normal,23,0,0,38.7686,0.011400000000001853,7
2026-07-05 12:50:00,IT Department,17.3,1487.08,85.96,Critical,12,6,1,1487.108,0.02800000000002001,8
2026-07-23 01:50:00,Mechanical Lab,6.22,40.13,6.45,Normal,1,3,0,40.119,0.011000000000002785,9
2026-08-09 21:30:00,CSE Department,2.62,5.08,1.94,Normal,21,6,1,5.0828,0.0027999999999996916,4
2026-07-11 12:40:00,New Seminar Hall,4.24,22.04,5.2,Normal,12,5,1,22.048000000000002,0.008000000000002672,10
2026-08-11 07:20:00,Mechanical Lab,7.35,39.86,5.43,Normal,7,1,0,39.9105,0.050499999999999545,9
2026-07-27 20:50:00,IT Department,6.27,18.8,3.0,Normal,20,0,0,18.81,0.00999999999999801,8
2026-07-27 08:50:00,Chemistry Lab,4.49,34.02,7.58,Normal,8,0,0,34.0342,0.014199999999995327,5
2026-08-11 07:40:00,CSE Department,4.21,29.51,7.02,Normal,7,1,0,29.554199999999998,0.044199999999996464,4
2026-08-22 05:00:00,Electronics Department,5.51,39.03,7.08,Normal,5,5,1,39.010799999999996,0.01920000000000499,6
2026-07-27 14:00:00,AIML Department,4.13,27.47,6.65,Normal,14,0,0,27.4645,0.00549999999999784,1
2026-07-16 07:10:00,AI Lab,12.22,341.63,27.96,Suspicious,7,3,0,341.67120000000006,0.0412000000000603,0
2026-07-20 20:10:00,Chemistry Lab,10.8,213.5,19.76,Suspicious,20,0,0,213.40800000000004,0.09199999999995612,5
2026-08-23 12:30:00,AIML Department,4.71,31.05,6.59,Normal,12,6,1,31.038899999999998,0.011100000000002552,1
2026-07-15 18:10:00,CSE Department,3.57,20.51,5.75,Normal,18,2,0,20.5275,0.017499999999998295,4
2026-08-20 02:20:00,CSE Department,2.31,12.87,5.56,Normal,2,3,0,12.843599999999999,0.026400000000000645,4
2026-08-18 00:30:00,New Seminar Hall,4.65,32.61,7.01,Normal,0,1,0,32.5965,0.013500000000000512,10
2026-08-16 00:30:00,Mechanical Lab,6.56,30.73,4.68,Normal,0,6,1,30.700799999999997,0.029200000000003,9
2026-08-03 11:20:00,Mechanical Lab,4.6,22.33,4.85,Normal,11,0,0,22.309999999999995,0.020000000000003126,9
2026-07-05 09:20:00,IT Department,5.01,5.81,1.16,Normal,9,6,1,5.811599999999999,0.0015999999999998238,8
2026-08-10 16:40:00,AIML Department,2.15,5.88,2.74,Normal,16,0,0,5.891,0.01100000000000012,1
2026-07-20 01:50:00,New Seminar Hall,8.17,80.04,9.8,Normal,1,0,0,80.066,0.02599999999999625,10
2026-08-12 12:10:00,CSE Department,5.01,10.9,2.18,Normal,12,2,0,10.921800000000001,0.021800000000000708,4
2026-07-20 18:30:00,BT Department,4.31,26.07,6.05,Normal,18,0,0,26.075499999999998,0.00549999999999784,2
2026-08-13 09:30:00,New Seminar Hall,5.34,14.79,2.77,Normal,9,3,0,14.7918,0.001800000000001134,10
2026-08-05 20:10:00,CSE Department,3.56,34.64,9.72,Normal,20,2,0,34.6032,0.0367999999999995,4
2026-08-19 22:20:00,CSE Department,7.51,157.03,20.91,Suspicious,22,2,0,157.0341,0.004099999999993997,4
2026-08-12 17:40:00,Physics Lab,6.59,9.89,1.5,Normal,17,2,0,9.885,0.005000000000000782,11
2026-07-18 14:00:00,AIML Department,3.08,21.66,7.02,Normal,14,5,1,21.6216,0.038399999999999324,1
2026-08-13 15:20:00,Biotech Department,4.58,31.86,6.96,Normal,15,3,0,31.8768,0.016799999999999926,3
2026-08-23 19:40:00,Chemistry Lab,4.79,40.13,8.37,Normal,19,6,1,40.092299999999994,0.03770000000000806,5
2026-08-09 12:10:00,Mechanical Lab,5.31,39.13,7.37,Normal,12,6,1,39.134699999999995,0.004699999999992599,9
2026-07-03 17:20:00,Biotech Department,8.41,61.51,7.32,Normal,17,4,0,61.56120000000001,0.05120000000000857,3
2026-07-22 04:30:00,AI Lab,6.87,46.28,6.74,Normal,4,2,0,46.3038,0.023800000000001376,0
2026-08-02 13:00:00,New Seminar Hall,5.46,38.4,7.04,Normal,13,6,1,38.4384,0.038400000000002876,10
2026-07-24 02:30:00,AIML Department,2.56,20.98,8.18,Normal,2,4,0,20.9408,0.03920000000000101,1
2026-08-22 11:00:00,BT Department,2.14,14.04,6.56,Normal,11,5,1,14.0384,0.0015999999999998238,2
2026-07-28 17:30:00,Mechanical Lab,25.32,1516.68,59.9,Critical,17,1,0,1516.668,0.012000000000170985,9
2026-08-13 09:20:00,IT Department,3.63,35.36,9.73,Normal,9,3,0,35.3199,0.04010000000000247,8
2026-08-18 05:30:00,BT Department,3.01,10.08,3.35,Normal,5,1,0,10.083499999999999,0.0034999999999989484,2
2026-08-11 20:50:00,HOD Department,3.62,8.34,2.31,Normal,20,1,0,8.3622,0.022199999999999775,7
2026-07-01 23:00:00,AIML Department,2.96,28.78,9.72,Normal,23,2,0,28.7712,0.008800000000000807,1
2026-07-27 14:10:00,CSE Department,3.51,32.7,9.32,Normal,14,0,0,32.7132,0.013199999999997658,4
2026-08-10 08:20:00,Biotech Department,6.16,29.66,4.81,Normal,8,0,0,29.6296,0.030400000000000205,3
2026-08-04 19:10:00,HOD Department,3.22,12.3,3.82,Normal,19,1,0,12.3004,0.00039999999999906777,7
2026-07-25 05:50:00,HOD Department,4.69,11.19,2.38,Normal,5,5,1,11.1622,0.02779999999999916,7
2026-07-16 00:50:00,CSE Department,2.91,10.64,3.66,Normal,0,3,0,10.6506,0.010600000000000165,4
2026-07-30 18:10:00,Physics Lab,3.34,22.14,6.63,Normal,18,3,0,22.144199999999998,0.004199999999997317,11
2026-08-12 13:30:00,Mechanical Lab,8.09,31.81,3.93,Normal,13,2,0,31.7937,0.01629999999999754,9
2026-08-02 04:20:00,AIML Department,9.36,220.17,23.52,Suspicious,4,6,1,220.14719999999997,0.022800000000017917,1
2026-08-19 15:50:00,AI Lab,4.36,18.59,4.26,Normal,15,2,0,18.5736,0.01640000000000086,0
2026-07-07 21:50:00,Physics Lab,5.44,52.36,9.63,Normal,21,1,0,52.38720000000001,0.027200000000007662,11
2026-08-21 08:10:00,HOD Department,5.11,27.5,5.38,Normal,8,4,0,27.4918,0.008199999999998653,7
2026-07-31 04:30:00,CSE Department,17.8,1450.49,81.48,Critical,4,4,0,1450.344,0.14599999999995816,4
2026-07-30 18:50:00,IT Department,3.76,35.34,9.39,Normal,18,3,0,35.306400000000004,0.03359999999999985,8
2026-07-07 11:10:00,Chemistry Lab,10.96,229.58,20.95,Suspicious,11,1,0,229.61200000000002,0.03200000000001069,5
2026-08-18 17:30:00,Biotech Department,5.13,19.97,3.89,Normal,17,1,0,19.9557,0.014299999999998647,3
2026-08-01 16:00:00,CSE Department,5.2,20.48,3.94,Normal,16,5,1,20.488,0.007999999999999119,4
2026-08-16 15:50:00,IT Department,4.64,15.69,3.38,Normal,15,6,1,15.683199999999998,0.006800000000001916,8
2026-08-05 05:30:00,HOD Department,4.28,31.23,7.3,Normal,5,2,0,31.244,0.013999999999999346,7
2026-08-19 20:10:00,AIML Department,15.38,1317.77,85.71,Critical,20,2,0,1318.2198,0.4498000000000957,1
2026-08-21 06:40:00,HOD Department,9.07,228.54,25.2,Suspicious,6,4,0,228.564,0.02400000000000091,7
2026-08-11 09:00:00,IT Department,5.7,20.75,3.64,Normal,9,1,0,20.748,0.0019999999999988916,8
2026-08-07 11:10:00,HOD Department,4.39,43.78,9.98,Normal,11,4,0,43.8122,0.03219999999999601,7
2026-08-03 12:20:00,AIML Department,3.78,21.35,5.65,Normal,12,0,0,21.357,0.006999999999997897,1
2026-08-07 08:40:00,HOD Department,3.3,23.12,7.01,Normal,8,4,0,23.133,0.012999999999998124,7
2026-08-15 23:20:00,IT Department,3.65,34.33,9.41,Normal,23,5,1,34.3465,0.016500000000000625,8
2026-08-09 07:40:00,Mechanical Lab,16.78,253.04,15.08,Suspicious,7,6,1,253.04240000000001,0.0024000000000228283,9
2026-07-18 02:30:00,HOD Department,3.76,18.63,4.96,Normal,2,5,1,18.6496,0.019600000000000506,7
2026-08-05 12:10:00,Chemistry Lab,5.72,49.79,8.71,Normal,12,2,0,49.821200000000005,0.031200000000005446,5
2026-08-21 20:20:00,HOD Department,3.66,6.64,1.82,Normal,20,4,0,6.661200000000001,0.021200000000001218,7
2026-07-28 13:30:00,New Seminar Hall,8.74,21.11,2.42,Normal,13,1,0,21.1508,0.040800000000000836,10
2026-08-07 16:10:00,IT Department,3.19,21.08,6.62,Normal,16,4,0,21.1178,0.03780000000000072,8
2026-08-14 06:00:00,Electronics Department,4.65,33.59,7.23,Normal,6,4,0,33.6195,0.02949999999999875,6
2026-07-23 00:50:00,Biotech Department,6.41,44.17,6.89,Normal,0,3,0,44.164899999999996,0.005100000000005878,3
2026-07-17 23:40:00,Chemistry Lab,7.5,42.06,5.6,Normal,23,4,0,42.0,0.060000000000002274,5
2026-08-02 09:50:00,CSE Department,3.83,34.13,8.91,Normal,9,6,1,34.1253,0.004699999999999704,4
2026-07-13 05:00:00,Mechanical Lab,5.65,5.96,1.06,Normal,5,0,0,5.989000000000001,0.029000000000000803,9
2026-08-07 15:40:00,Biotech Department,6.38,7.51,1.18,Normal,15,4,0,7.5283999999999995,0.01839999999999975,3
2026-08-03 00:30:00,IT Department,1.75,14.52,8.28,Normal,0,0,0,14.489999999999998,0.030000000000001137,8
2026-07-09 13:40:00,Physics Lab,7.51,22.47,2.99,Normal,13,3,0,22.454900000000002,0.015099999999996783,11
2026-07-31 17:00:00,Electronics Department,4.14,28.04,6.77,Normal,17,4,0,28.027799999999996,0.012200000000003541,6
2026-08-23 16:30:00,New Seminar Hall,3.72,36.95,9.92,Normal,16,6,1,36.9024,0.04760000000000275,10
2026-08-10 07:20:00,CSE Department,4.08,15.4,3.78,Normal,7,0,0,15.4224,0.02239999999999931,4
2026-08-12 15:10:00,AIML Department,4.52,14.02,3.1,Normal,15,2,0,14.011999999999999,0.008000000000000895,1
2026-08-24 15:50:00,AIML Department,4.61,25.25,5.47,Normal,15,0,0,25.2167,0.03330000000000055,1
2026-07-02 09:10:00,Mechanical Lab,7.9,61.82,7.82,Normal,9,3,0,61.778000000000006,0.041999999999994486,9
2026-07-07 16:30:00,AI Lab,4.84,41.31,8.53,Normal,16,1,0,41.285199999999996,0.02480000000000615,0
2026-07-10 09:30:00,CSE Department,2.39,19.36,8.1,Normal,9,4,0,19.359,0.0009999999999976694,4
2026-07-28 01:30:00,AIML Department,4.5,22.61,5.03,Normal,1,1,0,22.635,0.02500000000000213,1
2026-08-21 00:00:00,Physics Lab,6.07,39.66,6.53,Normal,0,4,0,39.637100000000004,0.022899999999992815,11
2026-08-03 01:40:00,Chemistry Lab,4.32,11.49,2.66,Normal,1,0,0,11.491200000000001,0.001200000000000756,5
2026-08-07 00:20:00,HOD Department,9.01,235.23,26.11,Suspicious,0,4,0,235.25109999999998,0.021099999999989905,7
2026-07-11 01:00:00,AI Lab,13.7,366.13,26.73,Suspicious,1,5,1,366.20099999999996,0.07099999999996953,0
2026-07-18 19:50:00,BT Department,3.91,9.5,2.43,Normal,19,5,1,9.5013,0.001300000000000523,2
2026-07-02 14:30:00,CSE Department,2.93,13.91,4.74,Normal,14,3,0,13.888200000000001,0.02179999999999893,4
2026-08-22 17:10:00,Electronics Department,17.51,1236.35,70.62,Critical,17,5,1,1236.5562000000002,0.20620000000030814,6
2026-08-13 22:10:00,Electronics Department,3.24,26.71,8.25,Normal,22,3,0,26.73,0.019999999999999574,6
2026-07-22 07:50:00,Biotech Department,3.41,27.6,8.1,Normal,7,2,0,27.621,0.020999999999997243,3
2026-07-18 02:50:00,Chemistry Lab,6.28,57.38,9.13,Normal,2,5,1,57.336400000000005,0.04359999999999786,5
2026-07-04 14:30:00,BT Department,4.26,32.44,7.62,Normal,14,5,1,32.4612,0.02120000000000033,2
2026-07-08 01:10:00,Electronics Department,3.55,27.58,7.76,Normal,1,2,0,27.548,0.03200000000000003,6
2026-08-07 09:40:00,Electronics Department,3.52,9.5,2.7,Normal,9,4,0,9.504000000000001,0.004000000000001336,6
2026-08-06 22:50:00,Electronics Department,3.85,11.0,2.86,Normal,22,3,0,11.011,0.010999999999999233,6
2026-07-02 18:50:00,Physics Lab,5.58,48.26,8.66,Normal,18,3,0,48.3228,0.06280000000000285,11
2026-07-14 22:50:00,AI Lab,6.59,58.24,8.84,Normal,22,1,0,58.2556,0.01559999999999917,0
2026-07-07 13:20:00,IT Department,17.97,744.59,41.44,Critical,13,1,0,744.6768,0.0867999999999256,8
2026-08-12 11:20:00,CSE Department,3.85,21.11,5.48,Normal,11,2,0,21.098000000000003,0.011999999999996902,4
2026-07-19 05:40:00,IT Department,4.28,32.57,7.61,Normal,5,6,1,32.570800000000006,0.000800000000005241,8
2026-08-04 08:00:00,IT Department,3.99,16.34,4.1,Normal,8,1,0,16.358999999999998,0.01899999999999835,8
2026-07-13 15:30:00,HOD Department,5.04,28.01,5.56,Normal,15,0,0,28.022399999999998,0.01239999999999597,7
2026-08-10 16:10:00,CSE Department,2.98,27.67,9.28,Normal,16,0,0,27.6544,0.015600000000002723,4
2026-07-17 07:10:00,Mechanical Lab,6.67,61.28,9.19,Normal,7,4,0,61.29729999999999,0.017299999999991655,9
2026-07-09 17:30:00,HOD Department,3.16,22.34,7.06,Normal,17,3,0,22.3096,0.030400000000000205,7
2026-08-04 11:40:00,CSE Department,4.65,25.04,5.38,Normal,11,1,0,25.017000000000003,0.022999999999996135,4
2026-08-02 01:20:00,Mechanical Lab,16.63,419.77,25.24,Suspicious,1,6,1,419.74119999999994,0.028800000000046566,9
2026-07-28 23:10:00,New Seminar Hall,5.16,21.25,4.12,Normal,23,1,0,21.2592,0.009199999999999875,10
2026-07-10 00:30:00,Chemistry Lab,14.68,352.56,24.01,Suspicious,0,4,0,352.46680000000003,0.09319999999996753,5
2026-08-02 06:50:00,Physics Lab,25.79,1165.78,45.2,Critical,6,6,1,1165.708,0.07199999999988904,11
2026-07-23 07:30:00,HOD Department,3.15,27.22,8.64,Normal,7,3,0,27.216,0.003999999999997783,7
2026-08-11 00:20:00,Physics Lab,5.13,33.3,6.49,Normal,0,1,0,33.2937,0.0062999999999959755,11
2026-08-03 20:10:00,AIML Department,5.82,9.92,1.7,Normal,20,0,0,9.894,0.0259999999999998,1
2026-07-30 17:00:00,AIML Department,3.33,9.13,2.74,Normal,17,3,0,9.1242,0.0058000000000006935,1
2026-07-03 08:40:00,Mechanical Lab,5.68,33.84,5.95,Normal,8,4,0,33.796,0.044000000000004036,9
2026-08-20 12:00:00,Chemistry Lab,4.0,33.87,8.47,Normal,12,3,0,33.88,0.010000000000005116,5
2026-07-08 15:10:00,Biotech Department,4.92,22.78,4.63,Normal,15,2,0,22.7796,0.0004000000000026205,3
2026-08-07 21:40:00,BT Department,3.95,9.68,2.45,Normal,21,4,0,9.677500000000002,0.0024999999999977263,2
2026-07-24 03:00:00,HOD Department,3.99,15.54,3.89,Normal,3,4,0,15.5211,0.018899999999998585,7
2026-07-03 05:20:00,AIML Department,4.83,17.26,3.57,Normal,5,4,0,17.2431,0.016900000000003246,1
2026-07-15 12:20:00,Biotech Department,6.89,61.36,8.9,Normal,12,2,0,61.321,0.03900000000000148,3
2026-07-31 05:50:00,IT Department,2.71,15.21,5.6,Normal,5,4,0,15.175999999999998,0.03400000000000247,8
2026-07-19 17:00:00,AIML Department,2.0,4.47,2.24,Normal,17,6,1,4.48,0.010000000000000675,1
2026-08-10 13:00:00,CSE Department,17.57,939.47,53.48,Critical,13,0,0,939.6436,0.1735999999999649,4
2026-08-08 21:50:00,HOD Department,4.08,31.42,7.7,Normal,21,5,1,31.416,0.004000000000001336,7
2026-07-08 21:00:00,CSE Department,4.44,31.56,7.11,Normal,21,2,0,31.568400000000004,0.008400000000005292,4
2026-08-09 05:10:00,CSE Department,4.0,37.28,9.31,Normal,5,6,1,37.24,0.03999999999999915,4
2026-08-23 04:30:00,Physics Lab,6.1,50.82,8.33,Normal,4,6,1,50.812999999999995,0.007000000000005002,11
2026-08-08 20:30:00,IT Department,1.91,10.83,5.67,Normal,20,5,1,10.829699999999999,0.0003000000000010772,8
2026-08-25 19:50:00,Physics Lab,5.89,11.27,1.91,Normal,19,1,0,11.249899999999998,0.020100000000001117,11
2026-07-22 08:20:00,Electronics Department,12.29,170.85,13.9,Suspicious,8,2,0,170.831,0.019000000000005457,6
2026-07-25 22:30:00,AIML Department,11.68,199.05,17.04,Suspicious,22,5,1,199.0272,0.022800000000017917,1
2026-08-05 15:40:00,IT Department,4.45,30.46,6.85,Normal,15,2,0,30.482499999999998,0.0224999999999973,8
2026-08-13 13:00:00,IT Department,4.49,33.47,7.46,Normal,13,3,0,33.495400000000004,0.025400000000004752,8
2026-07-24 12:50:00,IT Department,4.33,31.0,7.16,Normal,12,4,0,31.0028,0.00280000000000058,8
2026-07-21 21:20:00,AI Lab,4.34,42.73,9.84,Normal,21,1,0,42.7056,0.024399999999999977,0
2026-07-20 17:40:00,New Seminar Hall,6.19,35.06,5.67,Normal,17,0,0,35.097300000000004,0.03730000000000189,10
2026-07-29 08:00:00,Electronics Department,4.75,36.28,7.63,Normal,8,2,0,36.2425,0.03750000000000142,6
2026-07-05 14:10:00,New Seminar Hall,5.51,14.09,2.56,Normal,14,6,1,14.105599999999999,0.01559999999999917,10
2026-08-09 19:20:00,AIML Department,9.08,219.85,24.21,Suspicious,19,6,1,219.82680000000002,0.023199999999974352,1
2026-07-27 14:30:00,BT Department,4.98,45.32,9.1,Normal,14,0,0,45.318000000000005,0.001999999999995339,2
2026-07-24 18:50:00,Mechanical Lab,4.77,16.86,3.54,Normal,18,4,0,16.8858,0.025800000000000267,9
2026-08-01 09:10:00,AI Lab,22.9,796.31,34.77,Critical,9,5,1,796.2330000000001,0.0769999999998845,0
2026-08-02 20:50:00,Mechanical Lab,6.04,37.17,6.15,Normal,20,6,1,37.146,0.02400000000000091,9
2026-07-13 11:20:00,Chemistry Lab,4.26,8.77,2.06,Normal,11,0,0,8.775599999999999,0.005599999999999383,5
2026-08-20 11:00:00,CSE Department,3.69,30.42,8.23,Normal,11,3,0,30.3687,0.051300000000001234,4
2026-08-12 21:00:00,Biotech Department,4.64,31.06,6.7,Normal,21,2,0,31.087999999999997,0.027999999999998693,3
2026-07-23 08:40:00,HOD Department,8.27,126.8,15.33,Suspicious,8,3,0,126.7791,0.020899999999997476,7
2026-07-27 07:10:00,IT Department,12.53,352.35,28.12,Suspicious,7,0,0,352.3436,0.006400000000041928,8
2026-08-05 01:30:00,Chemistry Lab,6.69,32.72,4.89,Normal,1,2,0,32.7141,0.005899999999996908,5
2026-07-23 04:40:00,IT Department,2.82,10.19,3.62,Normal,4,3,0,10.2084,0.01839999999999975,8
2026-07-31 02:30:00,AI Lab,3.83,14.64,3.82,Normal,2,4,0,14.6306,0.009400000000001185,0
2026-07-16 07:00:00,AIML Department,2.01,14.9,7.4,Normal,7,3,0,14.873999999999999,0.026000000000001577,1
2026-07-10 16:00:00,Electronics Department,5.63,30.73,5.46,Normal,16,4,0,30.7398,0.009799999999998477,6
2026-08-24 00:50:00,Physics Lab,26.01,1070.31,41.15,Critical,0,0,0,1070.3115,0.0015000000000782165,11
2026-08-12 02:10:00,Biotech Department,6.43,44.21,6.88,Normal,2,2,0,44.2384,0.02839999999999776,3
2026-08-24 08:50:00,Physics Lab,4.46,7.92,1.78,Normal,8,0,0,7.9388,0.018799999999999706,11
2026-07-07 22:40:00,New Seminar Hall,6.46,19.74,3.05,Normal,22,1,0,19.703,0.036999999999999034,10
2026-08-18 06:00:00,Chemistry Lab,5.82,8.8,1.51,Normal,6,1,0,8.7882,0.01180000000000092,5
2026-07-11 18:40:00,BT Department,4.52,34.98,7.74,Normal,18,5,1,34.9848,0.004800000000003024,2
2026-07-24 07:30:00,AI Lab,5.61,14.25,2.54,Normal,7,4,0,14.249400000000001,0.0005999999999986017,0
2026-08-25 13:20:00,Chemistry Lab,7.09,45.3,6.39,Normal,13,1,0,45.305099999999996,0.005099999999998772,5
2026-07-22 16:40:00,AI Lab,3.45,5.22,1.52,Normal,16,2,0,5.244000000000001,0.02400000000000091,0
2026-07-09 02:50:00,BT Department,5.33,18.65,3.5,Normal,2,3,0,18.655,0.005000000000002558,2
2026-08-01 18:10:00,BT Department,12.12,137.5,11.35,Suspicious,18,5,1,137.56199999999998,0.0619999999999834,2
2026-08-03 19:10:00,BT Department,3.45,15.25,4.42,Normal,19,0,0,15.249,0.0009999999999994458,2
2026-07-31 14:30:00,BT Department,4.13,15.66,3.79,Normal,14,4,0,15.6527,0.00730000000000075,2
2026-07-22 22:50:00,Mechanical Lab,5.0,43.42,8.68,Normal,22,2,0,43.4,0.020000000000003126,9
2026-08-22 12:50:00,BT Department,6.08,38.67,6.36,Normal,12,5,1,38.668800000000005,0.0011999999999972033,2
2026-07-22 12:50:00,BT Department,5.22,47.9,9.17,Normal,12,2,0,47.867399999999996,0.03260000000000218,2
2026-07-04 05:20:00,Electronics Department,5.84,49.05,8.39,Normal,5,5,1,48.997600000000006,0.052399999999991564,6
2026-08-03 06:10:00,AIML Department,3.57,12.39,3.48,Normal,6,0,0,12.423599999999999,0.033599999999998076,1
2026-07-18 05:10:00,Biotech Department,4.52,18.22,4.03,Normal,5,5,1,18.2156,0.004400000000000404,3
2026-07-21 11:50:00,CSE Department,2.56,18.43,7.2,Normal,11,1,0,18.432000000000002,0.0020000000000024443,4
2026-07-05 06:00:00,IT Department,3.06,6.27,2.05,Normal,6,6,1,6.273,0.0030000000000001137,8
2026-07-18 21:00:00,AIML Department,4.4,34.28,7.8,Normal,21,5,1,34.32,0.03999999999999915,1
2026-07-09 20:00:00,New Seminar Hall,4.61,34.85,7.56,Normal,20,3,0,34.8516,0.001599999999996271,10
2026-07-02 07:40:00,CSE Department,1.88,18.26,9.71,Normal,7,3,0,18.2548,0.005200000000002092,4
2026-07-11 16:20:00,AI Lab,3.5,33.52,9.58,Normal,16,5,1,33.53,0.00999999999999801,0
2026-08-14 09:10:00,Physics Lab,7.88,39.99,5.07,Normal,9,4,0,39.9516,0.038400000000002876,11
2026-08-17 00:10:00,CSE Department,4.79,47.09,9.84,Normal,0,0,0,47.1336,0.04359999999999786,4
2026-07-15 06:00:00,Biotech Department,16.91,1436.03,84.94,Critical,6,2,0,1436.3354,0.30539999999996326,3
2026-07-09 15:00:00,Mechanical Lab,15.23,410.93,26.98,Suspicious,15,3,0,410.90540000000004,0.024599999999963984,9
2026-08-23 02:40:00,Mechanical Lab,11.93,250.44,20.99,Suspicious,2,6,1,250.41069999999996,0.029300000000034743,9
2026-07-21 08:50:00,Physics Lab,4.69,21.5,4.59,Normal,8,1,0,21.5271,0.02710000000000079,11
2026-07-13 12:40:00,IT Department,4.04,12.73,3.15,Normal,12,0,0,12.725999999999999,0.004000000000001336,8
2026-07-04 18:50:00,Mechanical Lab,5.56,47.45,8.53,Normal,18,5,1,47.42679999999999,0.02320000000000988,9
2026-07-21 06:00:00,CSE Department,6.01,15.85,2.64,Normal,6,1,0,15.8664,0.01640000000000086,4
2026-08-24 15:00:00,AIML Department,3.09,25.12,8.12,Normal,15,0,0,25.090799999999998,0.029200000000003,1
2026-07-07 16:00:00,CSE Department,3.12,25.06,8.04,Normal,16,1,0,25.084799999999998,0.024799999999999045,4
2026-07-06 08:10:00,Biotech Department,3.04,27.88,9.18,Normal,8,0,0,27.9072,0.027200000000000557,3
2026-08-10 19:20:00,Biotech Department,23.31,1404.07,60.23,Critical,19,0,0,1403.9613,0.10869999999999891,3
2026-08-22 09:40:00,Chemistry Lab,3.92,19.81,5.06,Normal,9,5,1,19.835199999999997,0.025199999999998113,5
2026-07-11 17:20:00,Chemistry Lab,4.81,15.77,3.28,Normal,17,5,1,15.776799999999998,0.006799999999998363,5
2026-07-22 08:00:00,Mechanical Lab,7.05,64.48,9.15,Normal,8,2,0,64.50750000000001,0.02750000000000341,9
2026-07-11 21:20:00,New Seminar Hall,4.68,13.37,2.86,Normal,21,5,1,13.384799999999998,0.014799999999999258,10
2026-08-05 20:20:00,BT Department,4.59,20.78,4.53,Normal,20,2,0,20.7927,0.012699999999998823,2
2026-07-31 03:20:00,AI Lab,12.83,372.83,29.07,Suspicious,3,4,0,372.9681,0.13810000000000855,0
2026-07-28 07:40:00,New Seminar Hall,6.57,50.81,7.73,Normal,7,1,0,50.786100000000005,0.02389999999999759,10
2026-08-04 12:30:00,Physics Lab,11.88,216.18,18.19,Suspicious,12,1,0,216.09720000000004,0.08279999999996335,11
2026-08-15 03:00:00,New Seminar Hall,6.64,47.56,7.16,Normal,3,5,1,47.5424,0.017600000000001614,10
2026-07-02 02:00:00,Chemistry Lab,7.3,50.24,6.88,Normal,2,3,0,50.224,0.016000000000005343,5
2026-07-13 12:20:00,Physics Lab,4.26,18.73,4.4,Normal,12,0,0,18.744,0.013999999999999346,11
2026-08-13 21:30:00,Chemistry Lab,7.54,49.13,6.51,Normal,21,3,0,49.0854,0.04460000000000264,5
2026-07-10 17:10:00,Physics Lab,3.58,32.19,9.0,Normal,17,4,0,32.22,0.030000000000001137,11
2026-08-15 18:00:00,CSE Department,4.38,33.53,7.66,Normal,18,5,1,33.5508,0.020800000000001262,4
2026-08-09 04:30:00,HOD Department,2.92,23.38,8.0,Normal,4,6,1,23.36,0.019999999999999574,7
2026-07-25 16:00:00,Mechanical Lab,5.85,20.26,3.47,Normal,16,5,1,20.2995,0.03949999999999676,9
2026-07-15 00:50:00,Electronics Department,3.27,15.0,4.59,Normal,0,2,0,15.0093,0.009299999999999642,6
2026-07-03 16:00:00,CSE Department,5.05,22.44,4.45,Normal,16,4,0,22.4725,0.03249999999999886,4
2026-08-15 21:10:00,Mechanical Lab,5.26,17.08,3.25,Normal,21,5,1,17.095,0.015000000000000568,9
2026-08-17 18:10:00,Electronics Department,4.69,42.81,9.13,Normal,18,0,0,42.819700000000005,0.009700000000002262,6
2026-07-26 14:30:00,HOD Department,3.63,26.89,7.41,Normal,14,6,1,26.8983,0.00829999999999842,7
2026-07-22 06:50:00,Mechanical Lab,15.17,304.32,20.07,Suspicious,6,2,0,304.4619,0.141900000000021,9
2026-08-09 20:10:00,HOD Department,7.2,194.17,26.96,Suspicious,20,6,1,194.11200000000002,0.0579999999999643,7
2026-07-24 08:30:00,Biotech Department,5.38,37.35,6.95,Normal,8,4,0,37.391,0.04099999999999682,3
2026-07-06 08:40:00,AI Lab,5.61,23.58,4.2,Normal,8,0,0,23.562,0.01799999999999713,0
2026-07-06 15:30:00,AIML Department,4.16,19.36,4.65,Normal,15,0,0,19.344,0.015999999999998238,1
2026-08-01 03:50:00,Biotech Department,5.91,12.96,2.19,Normal,3,5,1,12.9429,0.017100000000001003,3
2026-08-07 16:30:00,HOD Department,3.11,22.55,7.26,Normal,16,4,0,22.578599999999998,0.028599999999997294,7
2026-08-01 14:30:00,Electronics Department,9.2,118.99,12.93,Suspicious,14,5,1,118.95599999999999,0.034000000000006025,6
2026-07-03 11:10:00,HOD Department,3.96,19.75,4.98,Normal,11,4,0,19.7208,0.02919999999999945,7
2026-07-10 05:00:00,Biotech Department,6.32,36.98,5.85,Normal,5,4,0,36.972,0.007999999999995566,3
2026-08-18 18:10:00,IT Department,4.78,33.8,7.06,Normal,18,1,0,33.7468,0.053199999999996805,8
2026-07-27 08:10:00,Mechanical Lab,5.3,44.99,8.49,Normal,8,0,0,44.997,0.006999999999997897,9
2026-08-13 15:00:00,Biotech Department,5.07,22.15,4.37,Normal,15,3,0,22.155900000000003,0.005900000000004013,3
2026-08-04 09:50:00,New Seminar Hall,4.0,11.14,2.79,Normal,9,1,0,11.16,0.019999999999999574,10
2026-08-20 17:10:00,New Seminar Hall,5.13,29.66,5.78,Normal,17,3,0,29.651400000000002,0.00859999999999772,10
2026-07-13 18:30:00,AIML Department,2.63,13.66,5.2,Normal,18,0,0,13.676,0.016000000000000014,1
2026-07-30 05:40:00,IT Department,3.49,6.79,1.95,Normal,5,3,0,6.8055,0.015500000000000291,8
2026-08-21 17:30:00,CSE Department,3.96,15.94,4.03,Normal,17,4,0,15.9588,0.018800000000000594,4
2026-08-12 19:50:00,Physics Lab,2.9,16.62,5.72,Normal,19,2,0,16.587999999999997,0.03200000000000358,11
2026-07-15 14:10:00,BT Department,3.51,18.57,5.29,Normal,14,2,0,18.567899999999998,0.002100000000002211,2
2026-08-01 11:10:00,CSE Department,3.27,3.69,1.13,Normal,11,5,1,3.6950999999999996,0.00509999999999966,4
2026-08-06 14:00:00,Chemistry Lab,6.86,48.95,7.13,Normal,14,3,0,48.9118,0.03820000000000334,5
2026-07-01 19:50:00,Electronics Department,5.55,16.32,2.94,Normal,19,2,0,16.317,0.0030000000000001137,6
2026-07-28 18:30:00,Chemistry Lab,5.91,47.03,7.96,Normal,18,1,0,47.0436,0.013599999999996726,5
2026-07-29 12:40:00,Biotech Department,4.7,30.85,6.57,Normal,12,2,0,30.879,0.028999999999999915,3
2026-08-07 05:40:00,Biotech Department,4.79,10.49,2.19,Normal,5,4,0,10.4901,9.999999999976694e-05,3
2026-07-21 09:10:00,Biotech Department,20.27,1629.04,80.38,Critical,9,1,0,1629.3026,0.2626000000000204,3
2026-07-30 00:10:00,IT Department,3.5,33.19,9.47,Normal,0,3,0,33.145,0.0449999999999946,8
2026-07-10 02:00:00,Biotech Department,5.36,13.03,2.43,Normal,2,4,0,13.0248,0.005199999999998539,3
2026-07-12 21:40:00,Biotech Department,4.81,26.95,5.61,Normal,21,6,1,26.984099999999998,0.03409999999999869,3
2026-07-31 21:00:00,BT Department,6.36,10.18,1.6,Normal,21,4,0,10.176000000000002,0.003999999999997783,2
2026-07-29 09:10:00,BT Department,5.2,23.65,4.55,Normal,9,2,0,23.66,0.010000000000001563,2
2026-07-30 20:40:00,Physics Lab,8.04,14.68,1.83,Normal,20,3,0,14.713199999999999,0.03319999999999901,11
2026-08-15 06:50:00,HOD Department,9.34,274.43,29.4,Suspicious,6,5,1,274.596,0.16599999999999682,7
2026-07-16 09:10:00,Physics Lab,13.93,365.19,26.21,Suspicious,9,3,0,365.1053,0.084699999999998,11
2026-08-23 05:20:00,Biotech Department,3.79,20.32,5.37,Normal,5,6,1,20.3523,0.03229999999999933,3
2026-07-18 22:10:00,Electronics Department,4.39,4.4,1.0,Normal,22,5,1,4.39,0.010000000000000675,6
2026-07-13 02:30:00,Mechanical Lab,6.51,27.18,4.17,Normal,2,0,0,27.1467,0.03330000000000055,9
2026-07-08 22:30:00,IT Department,3.88,28.28,7.29,Normal,22,2,0,28.2852,0.005199999999998539,8
2026-08-12 04:20:00,New Seminar Hall,6.46,22.39,3.47,Normal,4,2,0,22.4162,0.026199999999999335,10
2026-08-11 00:50:00,New Seminar Hall,7.98,48.77,6.12,Normal,0,1,0,48.8376,0.06759999999999877,10
2026-07-27 09:10:00,Mechanical Lab,4.77,15.89,3.33,Normal,9,0,0,15.884099999999998,0.005900000000002237,9
2026-07-12 15:40:00,Mechanical Lab,8.36,36.11,4.32,Normal,15,6,1,36.1152,0.005200000000002092,9
2026-08-04 09:40:00,Chemistry Lab,3.92,36.63,9.35,Normal,9,1,0,36.652,0.021999999999998465,5
2026-07-14 09:30:00,IT Department,8.01,141.96,17.73,Suspicious,9,1,0,142.0173,0.05729999999999791,8
2026-08-01 17:40:00,CSE Department,3.95,30.2,7.65,Normal,17,5,1,30.2175,0.017500000000001847,4
2026-08-07 14:50:00,Physics Lab,7.87,23.99,3.05,Normal,14,4,0,24.0035,0.013500000000000512,11
2026-07-12 12:40:00,Electronics Department,4.87,20.12,4.13,Normal,12,6,1,20.1131,0.0069000000000016826,6
2026-07-08 03:00:00,Mechanical Lab,4.9,6.43,1.31,Normal,3,2,0,6.4190000000000005,0.010999999999999233,9
2026-07-29 01:40:00,IT Department,3.49,16.99,4.87,Normal,1,2,0,16.9963,0.006300000000003081,8
2026-08-09 20:50:00,AIML Department,3.09,9.16,2.97,Normal,20,6,1,9.1773,0.017300000000000537,1
2026-08-19 11:20:00,AIML Department,4.83,44.48,9.22,Normal,11,2,0,44.5326,0.05260000000000531,1
2026-07-07 05:20:00,Chemistry Lab,7.58,39.27,5.18,Normal,5,1,0,39.264399999999995,0.005600000000008265,5
2026-07-27 12:50:00,CSE Department,6.52,29.88,4.59,Normal,12,0,0,29.926799999999997,0.04679999999999751,4
2026-07-26 18:20:00,IT Department,2.67,20.31,7.62,Normal,18,6,1,20.3454,0.03540000000000276,8
2026-07-17 02:30:00,Mechanical Lab,5.67,39.9,7.04,Normal,2,4,0,39.9168,0.01680000000000348,9
2026-07-17 22:40:00,IT Department,3.74,16.0,4.27,Normal,22,4,0,15.9698,0.03020000000000067,8
2026-08-18 20:00:00,AI Lab,4.27,35.93,8.41,Normal,20,1,0,35.9107,0.019300000000001205,0
2026-07-14 01:00:00,Chemistry Lab,5.02,7.41,1.48,Normal,1,1,0,7.429599999999999,0.01959999999999873,5
2026-07-20 12:00:00,Mechanical Lab,5.84,41.68,7.14,Normal,12,0,0,41.697599999999994,0.01759999999999451,9
2026-07-01 15:50:00,BT Department,4.49,21.5,4.79,Normal,15,2,0,21.5071,0.0071000000000012164,2
2026-08-23 10:50:00,AIML Department,9.04,111.81,12.36,Suspicious,10,6,1,111.73439999999998,0.07560000000002276,1
2026-07-10 17:00:00,New Seminar Hall,12.92,273.38,21.16,Suspicious,17,4,0,273.3872,0.0072000000000116415,10
2026-08-22 01:30:00,Mechanical Lab,6.29,29.19,4.64,Normal,1,5,1,29.185599999999997,0.004400000000003956,9
2026-07-22 17:20:00,CSE Department,4.9,23.21,4.74,Normal,17,2,0,23.226000000000003,0.01600000000000179,4
2026-07-04 10:20:00,Mechanical Lab,7.16,64.38,8.99,Normal,10,5,1,64.36840000000001,0.011599999999987176,9
2026-07-16 22:40:00,Mechanical Lab,4.8,27.06,5.63,Normal,22,3,0,27.023999999999997,0.036000000000001364,9
2026-07-13 10:30:00,Chemistry Lab,2.74,2.77,1.01,Normal,10,0,0,2.7674000000000003,0.0025999999999997137,5
2026-07-07 04:40:00,Biotech Department,10.26,162.62,15.86,Suspicious,4,1,0,162.7236,0.10360000000000014,3
2026-08-06 03:20:00,Chemistry Lab,4.13,25.84,6.26,Normal,3,3,0,25.8538,0.013799999999999812,5
2026-07-21 04:40:00,Electronics Department,4.22,22.63,5.36,Normal,4,1,0,22.6192,0.010799999999999699,6
2026-08-08 20:00:00,AIML Department,2.95,5.35,1.81,Normal,20,5,1,5.3395,0.01049999999999951,1
2026-07-18 06:40:00,Biotech Department,5.42,8.76,1.62,Normal,6,5,1,8.7804,0.020400000000000418,3
2026-07-06 01:00:00,Physics Lab,5.77,51.84,8.98,Normal,1,0,0,51.8146,0.025400000000004752,11
2026-08-19 12:30:00,AIML Department,2.91,10.91,3.75,Normal,12,2,0,10.912500000000001,0.002500000000001279,1
2026-08-01 15:00:00,IT Department,4.4,37.99,8.63,Normal,15,5,1,37.97200000000001,0.017999999999993577,8
2026-07-10 07:40:00,CSE Department,16.88,773.43,45.81,Critical,7,4,0,773.2728,0.1571999999999889,4
2026-07-20 11:50:00,Electronics Department,4.39,31.0,7.06,Normal,11,0,0,30.993399999999998,0.006600000000002382,6
2026-07-28 01:00:00,HOD Department,3.81,36.54,9.6,Normal,1,1,0,36.576,0.036000000000001364,7
2026-08-02 05:30:00,New Seminar Hall,5.17,22.41,4.33,Normal,5,6,1,22.3861,0.023900000000001143,10
2026-08-22 05:50:00,HOD Department,2.28,16.08,7.05,Normal,5,5,1,16.073999999999998,0.006000000000000227,7
2026-08-10 02:40:00,AI Lab,5.96,57.69,9.69,Normal,2,0,0,57.752399999999994,0.06239999999999668,0
2026-08-11 08:50:00,Physics Lab,7.38,63.15,8.55,Normal,8,1,0,63.099000000000004,0.05099999999999483,11
2026-07-09 01:20:00,Biotech Department,5.47,17.53,3.2,Normal,1,3,0,17.504,0.0259999999999998,3
2026-07-06 17:20:00,BT Department,4.34,4.84,1.12,Normal,17,0,0,4.8608,0.020800000000000374,2
2026-08-22 20:30:00,AI Lab,5.91,34.83,5.89,Normal,20,5,1,34.8099,0.02009999999999934,0
2026-07-16 19:50:00,HOD Department,3.43,8.76,2.55,Normal,19,3,0,8.7465,0.013500000000000512,7
2026-07-16 19:20:00,IT Department,4.3,22.54,5.25,Normal,19,3,0,22.575,0.03500000000000014,8
2026-07-16 06:50:00,AI Lab,4.9,13.75,2.8,Normal,6,3,0,13.72,0.02999999999999936,0
2026-08-08 03:40:00,Chemistry Lab,5.8,30.0,5.18,Normal,3,5,1,30.043999999999997,0.04399999999999693,5
2026-08-05 13:40:00,CSE Department,4.11,34.1,8.3,Normal,13,2,0,34.11300000000001,0.01300000000000523,4
2026-08-03 10:00:00,Physics Lab,21.8,987.56,45.31,Critical,10,0,0,987.758,0.19800000000009277,11
2026-07-10 19:40:00,Physics Lab,4.62,20.33,4.4,Normal,19,4,0,20.328000000000003,0.001999999999995339,11
2026-07-11 12:50:00,HOD Department,4.41,29.23,6.63,Normal,12,5,1,29.2383,0.00829999999999842,7
2026-07-14 04:30:00,Chemistry Lab,5.56,12.35,2.22,Normal,4,1,0,12.3432,0.006800000000000139,5
2026-07-14 23:10:00,Mechanical Lab,6.8,35.77,5.26,Normal,23,1,0,35.768,0.0020000000000024443,9
2026-07-21 15:40:00,Mechanical Lab,3.8,33.01,8.69,Normal,15,1,0,33.022,0.012000000000000455,9
2026-08-19 10:30:00,HOD Department,4.11,26.16,6.37,Normal,10,2,0,26.1807,0.020700000000001495,7
2026-08-03 01:20:00,Mechanical Lab,7.24,26.89,3.71,Normal,1,0,0,26.860400000000002,0.029599999999998516,9
2026-07-28 07:50:00,CSE Department,2.08,12.96,6.24,Normal,7,1,0,12.9792,0.019199999999999662,4
2026-07-04 16:50:00,CSE Department,3.32,28.02,8.45,Normal,16,5,1,28.053999999999995,0.03399999999999537,4
2026-07-16 21:10:00,New Seminar Hall,5.75,48.27,8.39,Normal,21,3,0,48.24250000000001,0.027499999999996305,10
2026-07-29 11:10:00,CSE Department,16.01,739.43,46.18,Critical,11,2,0,739.3418,0.08819999999991524,4
2026-07-22 20:50:00,Biotech Department,3.68,30.95,8.42,Normal,20,2,0,30.9856,0.035600000000002296,3
2026-08-21 22:10:00,Biotech Department,4.42,22.58,5.11,Normal,22,4,0,22.5862,0.006200000000003314,3
2026-08-12 23:40:00,HOD Department,2.53,3.35,1.32,Normal,23,2,0,3.3396,0.010400000000000187,7
2026-07-01 13:00:00,Mechanical Lab,5.15,18.11,3.52,Normal,13,2,0,18.128,0.018000000000000682,9
2026-07-14 09:10:00,Mechanical Lab,17.97,307.57,17.11,Suspicious,9,1,0,307.46669999999995,0.10330000000004702,9
2026-08-10 15:50:00,HOD Department,2.24,16.88,7.52,Normal,15,0,0,16.8448,0.035199999999999676,7
2026-07-31 00:30:00,BT Department,5.71,14.63,2.56,Normal,0,4,0,14.6176,0.012400000000001299,2
2026-07-23 01:20:00,BT Department,5.16,39.5,7.65,Normal,1,3,0,39.474000000000004,0.02599999999999625,2
2026-07-24 22:30:00,AI Lab,3.88,8.25,2.13,Normal,22,4,0,8.2644,0.01440000000000019,0
2026-08-06 05:40:00,IT Department,2.86,9.79,3.43,Normal,5,3,0,9.8098,0.01980000000000004,8
2026-08-25 17:10:00,Electronics Department,4.99,34.53,6.92,Normal,17,1,0,34.5308,0.0007999999999981355,6
2026-07-08 12:40:00,IT Department,3.14,14.56,4.64,Normal,12,2,0,14.5696,0.009599999999998943,8
2026-07-05 18:00:00,BT Department,4.84,22.69,4.69,Normal,18,6,1,22.6996,0.009599999999998943,2
2026-08-11 23:40:00,IT Department,5.03,32.98,6.55,Normal,23,1,0,32.9465,0.03349999999999653,8
2026-07-22 11:50:00,BT Department,4.88,30.13,6.18,Normal,11,2,0,30.158399999999997,0.02839999999999776,2
2026-07-08 20:30:00,Mechanical Lab,8.71,67.54,7.76,Normal,20,2,0,67.5896,0.04959999999999809,9
2026-07-19 11:50:00,AIML Department,15.3,1323.32,86.49,Critical,11,6,1,1323.297,0.02299999999991087,1
2026-07-07 07:30:00,BT Department,6.89,58.87,8.54,Normal,7,1,0,58.840599999999995,0.029400000000002535,2
2026-07-29 08:30:00,Mechanical Lab,7.89,76.7,9.72,Normal,8,2,0,76.6908,0.00920000000000698,9
2026-07-07 14:30:00,Biotech Department,4.02,6.87,1.71,Normal,14,1,0,6.874199999999999,0.004199999999999093,3
2026-08-17 01:20:00,AIML Department,3.02,3.51,1.16,Normal,1,0,0,3.5031999999999996,0.006800000000000139,1
2026-07-02 02:10:00,IT Department,5.23,9.92,1.9,Normal,2,3,0,9.937000000000001,0.017000000000001236,8
2026-08-23 18:00:00,HOD Department,4.13,6.59,1.59,Normal,18,6,1,6.5667,0.023299999999999876,7
2026-08-21 21:50:00,New Seminar Hall,6.68,17.56,2.63,Normal,21,4,0,17.568399999999997,0.008399999999998187,10
2026-08-16 00:20:00,AI Lab,4.28,38.66,9.03,Normal,0,6,1,38.6484,0.011599999999994282,0
2026-08-23 11:40:00,Electronics Department,5.04,36.82,7.31,Normal,11,6,1,36.8424,0.022399999999997533,6
2026-08-17 00:30:00,AI Lab,5.73,37.17,6.49,Normal,0,0,0,37.18770000000001,0.017700000000004934,0
2026-08-23 08:50:00,AI Lab,24.71,1788.61,72.39,Critical,8,6,1,1788.7569,0.146900000000187,0
2026-08-11 03:50:00,Electronics Department,18.22,1197.92,65.76,Critical,3,1,0,1198.1472,0.22720000000003893,6
2026-07-14 01:10:00,Electronics Department,11.31,146.0,12.91,Suspicious,1,1,0,146.0121,0.012100000000003774,6
2026-08-19 00:50:00,AIML Department,10.12,107.36,10.61,Suspicious,0,2,0,107.37319999999998,0.013199999999983447,1
2026-08-05 07:30:00,IT Department,3.41,8.09,2.37,Normal,7,2,0,8.081700000000001,0.00829999999999842,8
2026-07-06 18:20:00,CSE Department,2.53,4.29,1.7,Normal,18,0,0,4.300999999999999,0.010999999999999233,4
2026-08-24 12:50:00,Electronics Department,3.66,6.62,1.81,Normal,12,0,0,6.6246,0.0045999999999999375,6
2026-08-19 19:40:00,Biotech Department,6.61,13.57,2.05,Normal,19,2,0,13.5505,0.01950000000000074,3
2026-07-26 16:50:00,IT Department,3.41,26.41,7.73,Normal,16,6,1,26.3593,0.05069999999999908,8
2026-08-04 00:40:00,CSE Department,4.28,14.76,3.45,Normal,0,1,0,14.766000000000002,0.006000000000002004,4
2026-07-20 23:00:00,CSE Department,11.91,232.63,19.52,Suspicious,23,0,0,232.4832,0.14679999999998472,4
2026-07-28 11:30:00,AIML Department,6.62,65.95,9.96,Normal,11,1,0,65.93520000000001,0.014799999999993929,1
2026-07-14 00:10:00,CSE Department,3.1,13.38,4.32,Normal,0,1,0,13.392000000000001,0.012000000000000455,4
2026-07-19 12:10:00,Electronics Department,2.98,13.27,4.45,Normal,12,6,1,13.261000000000001,0.008999999999998565,6
2026-08-08 15:50:00,CSE Department,4.39,24.27,5.52,Normal,15,5,1,24.232799999999997,0.03720000000000212,4
2026-07-08 22:20:00,Mechanical Lab,7.14,49.98,7.0,Normal,22,2,0,49.98,0.0,9
2026-08-09 08:40:00,Physics Lab,5.31,45.2,8.52,Normal,8,6,1,45.24119999999999,0.041199999999989245,11
2026-08-09 19:50:00,IT Department,9.47,225.93,23.86,Suspicious,19,6,1,225.95420000000001,0.02420000000000755,8
2026-07-24 19:40:00,AI Lab,5.12,20.87,4.08,Normal,19,4,0,20.8896,0.019600000000000506,0
2026-08-04 04:20:00,AI Lab,24.65,1967.84,79.85,Critical,4,1,0,1968.3024999999998,0.4624999999998636,0
2026-07-28 18:20:00,CSE Department,4.04,8.94,2.21,Normal,18,1,0,8.9284,0.01159999999999961,4
2026-07-21 05:30:00,Physics Lab,4.76,29.52,6.2,Normal,5,1,0,29.512,0.007999999999999119,11
2026-07-12 19:40:00,Chemistry Lab,4.83,12.36,2.56,Normal,19,6,1,12.3648,0.004800000000001248,5
2026-08-15 20:30:00,Chemistry Lab,22.07,1731.88,78.48,Critical,20,5,1,1732.0536000000002,0.17360000000007858,5
2026-08-21 05:50:00,BT Department,13.44,292.85,21.79,Suspicious,5,4,0,292.8576,0.007599999999968077,2
2026-07-17 11:10:00,Electronics Department,3.06,15.94,5.21,Normal,11,4,0,15.9426,0.002600000000001046,6
2026-07-18 02:10:00,IT Department,18.15,848.39,46.74,Critical,2,5,1,848.331,0.05899999999996908,8
2026-08-12 22:30:00,Chemistry Lab,6.14,16.53,2.69,Normal,22,2,0,16.5166,0.013400000000000745,5
2026-07-19 18:20:00,BT Department,4.91,24.75,5.05,Normal,18,6,1,24.7955,0.04550000000000054,2
2026-07-22 07:00:00,HOD Department,4.29,6.63,1.55,Normal,7,2,0,6.649500000000001,0.01950000000000074,7
2026-07-19 22:20:00,CSE Department,5.09,36.39,7.15,Normal,22,6,1,36.3935,0.003500000000002501,4
2026-08-01 20:20:00,Electronics Department,4.4,33.58,7.64,Normal,20,5,1,33.616,0.036000000000001364,6
2026-08-06 12:50:00,New Seminar Hall,5.2,17.92,3.45,Normal,12,3,0,17.94,0.019999999999999574,10
2026-08-09 01:20:00,Electronics Department,5.57,26.14,4.69,Normal,1,6,1,26.123300000000004,0.016699999999996606,6
2026-08-05 02:50:00,New Seminar Hall,6.11,16.07,2.63,Normal,2,2,0,16.069300000000002,0.0006999999999983686,10
2026-08-25 04:10:00,Electronics Department,4.22,11.84,2.81,Normal,4,1,0,11.8582,0.018200000000000216,6
2026-07-02 13:40:00,Physics Lab,6.36,42.5,6.68,Normal,13,3,0,42.4848,0.015200000000000102,11
2026-08-08 13:10:00,Mechanical Lab,4.25,29.62,6.98,Normal,13,5,1,29.665000000000003,0.045000000000001705,9
2026-08-09 19:00:00,Electronics Department,4.47,7.73,1.73,Normal,19,6,1,7.733099999999999,0.0030999999999989925,6
2026-07-24 12:40:00,IT Department,5.21,46.4,8.9,Normal,12,4,0,46.369,0.030999999999998806,8
2026-07-09 16:40:00,Mechanical Lab,16.21,475.01,29.31,Suspicious,16,3,0,475.1151,0.10509999999999309,9
2026-07-16 15:00:00,BT Department,3.97,10.91,2.75,Normal,15,3,0,10.9175,0.007500000000000284,2
2026-08-07 21:10:00,HOD Department,3.64,22.53,6.18,Normal,21,4,0,22.4952,0.03480000000000061,7
2026-08-15 10:50:00,AIML Department,3.51,12.06,3.43,Normal,10,5,1,12.039299999999999,0.020700000000001495,1
2026-08-13 05:20:00,Physics Lab,11.18,201.14,17.99,Suspicious,5,3,0,201.12819999999996,0.011800000000022237,11
2026-08-21 12:40:00,Chemistry Lab,6.23,21.37,3.43,Normal,12,4,0,21.368900000000004,0.0010999999999974364,5
2026-08-25 13:30:00,IT Department,3.82,16.02,4.19,Normal,13,1,0,16.0058,0.01419999999999888,8
2026-07-28 19:00:00,Chemistry Lab,4.05,10.88,2.68,Normal,19,1,0,10.854000000000001,0.0259999999999998,5
2026-07-13 15:00:00,CSE Department,3.92,35.14,8.97,Normal,15,0,0,35.162400000000005,0.02240000000000464,4
2026-07-07 02:10:00,Mechanical Lab,8.56,21.36,2.5,Normal,2,1,0,21.400000000000002,0.0400000000000027,9
2026-07-07 20:50:00,New Seminar Hall,7.12,63.57,8.92,Normal,20,1,0,63.5104,0.059600000000003206,10
2026-07-23 08:10:00,Electronics Department,11.73,181.22,15.44,Suspicious,8,3,0,181.1112,0.10880000000000223,6
2026-07-18 14:20:00,New Seminar Hall,5.41,43.06,7.96,Normal,14,5,1,43.0636,0.0035999999999987153,10
2026-07-05 16:30:00,BT Department,2.76,5.44,1.97,Normal,16,6,1,5.4372,0.00280000000000058,2
2026-07-22 05:50:00,Physics Lab,5.5,6.82,1.24,Normal,5,2,0,6.82,0.0,11
2026-08-03 02:00:00,Chemistry Lab,5.54,36.63,6.61,Normal,2,0,0,36.6194,0.010600000000003718,5
2026-07-07 18:10:00,CSE Department,5.34,28.76,5.39,Normal,18,1,0,28.7826,0.022599999999997067,4
2026-07-03 09:10:00,Chemistry Lab,6.54,8.36,1.28,Normal,9,4,0,8.3712,0.011200000000000543,5
2026-07-08 15:20:00,AIML Department,4.38,19.16,4.37,Normal,15,2,0,19.1406,0.019400000000000972,1
2026-07-20 03:10:00,HOD Department,3.22,17.53,5.45,Normal,3,0,0,17.549000000000003,0.019000000000001904,7
2026-07-23 15:30:00,Electronics Department,4.04,20.87,5.17,Normal,15,3,0,20.8868,0.016799999999999926,6
2026-08-18 09:20:00,HOD Department,2.72,18.21,6.7,Normal,9,1,0,18.224,0.013999999999999346,7
2026-07-21 05:50:00,Mechanical Lab,6.67,30.26,4.53,Normal,5,1,0,30.2151,0.04490000000000194,9
2026-07-20 16:50:00,HOD Department,2.94,19.61,6.68,Normal,16,0,0,19.6392,0.02919999999999945,7
2026-07-07 21:20:00,Chemistry Lab,26.39,1536.2,58.22,Critical,21,1,0,1536.4258,0.2257999999999356,5
2026-08-14 13:20:00,New Seminar Hall,20.59,1287.92,62.55,Critical,13,4,0,1287.9044999999999,0.015500000000201908,10
2026-08-16 11:00:00,Biotech Department,5.49,38.94,7.1,Normal,11,6,1,38.979,0.03900000000000148,3
2026-07-01 10:00:00,BT Department,1.75,15.47,8.86,Normal,10,2,0,15.504999999999999,0.034999999999998366,2
2026-07-09 02:10:00,CSE Department,4.76,36.11,7.59,Normal,2,3,0,36.1284,0.01839999999999975,4
2026-08-10 20:20:00,AIML Department,4.93,28.89,5.86,Normal,20,0,0,28.8898,0.00019999999999953388,1
2026-08-24 16:10:00,Electronics Department,3.15,8.11,2.57,Normal,16,0,0,8.0955,0.014499999999999957,6
2026-08-08 10:10:00,AIML Department,3.8,17.63,4.64,Normal,10,5,1,17.631999999999998,0.0019999999999988916,1
2026-07-23 00:10:00,Electronics Department,5.48,16.83,3.07,Normal,0,3,0,16.8236,0.006399999999999295,6
2026-08-04 04:00:00,New Seminar Hall,12.61,183.88,14.58,Suspicious,4,1,0,183.8538,0.026199999999988677,10
2026-07-10 11:50:00,AIML Department,5.08,23.98,4.72,Normal,11,4,0,23.9776,0.002400000000001512,1
2026-07-06 17:50:00,Biotech Department,5.75,41.78,7.26,Normal,17,0,0,41.745,0.035000000000003695,3
2026-08-24 14:30:00,IT Department,5.41,39.17,7.24,Normal,14,0,0,39.168400000000005,0.001599999999996271,8
2026-08-21 04:00:00,AI Lab,4.48,28.24,6.3,Normal,4,4,0,28.224,0.015999999999998238,0
2026-07-26 10:50:00,Mechanical Lab,28.33,2070.31,73.07,Critical,10,6,1,2070.0730999999996,0.2369000000003325,9
2026-07-27 11:30:00,Mechanical Lab,7.32,72.21,9.86,Normal,11,0,0,72.1752,0.03479999999998995,9
2026-07-04 08:10:00,Physics Lab,25.36,1729.37,68.2,Critical,8,5,1,1729.5520000000001,0.18200000000024374,11
2026-07-05 20:50:00,AIML Department,3.69,35.03,9.49,Normal,20,6,1,35.0181,0.01190000000000424,1
2026-07-18 12:50:00,Mechanical Lab,5.03,11.41,2.27,Normal,12,5,1,11.4181,0.008100000000000662,9
2026-08-06 21:50:00,Electronics Department,4.96,24.88,5.01,Normal,21,3,0,24.8496,0.030400000000000205,6
2026-08-11 13:10:00,Biotech Department,3.34,19.81,5.92,Normal,13,1,0,19.7728,0.03719999999999857,3
2026-08-03 20:50:00,IT Department,4.38,10.49,2.4,Normal,20,0,0,10.511999999999999,0.021999999999998465,8
2026-08-02 10:20:00,Mechanical Lab,6.28,39.47,6.29,Normal,10,6,1,39.501200000000004,0.031200000000005446,9
2026-07-22 13:10:00,BT Department,2.22,14.52,6.54,Normal,13,2,0,14.5188,0.0011999999999989797,2
2026-08-24 11:20:00,AI Lab,10.5,219.55,20.9,Suspicious,11,0,0,219.45,0.10000000000002274,0
2026-07-29 10:40:00,Chemistry Lab,7.17,60.89,8.5,Normal,10,2,0,60.945,0.054999999999999716,5
2026-07-21 09:00:00,HOD Department,3.1,5.39,1.74,Normal,9,1,0,5.394,0.004000000000000448,7
2026-08-15 04:20:00,Mechanical Lab,4.69,40.52,8.64,Normal,4,5,1,40.52160000000001,0.0016000000000033765,9
2026-08-03 13:00:00,AIML Department,3.29,30.19,9.18,Normal,13,0,0,30.202199999999998,0.012199999999996436,1
2026-08-10 20:50:00,HOD Department,4.15,30.37,7.32,Normal,20,0,0,30.378000000000004,0.008000000000002672,7
2026-07-27 01:40:00,Mechanical Lab,6.25,43.18,6.91,Normal,1,0,0,43.1875,0.007500000000000284,9
2026-07-22 01:20:00,BT Department,8.82,250.41,28.4,Suspicious,1,2,0,250.488,0.07800000000000296,2
2026-08-08 23:40:00,Biotech Department,6.17,12.43,2.01,Normal,23,5,1,12.401699999999998,0.028300000000001546,3
2026-07-05 07:00:00,AIML Department,1.29,7.34,5.7,Normal,7,6,1,7.353000000000001,0.013000000000000789,1
2026-07-11 09:20:00,Biotech Department,4.64,45.33,9.76,Normal,9,5,1,45.28639999999999,0.04360000000000497,3
2026-08-05 11:40:00,Biotech Department,3.31,12.05,3.64,Normal,11,2,0,12.0484,0.0015999999999998238,3
2026-07-29 11:30:00,Biotech Department,7.26,9.95,1.37,Normal,11,2,0,9.946200000000001,0.0037999999999982492,3
2026-08-04 01:10:00,New Seminar Hall,6.33,10.11,1.6,Normal,1,1,0,10.128,0.018000000000000682,10
2026-07-29 19:20:00,Biotech Department,12.68,205.72,16.22,Suspicious,19,2,0,205.66959999999997,0.05040000000002465,3
2026-07-13 10:50:00,BT Department,4.95,16.91,3.41,Normal,10,0,0,16.8795,0.03049999999999997,2
2026-07-20 08:50:00,HOD Department,3.43,19.66,5.73,Normal,8,0,0,19.653900000000004,0.006099999999996442,7
2026-07-12 09:00:00,AIML Department,10.89,139.69,12.83,Suspicious,9,6,1,139.7187,0.028700000000014825,1
2026-07-27 20:40:00,AI Lab,5.42,45.83,8.45,Normal,20,0,0,45.79899999999999,0.03100000000000591,0
2026-07-03 07:50:00,Electronics Department,5.35,36.66,6.85,Normal,7,4,0,36.647499999999994,0.012500000000002842,6
2026-07-13 09:40:00,Mechanical Lab,13.61,245.2,18.01,Suspicious,9,0,0,245.11610000000002,0.08389999999997144,9
2026-08-05 05:10:00,Mechanical Lab,4.05,26.95,6.66,Normal,5,2,0,26.973,0.022999999999999687,9
2026-08-19 10:10:00,AI Lab,6.4,10.78,1.69,Normal,10,2,0,10.816,0.036000000000001364,0
2026-07-25 04:10:00,IT Department,2.49,24.79,9.94,Normal,4,5,1,24.750600000000002,0.03939999999999699,8
2026-08-04 19:50:00,AI Lab,5.43,6.69,1.23,Normal,19,1,0,6.6789,0.011100000000000776,0
2026-08-17 05:00:00,Biotech Department,5.43,36.83,6.78,Normal,5,0,0,36.8154,0.0146000000000015,3
2026-08-08 09:30:00,CSE Department,2.23,9.55,4.28,Normal,9,5,1,9.544400000000001,0.005599999999999383,4
2026-08-10 09:40:00,IT Department,4.32,15.02,3.48,Normal,9,0,0,15.033600000000002,0.013600000000002055,8
2026-07-20 23:10:00,HOD Department,3.89,37.08,9.52,Normal,23,0,0,37.0328,0.04719999999999658,7
2026-07-13 00:40:00,HOD Department,2.43,22.82,9.37,Normal,0,0,0,22.769099999999998,0.050900000000002166,7
2026-08-06 14:10:00,AI Lab,6.77,55.19,8.15,Normal,14,3,0,55.1755,0.014499999999998181,0
2026-07-10 15:00:00,AIML Department,3.72,7.5,2.02,Normal,15,4,0,7.5144,0.01440000000000019,1
2026-07-31 07:30:00,BT Department,15.54,1258.55,81.01,Critical,7,4,0,1258.8954,0.34540000000015425,2
2026-07-20 09:00:00,HOD Department,3.18,8.11,2.55,Normal,9,0,0,8.109,0.0009999999999994458,7
2026-08-18 19:40:00,Mechanical Lab,14.91,275.91,18.5,Suspicious,19,1,0,275.835,0.07500000000004547,9
2026-08-15 22:50:00,Physics Lab,6.01,49.24,8.19,Normal,22,5,1,49.2219,0.018100000000004002,11
2026-07-28 04:50:00,Mechanical Lab,4.64,20.47,4.41,Normal,4,1,0,20.4624,0.007600000000000051,9
2026-08-09 23:20:00,Biotech Department,5.76,44.16,7.67,Normal,23,6,1,44.179199999999994,0.019199999999997885,3
2026-07-21 11:40:00,Electronics Department,6.73,18.96,2.82,Normal,11,1,0,18.9786,0.018599999999999284,6
2026-07-17 00:20:00,BT Department,4.86,8.58,1.77,Normal,0,4,0,8.6022,0.022199999999999775,2
2026-08-02 13:20:00,Chemistry Lab,5.31,49.28,9.28,Normal,13,6,1,49.276799999999994,0.003200000000006753,5
2026-08-04 02:20:00,IT Department,5.25,16.07,3.06,Normal,2,1,0,16.065,0.004999999999999005,8
2026-07-28 19:10:00,AIML Department,4.21,20.74,4.93,Normal,19,1,0,20.7553,0.01529999999999987,1
2026-08-16 03:00:00,Chemistry Lab,3.44,31.3,9.09,Normal,3,6,1,31.2696,0.030400000000000205,5
2026-08-23 01:30:00,CSE Department,4.88,28.21,5.79,Normal,1,6,1,28.2552,0.045199999999997686,4
2026-07-31 23:00:00,New Seminar Hall,4.13,5.57,1.35,Normal,23,4,0,5.5755,0.005499999999999616,10
2026-07-12 04:40:00,Physics Lab,4.43,28.32,6.4,Normal,4,6,1,28.352,0.03200000000000003,11
2026-08-12 19:00:00,Biotech Department,6.47,10.98,1.7,Normal,19,2,0,10.998999999999999,0.01899999999999835,3
2026-08-02 15:50:00,IT Department,4.17,35.6,8.53,Normal,15,6,1,35.5701,0.029900000000004923,8
2026-08-25 21:10:00,New Seminar Hall,8.09,67.12,8.3,Normal,21,1,0,67.147,0.027000000000001023,10
2026-08-03 09:40:00,HOD Department,3.0,5.1,1.7,Normal,9,0,0,5.1,0.0,7
2026-07-16 12:10:00,Physics Lab,4.22,6.75,1.6,Normal,12,3,0,6.752,0.0019999999999997797,11
2026-07-29 20:00:00,CSE Department,3.05,24.23,7.95,Normal,20,2,0,24.2475,0.017499999999998295,4
2026-07-09 21:10:00,Physics Lab,7.95,74.81,9.41,Normal,21,3,0,74.8095,0.0005000000000023874,11
2026-08-07 03:40:00,Physics Lab,4.39,37.8,8.62,Normal,3,4,0,37.84179999999999,0.04179999999999495,11
2026-07-10 01:40:00,New Seminar Hall,6.31,37.74,5.98,Normal,1,4,0,37.7338,0.006199999999999761,10
2026-07-16 23:40:00,Physics Lab,6.36,52.04,8.18,Normal,23,3,0,52.0248,0.015200000000000102,11
2026-07-14 21:10:00,CSE Department,3.04,9.53,3.14,Normal,21,1,0,9.5456,0.015600000000000946,4
2026-08-21 23:30:00,CSE Department,4.23,19.54,4.62,Normal,23,4,0,19.542600000000004,0.0026000000000045986,4
2026-07-02 02:50:00,IT Department,5.16,50.3,9.75,Normal,2,3,0,50.31,0.010000000000005116,8
2026-08-17 12:40:00,AI Lab,5.21,20.64,3.96,Normal,12,0,0,20.6316,0.00840000000000174,0
2026-07-18 18:10:00,Physics Lab,5.18,24.32,4.69,Normal,18,5,1,24.2942,0.025800000000000267,11
2026-08-11 01:30:00,HOD Department,1.85,5.86,3.17,Normal,1,1,0,5.8645000000000005,0.0045000000000001705,7
2026-07-29 10:30:00,Mechanical Lab,11.39,139.98,12.29,Suspicious,10,2,0,139.9831,0.003100000000017644,9
2026-07-21 21:50:00,AIML Department,3.79,6.94,1.83,Normal,21,1,0,6.935700000000001,0.0042999999999997485,1
2026-07-19 00:40:00,Biotech Department,3.98,21.86,5.5,Normal,0,6,1,21.89,0.030000000000001137,3
2026-07-29 20:10:00,New Seminar Hall,6.47,56.66,8.75,Normal,20,2,0,56.6125,0.04749999999999943,10
2026-07-04 20:30:00,Electronics Department,5.18,6.85,1.32,Normal,20,5,1,6.8376,0.012399999999999523,6
2026-08-03 04:20:00,CSE Department,4.27,26.47,6.2,Normal,4,0,0,26.473999999999997,0.003999999999997783,4
2026-08-02 20:00:00,HOD Department,3.9,36.1,9.25,Normal,20,6,1,36.074999999999996,0.025000000000005684,7
2026-07-25 18:20:00,AI Lab,4.51,28.33,6.28,Normal,18,5,1,28.3228,0.007199999999997431,0
2026-08-19 13:20:00,AIML Department,3.87,8.94,2.31,Normal,13,2,0,8.9397,0.0002999999999993008,1
2026-08-10 05:20:00,CSE Department,3.74,17.04,4.56,Normal,5,0,0,17.0544,0.014400000000001967,4
2026-07-30 20:50:00,HOD Department,3.29,28.71,8.72,Normal,20,3,0,28.688800000000004,0.021199999999996777,7
2026-07-21 03:00:00,Chemistry Lab,6.85,29.3,4.27,Normal,3,1,0,29.249499999999994,0.05050000000000665,5
2026-08-02 21:10:00,CSE Department,6.7,61.79,9.23,Normal,21,6,1,61.841,0.05100000000000193,4
2026-07-30 22:40:00,Biotech Department,2.82,28.03,9.93,Normal,22,3,0,28.002599999999997,0.027400000000003644,3
2026-08-22 14:30:00,Physics Lab,5.79,49.97,8.63,Normal,14,5,1,49.96770000000001,0.002299999999991087,11
2026-07-03 18:20:00,Chemistry Lab,3.86,14.37,3.72,Normal,18,4,0,14.3592,0.010799999999999699,5
2026-08-03 06:20:00,IT Department,5.06,19.07,3.77,Normal,6,0,0,19.0762,0.006199999999999761,8
2026-07-21 12:20:00,Electronics Department,10.53,268.61,25.51,Suspicious,12,1,0,268.6203,0.010299999999972442,6
2026-08-05 14:10:00,AIML Department,5.03,11.61,2.31,Normal,14,2,0,11.6193,0.009300000000001418,1
2026-08-01 11:40:00,AI Lab,5.41,13.63,2.52,Normal,11,5,1,13.6332,0.0031999999999996476,0
2026-07-18 17:30:00,Chemistry Lab,6.5,27.16,4.18,Normal,17,5,1,27.169999999999998,0.00999999999999801,5
2026-07-19 12:40:00,Chemistry Lab,6.12,6.7,1.09,Normal,12,6,1,6.670800000000001,0.02919999999999945,5
2026-08-10 21:40:00,AI Lab,4.02,23.56,5.86,Normal,21,0,0,23.557199999999998,0.00280000000000058,0
2026-07-09 01:40:00,New Seminar Hall,7.5,19.53,2.6,Normal,1,3,0,19.5,0.030000000000001137,10
2026-07-21 02:20:00,HOD Department,4.22,30.86,7.31,Normal,2,1,0,30.848199999999995,0.011800000000004474,7
2026-08-09 14:40:00,IT Department,4.6,38.3,8.33,Normal,14,6,1,38.318,0.018000000000000682,8
2026-07-03 09:40:00,AI Lab,4.81,5.99,1.24,Normal,9,4,0,5.9643999999999995,0.025600000000000733,0
2026-07-12 23:10:00,Physics Lab,4.89,41.53,8.49,Normal,23,6,1,41.5161,0.01389999999999958,11
2026-08-14 11:00:00,Biotech Department,4.35,13.79,3.17,Normal,11,4,0,13.789499999999999,0.0005000000000006111,3
2026-08-22 23:10:00,Mechanical Lab,5.86,28.41,4.85,Normal,23,5,1,28.421,0.010999999999999233,9
2026-07-31 07:10:00,Electronics Department,5.29,20.37,3.85,Normal,7,4,0,20.366500000000002,0.0034999999999989484,6
2026-08-12 17:20:00,Mechanical Lab,3.46,19.57,5.65,Normal,17,2,0,19.549,0.021000000000000796,9
2026-08-15 16:50:00,New Seminar Hall,5.77,56.58,9.8,Normal,16,5,1,56.546,0.03399999999999892,10
2026-07-26 08:50:00,Chemistry Lab,6.22,37.85,6.09,Normal,8,6,1,37.879799999999996,0.029799999999994498,5
2026-07-26 19:20:00,BT Department,3.76,20.51,5.45,Normal,19,6,1,20.492,0.018000000000000682,2
2026-07-02 22:10:00,CSE Department,3.83,37.58,9.82,Normal,22,3,0,37.610600000000005,0.030600000000006844,4
2026-07-01 20:40:00,Electronics Department,4.41,35.56,8.06,Normal,20,2,0,35.5446,0.015399999999999636,6
2026-08-12 01:00:00,AI Lab,4.6,42.76,9.3,Normal,1,2,0,42.78,0.020000000000003126,0
2026-08-08 22:30:00,AIML Department,4.7,24.52,5.22,Normal,22,5,1,24.534,0.013999999999999346,1
2026-08-24 10:20:00,AI Lab,4.39,25.44,5.79,Normal,10,0,0,25.4181,0.02190000000000225,0
2026-08-06 03:00:00,IT Department,5.75,22.37,3.89,Normal,3,3,0,22.3675,0.002500000000001279,8
2026-07-15 22:30:00,HOD Department,3.34,21.29,6.38,Normal,22,2,0,21.309199999999997,0.019199999999997885,7
2026-08-21 23:00:00,Physics Lab,5.34,13.7,2.57,Normal,23,4,0,13.723799999999999,0.0237999999999996,11
2026-08-15 17:50:00,New Seminar Hall,7.76,61.07,7.87,Normal,17,5,1,61.0712,0.0011999999999972033,10
2026-08-18 23:50:00,AIML Department,3.68,32.39,8.81,Normal,23,1,0,32.4208,0.030799999999999272,1
2026-07-24 05:30:00,AI Lab,4.88,36.95,7.57,Normal,5,4,0,36.9416,0.00840000000000174,0
2026-08-08 20:50:00,HOD Department,4.15,29.78,7.17,Normal,20,5,1,29.7555,0.024499999999999744,7
2026-08-12 00:00:00,BT Department,4.91,14.79,3.01,Normal,0,2,0,14.7791,0.010899999999999466,2
2026-07-12 13:00:00,CSE Department,5.81,38.19,6.57,Normal,13,6,1,38.1717,0.01829999999999643,4
2026-07-05 13:10:00,Electronics Department,4.63,37.41,8.08,Normal,13,6,1,37.4104,0.0004000000000061732,6
2026-07-28 02:00:00,Chemistry Lab,3.67,18.23,4.96,Normal,2,1,0,18.2032,0.02680000000000149,5
2026-08-03 04:00:00,HOD Department,7.08,96.98,13.69,Suspicious,4,0,0,96.9252,0.05480000000000018,7
2026-07-08 22:10:00,BT Department,6.74,48.89,7.25,Normal,22,2,0,48.865,0.02499999999999858,2
2026-08-07 04:00:00,Chemistry Lab,4.08,38.71,9.49,Normal,4,4,0,38.7192,0.009199999999999875,5
2026-07-19 13:00:00,Biotech Department,5.46,32.47,5.94,Normal,13,6,1,32.4324,0.037599999999997635,3
2026-08-15 08:50:00,Mechanical Lab,7.9,64.66,8.18,Normal,8,5,1,64.622,0.0379999999999967,9
2026-08-24 21:20:00,New Seminar Hall,4.86,19.89,4.09,Normal,21,0,0,19.8774,0.012599999999999056,10
2026-08-23 01:40:00,Physics Lab,5.63,8.1,1.44,Normal,1,6,1,8.107199999999999,0.007199999999999207,11
2026-07-02 17:50:00,Biotech Department,4.16,15.28,3.67,Normal,17,3,0,15.2672,0.01279999999999859,3
2026-07-17 21:50:00,AIML Department,3.13,23.8,7.6,Normal,21,4,0,23.787999999999997,0.012000000000004007,1
2026-07-26 22:50:00,AI Lab,4.13,17.96,4.34,Normal,22,6,1,17.9242,0.03580000000000183,0
2026-08-02 08:10:00,Biotech Department,4.02,23.75,5.91,Normal,8,6,1,23.7582,0.008199999999998653,3
2026-07-07 03:30:00,AIML Department,2.04,13.16,6.45,Normal,3,1,0,13.158000000000001,0.0019999999999988916,1
2026-07-21 17:00:00,CSE Department,3.91,30.65,7.84,Normal,17,1,0,30.6544,0.004400000000000404,4
2026-08-08 05:30:00,Physics Lab,15.44,192.5,12.47,Suspicious,5,5,1,192.5368,0.0367999999999995,11
2026-08-25 10:10:00,Mechanical Lab,4.53,15.63,3.45,Normal,10,1,0,15.628500000000003,0.0014999999999982805,9
2026-07-09 21:00:00,AI Lab,4.43,21.78,4.92,Normal,21,3,0,21.795599999999997,0.015599999999995617,0
2026-08-12 13:20:00,AIML Department,3.93,33.7,8.58,Normal,13,2,0,33.7194,0.01939999999999742,1
2026-07-12 12:10:00,Physics Lab,6.53,63.54,9.73,Normal,12,6,1,63.5369,0.003099999999996328,11
2026-08-22 07:20:00,AIML Department,14.64,993.06,67.84,Critical,7,5,1,993.1776000000001,0.11760000000015225,1
2026-07-25 11:40:00,BT Department,3.67,35.59,9.71,Normal,11,5,1,35.6357,0.04569999999999652,2
2026-08-15 17:40:00,IT Department,6.5,13.15,2.02,Normal,17,5,1,13.13,0.019999999999999574,8
2026-08-23 06:00:00,HOD Department,5.36,14.35,2.68,Normal,6,6,1,14.364800000000002,0.014800000000002811,7
2026-08-17 04:20:00,CSE Department,5.22,29.32,5.62,Normal,4,0,0,29.336399999999998,0.016399999999997306,4
2026-07-20 07:20:00,Physics Lab,6.91,60.44,8.75,Normal,7,0,0,60.4625,0.022500000000000853,11
2026-08-07 11:50:00,New Seminar Hall,7.3,25.9,3.55,Normal,11,4,0,25.915,0.015000000000000568,10
2026-08-14 23:40:00,IT Department,5.58,19.56,3.5,Normal,23,4,0,19.53,0.029999999999997584,8
2026-08-17 23:20:00,Electronics Department,4.05,17.46,4.31,Normal,23,0,0,17.455499999999997,0.004500000000003723,6
2026-08-14 00:40:00,BT Department,3.61,17.3,4.8,Normal,0,4,0,17.328,0.027999999999998693,2
2026-07-24 12:10:00,New Seminar Hall,5.01,28.56,5.7,Normal,12,4,0,28.557,0.0030000000000001137,10
2026-07-27 05:50:00,BT Department,2.75,13.69,4.98,Normal,5,0,0,13.695,0.005000000000000782,2
2026-08-12 18:10:00,Biotech Department,6.07,39.0,6.42,Normal,18,2,0,38.9694,0.03059999999999974,3
2026-08-04 07:00:00,Biotech Department,4.51,41.86,9.28,Normal,7,1,0,41.852799999999995,0.007200000000004536,3
2026-07-24 18:30:00,Chemistry Lab,14.82,173.27,11.69,Suspicious,18,4,0,173.2458,0.02420000000000755,5
2026-07-29 12:00:00,Mechanical Lab,3.55,27.8,7.83,Normal,12,2,0,27.796499999999998,0.003500000000002501,9
2026-07-05 21:30:00,BT Department,4.09,11.0,2.69,Normal,21,6,1,11.002099999999999,0.0020999999999986585,2
2026-07-06 19:40:00,Biotech Department,7.35,31.51,4.29,Normal,19,0,0,31.531499999999998,0.021499999999996078,3
2026-07-25 22:00:00,IT Department,5.68,50.33,8.87,Normal,22,5,1,50.38159999999999,0.05159999999999343,8
2026-08-13 17:30:00,New Seminar Hall,3.42,23.66,6.92,Normal,17,3,0,23.6664,0.006399999999999295,10
2026-08-16 04:20:00,CSE Department,3.67,20.78,5.66,Normal,4,6,1,20.7722,0.007799999999999585,4
2026-07-19 02:50:00,HOD Department,2.54,22.76,8.97,Normal,2,6,1,22.783800000000003,0.023800000000001376,7
2026-07-28 21:00:00,IT Department,2.74,25.16,9.2,Normal,21,1,0,25.208,0.047999999999998266,8
2026-07-10 18:30:00,Mechanical Lab,6.12,55.14,9.01,Normal,18,4,0,55.1412,0.0011999999999972033,9
2026-08-21 07:40:00,AIML Department,4.81,12.8,2.66,Normal,7,4,0,12.794599999999999,0.005400000000001626,1
2026-07-17 15:10:00,HOD Department,4.04,11.12,2.76,Normal,15,4,0,11.1504,0.030400000000000205,7
2026-08-08 01:20:00,AIML Department,4.92,36.21,7.36,Normal,1,5,1,36.2112,0.0011999999999972033,1
2026-08-02 11:40:00,AIML Department,4.36,36.71,8.42,Normal,11,6,1,36.711200000000005,0.0012000000000043087,1
2026-07-20 15:30:00,AIML Department,4.1,41.02,9.99,Normal,15,0,0,40.958999999999996,0.06100000000000705,1
2026-08-11 11:50:00,Electronics Department,4.85,15.46,3.19,Normal,11,1,0,15.471499999999999,0.011499999999998067,6
2026-08-21 10:30:00,HOD Department,3.71,35.66,9.62,Normal,10,4,0,35.6902,0.03020000000000067,7
2026-08-12 13:40:00,CSE Department,4.09,34.11,8.34,Normal,13,2,0,34.1106,0.0005999999999986017,4
2026-08-18 22:00:00,IT Department,5.42,27.08,4.99,Normal,22,1,0,27.0458,0.034199999999998454,8
2026-07-25 14:50:00,AI Lab,5.96,44.95,7.54,Normal,14,5,1,44.9384,0.011600000000001387,0
2026-07-05 14:30:00,Electronics Department,6.1,25.46,4.17,Normal,14,6,1,25.436999999999998,0.02300000000000324,6
2026-07-19 05:10:00,AIML Department,3.49,34.35,9.83,Normal,5,6,1,34.3067,0.043300000000002115,1
2026-08-15 05:50:00,Physics Lab,3.9,4.08,1.04,Normal,5,5,1,4.056,0.02400000000000002,11
2026-07-17 09:40:00,New Seminar Hall,6.13,44.4,7.25,Normal,9,4,0,44.4425,0.04250000000000398,10
2026-07-13 04:10:00,BT Department,11.58,231.65,20.0,Suspicious,4,0,0,231.6,0.05000000000001137,2
2026-08-09 18:10:00,Biotech Department,5.52,16.67,3.02,Normal,18,6,1,16.670399999999997,0.00039999999999551505,3
2026-08-13 09:10:00,HOD Department,3.52,8.78,2.5,Normal,9,3,0,8.8,0.02000000000000135,7
2026-08-17 19:20:00,BT Department,4.47,9.94,2.22,Normal,19,0,0,9.9234,0.016599999999998616,2
2026-07-13 16:40:00,New Seminar Hall,7.51,30.62,4.08,Normal,16,0,0,30.6408,0.02079999999999771,10
2026-07-24 19:30:00,Biotech Department,6.11,12.53,2.05,Normal,19,4,0,12.5255,0.0045000000000001705,3
2026-07-06 21:50:00,Physics Lab,4.86,9.74,2.0,Normal,21,0,0,9.72,0.019999999999999574,11
2026-07-07 06:50:00,New Seminar Hall,7.24,70.23,9.7,Normal,6,1,0,70.228,0.0020000000000095497,10
2026-08-02 02:20:00,Mechanical Lab,5.64,55.17,9.78,Normal,2,6,1,55.15919999999999,0.010800000000010357,9
2026-08-02 19:40:00,BT Department,4.9,26.0,5.31,Normal,19,6,1,26.019,0.01899999999999835,2
2026-07-08 05:00:00,Biotech Department,5.96,32.19,5.4,Normal,5,2,0,32.184000000000005,0.005999999999993122,3
2026-08-07 17:20:00,CSE Department,4.38,6.92,1.58,Normal,17,4,0,6.9204,0.00039999999999995595,4
2026-08-14 00:20:00,Mechanical Lab,7.15,64.94,9.08,Normal,0,4,0,64.922,0.018000000000000682,9
2026-07-23 12:20:00,New Seminar Hall,5.96,47.21,7.92,Normal,12,3,0,47.2032,0.006799999999998363,10
2026-08-09 15:10:00,AI Lab,4.74,30.47,6.43,Normal,15,6,1,30.4782,0.008200000000002206,0
2026-07-02 20:30:00,CSE Department,11.24,199.67,17.76,Suspicious,20,3,0,199.62240000000003,0.04759999999996012,4
2026-08-01 09:20:00,HOD Department,4.69,5.53,1.18,Normal,9,5,1,5.5342,0.0041999999999999815,7
2026-07-10 06:40:00,HOD Department,2.76,11.39,4.13,Normal,6,4,0,11.3988,0.00879999999999903,7
2026-07-05 09:00:00,IT Department,8.8,240.04,27.27,Suspicious,9,6,1,239.97600000000003,0.06399999999996453,8
2026-07-19 12:20:00,IT Department,4.86,29.04,5.98,Normal,12,6,1,29.062800000000003,0.022800000000003706,8
2026-07-01 15:10:00,IT Department,3.2,25.42,7.94,Normal,15,2,0,25.408,0.012000000000000455,8
2026-07-09 21:40:00,BT Department,5.61,9.89,1.76,Normal,21,3,0,9.873600000000001,0.016399999999999082,2
2026-08-19 18:20:00,CSE Department,4.01,5.71,1.42,Normal,18,2,0,5.6941999999999995,0.01580000000000048,4
2026-08-23 00:40:00,Electronics Department,9.81,231.57,23.61,Suspicious,0,6,1,231.6141,0.04410000000001446,6
2026-07-24 04:10:00,Mechanical Lab,5.7,42.26,7.41,Normal,4,4,0,42.237,0.022999999999996135,9
2026-08-24 01:30:00,Mechanical Lab,5.94,51.07,8.59,Normal,1,0,0,51.0246,0.04540000000000077,9
2026-07-14 11:20:00,Mechanical Lab,5.04,11.33,2.25,Normal,11,1,0,11.34,0.009999999999999787,9
2026-08-04 05:10:00,Electronics Department,4.79,16.98,3.55,Normal,5,1,0,17.0045,0.024499999999999744,6
2026-08-19 00:10:00,Biotech Department,18.53,1051.91,56.77,Critical,0,2,0,1051.9481,0.03809999999998581,3
2026-08-02 04:00:00,BT Department,5.12,25.27,4.94,Normal,4,6,1,25.292800000000003,0.022800000000003706,2
2026-08-20 01:20:00,Chemistry Lab,5.4,22.21,4.11,Normal,1,3,0,22.194000000000003,0.015999999999998238,5
2026-07-08 18:30:00,New Seminar Hall,6.56,36.91,5.63,Normal,18,2,0,36.9328,0.022800000000003706,10
2026-07-06 07:40:00,CSE Department,3.68,11.98,3.26,Normal,7,0,0,11.9968,0.016799999999999926,4
2026-07-17 18:00:00,Physics Lab,5.97,27.48,4.6,Normal,18,4,0,27.461999999999996,0.018000000000004235,11
2026-07-11 18:50:00,Mechanical Lab,9.28,42.24,4.55,Normal,18,5,1,42.224,0.016000000000005343,9
2026-07-05 23:40:00,Biotech Department,5.65,16.4,2.9,Normal,23,6,1,16.385,0.014999999999997016,3
2026-08-02 09:00:00,BT Department,3.28,3.89,1.19,Normal,9,6,1,3.9031999999999996,0.013199999999999434,2
2026-07-21 20:00:00,Chemistry Lab,5.1,41.82,8.21,Normal,20,1,0,41.871,0.05100000000000193,5
2026-08-03 22:00:00,Mechanical Lab,6.33,43.53,6.88,Normal,22,0,0,43.5504,0.020400000000002194,9
2026-08-22 01:00:00,AIML Department,2.88,27.95,9.7,Normal,1,5,1,27.935999999999996,0.014000000000002899,1
2026-08-02 15:00:00,IT Department,4.42,34.35,7.76,Normal,15,6,1,34.2992,0.0508000000000024,8
2026-07-07 13:30:00,IT Department,4.13,16.23,3.93,Normal,13,1,0,16.230900000000002,0.0009000000000014552,8
2026-08-15 02:00:00,IT Department,11.3,169.44,15.0,Suspicious,2,5,1,169.5,0.060000000000002274,8
2026-07-19 20:20:00,AI Lab,6.32,48.19,7.63,Normal,20,6,1,48.2216,0.03160000000000451,0
2026-07-21 09:40:00,BT Department,3.24,17.62,5.44,Normal,9,1,0,17.625600000000002,0.00560000000000116,2
2026-07-27 00:20:00,Physics Lab,6.31,28.87,4.57,Normal,0,0,0,28.8367,0.03330000000000055,11
2026-07-11 23:00:00,Biotech Department,3.15,27.11,8.61,Normal,23,5,1,27.121499999999997,0.011499999999998067,3
2026-07-25 05:40:00,CSE Department,3.78,34.73,9.19,Normal,5,5,1,34.7382,0.008200000000002206,4
2026-08-16 20:10:00,IT Department,5.19,49.51,9.53,Normal,20,6,1,49.4607,0.049299999999995237,8
2026-08-02 07:40:00,Physics Lab,8.99,42.51,4.73,Normal,7,6,1,42.52270000000001,0.012700000000009481,11
2026-08-14 17:10:00,BT Department,5.12,16.02,3.13,Normal,17,4,0,16.0256,0.00560000000000116,2
2026-07-31 13:40:00,New Seminar Hall,20.34,1055.78,51.92,Critical,13,4,0,1056.0528,0.2727999999999611,10
2026-07-31 10:10:00,AI Lab,4.74,14.91,3.15,Normal,10,4,0,14.931000000000001,0.021000000000000796,0
2026-08-24 01:50:00,Electronics Department,5.52,42.01,7.61,Normal,1,0,0,42.0072,0.00280000000000058,6
2026-08-01 22:50:00,AIML Department,2.1,19.94,9.5,Normal,22,5,1,19.95,0.00999999999999801,1
2026-08-12 18:00:00,CSE Department,9.71,234.21,24.12,Suspicious,18,2,0,234.20520000000002,0.004799999999988813,4
2026-07-14 08:20:00,New Seminar Hall,5.15,14.55,2.82,Normal,8,1,0,14.523,0.027000000000001023,10
2026-07-17 19:00:00,IT Department,5.13,44.3,8.64,Normal,19,4,0,44.3232,0.023200000000002774,8
2026-07-13 14:50:00,Chemistry Lab,24.64,1115.55,45.27,Critical,14,0,0,1115.4528,0.09719999999992979,5
2026-08-10 18:30:00,Electronics Department,5.75,24.92,4.33,Normal,18,0,0,24.8975,0.022500000000000853,6
2026-07-28 00:20:00,CSE Department,4.56,25.62,5.62,Normal,0,1,0,25.6272,0.007199999999997431,4
2026-07-15 02:30:00,AIML Department,4.33,21.32,4.92,Normal,2,2,0,21.3036,0.01640000000000086,1
2026-07-05 00:30:00,Chemistry Lab,6.16,38.47,6.24,Normal,0,6,1,38.4384,0.03159999999999741,5
2026-08-10 04:50:00,HOD Department,14.63,1046.31,71.51,Critical,4,0,0,1046.1913000000002,0.11869999999976244,7
2026-08-19 13:10:00,CSE Department,5.24,13.76,2.62,Normal,13,2,0,13.728800000000001,0.03119999999999834,4
2026-08-20 02:50:00,IT Department,4.91,22.89,4.66,Normal,2,3,0,22.8806,0.009399999999999409,8
2026-07-21 08:10:00,Physics Lab,14.73,198.68,13.49,Suspicious,8,1,0,198.70770000000002,0.02770000000001005,11
2026-07-01 21:30:00,AIML Department,5.95,55.72,9.37,Normal,21,2,0,55.7515,0.031500000000001194,1
2026-07-28 10:30:00,Electronics Department,5.46,33.72,6.17,Normal,10,1,0,33.6882,0.03179999999999694,6
2026-08-15 14:00:00,Chemistry Lab,5.71,13.16,2.31,Normal,14,5,1,13.190100000000001,0.030100000000000904,5
2026-07-24 00:40:00,AI Lab,1.96,4.75,2.42,Normal,0,4,0,4.7432,0.006800000000000139,0
2026-07-16 08:30:00,Electronics Department,4.13,7.05,1.71,Normal,8,3,0,7.0623,0.012299999999999756,6
2026-07-06 09:50:00,HOD Department,9.71,227.95,23.48,Suspicious,9,0,0,227.99080000000004,0.04080000000004702,7
2026-07-17 13:50:00,Physics Lab,5.44,54.34,9.99,Normal,13,4,0,54.345600000000005,0.00560000000000116,11
2026-08-10 18:50:00,Mechanical Lab,5.6,13.89,2.48,Normal,18,0,0,13.888,0.002000000000000668,9
2026-07-16 20:00:00,Biotech Department,5.11,28.66,5.61,Normal,20,3,0,28.667100000000005,0.007100000000004769,3
2026-08-14 07:30:00,Chemistry Lab,6.01,58.56,9.75,Normal,7,4,0,58.5975,0.037499999999994316,5
2026-08-07 12:20:00,BT Department,2.71,11.98,4.42,Normal,12,4,0,11.9782,0.001800000000001134,2
2026-08-22 17:00:00,New Seminar Hall,4.64,8.13,1.75,Normal,17,5,1,8.12,0.010000000000001563,10
2026-08-05 13:20:00,Mechanical Lab,4.4,16.65,3.78,Normal,13,2,0,16.632,0.01799999999999713,9
2026-08-02 08:20:00,Physics Lab,5.38,15.97,2.97,Normal,8,6,1,15.9786,0.008599999999999497,11
2026-08-09 08:50:00,HOD Department,2.97,14.29,4.8,Normal,8,6,1,14.256,0.03399999999999892,7
2026-07-27 14:50:00,AIML Department,4.08,22.56,5.54,Normal,14,0,0,22.6032,0.04320000000000235,1
2026-08-15 11:00:00,Electronics Department,10.51,289.23,27.52,Suspicious,11,5,1,289.23519999999996,0.005199999999945248,6
2026-07-20 02:50:00,New Seminar Hall,5.02,33.87,6.74,Normal,2,0,0,33.8348,0.03519999999999612,10
2026-07-10 01:10:00,Biotech Department,4.9,18.88,3.85,Normal,1,4,0,18.865000000000002,0.014999999999997016,3
2026-07-15 22:40:00,Chemistry Lab,4.55,19.62,4.31,Normal,22,2,0,19.6105,0.009500000000002728,5
2026-07-31 07:00:00,AIML Department,3.44,34.19,9.93,Normal,7,4,0,34.1592,0.030799999999999272,1
2026-07-31 23:10:00,New Seminar Hall,5.22,20.21,3.87,Normal,23,4,0,20.2014,0.008600000000001273,10
2026-07-31 22:30:00,AI Lab,5.21,10.81,2.07,Normal,22,4,0,10.784699999999999,0.025300000000001432,0
2026-07-07 13:40:00,BT Department,5.45,43.01,7.89,Normal,13,1,0,43.0005,0.009499999999995623,2
2026-07-04 07:20:00,IT Department,6.09,48.55,7.97,Normal,7,5,1,48.537299999999995,0.012700000000002376,8
2026-08-20 07:00:00,New Seminar Hall,17.32,517.5,29.87,Suspicious,7,3,0,517.3484,0.15160000000003038,10
2026-08-08 12:20:00,IT Department,4.55,13.92,3.06,Normal,12,5,1,13.923,0.0030000000000001137,8
2026-08-13 20:40:00,CSE Department,3.86,11.7,3.03,Normal,20,3,0,11.695799999999998,0.00420000000000087,4
2026-08-20 15:30:00,CSE Department,3.75,12.73,3.39,Normal,15,3,0,12.7125,0.01750000000000007,4
2026-07-09 19:40:00,CSE Department,4.2,10.17,2.42,Normal,19,3,0,10.164,0.006000000000000227,4
2026-07-25 22:10:00,AI Lab,4.41,8.29,1.88,Normal,22,5,1,8.290799999999999,0.0007999999999999119,0
2026-07-25 12:40:00,AI Lab,5.77,47.15,8.17,Normal,12,5,1,47.140899999999995,0.00910000000000366,0
2026-08-17 23:10:00,AI Lab,12.2,250.47,20.52,Suspicious,23,0,0,250.344,0.12600000000000477,0
2026-08-18 12:30:00,Biotech Department,4.57,27.72,6.07,Normal,12,1,0,27.739900000000002,0.01990000000000336,3
2026-08-22 06:50:00,Biotech Department,5.0,41.93,8.39,Normal,6,5,1,41.95,0.020000000000003126,3
2026-08-12 07:50:00,AIML Department,3.69,22.33,6.05,Normal,7,2,0,22.3245,0.00549999999999784,1
2026-07-12 14:10:00,BT Department,8.31,168.76,20.3,Suspicious,14,6,1,168.693,0.06699999999997885,2
2026-08-19 23:30:00,Physics Lab,6.39,22.05,3.45,Normal,23,2,0,22.0455,0.0045000000000001705,11
2026-07-29 20:40:00,Electronics Department,3.64,6.28,1.73,Normal,20,2,0,6.2972,0.017199999999999882,6
2026-08-14 17:20:00,Biotech Department,4.92,27.92,5.68,Normal,17,4,0,27.9456,0.02559999999999718,3
2026-07-08 22:40:00,BT Department,4.37,30.18,6.91,Normal,22,2,0,30.1967,0.01670000000000016,2
2026-07-20 04:30:00,IT Department,4.73,22.11,4.68,Normal,4,0,0,22.136400000000002,0.02640000000000242,8
2026-07-15 17:20:00,AI Lab,3.69,20.83,5.65,Normal,17,2,0,20.8485,0.01850000000000307,0
2026-08-24 22:00:00,HOD Department,4.15,6.27,1.51,Normal,22,0,0,6.266500000000001,0.0034999999999989484,7
2026-08-08 14:20:00,AI Lab,7.26,25.51,3.51,Normal,14,5,1,25.482599999999998,0.027400000000003644,0
2026-07-30 12:10:00,Biotech Department,5.51,22.64,4.11,Normal,12,3,0,22.6461,0.006099999999999994,3
2026-08-24 11:10:00,Chemistry Lab,4.54,21.53,4.74,Normal,11,0,0,21.5196,0.010400000000000631,5
2026-08-17 05:40:00,Mechanical Lab,5.97,24.23,4.06,Normal,5,0,0,24.238199999999996,0.0081999999999951,9
2026-07-19 07:20:00,HOD Department,4.22,10.49,2.49,Normal,7,6,1,10.5078,0.017799999999999372,7
2026-07-13 18:00:00,Electronics Department,3.62,18.63,5.15,Normal,18,0,0,18.643,0.013000000000001677,6
2026-08-10 16:00:00,HOD Department,2.78,15.1,5.43,Normal,16,0,0,15.095399999999998,0.004600000000001714,7
2026-07-28 18:10:00,AI Lab,14.49,288.42,19.91,Suspicious,18,1,0,288.4959,0.07589999999999009,0
2026-07-05 00:00:00,AIML Department,4.37,13.06,2.99,Normal,0,6,1,13.066300000000002,0.0063000000000013046,1
2026-07-29 14:30:00,CSE Department,3.58,25.53,7.13,Normal,14,2,0,25.5254,0.0045999999999999375,4
2026-07-02 16:00:00,Biotech Department,6.32,60.62,9.59,Normal,16,3,0,60.6088,0.011199999999995214,3
2026-08-01 15:40:00,HOD Department,1.6,8.96,5.61,Normal,15,5,1,8.976,0.016000000000000014,7
2026-07-09 03:40:00,IT Department,4.69,36.82,7.85,Normal,3,3,0,36.816500000000005,0.0034999999999953957,8
2026-07-25 09:50:00,CSE Department,3.56,12.13,3.41,Normal,9,5,1,12.139600000000002,0.009600000000000719,4
2026-07-26 22:10:00,Biotech Department,5.54,46.39,8.38,Normal,22,6,1,46.425200000000004,0.03520000000000323,3
2026-08-15 08:10:00,Physics Lab,2.69,7.19,2.68,Normal,8,5,1,7.2092,0.019199999999999662,11
2026-07-03 10:40:00,Biotech Department,5.14,37.27,7.25,Normal,10,4,0,37.265,0.005000000000002558,3
2026-07-26 00:00:00,Biotech Department,13.6,376.06,27.65,Suspicious,0,6,1,376.03999999999996,0.020000000000038654,3
2026-07-10 07:20:00,IT Department,2.4,8.19,3.42,Normal,7,4,0,8.208,0.018000000000000682,8
2026-07-01 19:40:00,HOD Department,3.68,7.37,2.0,Normal,19,2,0,7.36,0.009999999999999787,7
2026-07-26 00:30:00,New Seminar Hall,6.53,53.44,8.19,Normal,0,6,1,53.4807,0.04070000000000107,10
2026-08-02 02:30:00,BT Department,19.91,1050.02,52.73,Critical,2,6,1,1049.8543,0.16570000000001528,2
2026-07-19 23:50:00,BT Department,4.81,19.71,4.09,Normal,23,6,1,19.6729,0.03710000000000235,2
2026-08-19 23:50:00,Chemistry Lab,4.99,43.5,8.72,Normal,23,2,0,43.512800000000006,0.012800000000005696,5
2026-07-26 16:30:00,HOD Department,2.94,25.44,8.64,Normal,16,6,1,25.401600000000002,0.038399999999999324,7
2026-07-07 02:30:00,Chemistry Lab,7.8,27.27,3.49,Normal,2,1,0,27.222,0.047999999999998266,5
2026-08-05 04:40:00,CSE Department,4.12,16.5,4.0,Normal,4,2,0,16.48,0.019999999999999574,4
2026-07-11 10:40:00,BT Department,11.85,335.89,28.35,Suspicious,10,5,1,335.9475,0.05750000000000455,2
2026-07-29 04:50:00,AIML Department,4.04,5.86,1.45,Normal,4,2,0,5.858,0.002000000000000668,1
2026-08-04 08:30:00,Mechanical Lab,5.24,14.36,2.74,Normal,8,1,0,14.357600000000001,0.0023999999999979593,9
2026-07-02 23:40:00,New Seminar Hall,6.24,20.49,3.28,Normal,23,3,0,20.4672,0.022800000000000153,10
2026-07-01 23:20:00,HOD Department,3.74,16.89,4.51,Normal,23,2,0,16.8674,0.02260000000000062,7
2026-07-22 00:10:00,IT Department,4.95,36.24,7.32,Normal,0,2,0,36.234,0.006000000000000227,8
2026-07-25 09:10:00,HOD Department,3.9,20.79,5.33,Normal,9,5,1,20.787,0.0030000000000001137,7
2026-07-28 16:10:00,CSE Department,19.99,900.33,45.04,Critical,16,1,0,900.3495999999999,0.019599999999854845,4
2026-08-24 06:10:00,CSE Department,4.11,21.13,5.15,Normal,6,0,0,21.166500000000003,0.03650000000000375,4
2026-07-30 03:50:00,CSE Department,4.09,33.82,8.27,Normal,3,3,0,33.824299999999994,0.004299999999993531,4
2026-08-17 06:30:00,AIML Department,4.6,33.96,7.39,Normal,6,0,0,33.99399999999999,0.033999999999991815,1
2026-07-25 00:20:00,Mechanical Lab,5.83,48.78,8.37,Normal,0,5,1,48.79709999999999,0.01709999999999212,9
2026-07-30 16:00:00,Physics Lab,7.72,43.6,5.65,Normal,16,3,0,43.618,0.018000000000000682,11
2026-08-17 10:20:00,Electronics Department,4.22,34.65,8.21,Normal,10,0,0,34.6462,0.0037999999999982492,6
2026-07-08 06:50:00,Chemistry Lab,6.21,58.08,9.36,Normal,6,2,0,58.1256,0.04560000000000031,5
2026-07-30 02:10:00,AI Lab,6.62,31.53,4.76,Normal,2,3,0,31.5112,0.01880000000000237,0
2026-08-23 13:30:00,New Seminar Hall,7.23,17.48,2.42,Normal,13,6,1,17.4966,0.016600000000000392,10
2026-07-17 20:10:00,Biotech Department,7.01,12.66,1.81,Normal,20,4,0,12.6881,0.028100000000000236,3
2026-08-06 22:40:00,Electronics Department,4.09,12.31,3.01,Normal,22,3,0,12.310899999999998,0.0008999999999979025,6
2026-08-05 00:30:00,AI Lab,5.36,50.71,9.47,Normal,0,2,0,50.75920000000001,0.04920000000000613,0
2026-08-16 03:50:00,AIML Department,2.77,9.16,3.31,Normal,3,6,1,9.1687,0.008699999999999264,1
2026-08-17 21:00:00,AI Lab,5.63,41.44,7.36,Normal,21,0,0,41.4368,0.0031999999999996476,0
2026-07-11 23:20:00,HOD Department,4.05,10.73,2.65,Normal,23,5,1,10.7325,0.0024999999999995026,7
2026-07-18 01:40:00,BT Department,5.6,13.84,2.47,Normal,1,5,1,13.832,0.007999999999999119,2
2026-08-04 02:30:00,New Seminar Hall,5.41,29.43,5.44,Normal,2,1,0,29.430400000000002,0.0004000000000026205,10
2026-07-04 04:30:00,HOD Department,2.69,9.41,3.5,Normal,4,5,1,9.415,0.004999999999999005,7
2026-07-26 06:50:00,Biotech Department,6.27,28.5,4.55,Normal,6,6,1,28.528499999999998,0.028499999999997527,3
2026-08-23 14:40:00,Electronics Department,6.36,17.14,2.69,Normal,14,6,1,17.1084,0.03160000000000096,6
2026-08-22 22:30:00,Electronics Department,11.6,346.0,29.83,Suspicious,22,5,1,346.02799999999996,0.027999999999963165,6
2026-07-20 19:30:00,Mechanical Lab,7.31,36.3,4.97,Normal,19,0,0,36.33069999999999,0.030699999999995953,9
2026-08-21 15:40:00,Mechanical Lab,3.43,32.06,9.35,Normal,15,4,0,32.0705,0.010500000000000398,9
2026-08-24 20:30:00,Electronics Department,3.16,15.95,5.05,Normal,20,0,0,15.958,0.008000000000000895,6
2026-07-22 17:40:00,HOD Department,3.16,18.27,5.78,Normal,17,2,0,18.2648,0.005199999999998539,7
2026-08-11 07:30:00,New Seminar Hall,6.3,17.65,2.8,Normal,7,1,0,17.639999999999997,0.010000000000001563,10
2026-07-13 09:20:00,IT Department,4.45,21.82,4.9,Normal,9,0,0,21.805000000000003,0.014999999999997016,8
2026-08-17 11:50:00,New Seminar Hall,5.42,51.62,9.52,Normal,11,0,0,51.5984,0.021599999999999397,10
2026-08-05 06:20:00,Physics Lab,3.14,7.79,2.48,Normal,6,2,0,7.7872,0.0027999999999996916,11
2026-08-21 00:50:00,CSE Department,4.95,19.42,3.93,Normal,0,4,0,19.453500000000002,0.033500000000000085,4
2026-08-14 08:00:00,HOD Department,3.52,12.75,3.62,Normal,8,4,0,12.7424,0.007600000000000051,7
2026-08-15 03:40:00,Electronics Department,5.89,47.16,8.0,Normal,3,5,1,47.12,0.03999999999999915,6
2026-07-24 22:40:00,AI Lab,5.26,22.52,4.28,Normal,22,4,0,22.512800000000002,0.007199999999997431,0
2026-07-05 17:30:00,Physics Lab,5.62,27.42,4.88,Normal,17,6,1,27.4256,0.005599999999997607,11
2026-07-22 07:30:00,Physics Lab,4.37,39.4,9.02,Normal,7,2,0,39.4174,0.01740000000000208,11
2026-07-04 19:00:00,BT Department,5.03,25.78,5.13,Normal,19,5,1,25.803900000000002,0.023900000000001143,2
2026-08-03 19:50:00,Mechanical Lab,7.4,40.13,5.43,Normal,19,0,0,40.182,0.0519999999999996,9
2026-07-18 10:30:00,CSE Department,10.91,160.5,14.71,Suspicious,10,5,1,160.48610000000002,0.013899999999978263,4
2026-08-01 15:20:00,Electronics Department,5.03,22.71,4.51,Normal,15,5,1,22.6853,0.024699999999999278,6
2026-07-05 18:10:00,IT Department,5.33,28.92,5.43,Normal,18,6,1,28.9419,0.0218999999999987,8
2026-07-06 08:00:00,Biotech Department,5.28,32.93,6.24,Normal,8,0,0,32.9472,0.017200000000002547,3
2026-07-03 08:00:00,Mechanical Lab,7.12,32.4,4.55,Normal,8,4,0,32.396,0.003999999999997783,9
2026-07-06 14:10:00,Biotech Department,4.83,6.22,1.29,Normal,14,0,0,6.230700000000001,0.01070000000000082,3
2026-08-02 21:40:00,CSE Department,3.44,10.62,3.09,Normal,21,6,1,10.6296,0.009600000000000719,4
2026-08-01 23:50:00,HOD Department,3.71,33.91,9.14,Normal,23,5,1,33.909400000000005,0.0005999999999914962,7
2026-07-22 18:50:00,Biotech Department,5.94,54.2,9.13,Normal,18,2,0,54.232200000000006,0.032200000000003115,3
2026-08-02 20:40:00,AI Lab,6.43,11.07,1.72,Normal,20,6,1,11.0596,0.010400000000000631,0
2026-08-08 06:10:00,Electronics Department,2.71,5.69,2.1,Normal,6,5,1,5.691,0.0009999999999994458,6
2026-08-08 21:30:00,IT Department,5.01,40.83,8.15,Normal,21,5,1,40.8315,0.0015000000000000568,8
2026-07-04 10:50:00,BT Department,12.95,178.85,13.81,Suspicious,10,5,1,178.8395,0.010500000000007503,2
2026-07-05 11:20:00,AI Lab,16.7,704.13,42.16,Critical,11,6,1,704.0719999999999,0.05800000000010641,0
2026-07-26 08:10:00,Mechanical Lab,5.13,46.82,9.12,Normal,8,6,1,46.785599999999995,0.03440000000000509,9
2026-07-08 18:00:00,Chemistry Lab,16.17,197.01,12.18,Suspicious,18,2,0,196.9506,0.059399999999982356,5
2026-07-14 19:40:00,Biotech Department,4.0,22.36,5.59,Normal,19,1,0,22.36,0.0,3
2026-07-12 18:30:00,Chemistry Lab,5.59,11.04,1.97,Normal,18,6,1,11.0123,0.027699999999999392,5
2026-07-28 21:50:00,Physics Lab,4.18,21.77,5.21,Normal,21,1,0,21.7778,0.007799999999999585,11
2026-08-06 22:30:00,CSE Department,7.26,149.79,20.65,Suspicious,22,3,0,149.91899999999998,0.12899999999999068,4
2026-07-20 02:00:00,HOD Department,3.14,25.29,8.05,Normal,2,0,0,25.277000000000005,0.012999999999994571,7
2026-07-13 03:20:00,Mechanical Lab,6.03,50.6,8.4,Normal,3,0,0,50.652,0.0519999999999996,9
2026-08-25 16:10:00,Physics Lab,5.04,39.99,7.93,Normal,16,1,0,39.9672,0.022800000000003706,11
2026-08-03 08:30:00,IT Department,8.35,12.35,1.48,Normal,8,0,0,12.357999999999999,0.007999999999999119,8
2026-07-31 17:10:00,Physics Lab,26.72,2151.94,80.55,Critical,17,4,0,2152.296,0.35599999999976717,11
2026-07-21 18:20:00,Chemistry Lab,6.7,11.81,1.76,Normal,18,1,0,11.792,0.018000000000000682,5
2026-08-16 18:00:00,CSE Department,4.83,26.59,5.5,Normal,18,6,1,26.565,0.02499999999999858,4
2026-08-15 23:10:00,Electronics Department,5.29,16.32,3.09,Normal,23,5,1,16.3461,0.026099999999999568,6
2026-08-10 05:10:00,CSE Department,3.54,22.42,6.33,Normal,5,0,0,22.4082,0.01180000000000092,4
2026-07-16 01:50:00,Biotech Department,6.28,43.92,7.0,Normal,1,3,0,43.96,0.03999999999999915,3
2026-07-30 03:10:00,Chemistry Lab,5.97,41.14,6.89,Normal,3,3,0,41.1333,0.006700000000002149,5
2026-07-01 22:20:00,Mechanical Lab,5.3,11.22,2.12,Normal,22,2,0,11.236,0.016000000000000014,9
2026-07-17 08:40:00,Physics Lab,6.17,57.05,9.24,Normal,8,4,0,57.0108,0.039199999999993906,11
2026-07-19 22:10:00,AI Lab,6.61,39.52,5.98,Normal,22,6,1,39.527800000000006,0.007800000000003138,0
2026-08-07 20:30:00,New Seminar Hall,6.75,17.05,2.53,Normal,20,4,0,17.077499999999997,0.027499999999996305,10
2026-08-09 05:50:00,CSE Department,5.06,48.06,9.5,Normal,5,6,1,48.06999999999999,0.009999999999990905,4
2026-08-16 15:10:00,Biotech Department,5.21,45.5,8.74,Normal,15,6,1,45.5354,0.03540000000000276,3
2026-07-19 08:20:00,BT Department,3.94,35.75,9.07,Normal,8,6,1,35.7358,0.014200000000002433,2
2026-08-07 10:10:00,Physics Lab,4.07,20.68,5.08,Normal,10,4,0,20.675600000000003,0.004399999999996851,11
2026-07-22 13:40:00,IT Department,4.25,41.61,9.8,Normal,13,2,0,41.650000000000006,0.04000000000000625,8
2026-07-08 11:30:00,IT Department,5.43,28.67,5.28,Normal,11,2,0,28.6704,0.00039999999999906777,8
2026-08-08 08:20:00,HOD Department,2.44,3.34,1.37,Normal,8,5,1,3.3428,0.0028000000000001357,7
2026-07-21 07:20:00,New Seminar Hall,15.74,261.04,16.58,Suspicious,7,1,0,260.9692,0.07080000000001974,10
2026-08-01 14:50:00,CSE Department,5.19,13.75,2.65,Normal,14,5,1,13.7535,0.0035000000000007248,4
2026-08-04 09:10:00,AI Lab,5.21,49.01,9.41,Normal,9,1,0,49.0261,0.016100000000001558,0
2026-07-16 05:20:00,Mechanical Lab,2.74,9.72,3.55,Normal,5,3,0,9.727,0.006999999999999673,9
2026-07-28 23:40:00,Chemistry Lab,5.13,13.35,2.6,Normal,23,1,0,13.338000000000001,0.011999999999998678,5
2026-08-15 15:20:00,Biotech Department,6.83,62.19,9.1,Normal,15,5,1,62.153,0.036999999999999034,3
2026-08-05 05:50:00,Electronics Department,3.27,14.52,4.44,Normal,5,2,0,14.5188,0.0011999999999989797,6
2026-07-09 16:00:00,BT Department,4.53,38.03,8.4,Normal,16,3,0,38.05200000000001,0.02200000000000557,2
2026-07-15 09:30:00,Mechanical Lab,7.44,68.27,9.17,Normal,9,2,0,68.2248,0.045199999999994134,9
2026-07-05 15:30:00,Mechanical Lab,5.96,9.51,1.6,Normal,15,6,1,9.536,0.0259999999999998,9
2026-08-20 21:10:00,CSE Department,5.89,39.95,6.79,Normal,21,3,0,39.9931,0.043099999999995475,4
2026-07-05 06:20:00,New Seminar Hall,7.01,8.09,1.15,Normal,6,6,1,8.061499999999999,0.02850000000000108,10
2026-08-19 06:30:00,IT Department,3.74,34.42,9.2,Normal,6,2,0,34.408,0.012000000000000455,8
2026-07-14 02:10:00,IT Department,4.18,9.51,2.27,Normal,2,1,0,9.4886,0.021399999999999864,8
2026-07-10 14:20:00,IT Department,4.94,9.26,1.88,Normal,14,4,0,9.2872,0.027200000000000557,8
2026-07-28 05:50:00,AIML Department,2.78,26.8,9.66,Normal,5,1,0,26.854799999999997,0.05479999999999663,1
2026-08-23 03:50:00,AIML Department,3.82,35.29,9.24,Normal,3,6,1,35.2968,0.006799999999998363,1
2026-07-15 21:50:00,AI Lab,5.28,11.72,2.22,Normal,21,2,0,11.721600000000002,0.0016000000000016001,0
2026-08-17 19:00:00,BT Department,5.16,40.42,7.83,Normal,19,0,0,40.4028,0.017200000000002547,2
2026-07-25 00:30:00,Biotech Department,5.15,49.02,9.52,Normal,0,5,1,49.028,0.007999999999995566,3
2026-07-31 09:30:00,Physics Lab,6.69,47.59,7.12,Normal,9,4,0,47.6328,0.04279999999999973,11
2026-07-13 01:20:00,BT Department,11.11,118.93,10.7,Suspicious,1,0,0,118.87699999999998,0.05300000000002569,2
2026-07-06 12:10:00,BT Department,5.27,13.34,2.53,Normal,12,0,0,13.333099999999998,0.0069000000000016826,2
2026-08-08 09:20:00,BT Department,3.28,4.57,1.39,Normal,9,5,1,4.5592,0.010800000000000587,2
2026-08-16 22:20:00,CSE Department,3.79,25.67,6.78,Normal,22,6,1,25.6962,0.026199999999999335,4
2026-07-16 12:30:00,AIML Department,4.64,22.59,4.87,Normal,12,3,0,22.596799999999998,0.006799999999998363,1
2026-07-02 16:30:00,AI Lab,4.59,16.23,3.54,Normal,16,3,0,16.2486,0.018599999999999284,0
2026-07-09 08:00:00,Chemistry Lab,4.25,10.51,2.47,Normal,8,3,0,10.4975,0.01249999999999929,5
2026-08-15 23:00:00,Electronics Department,4.69,40.38,8.62,Normal,23,5,1,40.4278,0.04779999999999518,6
2026-08-07 00:30:00,AI Lab,5.17,39.22,7.59,Normal,0,4,0,39.2403,0.020299999999998875,0
2026-07-06 21:40:00,Physics Lab,4.36,20.36,4.68,Normal,21,0,0,20.4048,0.04480000000000217,11
2026-08-05 02:40:00,Chemistry Lab,7.92,67.94,8.58,Normal,2,2,0,67.9536,0.013599999999996726,5
2026-07-17 15:40:00,Chemistry Lab,4.34,39.62,9.13,Normal,15,4,0,39.6242,0.004200000000004422,5
2026-08-24 12:30:00,Mechanical Lab,7.11,25.86,3.64,Normal,12,0,0,25.8804,0.020400000000002194,9
2026-07-25 00:10:00,HOD Department,3.23,23.33,7.23,Normal,0,5,1,23.3529,0.022900000000003473,7
2026-08-20 15:50:00,BT Department,6.07,32.97,5.43,Normal,15,3,0,32.9601,0.009900000000001796,2
2026-08-06 08:00:00,IT Department,4.33,18.26,4.22,Normal,8,3,0,18.2726,0.012599999999999056,8
2026-07-15 16:40:00,Biotech Department,3.01,28.95,9.6,Normal,16,2,0,28.895999999999997,0.054000000000002046,3
2026-07-21 12:30:00,IT Department,3.9,22.3,5.72,Normal,12,1,0,22.308,0.007999999999999119,8
2026-08-16 17:30:00,Mechanical Lab,6.8,13.86,2.04,Normal,17,6,1,13.872,0.012000000000000455,9
2026-08-22 03:10:00,Electronics Department,2.57,4.56,1.77,Normal,3,5,1,4.5489,0.011099999999999888,6
2026-07-05 19:20:00,Physics Lab,13.25,278.85,21.05,Suspicious,19,6,1,278.9125,0.0625,11
2026-08-21 22:40:00,AI Lab,5.79,18.36,3.17,Normal,22,4,0,18.3543,0.0057000000000009265,0
2026-08-12 00:50:00,Electronics Department,6.49,39.54,6.09,Normal,0,2,0,39.5241,0.015900000000002024,6
2026-07-26 12:00:00,CSE Department,11.39,337.17,29.6,Suspicious,12,6,1,337.144,0.02600000000001046,4
2026-07-27 13:50:00,IT Department,4.22,17.56,4.16,Normal,13,0,0,17.5552,0.004799999999999471,8
2026-08-18 14:40:00,IT Department,4.05,27.97,6.92,Normal,14,1,0,28.026,0.05600000000000094,8
2026-07-02 04:00:00,AI Lab,5.21,14.54,2.79,Normal,4,3,0,14.5359,0.004099999999999326,0
2026-07-13 16:10:00,IT Department,1.83,10.05,5.49,Normal,16,0,0,10.046700000000001,0.0032999999999994145,8
2026-07-22 00:50:00,CSE Department,3.48,4.82,1.39,Normal,0,2,0,4.837199999999999,0.017199999999998994,4
2026-07-31 00:10:00,Physics Lab,3.33,6.43,1.93,Normal,0,4,0,6.4269,0.0030999999999998806,11
2026-07-22 16:20:00,Electronics Department,4.98,38.98,7.83,Normal,16,2,0,38.9934,0.013400000000004297,6
2026-08-15 00:10:00,IT Department,3.25,26.24,8.08,Normal,0,5,1,26.26,0.020000000000003126,8
2026-08-13 06:00:00,Biotech Department,4.5,29.76,6.61,Normal,6,3,0,29.745,0.015000000000000568,3
2026-08-18 21:10:00,Electronics Department,11.56,304.91,26.39,Suspicious,21,1,0,305.0684,0.1583999999999719,6
2026-07-22 09:50:00,Electronics Department,3.85,13.75,3.57,Normal,9,2,0,13.7445,0.005499999999999616,6
2026-07-16 03:50:00,IT Department,8.62,182.18,21.15,Suspicious,3,3,0,182.31299999999996,0.13299999999995293,8
2026-08-17 10:00:00,IT Department,4.7,10.17,2.17,Normal,10,0,0,10.199,0.028999999999999915,8
2026-08-22 20:10:00,IT Department,2.81,8.27,2.94,Normal,20,5,1,8.2614,0.008599999999999497,8
2026-07-02 06:20:00,HOD Department,3.54,32.29,9.12,Normal,6,3,0,32.2848,0.005200000000002092,7
2026-08-19 10:40:00,AI Lab,3.56,5.79,1.63,Normal,10,2,0,5.8027999999999995,0.012799999999999478,0
2026-07-29 23:00:00,AI Lab,4.71,32.5,6.9,Normal,23,2,0,32.499,0.0009999999999976694,0
2026-07-31 13:30:00,Mechanical Lab,5.04,32.15,6.37,Normal,13,4,0,32.1048,0.04520000000000124,9
2026-07-30 20:20:00,New Seminar Hall,4.74,33.33,7.03,Normal,20,3,0,33.3222,0.007799999999996032,10
2026-08-23 22:10:00,Physics Lab,3.84,24.32,6.33,Normal,22,6,1,24.307199999999998,0.012800000000002143,11
2026-08-02 07:10:00,AI Lab,15.8,1048.14,66.33,Critical,7,6,1,1048.0140000000001,0.12599999999997635,0
2026-07-19 02:30:00,BT Department,4.81,42.01,8.73,Normal,2,6,1,41.991299999999995,0.018700000000002603,2
2026-07-01 18:20:00,Mechanical Lab,7.62,21.92,2.88,Normal,18,2,0,21.9456,0.02559999999999718,9
2026-08-15 08:00:00,AI Lab,5.32,38.78,7.29,Normal,8,5,1,38.7828,0.00280000000000058,0
2026-08-22 07:40:00,Electronics Department,17.65,1578.52,89.41,Critical,7,5,1,1578.0865,0.4335000000000946,6
2026-07-31 06:10:00,CSE Department,3.46,14.67,4.25,Normal,6,4,0,14.705,0.03500000000000014,4
2026-07-12 17:40:00,AIML Department,4.72,23.76,5.04,Normal,17,6,1,23.7888,0.028799999999996828,1
2026-08-09 20:40:00,HOD Department,3.56,13.48,3.78,Normal,20,6,1,13.4568,0.023200000000000998,7
2026-07-18 11:10:00,IT Department,3.13,5.39,1.72,Normal,11,5,1,5.3835999999999995,0.006400000000000183,8
2026-07-06 01:10:00,IT Department,5.4,17.37,3.22,Normal,1,0,0,17.388,0.018000000000000682,8
2026-08-01 10:40:00,Physics Lab,6.76,49.99,7.39,Normal,10,5,1,49.956399999999995,0.03360000000000696,11
2026-07-06 11:30:00,Mechanical Lab,7.16,30.44,4.25,Normal,11,0,0,30.43,0.010000000000001563,9
2026-07-09 17:50:00,Biotech Department,3.26,27.66,8.49,Normal,17,3,0,27.6774,0.017399999999998528,3
2026-07-16 09:40:00,HOD Department,3.2,7.48,2.34,Normal,9,3,0,7.4879999999999995,0.007999999999999119,7
2026-08-12 07:10:00,Biotech Department,5.48,33.0,6.02,Normal,7,2,0,32.9896,0.010399999999997078,3
2026-08-15 12:10:00,New Seminar Hall,13.8,221.45,16.05,Suspicious,12,5,1,221.49,0.040000000000020464,10
2026-08-07 08:10:00,HOD Department,2.7,25.04,9.28,Normal,8,4,0,25.056,0.01600000000000179,7
2026-07-21 11:20:00,Mechanical Lab,8.38,76.62,9.15,Normal,11,1,0,76.677,0.05700000000000216,9
2026-07-23 23:00:00,CSE Department,3.87,14.07,3.63,Normal,23,3,0,14.0481,0.021900000000000475,4
2026-07-05 06:30:00,Electronics Department,4.07,14.81,3.63,Normal,6,6,1,14.7741,0.03589999999999982,6
2026-07-14 08:10:00,Electronics Department,10.92,138.8,12.71,Suspicious,8,1,0,138.7932,0.006799999999998363,6
2026-07-05 20:00:00,Biotech Department,19.1,1351.81,70.78,Critical,20,6,1,1351.8980000000001,0.08800000000019281,3
2026-07-19 08:40:00,Mechanical Lab,4.63,17.31,3.74,Normal,8,6,1,17.316200000000002,0.006200000000003314,9
2026-07-13 06:10:00,Biotech Department,5.82,22.68,3.9,Normal,6,0,0,22.698,0.018000000000000682,3
2026-08-16 10:20:00,New Seminar Hall,6.9,14.07,2.04,Normal,10,6,1,14.076,0.006000000000000227,10
2026-07-21 01:50:00,IT Department,3.89,23.95,6.15,Normal,1,1,0,23.9235,0.026499999999998636,8
2026-07-11 00:00:00,AIML Department,5.49,52.37,9.55,Normal,0,5,1,52.429500000000004,0.05950000000000699,1
2026-08-12 03:00:00,Chemistry Lab,5.75,46.14,8.03,Normal,3,2,0,46.1725,0.03249999999999886,5
2026-07-26 14:50:00,Electronics Department,4.78,43.32,9.07,Normal,14,6,1,43.354600000000005,0.03460000000000463,6
2026-08-07 09:10:00,New Seminar Hall,6.95,26.75,3.85,Normal,9,4,0,26.7575,0.007500000000000284,10
2026-08-06 22:10:00,HOD Department,2.78,9.91,3.57,Normal,22,3,0,9.924599999999998,0.014599999999997948,7
2026-08-11 03:10:00,Physics Lab,6.28,41.7,6.64,Normal,3,1,0,41.6992,0.000800000000005241,11
2026-07-04 17:30:00,New Seminar Hall,5.84,6.31,1.08,Normal,17,5,1,6.3072,0.0027999999999996916,10
2026-07-04 18:10:00,IT Department,17.88,582.39,32.57,Critical,18,5,1,582.3516,0.03840000000002419,8
2026-07-06 03:00:00,CSE Department,3.05,10.99,3.61,Normal,3,0,0,11.010499999999999,0.02049999999999841,4
2026-08-09 07:20:00,AI Lab,22.99,2004.44,87.19,Critical,7,6,1,2004.4980999999998,0.05809999999974025,0
2026-07-05 12:20:00,AI Lab,6.77,13.88,2.05,Normal,12,6,1,13.878499999999997,0.0015000000000036096,0
2026-07-14 14:30:00,Biotech Department,8.02,70.06,8.74,Normal,14,1,0,70.09479999999999,0.03479999999998995,3
2026-08-08 15:00:00,IT Department,5.56,24.82,4.46,Normal,15,5,1,24.7976,0.022400000000001086,8
2026-08-21 03:00:00,AIML Department,4.68,27.72,5.93,Normal,3,4,0,27.752399999999998,0.032399999999999096,1
2026-08-12 04:10:00,AI Lab,6.51,44.86,6.89,Normal,4,2,0,44.853899999999996,0.006100000000003547,0
2026-08-09 18:20:00,CSE Department,12.88,975.03,75.71,Critical,18,6,1,975.1448,0.1148000000000593,4
2026-07-25 21:50:00,Physics Lab,5.11,26.56,5.19,Normal,21,5,1,26.520900000000005,0.03909999999999414,11
2026-08-05 11:10:00,Mechanical Lab,5.03,25.94,5.16,Normal,11,2,0,25.954800000000002,0.014800000000001035,9
2026-08-08 10:50:00,New Seminar Hall,4.28,30.16,7.04,Normal,10,5,1,30.131200000000003,0.028799999999996828,10
2026-07-17 18:20:00,New Seminar Hall,7.3,48.46,6.64,Normal,18,4,0,48.471999999999994,0.01199999999999335,10
2026-07-09 13:50:00,HOD Department,4.71,15.94,3.38,Normal,13,3,0,15.919799999999999,0.020200000000000884,7
2026-07-03 05:40:00,CSE Department,2.72,3.28,1.21,Normal,5,4,0,3.2912000000000003,0.011200000000000543,4
2026-08-01 20:50:00,New Seminar Hall,4.11,34.33,8.35,Normal,20,5,1,34.3185,0.011499999999998067,10
2026-08-05 00:40:00,CSE Department,4.61,14.99,3.25,Normal,0,2,0,14.982500000000002,0.007499999999998508,4
2026-07-10 18:50:00,AIML Department,4.55,21.19,4.66,Normal,18,4,0,21.203,0.012999999999998124,1
2026-07-27 16:20:00,CSE Department,9.22,134.37,14.57,Suspicious,16,0,0,134.33540000000002,0.03459999999998331,4
2026-07-11 22:20:00,BT Department,5.42,37.07,6.84,Normal,22,5,1,37.0728,0.00280000000000058,2
2026-08-09 03:40:00,Mechanical Lab,24.06,1616.79,67.19,Critical,3,6,1,1616.5913999999998,0.19860000000016953,9
2026-07-28 12:00:00,BT Department,4.06,6.67,1.64,Normal,12,1,0,6.6583999999999985,0.011600000000001387,2
2026-08-25 01:30:00,AIML Department,6.37,27.64,4.34,Normal,1,1,0,27.6458,0.0058000000000006935,1
2026-07-12 02:30:00,New Seminar Hall,4.93,19.26,3.91,Normal,2,6,1,19.2763,0.01629999999999754,10
2026-07-03 15:00:00,BT Department,2.31,8.55,3.7,Normal,15,4,0,8.547,0.0030000000000001137,2
2026-08-22 13:50:00,HOD Department,3.34,14.17,4.24,Normal,13,5,1,14.1616,0.008399999999999963,7
2026-07-10 14:50:00,HOD Department,2.53,11.37,4.49,Normal,14,4,0,11.3597,0.010299999999999088,7
2026-08-08 04:40:00,Physics Lab,6.01,36.94,6.14,Normal,4,5,1,36.901399999999995,0.03860000000000241,11
2026-07-07 21:30:00,Mechanical Lab,6.99,50.59,7.24,Normal,21,1,0,50.607600000000005,0.017600000000001614,9
2026-08-14 01:20:00,HOD Department,3.64,6.99,1.92,Normal,1,4,0,6.9888,0.0011999999999998678,7
2026-07-16 23:00:00,Physics Lab,6.76,26.5,3.92,Normal,23,3,0,26.4992,0.0008000000000016882,11
2026-08-14 02:00:00,Physics Lab,6.29,48.73,7.74,Normal,2,4,0,48.6846,0.04539999999999367,11
2026-07-06 21:30:00,BT Department,13.08,240.03,18.36,Suspicious,21,0,0,240.1488,0.11879999999999313,2
2026-07-28 16:50:00,HOD Department,3.8,11.83,3.12,Normal,16,1,0,11.856,0.0259999999999998,7
2026-07-17 15:00:00,HOD Department,4.35,5.97,1.37,Normal,15,4,0,5.9595,0.01049999999999951,7
2026-07-01 19:20:00,Electronics Department,4.69,12.81,2.73,Normal,19,2,0,12.803700000000001,0.006299999999999528,6
2026-08-23 15:30:00,Physics Lab,6.58,22.6,3.43,Normal,15,6,1,22.5694,0.03059999999999974,11
2026-08-09 21:20:00,Electronics Department,5.9,47.3,8.01,Normal,21,6,1,47.259,0.04099999999999682,6
2026-07-20 16:00:00,Electronics Department,4.42,18.48,4.18,Normal,16,0,0,18.4756,0.004400000000000404,6
2026-07-12 10:20:00,IT Department,5.12,50.32,9.82,Normal,10,6,1,50.278400000000005,0.04159999999999542,8
2026-07-30 13:10:00,Mechanical Lab,5.85,22.62,3.86,Normal,13,3,0,22.581,0.03900000000000148,9
2026-08-03 03:00:00,Chemistry Lab,6.36,26.36,4.14,Normal,3,0,0,26.3304,0.029599999999998516,5
2026-08-18 07:30:00,IT Department,3.86,23.47,6.09,Normal,7,1,0,23.507399999999997,0.0373999999999981,8
2026-07-11 18:30:00,AIML Department,11.21,250.98,22.39,Suspicious,18,5,1,250.99190000000002,0.011900000000025557,1
2026-08-05 08:50:00,Mechanical Lab,4.44,30.88,6.96,Normal,8,2,0,30.902400000000004,0.02240000000000464,9
2026-07-02 09:00:00,Physics Lab,10.38,258.31,24.89,Suspicious,9,3,0,258.3582,0.04820000000000846,11
2026-07-20 19:20:00,New Seminar Hall,6.52,9.08,1.39,Normal,19,0,0,9.0628,0.01720000000000077,10
2026-07-28 20:40:00,HOD Department,4.08,24.51,6.01,Normal,20,1,0,24.5208,0.010799999999999699,7
2026-07-15 19:40:00,CSE Department,5.23,35.84,6.85,Normal,19,2,0,35.8255,0.014500000000005286,4
2026-08-20 23:50:00,New Seminar Hall,7.52,74.28,9.88,Normal,23,3,0,74.2976,0.017600000000001614,10
2026-07-17 00:30:00,Physics Lab,6.81,29.41,4.32,Normal,0,4,0,29.4192,0.009199999999999875,11
2026-07-28 17:50:00,Mechanical Lab,6.25,16.95,2.71,Normal,17,1,0,16.9375,0.01249999999999929,9
2026-08-24 23:20:00,HOD Department,3.29,6.35,1.93,Normal,23,0,0,6.3496999999999995,0.000300000000000189,7
2026-08-13 05:10:00,AIML Department,3.97,28.38,7.14,Normal,5,3,0,28.3458,0.034199999999998454,1
2026-08-10 10:10:00,BT Department,15.09,1181.77,78.31,Critical,10,0,0,1181.6979000000001,0.07209999999986394,2
2026-07-07 07:10:00,IT Department,4.77,29.07,6.09,Normal,7,1,0,29.049299999999995,0.020700000000005048,8
2026-07-25 12:00:00,CSE Department,4.87,5.4,1.11,Normal,12,5,1,5.4057,0.005700000000000038,4
2026-08-04 22:50:00,AIML Department,3.81,8.46,2.22,Normal,22,1,0,8.458200000000001,0.0017999999999993577,1
2026-07-25 16:10:00,IT Department,3.8,36.78,9.68,Normal,16,5,1,36.784,0.003999999999997783,8
2026-08-03 18:20:00,AIML Department,3.46,34.57,10.0,Normal,18,0,0,34.6,0.030000000000001137,1
2026-07-29 22:50:00,New Seminar Hall,6.82,53.14,7.8,Normal,22,2,0,53.196,0.055999999999997385,10
2026-08-23 16:20:00,Physics Lab,6.08,48.43,7.97,Normal,16,6,1,48.4576,0.027599999999999625,11
2026-07-03 21:00:00,Biotech Department,12.54,140.5,11.2,Suspicious,21,4,0,140.44799999999998,0.05200000000002092,3
2026-07-11 06:40:00,Biotech Department,4.84,7.57,1.57,Normal,6,5,1,7.5988,0.028799999999999493,3
2026-07-31 05:10:00,IT Department,8.84,112.29,12.7,Suspicious,5,4,0,112.26799999999999,0.02200000000001978,8
2026-08-20 06:30:00,Biotech Department,5.11,46.99,9.19,Normal,6,3,0,46.9609,0.02909999999999968,3
2026-07-13 16:30:00,IT Department,4.73,7.48,1.58,Normal,16,0,0,7.473400000000001,0.006599999999999717,8
2026-08-18 16:40:00,New Seminar Hall,23.3,1826.81,78.41,Critical,16,1,0,1826.953,0.1430000000000291,10
2026-07-30 07:30:00,Electronics Department,2.98,23.55,7.91,Normal,7,3,0,23.5718,0.02179999999999893,6
2026-07-13 23:00:00,Chemistry Lab,3.39,22.99,6.78,Normal,23,0,0,22.9842,0.005799999999997141,5
2026-08-05 21:20:00,Mechanical Lab,6.08,8.1,1.33,Normal,21,2,0,8.086400000000001,0.013599999999998502,9
2026-07-07 04:10:00,Biotech Department,3.77,35.47,9.41,Normal,4,1,0,35.4757,0.005700000000004479,3
2026-07-20 02:40:00,CSE Department,9.92,124.68,12.57,Suspicious,2,0,0,124.6944,0.014399999999994861,4
2026-07-09 14:10:00,AI Lab,3.3,20.63,6.26,Normal,14,3,0,20.657999999999998,0.027999999999998693,0
2026-07-02 13:10:00,Mechanical Lab,5.87,51.42,8.76,Normal,13,3,0,51.4212,0.0011999999999972033,9
2026-08-01 04:10:00,Biotech Department,5.67,15.38,2.71,Normal,4,5,1,15.3657,0.014300000000000423,3
2026-08-22 14:10:00,New Seminar Hall,4.3,6.15,1.43,Normal,14,5,1,6.148999999999999,0.0010000000000012221,10
2026-07-05 14:50:00,Physics Lab,20.89,1639.06,78.46,Critical,14,6,1,1639.0294,0.030600000000049477,11
2026-07-15 20:50:00,Physics Lab,5.43,52.0,9.58,Normal,20,2,0,52.0194,0.01939999999999742,11
2026-07-24 07:20:00,New Seminar Hall,15.65,179.62,11.48,Suspicious,7,4,0,179.662,0.04200000000000159,10
2026-08-10 18:00:00,HOD Department,2.93,23.95,8.18,Normal,18,0,0,23.9674,0.01740000000000208,7
2026-07-27 21:50:00,HOD Department,4.1,14.78,3.61,Normal,21,0,0,14.800999999999998,0.02099999999999902,7
2026-07-01 21:40:00,Physics Lab,6.26,44.98,7.19,Normal,21,2,0,45.0094,0.029400000000002535,11
2026-07-27 20:30:00,HOD Department,2.09,3.41,1.63,Normal,20,0,0,3.4066999999999994,0.0033000000000007468,7
2026-07-23 14:40:00,CSE Department,3.7,4.92,1.33,Normal,14,3,0,4.921,0.001000000000000334,4
2026-07-07 00:00:00,HOD Department,3.34,22.78,6.83,Normal,0,1,0,22.8122,0.03219999999999956,7
2026-07-08 11:40:00,Mechanical Lab,5.95,44.42,7.46,Normal,11,2,0,44.387,0.03300000000000125,9
2026-07-29 18:00:00,Chemistry Lab,5.7,40.45,7.1,Normal,18,2,0,40.47,0.01999999999999602,5
2026-07-03 10:00:00,IT Department,4.46,41.05,9.19,Normal,10,4,0,40.9874,0.06259999999999621,8
2026-08-14 03:00:00,AI Lab,4.53,35.03,7.73,Normal,3,4,0,35.01690000000001,0.013099999999994338,0
2026-07-11 13:20:00,BT Department,6.86,30.46,4.44,Normal,13,5,1,30.458400000000005,0.001599999999996271,2
2026-07-03 07:10:00,New Seminar Hall,6.49,19.49,3.0,Normal,7,4,0,19.47,0.019999999999999574,10
2026-07-15 10:00:00,Mechanical Lab,6.52,8.17,1.25,Normal,10,2,0,8.149999999999999,0.02000000000000135,9
2026-07-31 06:20:00,New Seminar Hall,7.4,35.28,4.77,Normal,6,4,0,35.298,0.018000000000000682,10
2026-08-04 10:40:00,Mechanical Lab,7.12,54.1,7.6,Normal,10,1,0,54.111999999999995,0.01199999999999335,9
2026-08-14 10:20:00,BT Department,11.48,258.08,22.48,Suspicious,10,4,0,258.0704,0.009599999999977626,2
2026-07-21 13:50:00,HOD Department,3.58,4.54,1.27,Normal,13,1,0,4.5466,0.006599999999999717,7
2026-07-13 22:10:00,New Seminar Hall,4.9,15.76,3.21,Normal,22,0,0,15.729000000000001,0.030999999999998806,10
2026-07-10 03:50:00,CSE Department,11.65,280.89,24.11,Suspicious,3,4,0,280.8815,0.008499999999969532,4
2026-08-13 10:50:00,AI Lab,5.38,34.05,6.33,Normal,10,3,0,34.0554,0.005400000000001626,0
2026-08-06 23:40:00,HOD Department,3.59,12.47,3.47,Normal,23,3,0,12.4573,0.0127000000000006,7
2026-08-15 20:40:00,IT Department,17.36,1027.59,59.19,Critical,20,5,1,1027.5384,0.05160000000000764,8
2026-08-16 06:00:00,Chemistry Lab,5.7,11.5,2.02,Normal,6,6,1,11.514000000000001,0.014000000000001123,5
2026-08-05 13:50:00,Physics Lab,4.76,6.31,1.33,Normal,13,2,0,6.3308,0.020800000000000374,11
2026-08-05 19:10:00,BT Department,7.17,61.28,8.54,Normal,19,2,0,61.23179999999999,0.04820000000000846,2
2026-07-23 05:00:00,New Seminar Hall,3.54,26.92,7.61,Normal,5,3,0,26.939400000000003,0.019400000000000972,10
2026-07-07 00:40:00,AIML Department,5.13,20.37,3.97,Normal,0,1,0,20.3661,0.003900000000001569,1
2026-07-17 09:30:00,Physics Lab,5.76,22.83,3.96,Normal,9,4,0,22.8096,0.02039999999999864,11
2026-07-15 06:40:00,Chemistry Lab,25.39,1153.2,45.43,Critical,6,2,0,1153.4677,0.26769999999987704,5
2026-08-03 21:20:00,BT Department,4.76,43.03,9.05,Normal,21,0,0,43.078,0.04800000000000182,2
2026-07-19 16:20:00,Physics Lab,6.57,47.23,7.19,Normal,16,6,1,47.2383,0.008300000000005525,11
2026-08-18 09:50:00,AIML Department,4.87,10.53,2.16,Normal,9,1,0,10.519200000000001,0.010799999999997922,1
2026-08-20 23:30:00,New Seminar Hall,8.13,35.83,4.41,Normal,23,3,0,35.853300000000004,0.023300000000006094,10
2026-07-17 08:10:00,AIML Department,9.43,253.29,26.86,Suspicious,8,4,0,253.28979999999999,0.0002000000000066393,1
2026-08-15 00:30:00,AIML Department,4.65,19.32,4.15,Normal,0,5,1,19.297500000000003,0.0224999999999973,1
2026-08-10 09:10:00,CSE Department,4.78,19.78,4.14,Normal,9,0,0,19.7892,0.009199999999999875,4
2026-07-02 00:30:00,CSE Department,4.3,9.77,2.28,Normal,0,3,0,9.803999999999998,0.03399999999999892,4
2026-08-02 23:00:00,Physics Lab,6.81,58.6,8.61,Normal,23,6,1,58.63409999999999,0.03409999999998803,11
2026-07-06 12:00:00,Mechanical Lab,10.19,87.35,8.58,Normal,12,0,0,87.4302,0.08020000000000493,9
2026-08-23 16:40:00,Chemistry Lab,4.65,43.85,9.42,Normal,16,6,1,43.803000000000004,0.046999999999997044,5
2026-08-21 17:40:00,Mechanical Lab,5.54,45.63,8.23,Normal,17,4,0,45.5942,0.03580000000000183,9
2026-07-28 22:10:00,Mechanical Lab,7.16,59.17,8.26,Normal,22,1,0,59.1416,0.028400000000004866,9
2026-07-04 16:00:00,AIML Department,7.58,178.85,23.6,Suspicious,16,5,1,178.888,0.038000000000010914,1
2026-08-20 03:50:00,Biotech Department,5.87,41.14,7.01,Normal,3,3,0,41.1487,0.008699999999997488,3
2026-08-24 05:50:00,Physics Lab,4.85,16.79,3.46,Normal,5,0,0,16.781,0.009000000000000341,11
2026-08-09 15:20:00,Electronics Department,3.44,21.18,6.16,Normal,15,6,1,21.1904,0.010400000000000631,6
2026-07-09 08:50:00,Electronics Department,4.59,20.33,4.43,Normal,8,3,0,20.333699999999997,0.0036999999999984823,6
2026-08-16 22:30:00,Biotech Department,3.13,18.35,5.85,Normal,22,6,1,18.310499999999998,0.039500000000003865,3
2026-08-21 20:30:00,Biotech Department,4.05,9.78,2.41,Normal,20,4,0,9.7605,0.019499999999998963,3
2026-08-11 08:30:00,AI Lab,6.29,46.0,7.31,Normal,8,1,0,45.9799,0.02009999999999934,0
2026-07-11 07:30:00,AI Lab,5.45,27.97,5.13,Normal,7,5,1,27.9585,0.011499999999998067,0
2026-07-18 02:20:00,AI Lab,4.44,34.94,7.86,Normal,2,5,1,34.8984,0.04159999999999542,0
2026-08-04 02:40:00,Biotech Department,4.31,35.36,8.21,Normal,2,1,0,35.3851,0.0251000000000019,3
2026-07-04 03:00:00,Chemistry Lab,5.77,51.64,8.95,Normal,3,5,1,51.64149999999999,0.0014999999999929514,5
2026-08-12 09:30:00,BT Department,3.32,19.72,5.93,Normal,9,2,0,19.6876,0.032399999999999096,2
2026-07-16 13:50:00,HOD Department,2.5,18.96,7.58,Normal,13,3,0,18.95,0.010000000000001563,7
2026-07-07 22:10:00,IT Department,4.2,25.83,6.16,Normal,22,1,0,25.872000000000003,0.042000000000005144,8
2026-07-30 06:10:00,HOD Department,4.68,22.84,4.88,Normal,6,3,0,22.838399999999996,0.0016000000000033765,7
2026-07-15 16:30:00,AI Lab,3.75,34.49,9.19,Normal,16,2,0,34.4625,0.02750000000000341,0
2026-08-23 11:20:00,BT Department,5.06,8.39,1.66,Normal,11,6,1,8.3996,0.009599999999998943,2
2026-08-09 06:50:00,Biotech Department,4.88,21.64,4.44,Normal,6,6,1,21.6672,0.027200000000000557,3
2026-07-05 23:20:00,Electronics Department,4.49,37.82,8.42,Normal,23,6,1,37.805800000000005,0.014199999999995327,6
2026-07-02 20:20:00,HOD Department,3.38,32.31,9.56,Normal,20,3,0,32.3128,0.00280000000000058,7
2026-07-24 17:00:00,Electronics Department,6.52,60.05,9.21,Normal,17,4,0,60.0492,0.0007999999999981355,6
2026-08-23 19:50:00,Physics Lab,5.93,31.53,5.32,Normal,19,6,1,31.5476,0.01759999999999806,11
2026-07-14 23:00:00,AIML Department,2.25,6.59,2.93,Normal,23,1,0,6.5925,0.002500000000000391,1
2026-07-28 08:30:00,BT Department,4.09,26.4,6.45,Normal,8,1,0,26.3805,0.019499999999997186,2
2026-08-10 14:30:00,CSE Department,5.18,43.64,8.42,Normal,14,0,0,43.6156,0.024399999999999977,4
2026-07-16 16:50:00,AI Lab,4.22,41.53,9.85,Normal,16,3,0,41.56699999999999,0.03699999999999193,0
2026-07-19 14:50:00,BT Department,13.23,145.18,10.97,Suspicious,14,6,1,145.1331,0.046899999999993724,2
2026-07-12 20:30:00,CSE Department,8.22,174.61,21.24,Suspicious,20,6,1,174.5928,0.017200000000002547,4
2026-07-26 12:10:00,Electronics Department,5.5,17.71,3.22,Normal,12,6,1,17.71,0.0,6
2026-08-07 14:30:00,AI Lab,6.05,11.1,1.84,Normal,14,4,0,11.132,0.03200000000000003,0
2026-08-07 04:50:00,Physics Lab,4.86,8.08,1.66,Normal,4,4,0,8.0676,0.012399999999999523,11
2026-08-08 10:30:00,AIML Department,2.91,16.2,5.56,Normal,10,5,1,16.1796,0.02039999999999864,1
2026-07-16 05:30:00,Physics Lab,13.19,378.48,28.69,Suspicious,5,3,0,378.4211,0.05889999999999418,11
2026-07-06 17:30:00,Physics Lab,5.15,32.07,6.22,Normal,17,0,0,32.033,0.036999999999999034,11
2026-07-18 05:40:00,IT Department,17.46,1396.81,80.01,Critical,5,5,1,1396.9746000000002,0.1646000000002914,8
2026-07-22 15:00:00,AI Lab,4.26,41.6,9.76,Normal,15,2,0,41.5776,0.02240000000000464,0
2026-08-01 06:10:00,Chemistry Lab,4.96,27.35,5.52,Normal,6,5,1,27.379199999999997,0.029199999999995896,5
2026-08-10 05:50:00,Biotech Department,4.7,42.52,9.05,Normal,5,0,0,42.535000000000004,0.015000000000000568,3
2026-08-17 23:00:00,HOD Department,3.88,37.57,9.68,Normal,23,0,0,37.5584,0.011600000000001387,7
2026-08-04 03:40:00,CSE Department,5.22,43.18,8.28,Normal,3,1,0,43.221599999999995,0.04159999999999542,4
2026-07-11 16:30:00,AI Lab,11.5,296.32,25.78,Suspicious,16,5,1,296.47,0.1500000000000341,0
2026-07-25 22:50:00,Physics Lab,8.24,41.84,5.08,Normal,22,5,1,41.8592,0.019199999999997885,11
2026-07-23 05:30:00,AI Lab,4.48,27.24,6.07,Normal,5,3,0,27.193600000000004,0.04639999999999489,0
2026-07-27 13:00:00,HOD Department,3.46,31.53,9.12,Normal,13,0,0,31.555199999999996,0.02519999999999456,7
2026-08-14 22:40:00,Physics Lab,14.0,391.54,27.96,Suspicious,22,4,0,391.44,0.10000000000002274,11
2026-07-26 06:10:00,IT Department,4.85,13.83,2.85,Normal,6,6,1,13.8225,0.007500000000000284,8
2026-08-16 09:20:00,AIML Department,3.53,31.57,8.95,Normal,9,6,1,31.593499999999995,0.02349999999999497,1
2026-08-02 13:30:00,Biotech Department,6.14,45.23,7.36,Normal,13,6,1,45.1904,0.03960000000000008,3
2026-07-04 22:10:00,Electronics Department,4.81,12.9,2.68,Normal,22,5,1,12.8908,0.009199999999999875,6
2026-07-28 17:20:00,BT Department,5.41,49.13,9.08,Normal,17,1,0,49.122800000000005,0.007199999999997431,2
2026-07-30 05:10:00,AI Lab,5.6,43.89,7.84,Normal,5,3,0,43.903999999999996,0.013999999999995794,0
2026-08-01 18:40:00,Chemistry Lab,6.72,49.02,7.3,Normal,18,5,1,49.056,0.03599999999999426,5
2026-08-08 11:50:00,New Seminar Hall,7.77,14.01,1.8,Normal,11,5,1,13.985999999999999,0.02400000000000091,10
2026-08-24 09:10:00,Physics Lab,5.66,53.47,9.46,Normal,9,0,0,53.543600000000005,0.0736000000000061,11
2026-08-12 21:30:00,Biotech Department,5.83,54.32,9.32,Normal,21,2,0,54.3356,0.01559999999999917,3
2026-07-11 03:50:00,Electronics Department,11.24,230.29,20.49,Suspicious,3,5,1,230.30759999999998,0.017599999999987403,6
2026-07-05 06:40:00,Physics Lab,5.95,15.68,2.63,Normal,6,6,1,15.6485,0.03149999999999942,11
2026-07-03 20:00:00,IT Department,11.39,140.77,12.36,Suspicious,20,4,0,140.78040000000001,0.010400000000004184,8
2026-07-29 09:50:00,Biotech Department,6.6,24.71,3.75,Normal,9,2,0,24.75,0.03999999999999915,3
2026-08-18 05:40:00,IT Department,8.38,151.6,18.09,Suspicious,5,1,0,151.5942,0.005799999999993588,8
2026-08-13 12:20:00,Chemistry Lab,15.01,212.7,14.17,Suspicious,12,3,0,212.6917,0.008299999999991314,5
2026-07-30 06:20:00,HOD Department,4.13,8.21,1.99,Normal,6,3,0,8.2187,0.008699999999999264,7
2026-07-22 20:40:00,AIML Department,5.67,15.15,2.67,Normal,20,2,0,15.1389,0.011100000000000776,1
2026-07-28 12:20:00,Biotech Department,5.07,10.84,2.14,Normal,12,1,0,10.849800000000002,0.00980000000000203,3
2026-07-06 14:30:00,IT Department,4.64,42.43,9.15,Normal,14,0,0,42.455999999999996,0.02599999999999625,8
2026-07-25 23:20:00,Chemistry Lab,6.49,14.91,2.3,Normal,23,5,1,14.927,0.01699999999999946,5
2026-08-15 15:10:00,HOD Department,10.28,245.03,23.85,Suspicious,15,5,1,245.178,0.14799999999999613,7
2026-08-22 13:20:00,Biotech Department,5.14,7.44,1.45,Normal,13,5,1,7.452999999999999,0.012999999999999012,3
2026-08-23 21:40:00,AIML Department,10.79,139.82,12.96,Suspicious,21,6,1,139.8384,0.01840000000001396,1
2026-08-15 11:10:00,New Seminar Hall,6.23,56.73,9.1,Normal,11,5,1,56.693000000000005,0.03699999999999193,10
2026-08-06 15:40:00,CSE Department,5.06,26.15,5.17,Normal,15,3,0,26.160199999999996,0.010199999999997544,4
2026-07-02 19:40:00,IT Department,2.44,22.43,9.18,Normal,19,3,0,22.3992,0.030799999999999272,8
2026-07-29 07:20:00,AI Lab,6.56,35.38,5.39,Normal,7,2,0,35.358399999999996,0.021600000000006503,0
2026-08-18 04:00:00,New Seminar Hall,6.96,57.15,8.21,Normal,4,1,0,57.141600000000004,0.008399999999994634,10
2026-07-26 23:20:00,Biotech Department,5.86,55.77,9.52,Normal,23,6,1,55.7872,0.01719999999999544,3
2026-08-11 14:30:00,AIML Department,2.75,13.77,5.02,Normal,14,1,0,13.805,0.03500000000000014,1
2026-08-02 00:40:00,BT Department,2.92,29.16,9.99,Normal,0,6,1,29.1708,0.010799999999999699,2
2026-07-29 15:30:00,AI Lab,5.47,15.73,2.88,Normal,15,2,0,15.753599999999999,0.02359999999999829,0
2026-07-11 13:30:00,HOD Department,3.29,4.61,1.4,Normal,13,5,1,4.606,0.004000000000000448,7
2026-07-16 22:00:00,CSE Department,4.83,40.14,8.31,Normal,22,3,0,40.1373,0.00269999999999726,4
2026-07-06 08:50:00,Chemistry Lab,6.58,20.87,3.17,Normal,8,0,0,20.8586,0.011400000000001853,5
2026-08-02 00:00:00,Mechanical Lab,6.73,16.71,2.48,Normal,0,6,1,16.6904,0.019600000000000506,9
2026-07-26 01:20:00,Chemistry Lab,3.67,32.91,8.96,Normal,1,6,1,32.8832,0.026799999999994384,5
2026-07-01 16:10:00,New Seminar Hall,4.36,15.96,3.66,Normal,16,2,0,15.957600000000001,0.0023999999999997357,10
2026-08-13 21:10:00,IT Department,3.3,31.67,9.58,Normal,21,3,0,31.613999999999997,0.05600000000000449,8
2026-08-11 17:50:00,Biotech Department,12.83,330.17,25.74,Suspicious,17,1,0,330.2442,0.07419999999996207,3
2026-07-23 01:40:00,Electronics Department,4.65,33.13,7.13,Normal,1,3,0,33.1545,0.02449999999999619,6
2026-07-07 11:50:00,HOD Department,3.65,12.82,3.51,Normal,11,1,0,12.811499999999999,0.008500000000001506,7
2026-08-18 23:40:00,New Seminar Hall,4.72,28.33,6.0,Normal,23,1,0,28.32,0.00999999999999801,10
2026-08-01 01:10:00,Electronics Department,4.73,22.91,4.85,Normal,1,5,1,22.9405,0.03049999999999997,6
2026-07-21 10:10:00,Biotech Department,6.54,23.96,3.66,Normal,10,1,0,23.936400000000003,0.02359999999999829,3
2026-08-23 11:50:00,IT Department,4.15,16.05,3.87,Normal,11,6,1,16.0605,0.010500000000000398,8
2026-08-20 12:50:00,New Seminar Hall,6.65,22.46,3.38,Normal,12,3,0,22.477,0.01699999999999946,10
2026-07-04 22:00:00,AIML Department,3.43,10.84,3.15,Normal,22,5,1,10.8045,0.03549999999999898,1
2026-07-23 08:00:00,AI Lab,3.53,14.48,4.1,Normal,8,3,0,14.472999999999997,0.007000000000003226,0
2026-07-21 19:30:00,Biotech Department,5.0,42.18,8.43,Normal,19,1,0,42.15,0.030000000000001137,3
2026-07-28 06:30:00,New Seminar Hall,5.13,10.98,2.14,Normal,6,1,0,10.978200000000001,0.0017999999999993577,10
2026-07-02 07:10:00,IT Department,1.81,4.82,2.67,Normal,7,3,0,4.8327,0.012699999999999712,8
2026-08-17 00:40:00,New Seminar Hall,5.25,24.6,4.69,Normal,0,0,0,24.622500000000002,0.022500000000000853,10
2026-07-28 07:00:00,Chemistry Lab,4.55,15.45,3.39,Normal,7,1,0,15.4245,0.02549999999999919,5
2026-08-06 20:30:00,Biotech Department,4.61,34.68,7.53,Normal,20,3,0,34.713300000000004,0.033300000000004104,3
2026-07-23 12:50:00,Mechanical Lab,7.56,13.93,1.84,Normal,12,3,0,13.9104,0.019600000000000506,9
2026-08-22 21:50:00,BT Department,12.66,148.21,11.7,Suspicious,21,5,1,148.12199999999999,0.08800000000002228,2
2026-07-02 02:40:00,IT Department,4.01,31.93,7.97,Normal,2,3,0,31.959699999999998,0.029699999999998283,8
2026-07-23 12:30:00,HOD Department,1.76,11.81,6.7,Normal,12,3,0,11.792,0.018000000000000682,7
2026-07-04 13:10:00,HOD Department,3.41,3.79,1.11,Normal,13,5,1,3.7851000000000004,0.004899999999999682,7
2026-08-20 15:10:00,AI Lab,3.86,28.16,7.29,Normal,15,3,0,28.1394,0.020600000000001728,0
2026-07-09 21:30:00,AI Lab,3.1,9.15,2.95,Normal,21,3,0,9.145000000000001,0.004999999999999005,0
2026-07-23 21:40:00,IT Department,5.47,7.26,1.33,Normal,21,3,0,7.2751,0.015100000000000335,8
2026-07-05 11:00:00,New Seminar Hall,5.63,28.08,4.99,Normal,11,6,1,28.093700000000002,0.013700000000003598,10
2026-08-04 03:00:00,Biotech Department,17.39,1442.81,82.98,Critical,3,1,0,1443.0222,0.21220000000016626,3
2026-07-04 11:00:00,New Seminar Hall,29.79,2337.45,78.46,Critical,11,5,1,2337.3233999999998,0.12660000000005311,10
2026-08-22 06:10:00,Electronics Department,4.11,9.9,2.41,Normal,6,5,1,9.905100000000001,0.0051000000000005485,6
2026-07-24 02:10:00,CSE Department,4.55,10.78,2.37,Normal,2,4,0,10.7835,0.0035000000000007248,4
2026-08-12 13:10:00,Physics Lab,6.68,41.23,6.18,Normal,13,2,0,41.282399999999996,0.05239999999999867,11
2026-08-02 21:50:00,AI Lab,10.33,256.63,24.84,Suspicious,21,6,1,256.5972,0.03280000000000882,0
2026-07-03 12:00:00,Electronics Department,4.36,28.16,6.45,Normal,12,4,0,28.122000000000003,0.0379999999999967,6
2026-08-23 06:10:00,CSE Department,4.7,42.55,9.05,Normal,6,6,1,42.535000000000004,0.014999999999993463,4
2026-08-20 21:50:00,New Seminar Hall,3.68,21.04,5.72,Normal,21,3,0,21.0496,0.009600000000002495,10
2026-08-02 16:50:00,Biotech Department,10.61,118.79,11.2,Suspicious,16,6,1,118.83199999999998,0.04199999999997317,3
2026-08-04 00:30:00,Physics Lab,6.12,49.15,8.04,Normal,0,1,0,49.2048,0.05480000000000018,11
2026-08-20 13:10:00,AIML Department,2.8,26.71,9.54,Normal,13,3,0,26.711999999999996,0.001999999999995339,1
2026-08-07 19:20:00,IT Department,4.23,10.92,2.58,Normal,19,4,0,10.913400000000001,0.006599999999998829,8
2026-07-04 11:10:00,Electronics Department,11.93,280.94,23.54,Suspicious,11,5,1,280.8322,0.10779999999999745,6
2026-07-23 07:40:00,Mechanical Lab,6.47,61.06,9.44,Normal,7,3,0,61.07679999999999,0.016799999999989268,9
2026-08-15 03:30:00,AI Lab,5.43,42.48,7.83,Normal,3,5,1,42.5169,0.03690000000000282,0
2026-08-17 08:40:00,IT Department,4.09,20.26,4.96,Normal,8,0,0,20.2864,0.02639999999999887,8
2026-07-26 12:20:00,IT Department,4.33,41.4,9.56,Normal,12,6,1,41.394800000000004,0.005199999999994986,8
2026-07-07 12:20:00,AI Lab,4.51,31.64,7.02,Normal,12,1,0,31.660199999999996,0.020199999999995555,0
2026-07-20 12:30:00,AIML Department,3.82,27.25,7.14,Normal,12,0,0,27.2748,0.024799999999999045,1
2026-07-05 21:40:00,BT Department,2.83,27.66,9.77,Normal,21,6,1,27.6491,0.010899999999999466,2
2026-07-11 19:00:00,Mechanical Lab,6.63,53.88,8.13,Normal,19,5,1,53.901900000000005,0.02190000000000225,9
2026-07-29 04:30:00,New Seminar Hall,13.09,392.62,29.99,Suspicious,4,2,0,392.5691,0.050900000000012824,10
2026-08-01 23:00:00,New Seminar Hall,3.08,11.95,3.88,Normal,23,5,1,11.9504,0.0004000000000008441,10
2026-08-22 07:50:00,Chemistry Lab,4.88,32.42,6.64,Normal,7,5,1,32.4032,0.01680000000000348,5
2026-07-08 06:30:00,New Seminar Hall,5.24,19.63,3.75,Normal,6,2,0,19.650000000000002,0.020000000000003126,10
2026-07-04 00:50:00,HOD Department,3.68,22.68,6.16,Normal,0,5,1,22.6688,0.011199999999998766,7
2026-07-24 23:50:00,HOD Department,2.56,2.91,1.13,Normal,23,4,0,2.8928,0.017200000000000326,7
2026-07-17 12:20:00,Physics Lab,7.5,72.77,9.71,Normal,12,4,0,72.825,0.05500000000000682,11
2026-07-11 14:00:00,Electronics Department,19.18,818.43,42.68,Critical,14,5,1,818.6024,0.17240000000003874,6
2026-07-16 21:20:00,BT Department,18.69,810.49,43.36,Critical,21,3,0,810.3984,0.09159999999997126,2
2026-08-20 06:50:00,HOD Department,4.59,19.5,4.25,Normal,6,3,0,19.5075,0.007500000000000284,7
2026-08-20 08:40:00,Biotech Department,7.17,51.64,7.2,Normal,8,3,0,51.624,0.015999999999998238,3
2026-08-16 17:10:00,CSE Department,4.69,22.28,4.75,Normal,17,6,1,22.277500000000003,0.0024999999999977263,4
2026-07-28 16:00:00,Biotech Department,5.44,50.53,9.29,Normal,16,1,0,50.5376,0.0075999999999964984,3
2026-08-17 05:10:00,BT Department,5.46,10.25,1.88,Normal,5,0,0,10.2648,0.014799999999999258,2
2026-07-21 23:20:00,BT Department,4.84,29.81,6.15,Normal,23,1,0,29.766000000000002,0.04399999999999693,2
2026-07-24 20:20:00,Mechanical Lab,8.94,25.28,2.83,Normal,20,4,0,25.3002,0.020199999999999108,9
2026-07-20 14:30:00,AI Lab,20.89,796.31,38.12,Critical,14,0,0,796.3267999999999,0.016799999999989268,0
2026-07-14 16:30:00,Biotech Department,5.73,31.37,5.48,Normal,16,1,0,31.400400000000005,0.030400000000003757,3
2026-07-06 14:20:00,AIML Department,3.92,29.01,7.4,Normal,14,0,0,29.008,0.0020000000000024443,1
2026-07-06 04:40:00,BT Department,16.01,675.86,42.22,Critical,4,0,0,675.9422000000001,0.08220000000005712,2
2026-08-19 00:00:00,AIML Department,2.47,10.82,4.39,Normal,0,2,0,10.8433,0.023299999999998988,1
2026-07-10 07:30:00,AIML Department,4.16,10.76,2.59,Normal,7,4,0,10.7744,0.01440000000000019,1
2026-08-19 08:50:00,Biotech Department,5.98,51.01,8.53,Normal,8,2,0,51.0094,0.0005999999999986017,3
2026-07-21 06:50:00,Electronics Department,4.48,21.83,4.88,Normal,6,1,0,21.8624,0.03240000000000265,6
2026-08-16 20:20:00,Mechanical Lab,9.01,60.03,6.66,Normal,20,6,1,60.0066,0.023400000000002308,9
2026-07-18 22:30:00,BT Department,6.01,14.68,2.44,Normal,22,5,1,14.664399999999999,0.015600000000000946,2
2026-08-17 01:30:00,HOD Department,2.7,19.56,7.23,Normal,1,0,0,19.521,0.038999999999997925,7
2026-07-14 13:50:00,Chemistry Lab,4.11,29.1,7.08,Normal,13,1,0,29.098800000000004,0.0011999999999972033,5
2026-08-18 08:50:00,CSE Department,2.61,17.45,6.69,Normal,8,1,0,17.4609,0.010899999999999466,4
2026-08-19 01:50:00,AIML Department,11.39,287.15,25.22,Suspicious,1,2,0,287.2558,0.10580000000004475,1
2026-07-03 21:20:00,Mechanical Lab,7.1,7.73,1.09,Normal,21,4,0,7.739,0.008999999999999453,9
2026-07-14 18:50:00,Electronics Department,4.91,46.09,9.39,Normal,18,1,0,46.1049,0.014899999999997249,6
2026-07-30 14:10:00,AIML Department,4.64,25.64,5.52,Normal,14,3,0,25.612799999999996,0.02720000000000411,1
2026-07-09 07:50:00,BT Department,3.4,18.5,5.44,Normal,7,3,0,18.496000000000002,0.003999999999997783,2
2026-08-23 14:20:00,Physics Lab,6.01,48.24,8.03,Normal,14,6,1,48.260299999999994,0.02029999999999177,11
2026-08-05 16:20:00,Mechanical Lab,5.49,44.73,8.14,Normal,16,2,0,44.68860000000001,0.04139999999998878,9
2026-07-30 10:40:00,AIML Department,2.99,20.17,6.76,Normal,10,3,0,20.212400000000002,0.04240000000000066,1
2026-07-31 01:10:00,HOD Department,7.4,101.61,13.72,Suspicious,1,4,0,101.528,0.08199999999999363,7
2026-07-22 05:40:00,Mechanical Lab,6.13,24.9,4.06,Normal,5,2,0,24.8878,0.012199999999999989,9
2026-08-24 23:10:00,New Seminar Hall,7.21,11.44,1.59,Normal,23,0,0,11.4639,0.023900000000001143,10
2026-07-02 15:50:00,New Seminar Hall,5.01,11.6,2.31,Normal,15,3,0,11.5731,0.02689999999999948,10
2026-08-20 20:50:00,New Seminar Hall,13.44,301.21,22.42,Suspicious,20,3,0,301.32480000000004,0.1148000000000593,10
2026-08-01 01:50:00,Physics Lab,7.99,32.57,4.08,Normal,1,5,1,32.5992,0.029200000000003,11
2026-07-02 13:00:00,Mechanical Lab,11.54,148.32,12.86,Suspicious,13,3,0,148.40439999999998,0.08439999999998804,9
2026-07-14 13:10:00,BT Department,9.43,207.81,22.04,Suspicious,13,1,0,207.8372,0.02719999999999345,2
2026-07-08 23:10:00,IT Department,4.11,5.88,1.43,Normal,23,2,0,5.8773,0.0026999999999999247,8
2026-08-07 05:30:00,AIML Department,5.32,32.88,6.18,Normal,5,4,0,32.8776,0.002400000000001512,1
2026-07-26 15:40:00,Electronics Department,4.67,9.91,2.12,Normal,15,6,1,9.900400000000001,0.009599999999998943,6
2026-07-25 00:00:00,New Seminar Hall,5.38,8.8,1.63,Normal,0,5,1,8.7694,0.030600000000001515,10
2026-07-28 07:30:00,BT Department,2.74,15.42,5.62,Normal,7,1,0,15.398800000000001,0.021199999999998553,2
2026-07-17 06:00:00,Biotech Department,7.34,27.64,3.77,Normal,6,4,0,27.6718,0.031800000000000495,3
2026-08-18 18:20:00,Biotech Department,16.71,683.45,40.9,Critical,18,1,0,683.439,0.011000000000080945,3
2026-08-24 08:00:00,BT Department,6.65,52.44,7.88,Normal,8,0,0,52.402,0.0379999999999967,2
2026-08-07 06:50:00,BT Department,2.56,13.89,5.42,Normal,6,4,0,13.8752,0.014800000000001035,2
2026-08-04 08:20:00,Physics Lab,6.23,47.41,7.6,Normal,8,1,0,47.348,0.06199999999999761,11
2026-07-09 10:00:00,Mechanical Lab,5.95,37.22,6.26,Normal,10,3,0,37.247,0.027000000000001023,9
2026-08-06 02:30:00,Chemistry Lab,6.7,12.45,1.86,Normal,2,3,0,12.462000000000002,0.012000000000002231,5
2026-08-02 15:10:00,AIML Department,4.8,26.64,5.55,Normal,15,6,1,26.639999999999997,3.552713678800501e-15,1
2026-07-27 17:30:00,IT Department,5.12,33.82,6.6,Normal,17,0,0,33.792,0.027999999999998693,8
2026-08-18 15:30:00,New Seminar Hall,5.64,23.6,4.19,Normal,15,1,0,23.631600000000002,0.03160000000000096,10
2026-08-05 05:00:00,Mechanical Lab,7.11,8.68,1.22,Normal,5,2,0,8.6742,0.005799999999998917,9
2026-07-26 18:40:00,Biotech Department,5.96,45.1,7.56,Normal,18,6,1,45.0576,0.04240000000000066,3
2026-08-09 17:30:00,HOD Department,3.07,9.68,3.16,Normal,17,6,1,9.7012,0.02120000000000033,7
2026-07-12 20:50:00,IT Department,5.18,5.45,1.05,Normal,20,6,1,5.439,0.01100000000000012,8
2026-07-04 20:40:00,CSE Department,4.2,33.21,7.9,Normal,20,5,1,33.18,0.030000000000001137,4
2026-07-02 11:40:00,Mechanical Lab,7.5,58.52,7.8,Normal,11,3,0,58.5,0.020000000000003126,9
2026-08-08 15:40:00,Mechanical Lab,19.16,1246.82,65.06,Critical,15,5,1,1246.5496,0.2703999999998814,9
2026-08-08 15:10:00,Chemistry Lab,5.39,6.79,1.26,Normal,15,5,1,6.791399999999999,0.0013999999999994017,5
2026-07-29 17:50:00,Mechanical Lab,6.03,43.7,7.24,Normal,17,2,0,43.6572,0.04279999999999973,9
2026-08-09 04:10:00,Mechanical Lab,7.69,51.78,6.73,Normal,4,6,1,51.75370000000001,0.026299999999991996,9
2026-07-24 00:50:00,New Seminar Hall,8.21,22.43,2.73,Normal,0,4,0,22.413300000000003,0.016699999999996606,10
2026-08-07 20:50:00,Chemistry Lab,6.38,50.48,7.91,Normal,20,4,0,50.4658,0.014199999999995327,5
2026-07-25 14:20:00,Chemistry Lab,5.53,36.71,6.64,Normal,14,5,1,36.7192,0.009199999999999875,5
2026-08-15 13:00:00,BT Department,5.21,8.53,1.64,Normal,13,5,1,8.5444,0.01440000000000019,2
2026-07-02 01:10:00,HOD Department,3.94,21.11,5.36,Normal,1,3,0,21.1184,0.00840000000000174,7
2026-07-24 00:10:00,AIML Department,11.9,152.19,12.79,Suspicious,0,4,0,152.201,0.01099999999999568,1
2026-07-09 01:10:00,IT Department,4.61,30.14,6.53,Normal,1,3,0,30.103300000000004,0.03669999999999618,8
2026-08-04 03:20:00,Physics Lab,5.65,15.28,2.7,Normal,3,1,0,15.255000000000003,0.024999999999996803,11
2026-07-29 15:10:00,HOD Department,4.11,26.56,6.46,Normal,15,2,0,26.550600000000003,0.009399999999995856,7
2026-07-09 00:00:00,Physics Lab,5.84,44.35,7.6,Normal,0,3,0,44.384,0.03399999999999892,11
2026-08-04 15:00:00,BT Department,4.98,31.66,6.35,Normal,15,1,0,31.623,0.036999999999999034,2
2026-07-13 12:00:00,BT Department,4.37,28.67,6.56,Normal,12,0,0,28.667199999999998,0.0028000000000041325,2
2026-08-19 23:20:00,BT Department,4.97,14.33,2.88,Normal,23,2,0,14.3136,0.01640000000000086,2
2026-08-01 15:10:00,Chemistry Lab,3.58,12.41,3.46,Normal,15,5,1,12.386800000000001,0.02319999999999922,5
2026-07-30 06:40:00,Mechanical Lab,5.02,25.82,5.14,Normal,6,3,0,25.802799999999998,0.017200000000002547,9
2026-08-19 16:10:00,Electronics Department,3.94,22.7,5.76,Normal,16,2,0,22.694399999999998,0.00560000000000116,6
2026-07-21 14:00:00,AIML Department,5.25,51.75,9.87,Normal,14,1,0,51.817499999999995,0.06749999999999545,1
2026-08-07 00:40:00,IT Department,4.54,41.09,9.06,Normal,0,4,0,41.132400000000004,0.04240000000000066,8
2026-07-12 20:20:00,AI Lab,6.17,24.83,4.03,Normal,20,6,1,24.8651,0.03510000000000346,0
2026-07-02 09:20:00,IT Department,20.98,1762.51,84.0,Critical,9,3,0,1762.32,0.19000000000005457,8
2026-07-31 21:30:00,AI Lab,3.36,23.14,6.88,Normal,21,4,0,23.116799999999998,0.023200000000002774,0
2026-07-18 13:50:00,Biotech Department,4.1,30.2,7.37,Normal,13,5,1,30.217,0.01699999999999946,3
2026-07-12 07:50:00,Electronics Department,5.04,40.13,7.96,Normal,7,6,1,40.1184,0.011600000000001387,6
2026-08-17 02:30:00,AIML Department,3.91,9.71,2.48,Normal,2,0,0,9.6968,0.01320000000000121,1
2026-07-19 01:20:00,Biotech Department,4.04,28.05,6.94,Normal,1,6,1,28.0376,0.012399999999999523,3
2026-08-24 17:00:00,Mechanical Lab,3.24,28.23,8.72,Normal,17,0,0,28.252800000000004,0.022800000000003706,9
2026-07-28 15:10:00,CSE Department,4.46,5.25,1.18,Normal,15,1,0,5.2627999999999995,0.012799999999999478,4
2026-07-25 23:50:00,IT Department,8.9,99.52,11.18,Suspicious,23,5,1,99.502,0.018000000000000682,8
2026-07-27 04:20:00,AIML Department,4.48,21.61,4.82,Normal,4,0,0,21.593600000000002,0.016399999999997306,1
2026-07-31 16:30:00,Mechanical Lab,6.13,60.36,9.84,Normal,16,4,0,60.319199999999995,0.04080000000000439,9
2026-08-15 03:10:00,Physics Lab,18.6,1660.29,89.28,Critical,3,5,1,1660.6080000000002,0.318000000000211,11
2026-07-27 17:50:00,BT Department,5.22,40.96,7.85,Normal,17,0,0,40.977,0.016999999999995907,2
2026-08-18 21:30:00,AI Lab,3.63,11.9,3.28,Normal,21,1,0,11.9064,0.006399999999999295,0
2026-07-16 16:10:00,AI Lab,4.76,13.72,2.88,Normal,16,3,0,13.708799999999998,0.01120000000000232,0
2026-08-01 05:10:00,Physics Lab,4.53,42.54,9.4,Normal,5,5,1,42.582,0.04200000000000159,11
2026-08-04 21:00:00,IT Department,5.51,15.19,2.76,Normal,21,1,0,15.207599999999998,0.01759999999999806,8
2026-08-01 08:30:00,AI Lab,5.03,49.03,9.75,Normal,8,5,1,49.042500000000004,0.012500000000002842,0
2026-07-22 01:30:00,Electronics Department,4.74,20.18,4.26,Normal,1,2,0,20.1924,0.012399999999999523,6
2026-07-13 23:40:00,AIML Department,3.92,26.11,6.67,Normal,23,0,0,26.1464,0.03640000000000043,1
2026-07-29 00:50:00,Electronics Department,4.56,35.82,7.86,Normal,0,2,0,35.8416,0.021599999999999397,6
2026-08-13 05:50:00,HOD Department,3.43,12.18,3.55,Normal,5,3,0,12.1765,0.0034999999999989484,7
2026-08-02 05:00:00,Electronics Department,4.6,31.89,6.94,Normal,5,6,1,31.924,0.03399999999999892,6
2026-08-16 20:50:00,New Seminar Hall,7.08,32.78,4.63,Normal,20,6,1,32.7804,0.00039999999999906777,10
2026-08-05 15:00:00,AIML Department,3.58,23.75,6.62,Normal,15,2,0,23.6996,0.05039999999999978,1
2026-07-03 11:30:00,Chemistry Lab,4.0,25.33,6.33,Normal,11,4,0,25.32,0.00999999999999801,5
2026-07-02 19:20:00,New Seminar Hall,7.15,26.57,3.72,Normal,19,3,0,26.598000000000003,0.028000000000002245,10
2026-08-24 11:50:00,IT Department,2.82,23.84,8.46,Normal,11,0,0,23.857200000000002,0.017200000000002547,8
2026-08-03 18:00:00,IT Department,11.88,164.06,13.8,Suspicious,18,0,0,163.94400000000002,0.11599999999998545,8
2026-07-26 07:50:00,IT Department,3.18,25.85,8.13,Normal,7,6,1,25.853400000000004,0.003400000000002734,8
2026-07-26 11:40:00,HOD Department,3.36,19.19,5.71,Normal,11,6,1,19.1856,0.004400000000000404,7
2026-07-31 19:00:00,HOD Department,2.68,22.93,8.54,Normal,19,4,0,22.8872,0.04279999999999973,7
2026-08-21 13:40:00,AI Lab,5.43,6.61,1.22,Normal,13,4,0,6.624599999999999,0.014599999999998836,0
2026-07-25 07:00:00,CSE Department,5.42,34.84,6.42,Normal,7,5,1,34.7964,0.04360000000000497,4
2026-07-04 18:30:00,Biotech Department,2.67,12.09,4.52,Normal,18,5,1,12.068399999999999,0.021600000000001174,3
2026-08-10 06:10:00,BT Department,4.97,7.98,1.61,Normal,6,0,0,8.0017,0.021699999999999164,2
2026-07-23 22:40:00,HOD Department,2.7,17.07,6.33,Normal,22,3,0,17.091,0.021000000000000796,7
2026-07-02 18:10:00,AI Lab,6.52,52.6,8.06,Normal,18,3,0,52.5512,0.048799999999999955,0
2026-07-11 07:00:00,HOD Department,3.6,5.86,1.63,Normal,7,5,1,5.867999999999999,0.007999999999999119,7
2026-07-09 05:10:00,CSE Department,7.4,78.81,10.65,Suspicious,5,3,0,78.81,0.0,4
2026-07-19 06:40:00,AI Lab,3.54,25.9,7.32,Normal,6,6,1,25.9128,0.012800000000002143,0
2026-07-07 08:40:00,Mechanical Lab,25.47,999.88,39.25,Critical,8,1,0,999.6975,0.18250000000000455,9
2026-07-20 10:10:00,Electronics Department,17.69,1018.36,57.55,Critical,10,0,0,1018.0595000000001,0.3004999999999427,6
2026-07-26 10:10:00,HOD Department,2.23,7.92,3.55,Normal,10,6,1,7.916499999999999,0.0035000000000007248,7
2026-07-03 10:50:00,HOD Department,7.71,93.2,12.08,Suspicious,10,4,0,93.1368,0.06320000000000903,7
2026-07-14 04:10:00,BT Department,3.02,4.8,1.59,Normal,4,1,0,4.8018,0.0018000000000002458,2
2026-07-30 18:40:00,Mechanical Lab,13.06,313.77,24.02,Suspicious,18,3,0,313.70120000000003,0.06879999999995334,9
2026-07-29 09:30:00,HOD Department,7.27,213.22,29.33,Suspicious,9,2,0,213.2291,0.00909999999998945,7
2026-07-15 03:20:00,AI Lab,4.11,32.09,7.8,Normal,3,2,0,32.058,0.03200000000000358,0
2026-07-23 20:00:00,AI Lab,5.36,45.91,8.56,Normal,20,3,0,45.881600000000006,0.028399999999990655,0
2026-07-20 18:20:00,AIML Department,3.05,15.32,5.02,Normal,18,0,0,15.310999999999998,0.009000000000002117,1
2026-08-10 08:30:00,IT Department,3.42,17.53,5.13,Normal,8,0,0,17.5446,0.014599999999997948,8
2026-07-11 23:40:00,AIML Department,5.42,30.1,5.55,Normal,23,5,1,30.081,0.019000000000001904,1
2026-07-22 22:10:00,Mechanical Lab,5.52,25.74,4.67,Normal,22,2,0,25.778399999999998,0.038399999999999324,9
2026-07-07 04:30:00,AIML Department,3.63,29.98,8.25,Normal,4,1,0,29.947499999999998,0.032500000000002416,1
2026-07-15 03:10:00,Mechanical Lab,7.36,17.88,2.43,Normal,3,2,0,17.884800000000002,0.004800000000003024,9
2026-08-20 08:20:00,Electronics Department,3.56,9.06,2.55,Normal,8,3,0,9.078,0.017999999999998906,6
2026-08-07 17:40:00,HOD Department,17.21,1445.45,83.99,Critical,17,4,0,1445.4678999999999,0.017899999999826832,7
2026-07-13 05:40:00,BT Department,2.26,7.9,3.5,Normal,5,0,0,7.909999999999999,0.009999999999998899,2
2026-07-03 23:50:00,AI Lab,5.8,54.29,9.37,Normal,23,4,0,54.346,0.055999999999997385,0
2026-07-12 00:20:00,Physics Lab,4.72,37.77,8.0,Normal,0,6,1,37.76,0.010000000000005116,11
2026-07-02 19:10:00,Mechanical Lab,6.45,41.06,6.37,Normal,19,3,0,41.0865,0.026499999999998636,9
2026-07-24 20:40:00,Chemistry Lab,14.22,319.98,22.5,Suspicious,20,4,0,319.95,0.03000000000002956,5
2026-08-14 23:00:00,CSE Department,2.78,12.94,4.65,Normal,23,4,0,12.927,0.0129999999999999,4
2026-07-14 22:10:00,AI Lab,14.17,294.19,20.76,Suspicious,22,1,0,294.16920000000005,0.020799999999951524,0
2026-08-06 18:20:00,Biotech Department,4.26,7.26,1.7,Normal,18,3,0,7.241999999999999,0.018000000000000682,3
2026-07-18 06:20:00,IT Department,4.42,22.13,5.0,Normal,6,5,1,22.1,0.029999999999997584,8
2026-07-20 06:30:00,New Seminar Hall,5.7,25.45,4.46,Normal,6,0,0,25.422,0.027999999999998693,10
2026-08-13 15:50:00,Mechanical Lab,5.61,47.9,8.53,Normal,15,3,0,47.8533,0.046700000000001296,9
2026-08-12 16:20:00,Chemistry Lab,4.26,40.22,9.44,Normal,16,2,0,40.2144,0.00560000000000116,5
2026-07-10 16:50:00,AIML Department,3.84,4.63,1.21,Normal,16,4,0,4.6464,0.01639999999999997,1
2026-08-05 05:40:00,AI Lab,5.46,47.64,8.73,Normal,5,2,0,47.665800000000004,0.02580000000000382,0
2026-08-11 02:50:00,Chemistry Lab,23.43,1010.22,43.12,Critical,2,1,0,1010.3015999999999,0.08159999999986667,5
2026-07-26 04:40:00,HOD Department,3.12,19.57,6.27,Normal,4,6,1,19.5624,0.007600000000000051,7
2026-08-12 21:40:00,Biotech Department,5.19,38.02,7.33,Normal,21,2,0,38.0427,0.022700000000000387,3
2026-07-06 01:20:00,New Seminar Hall,7.75,35.3,4.55,Normal,1,0,0,35.262499999999996,0.03750000000000142,10
2026-07-02 14:00:00,Mechanical Lab,6.15,19.99,3.25,Normal,14,3,0,19.9875,0.0024999999999977263,9
2026-08-23 04:50:00,HOD Department,3.56,29.03,8.16,Normal,4,6,1,29.0496,0.019600000000000506,7
2026-07-29 06:20:00,HOD Department,2.8,22.75,8.13,Normal,6,2,0,22.764,0.013999999999999346,7
2026-08-21 16:10:00,BT Department,4.24,33.39,7.87,Normal,16,4,0,33.3688,0.02120000000000033,2
2026-08-11 20:00:00,CSE Department,10.38,166.07,16.0,Suspicious,20,1,0,166.08,0.010000000000019327,4
2026-07-03 06:20:00,AI Lab,16.17,1179.01,72.91,Critical,6,4,0,1178.9547,0.05529999999998836,0
2026-07-28 00:40:00,IT Department,3.67,15.5,4.22,Normal,0,1,0,15.4874,0.012600000000000833,8
2026-07-24 09:10:00,Chemistry Lab,4.41,33.73,7.65,Normal,9,4,0,33.7365,0.006500000000002615,5
2026-07-23 22:00:00,Mechanical Lab,7.29,33.9,4.65,Normal,22,3,0,33.898500000000006,0.0014999999999929514,9
2026-07-18 19:40:00,Mechanical Lab,13.9,321.11,23.1,Suspicious,19,5,1,321.09000000000003,0.01999999999998181,9
2026-07-18 13:20:00,BT Department,3.94,17.1,4.34,Normal,13,5,1,17.0996,0.0004000000000026205,2
2026-07-03 08:10:00,CSE Department,3.54,27.78,7.86,Normal,8,4,0,27.8244,0.04439999999999955,4
2026-07-22 16:30:00,Physics Lab,12.74,376.4,29.55,Suspicious,16,2,0,376.46700000000004,0.06700000000006412,11
2026-08-04 23:40:00,AI Lab,4.94,41.85,8.46,Normal,23,1,0,41.79240000000001,0.057599999999993656,0
2026-07-30 14:30:00,Mechanical Lab,5.27,43.05,8.17,Normal,14,3,0,43.055899999999994,0.005899999999996908,9
2026-08-12 03:20:00,Electronics Department,5.39,45.46,8.44,Normal,3,2,0,45.49159999999999,0.0315999999999903,6
2026-07-08 05:30:00,CSE Department,3.85,29.95,7.79,Normal,5,2,0,29.991500000000002,0.04150000000000276,4
2026-07-23 19:10:00,AIML Department,5.93,52.53,8.87,Normal,19,3,0,52.59909999999999,0.06909999999999172,1
2026-07-16 20:40:00,CSE Department,4.8,45.89,9.56,Normal,20,3,0,45.888,0.0020000000000024443,4
2026-08-22 04:30:00,Mechanical Lab,7.93,56.8,7.17,Normal,4,5,1,56.8581,0.05810000000000315,9
2026-07-01 14:30:00,Mechanical Lab,8.66,45.81,5.29,Normal,14,2,0,45.8114,0.0013999999999967372,9
2026-08-22 20:50:00,AI Lab,4.96,16.31,3.29,Normal,20,5,1,16.3184,0.00840000000000174,0
2026-08-07 23:00:00,Mechanical Lab,5.15,21.85,4.24,Normal,23,4,0,21.836000000000002,0.013999999999999346,9
2026-08-09 15:30:00,CSE Department,2.43,16.28,6.69,Normal,15,6,1,16.256700000000002,0.023299999999998988,4
2026-07-20 11:00:00,Physics Lab,5.62,31.11,5.53,Normal,11,0,0,31.0786,0.031399999999997874,11
2026-08-14 21:30:00,Mechanical Lab,6.03,9.68,1.61,Normal,21,4,0,9.708300000000001,0.028300000000001546,9
2026-07-28 19:20:00,Mechanical Lab,3.63,7.94,2.19,Normal,19,1,0,7.9497,0.009699999999999598,9
2026-07-03 05:00:00,HOD Department,3.98,15.08,3.79,Normal,5,4,0,15.084200000000001,0.00420000000000087,7
2026-07-28 06:50:00,New Seminar Hall,6.32,30.32,4.8,Normal,6,1,0,30.336,0.015999999999998238,10
2026-07-21 08:30:00,Electronics Department,3.86,20.74,5.38,Normal,8,1,0,20.7668,0.02680000000000149,6
2026-08-15 18:20:00,Physics Lab,5.75,34.62,6.02,Normal,18,5,1,34.614999999999995,0.005000000000002558,11
2026-08-06 05:00:00,New Seminar Hall,7.35,22.1,3.0,Normal,5,3,0,22.049999999999997,0.05000000000000426,10
2026-08-06 19:00:00,Mechanical Lab,4.54,42.88,9.43,Normal,19,3,0,42.8122,0.06780000000000541,9
2026-08-10 09:00:00,Chemistry Lab,6.14,14.44,2.35,Normal,9,0,0,14.429,0.010999999999999233,5
2026-08-14 11:10:00,Biotech Department,5.87,35.73,6.09,Normal,11,4,0,35.7483,0.018300000000003536,3
2026-08-13 13:10:00,CSE Department,3.99,39.61,9.93,Normal,13,3,0,39.6207,0.010699999999999932,4
2026-07-02 02:30:00,HOD Department,7.98,181.7,22.77,Suspicious,2,3,0,181.7046,0.004600000000010596,7
2026-07-23 16:20:00,New Seminar Hall,5.37,43.56,8.12,Normal,16,3,0,43.6044,0.044399999999996,10
2026-07-10 23:50:00,CSE Department,11.79,298.25,25.3,Suspicious,23,4,0,298.287,0.03699999999997772,4
2026-07-19 09:20:00,CSE Department,5.48,30.3,5.53,Normal,9,6,1,30.304400000000005,0.004400000000003956,4
2026-07-02 20:40:00,Chemistry Lab,5.29,35.66,6.75,Normal,20,3,0,35.7075,0.04750000000000654,5
2026-08-03 03:40:00,AIML Department,2.36,3.82,1.62,Normal,3,0,0,3.8232,0.0032000000000000917,1
2026-08-03 20:40:00,Electronics Department,5.38,6.41,1.19,Normal,20,0,0,6.4022,0.007800000000000473,6
2026-08-21 15:50:00,CSE Department,3.43,20.73,6.04,Normal,15,4,0,20.717200000000002,0.01279999999999859,4
2026-08-10 02:00:00,HOD Department,3.67,16.8,4.58,Normal,2,0,0,16.8086,0.00859999999999772,7
2026-07-01 21:50:00,Electronics Department,3.48,30.22,8.69,Normal,21,2,0,30.2412,0.02120000000000033,6
2026-07-07 09:30:00,Biotech Department,5.26,24.28,4.62,Normal,9,1,0,24.301199999999998,0.021199999999996777,3
2026-08-21 19:30:00,Electronics Department,2.77,20.73,7.48,Normal,19,4,0,20.7196,0.010400000000000631,6
2026-08-05 03:50:00,Physics Lab,14.45,424.67,29.39,Suspicious,3,2,0,424.6855,0.015499999999974534,11
2026-07-04 12:50:00,IT Department,3.47,27.68,7.98,Normal,12,5,1,27.690600000000003,0.010600000000003718,8
2026-08-23 09:40:00,Electronics Department,5.35,31.71,5.92,Normal,9,6,1,31.671999999999997,0.03800000000000381,6
2026-08-10 13:30:00,Mechanical Lab,8.11,45.7,5.64,Normal,13,0,0,45.740399999999994,0.04039999999999111,9
2026-07-05 03:50:00,Mechanical Lab,15.69,239.51,15.26,Suspicious,3,6,1,239.4294,0.080600000000004,9
2026-07-29 01:50:00,IT Department,16.63,1423.02,85.58,Critical,1,2,0,1423.1953999999998,0.17539999999985412,8
2026-07-17 19:40:00,New Seminar Hall,4.01,6.19,1.54,Normal,19,4,0,6.1754,0.014600000000000612,10
2026-08-17 01:40:00,IT Department,5.59,24.53,4.39,Normal,1,0,0,24.5401,0.010099999999997777,8
2026-07-30 12:50:00,Biotech Department,5.18,24.27,4.69,Normal,12,3,0,24.2942,0.024200000000000443,3
2026-07-16 22:20:00,CSE Department,8.89,132.1,14.86,Suspicious,22,3,0,132.1054,0.005400000000008731,4
2026-08-22 15:10:00,New Seminar Hall,23.69,1052.5,44.43,Critical,15,5,1,1052.5467,0.04670000000010077,10
2026-08-01 23:20:00,IT Department,2.58,22.68,8.8,Normal,23,5,1,22.704000000000004,0.024000000000004462,8
2026-07-18 08:20:00,Electronics Department,4.74,10.15,2.14,Normal,8,5,1,10.143600000000001,0.006399999999999295,6
2026-07-17 12:10:00,HOD Department,2.98,4.72,1.59,Normal,12,4,0,4.7382,0.018200000000000216,7
2026-08-16 23:20:00,Chemistry Lab,18.81,1180.78,62.77,Critical,23,6,1,1180.7037,0.07629999999994652,5
2026-07-16 05:40:00,Electronics Department,4.21,9.88,2.35,Normal,5,3,0,9.8935,0.013499999999998735,6
2026-08-22 18:40:00,BT Department,3.87,4.27,1.1,Normal,18,5,1,4.257000000000001,0.012999999999999012,2
2026-08-01 00:00:00,IT Department,4.53,10.17,2.25,Normal,0,5,1,10.1925,0.022500000000000853,8
2026-08-19 09:40:00,BT Department,3.2,12.61,3.94,Normal,9,2,0,12.608,0.0019999999999988916,2
2026-07-05 20:20:00,HOD Department,4.17,40.2,9.64,Normal,20,6,1,40.1988,0.0012000000000043087,7
2026-08-22 13:40:00,Physics Lab,5.64,14.23,2.52,Normal,13,5,1,14.2128,0.01720000000000077,11
2026-07-06 06:00:00,Mechanical Lab,5.21,35.75,6.87,Normal,6,0,0,35.7927,0.04270000000000351,9
2026-08-17 20:40:00,HOD Department,3.47,5.98,1.72,Normal,20,0,0,5.9684,0.011600000000000499,7
2026-07-30 23:30:00,Electronics Department,9.21,182.89,19.86,Suspicious,23,3,0,182.91060000000002,0.02060000000003015,6
2026-07-31 16:10:00,IT Department,3.53,16.34,4.63,Normal,16,4,0,16.343899999999998,0.003899999999998016,8
2026-08-18 10:50:00,New Seminar Hall,24.87,2199.14,88.42,Critical,10,1,0,2199.0054,0.13459999999986394,10
2026-07-22 14:30:00,CSE Department,4.44,29.78,6.71,Normal,14,2,0,29.792400000000004,0.012400000000003075,4
2026-08-07 16:20:00,Mechanical Lab,4.86,44.5,9.15,Normal,16,4,0,44.469,0.030999999999998806,9
2026-07-24 14:10:00,AI Lab,11.68,205.8,17.61,Suspicious,14,4,0,205.6848,0.11520000000001573,0
2026-07-11 05:20:00,Mechanical Lab,24.06,1028.21,42.74,Critical,5,5,1,1028.3244,0.11439999999993233,9
2026-07-09 18:40:00,BT Department,3.4,11.22,3.3,Normal,18,3,0,11.219999999999999,1.7763568394002505e-15,2
2026-08-12 19:20:00,Biotech Department,5.19,16.23,3.12,Normal,19,2,0,16.192800000000002,0.03719999999999857,3
2026-07-14 16:40:00,Mechanical Lab,5.41,34.38,6.35,Normal,16,1,0,34.3535,0.02650000000000574,9
2026-07-02 01:20:00,CSE Department,18.51,1614.91,87.23,Critical,1,3,0,1614.6273,0.2826999999999771,4
2026-07-08 17:20:00,BT Department,4.5,32.76,7.28,Normal,17,2,0,32.76,0.0,2
2026-07-27 15:00:00,Mechanical Lab,5.75,30.37,5.28,Normal,15,0,0,30.360000000000003,0.00999999999999801,9
2026-07-03 12:20:00,HOD Department,13.92,482.37,34.65,Critical,12,4,0,482.328,0.04200000000003001,7
2026-07-10 06:50:00,IT Department,4.39,25.72,5.86,Normal,6,4,0,25.7254,0.005400000000001626,8
2026-08-12 01:30:00,AIML Department,7.31,168.61,23.06,Suspicious,1,2,0,168.56859999999998,0.04140000000003852,1
2026-07-11 05:50:00,Physics Lab,13.73,399.23,29.07,Suspicious,5,5,1,399.1311,0.09890000000001464,11
2026-08-20 10:20:00,Biotech Department,4.82,5.94,1.23,Normal,10,3,0,5.9286,0.011400000000000077,3
2026-08-21 07:00:00,CSE Department,3.53,30.59,8.66,Normal,7,4,0,30.569799999999997,0.02020000000000266,4
2026-07-23 01:30:00,Biotech Department,5.85,45.32,7.75,Normal,1,3,0,45.3375,0.017499999999998295,3
2026-08-25 20:30:00,HOD Department,3.3,28.66,8.7,Normal,20,1,0,28.709999999999997,0.04999999999999716,7
2026-08-15 07:50:00,BT Department,18.51,1313.02,70.92,Critical,7,5,1,1312.7292000000002,0.2907999999997628,2
2026-07-22 05:20:00,BT Department,4.65,12.63,2.71,Normal,5,2,0,12.601500000000001,0.028499999999999304,2
2026-08-16 08:10:00,AI Lab,7.15,61.23,8.56,Normal,8,6,1,61.20400000000001,0.025999999999989143,0
2026-07-09 00:10:00,AI Lab,3.97,18.03,4.54,Normal,0,3,0,18.0238,0.006199999999999761,0
2026-07-31 18:30:00,Electronics Department,4.64,14.0,3.02,Normal,18,4,0,14.012799999999999,0.01279999999999859,6
2026-08-11 07:10:00,Mechanical Lab,7.64,69.52,9.09,Normal,7,1,0,69.4476,0.0724000000000018,9
2026-08-09 22:00:00,Chemistry Lab,5.51,15.43,2.8,Normal,22,6,1,15.427999999999999,0.002000000000000668,5
2026-08-25 20:50:00,AI Lab,6.18,46.02,7.44,Normal,20,1,0,45.9792,0.04080000000000439,0
2026-08-18 14:50:00,Physics Lab,27.25,910.98,33.43,Critical,14,1,0,910.9675,0.012500000000045475,11
2026-07-06 02:00:00,Physics Lab,6.7,28.09,4.19,Normal,2,0,0,28.073000000000004,0.016999999999995907,11
2026-08-12 19:10:00,Electronics Department,5.32,34.11,6.41,Normal,19,2,0,34.101200000000006,0.008799999999993702,6
2026-08-06 04:00:00,Biotech Department,5.5,36.55,6.64,Normal,4,3,0,36.519999999999996,0.030000000000001137,3
2026-07-20 12:50:00,BT Department,11.93,331.46,27.79,Suspicious,12,0,0,331.5347,0.0747000000000071,2
2026-08-04 16:50:00,CSE Department,2.51,19.95,7.96,Normal,16,1,0,19.979599999999998,0.029599999999998516,4
2026-08-20 07:20:00,AI Lab,20.53,1320.8,64.33,Critical,7,3,0,1320.6949,0.10509999999999309,0
2026-08-04 15:50:00,Physics Lab,6.64,8.8,1.32,Normal,15,1,0,8.7648,0.03520000000000145,11
2026-07-26 21:40:00,Chemistry Lab,4.5,24.94,5.54,Normal,21,6,1,24.93,0.010000000000001563,5
2026-08-21 06:00:00,Biotech Department,5.82,22.16,3.81,Normal,6,4,0,22.174200000000003,0.014200000000002433,3
2026-08-18 03:10:00,AI Lab,11.18,287.33,25.69,Suspicious,3,1,0,287.2142,0.11579999999997881,0
2026-08-18 13:00:00,CSE Department,12.01,889.95,74.09,Critical,13,1,0,889.8209,0.129099999999994,4
2026-07-18 08:30:00,HOD Department,3.65,27.89,7.64,Normal,8,5,1,27.886,0.004000000000001336,7
2026-08-22 05:30:00,New Seminar Hall,6.36,10.33,1.62,Normal,5,5,1,10.3032,0.026799999999999713,10
2026-07-31 10:20:00,BT Department,5.81,34.45,5.93,Normal,10,4,0,34.4533,0.003299999999995862,2
2026-07-27 21:20:00,HOD Department,3.28,11.51,3.51,Normal,21,0,0,11.512799999999999,0.0027999999999988034,7
2026-07-03 14:20:00,Electronics Department,4.73,28.63,6.06,Normal,14,4,0,28.663800000000002,0.03380000000000294,6
2026-07-19 18:00:00,Mechanical Lab,5.06,30.15,5.96,Normal,18,6,1,30.1576,0.007600000000000051,9
2026-08-16 19:50:00,Biotech Department,4.66,46.06,9.88,Normal,19,6,1,46.040800000000004,0.019199999999997885,3
2026-08-24 02:30:00,Electronics Department,4.65,45.3,9.74,Normal,2,0,0,45.291000000000004,0.008999999999993236,6
2026-07-16 10:40:00,Biotech Department,7.66,29.68,3.87,Normal,10,3,0,29.6442,0.03579999999999828,3
2026-07-31 22:10:00,Biotech Department,6.24,17.77,2.85,Normal,22,4,0,17.784000000000002,0.014000000000002899,3
2026-08-03 06:00:00,Chemistry Lab,21.44,693.83,32.37,Critical,6,0,0,694.0128,0.18279999999992924,5
2026-08-18 11:00:00,Chemistry Lab,5.9,10.14,1.72,Normal,11,1,0,10.148,0.007999999999999119,5
2026-07-24 09:00:00,New Seminar Hall,5.35,40.64,7.6,Normal,9,4,0,40.66,0.01999999999999602,10
2026-08-03 07:00:00,AIML Department,3.71,33.49,9.04,Normal,7,0,0,33.538399999999996,0.04839999999999378,1
2026-07-30 08:40:00,AIML Department,13.83,641.78,46.4,Critical,8,3,0,641.712,0.06799999999998363,1
2026-08-25 03:50:00,Biotech Department,6.43,44.24,6.88,Normal,3,1,0,44.2384,0.0016000000000033765,3
2026-07-20 16:30:00,IT Department,3.84,18.86,4.91,Normal,16,0,0,18.8544,0.00560000000000116,8
2026-08-08 06:20:00,CSE Department,2.58,5.93,2.3,Normal,6,5,1,5.933999999999999,0.0039999999999995595,4
2026-07-30 10:10:00,HOD Department,2.48,24.53,9.88,Normal,10,3,0,24.5024,0.027599999999999625,7
2026-07-12 23:20:00,IT Department,5.06,40.83,8.06,Normal,23,6,1,40.7836,0.04639999999999844,8
2026-08-20 02:40:00,New Seminar Hall,5.04,22.45,4.45,Normal,2,3,0,22.428,0.021999999999998465,10
2026-07-03 18:00:00,HOD Department,3.15,12.89,4.09,Normal,18,4,0,12.8835,0.0065000000000008384,7
2026-08-17 12:00:00,IT Department,3.49,30.09,8.62,Normal,12,0,0,30.0838,0.006199999999999761,8
2026-07-23 17:40:00,Electronics Department,4.76,38.63,8.11,Normal,17,3,0,38.60359999999999,0.026400000000009527,6
2026-08-13 02:40:00,Chemistry Lab,6.42,38.7,6.02,Normal,2,3,0,38.648399999999995,0.05160000000000764,5
2026-08-05 17:50:00,BT Department,2.01,14.08,6.99,Normal,17,2,0,14.0499,0.030100000000000904,2
2026-07-12 15:00:00,CSE Department,3.92,28.23,7.19,Normal,15,6,1,28.184800000000003,0.045199999999997686,4
2026-08-04 06:10:00,AIML Department,3.57,33.52,9.4,Normal,6,1,0,33.558,0.0379999999999967,1
2026-07-29 18:20:00,BT Department,4.15,16.03,3.86,Normal,18,2,0,16.019000000000002,0.010999999999999233,2
2026-08-10 12:00:00,Biotech Department,7.66,60.33,7.88,Normal,12,0,0,60.3608,0.030799999999999272,3
2026-07-17 18:50:00,CSE Department,2.2,14.67,6.67,Normal,18,4,0,14.674000000000001,0.004000000000001336,4
2026-07-07 09:10:00,BT Department,10.13,181.07,17.88,Suspicious,9,1,0,181.1244,0.054400000000015325,2
2026-08-10 05:40:00,Physics Lab,5.48,36.02,6.57,Normal,5,0,0,36.003600000000006,0.016399999999997306,11
2026-07-16 17:30:00,Electronics Department,10.01,299.19,29.89,Suspicious,17,3,0,299.1989,0.00889999999998281,6
2026-08-19 14:40:00,AIML Department,3.2,26.53,8.28,Normal,14,2,0,26.496,0.03400000000000247,1
2026-07-16 17:40:00,AIML Department,2.68,21.39,7.99,Normal,17,3,0,21.413200000000003,0.023200000000002774,1
2026-07-24 10:20:00,HOD Department,7.55,157.3,20.84,Suspicious,10,4,0,157.34199999999998,0.04199999999997317,7
2026-08-17 09:00:00,HOD Department,2.91,12.06,4.14,Normal,9,0,0,12.0474,0.012600000000000833,7
2026-07-26 05:10:00,Mechanical Lab,4.67,16.75,3.59,Normal,5,6,1,16.7653,0.01529999999999987,9
2026-08-13 22:50:00,IT Department,5.91,45.73,7.74,Normal,22,3,0,45.7434,0.013400000000004297,8
2026-08-19 13:00:00,Chemistry Lab,12.26,134.52,10.97,Suspicious,13,2,0,134.4922,0.02780000000001337,5
2026-07-16 01:30:00,HOD Department,3.9,33.18,8.51,Normal,1,3,0,33.189,0.009000000000000341,7
2026-08-05 11:00:00,Physics Lab,5.15,22.35,4.34,Normal,11,2,0,22.351,0.0009999999999976694,11
2026-07-02 06:40:00,Chemistry Lab,7.04,23.82,3.38,Normal,6,3,0,23.795199999999998,0.024800000000002598,5
2026-08-13 22:40:00,Electronics Department,10.2,296.28,29.04,Suspicious,22,3,0,296.20799999999997,0.07200000000000273,6
2026-07-01 22:10:00,New Seminar Hall,5.43,30.32,5.58,Normal,22,2,0,30.2994,0.020600000000001728,10
2026-08-22 05:10:00,Chemistry Lab,7.28,24.41,3.35,Normal,5,5,1,24.388,0.021999999999998465,5
2026-07-14 08:50:00,BT Department,5.54,30.51,5.51,Normal,8,1,0,30.525399999999998,0.015399999999996083,2
2026-07-20 18:50:00,HOD Department,3.38,10.44,3.09,Normal,18,0,0,10.444199999999999,0.004199999999999093,7
2026-07-26 19:50:00,Physics Lab,5.02,39.41,7.86,Normal,19,6,1,39.4572,0.04720000000000368,11
2026-08-13 00:50:00,AIML Department,4.01,19.82,4.94,Normal,0,3,0,19.8094,0.010600000000000165,1
2026-08-14 05:30:00,Chemistry Lab,6.17,60.8,9.85,Normal,5,4,0,60.774499999999996,0.025500000000000966,5
2026-07-19 16:00:00,CSE Department,4.85,31.38,6.48,Normal,16,6,1,31.428,0.04800000000000182,4
2026-08-17 22:30:00,BT Department,10.13,154.07,15.21,Suspicious,22,0,0,154.0773,0.007300000000014961,2
2026-08-21 05:00:00,Chemistry Lab,11.04,220.86,20.01,Suspicious,5,4,0,220.9104,0.050399999999996226,5
2026-07-21 08:00:00,BT Department,17.67,1375.76,77.84,Critical,8,1,0,1375.4328000000003,0.3271999999997206,2
2026-08-15 19:50:00,Chemistry Lab,5.34,48.69,9.12,Normal,19,5,1,48.700799999999994,0.010799999999996146,5
2026-07-04 18:20:00,BT Department,2.28,5.8,2.54,Normal,18,5,1,5.7912,0.008799999999999919,2
2026-07-15 08:30:00,BT Department,4.09,37.83,9.26,Normal,8,2,0,37.8734,0.04339999999999833,2
2026-08-06 01:20:00,Physics Lab,7.27,14.09,1.94,Normal,1,3,0,14.1038,0.013799999999999812,11
2026-07-18 20:50:00,Biotech Department,6.07,37.42,6.16,Normal,20,5,1,37.391200000000005,0.028799999999996828,3
2026-08-03 17:40:00,CSE Department,3.5,25.7,7.35,Normal,17,0,0,25.724999999999998,0.02499999999999858,4
2026-07-29 19:10:00,BT Department,6.4,46.84,7.32,Normal,19,2,0,46.848000000000006,0.008000000000002672,2
2026-08-13 08:10:00,New Seminar Hall,5.74,9.82,1.71,Normal,8,3,0,9.8154,0.0045999999999999375,10
2026-08-21 20:50:00,CSE Department,6.11,54.53,8.92,Normal,20,4,0,54.501200000000004,0.028799999999996828,4
2026-07-10 03:40:00,BT Department,4.54,12.16,2.68,Normal,3,4,0,12.167200000000001,0.007200000000000983,2
2026-08-02 05:40:00,New Seminar Hall,5.57,24.06,4.32,Normal,5,6,1,24.062400000000004,0.0024000000000050647,10
2026-08-01 18:30:00,BT Department,3.93,28.88,7.35,Normal,18,5,1,28.8855,0.005500000000001393,2
2026-07-21 10:30:00,New Seminar Hall,3.8,5.72,1.51,Normal,10,1,0,5.7379999999999995,0.017999999999999794,10
2026-08-13 06:20:00,Electronics Department,3.79,7.28,1.92,Normal,6,3,0,7.2768,0.0032000000000005357,6
2026-08-21 12:00:00,AI Lab,3.91,21.38,5.47,Normal,12,4,0,21.3877,0.007699999999999818,0
2026-07-05 15:00:00,BT Department,13.32,302.59,22.72,Suspicious,15,6,1,302.6304,0.04040000000003374,2
2026-08-17 22:10:00,HOD Department,2.2,14.68,6.67,Normal,22,0,0,14.674000000000001,0.005999999999998451,7
2026-07-25 02:50:00,Electronics Department,2.88,10.69,3.72,Normal,2,5,1,10.7136,0.023600000000000065,6
2026-08-01 03:20:00,Electronics Department,4.8,8.3,1.73,Normal,3,5,1,8.304,0.0039999999999995595,6
2026-08-24 19:50:00,CSE Department,3.77,27.09,7.18,Normal,19,0,0,27.0686,0.021399999999999864,4
2026-08-05 00:20:00,Electronics Department,18.78,1015.17,54.04,Critical,0,2,0,1014.8712,0.2987999999999147,6
2026-07-31 15:50:00,HOD Department,3.17,25.94,8.19,Normal,15,4,0,25.9623,0.022299999999997766,7
2026-07-29 07:40:00,HOD Department,3.27,3.67,1.12,Normal,7,2,0,3.6624000000000003,0.007599999999999607,7
2026-08-03 12:00:00,BT Department,4.41,21.33,4.84,Normal,12,0,0,21.3444,0.014400000000001967,2
2026-07-11 03:30:00,BT Department,9.9,268.38,27.12,Suspicious,3,5,1,268.488,0.10800000000000409,2
2026-07-16 14:50:00,BT Department,5.05,21.56,4.27,Normal,14,3,0,21.563499999999998,0.0034999999999989484,2
2026-07-15 05:30:00,Biotech Department,5.87,50.36,8.57,Normal,5,2,0,50.3059,0.05409999999999826,3
2026-08-11 21:00:00,BT Department,4.37,23.22,5.31,Normal,21,1,0,23.2047,0.01529999999999987,2
2026-07-07 08:50:00,Electronics Department,4.67,19.68,4.21,Normal,8,1,0,19.6607,0.019300000000001205,6
2026-07-17 17:00:00,New Seminar Hall,6.15,20.86,3.39,Normal,17,4,0,20.8485,0.011499999999998067,10
2026-07-15 06:20:00,HOD Department,6.73,126.43,18.78,Suspicious,6,2,0,126.38940000000001,0.04059999999999775,7
2026-07-22 19:00:00,CSE Department,6.29,57.27,9.11,Normal,19,2,0,57.301899999999996,0.031899999999993156,4
2026-07-17 10:50:00,Electronics Department,11.53,291.14,25.26,Suspicious,10,4,0,291.2478,0.10779999999999745,6
2026-08-08 22:20:00,IT Department,3.21,8.45,2.63,Normal,22,5,1,8.4423,0.007699999999999818,8
2026-07-03 19:20:00,BT Department,3.65,8.02,2.2,Normal,19,4,0,8.030000000000001,0.010000000000001563,2
2026-07-09 09:40:00,BT Department,5.24,50.37,9.61,Normal,9,3,0,50.3564,0.013599999999996726,2
2026-08-12 14:50:00,Physics Lab,4.57,33.49,7.33,Normal,14,2,0,33.4981,0.008099999999998886,11
2026-07-22 14:40:00,IT Department,3.85,34.81,9.04,Normal,14,2,0,34.803999999999995,0.006000000000007333,8
2026-07-29 10:20:00,BT Department,4.11,27.61,6.71,Normal,10,2,0,27.578100000000003,0.03189999999999671,2
2026-07-23 06:50:00,HOD Department,9.97,122.52,12.29,Suspicious,6,3,0,122.5313,0.011300000000005639,7
2026-07-27 12:20:00,Electronics Department,3.99,13.54,3.4,Normal,12,0,0,13.566,0.026000000000001577,6
2026-08-05 08:10:00,Chemistry Lab,4.87,11.08,2.28,Normal,8,2,0,11.1036,0.023600000000000065,5
2026-08-05 10:30:00,BT Department,3.71,29.66,8.0,Normal,10,2,0,29.68,0.019999999999999574,2
2026-07-19 10:30:00,New Seminar Hall,24.0,785.09,32.71,Critical,10,6,1,785.04,0.05000000000006821,10
2026-08-25 02:20:00,CSE Department,3.78,5.83,1.54,Normal,2,1,0,5.8212,0.008799999999999919,4
2026-07-14 11:00:00,Biotech Department,17.79,1185.22,66.61,Critical,11,1,0,1184.9919,0.22810000000004038,3
2026-07-05 08:30:00,BT Department,3.05,8.32,2.73,Normal,8,6,1,8.3265,0.006499999999999062,2
2026-07-17 10:30:00,Physics Lab,5.97,55.91,9.37,Normal,10,4,0,55.93889999999999,0.028899999999993042,11
2026-07-31 09:00:00,Electronics Department,9.21,234.25,25.42,Suspicious,9,4,0,234.11820000000003,0.13179999999996994,6
2026-08-17 15:30:00,Chemistry Lab,6.01,44.53,7.41,Normal,15,0,0,44.5341,0.004100000000001103,5
2026-07-26 01:50:00,Biotech Department,5.64,45.81,8.12,Normal,1,6,1,45.79679999999999,0.013200000000011869,3
2026-07-13 01:50:00,AI Lab,5.04,48.62,9.66,Normal,1,0,0,48.6864,0.06640000000000157,0
2026-07-07 07:40:00,Electronics Department,21.93,1075.47,49.04,Critical,7,1,0,1075.4472,0.022799999999961074,6
2026-08-08 01:30:00,Biotech Department,4.79,43.43,9.07,Normal,1,5,1,43.4453,0.015300000000003422,3
2026-08-15 21:20:00,IT Department,5.69,51.39,9.03,Normal,21,5,1,51.3807,0.009300000000003195,8
2026-07-17 20:40:00,Mechanical Lab,7.23,53.03,7.33,Normal,20,4,0,52.995900000000006,0.034099999999995134,9
2026-07-17 20:20:00,BT Department,5.23,18.37,3.51,Normal,20,4,0,18.3573,0.012700000000002376,2
2026-08-18 13:50:00,AIML Department,2.38,4.07,1.71,Normal,13,1,0,4.0698,0.00020000000000042206,1
2026-07-27 16:00:00,HOD Department,9.69,145.97,15.06,Suspicious,16,0,0,145.9314,0.03860000000000241,7
2026-08-24 16:20:00,AI Lab,6.15,46.55,7.57,Normal,16,0,0,46.5555,0.005500000000004945,0
2026-08-11 13:50:00,AIML Department,5.64,32.32,5.73,Normal,13,1,0,32.3172,0.00280000000000058,1
2026-07-24 07:00:00,Mechanical Lab,17.82,388.31,21.79,Suspicious,7,4,0,388.2978,0.012200000000007094,9
2026-08-20 18:10:00,CSE Department,3.54,30.87,8.72,Normal,18,3,0,30.868800000000004,0.0011999999999972033,4
2026-07-25 15:10:00,Chemistry Lab,4.0,14.2,3.55,Normal,15,5,1,14.2,0.0,5
2026-07-31 19:50:00,AI Lab,4.73,6.91,1.46,Normal,19,4,0,6.9058,0.0041999999999999815,0
2026-07-09 02:00:00,AI Lab,5.51,40.07,7.27,Normal,2,3,0,40.0577,0.012300000000003308,0
2026-07-12 00:50:00,Physics Lab,7.16,19.87,2.78,Normal,0,6,1,19.904799999999998,0.034799999999997056,11
2026-08-12 20:50:00,AI Lab,5.23,34.89,6.67,Normal,20,2,0,34.884100000000004,0.005899999999996908,0
2026-08-13 03:50:00,Electronics Department,4.55,40.89,9.0,Normal,3,3,0,40.949999999999996,0.05999999999999517,6
2026-08-21 11:00:00,AIML Department,4.74,39.24,8.27,Normal,11,4,0,39.199799999999996,0.04020000000000579,1
2026-08-25 18:50:00,Biotech Department,5.06,43.71,8.64,Normal,18,1,0,43.7184,0.00840000000000174,3
2026-08-01 00:40:00,Mechanical Lab,4.45,16.66,3.74,Normal,0,5,1,16.643,0.01699999999999946,9
2026-08-07 22:40:00,Biotech Department,5.11,34.53,6.76,Normal,22,4,0,34.5436,0.013599999999996726,3
2026-08-14 17:30:00,Electronics Department,5.06,19.18,3.79,Normal,17,4,0,19.1774,0.002600000000001046,6
2026-07-26 18:10:00,Physics Lab,6.03,57.74,9.58,Normal,18,6,1,57.7674,0.02740000000000009,11
2026-08-01 18:50:00,Biotech Department,4.98,38.09,7.64,Normal,18,5,1,38.047200000000004,0.04279999999999973,3
2026-08-07 14:10:00,New Seminar Hall,5.07,49.26,9.71,Normal,14,4,0,49.22970000000001,0.03029999999998978,10
2026-08-06 15:20:00,New Seminar Hall,5.82,50.83,8.73,Normal,15,3,0,50.808600000000006,0.021399999999992758,10
2026-08-24 18:00:00,New Seminar Hall,16.0,239.21,14.95,Suspicious,18,0,0,239.2,0.010000000000019327,10
2026-07-24 16:50:00,HOD Department,3.41,6.79,1.99,Normal,16,4,0,6.7859,0.004100000000000215,7
2026-08-22 09:00:00,Biotech Department,19.12,647.9,33.88,Critical,9,5,1,647.7856,0.11439999999993233,3
2026-07-18 16:40:00,AIML Department,2.71,7.33,2.71,Normal,16,5,1,7.3441,0.014100000000000001,1
2026-08-19 11:30:00,AI Lab,4.18,15.68,3.75,Normal,11,2,0,15.674999999999999,0.005000000000000782,0
2026-08-05 18:20:00,New Seminar Hall,4.67,28.52,6.1,Normal,18,2,0,28.487,0.03300000000000125,10
2026-08-25 08:00:00,AIML Department,4.62,25.62,5.54,Normal,8,1,0,25.5948,0.025200000000001666,1
2026-07-31 02:00:00,Biotech Department,12.73,288.76,22.68,Suspicious,2,4,0,288.7164,0.04359999999996944,3
2026-08-19 16:30:00,Biotech Department,23.7,1991.93,84.04,Critical,16,2,0,1991.748,0.18200000000001637,3
2026-08-25 02:00:00,New Seminar Hall,6.08,13.15,2.16,Normal,2,1,0,13.132800000000001,0.017199999999998994,10
2026-07-27 18:50:00,IT Department,10.62,243.47,22.94,Suspicious,18,0,0,243.62279999999998,0.15279999999998495,8
2026-08-17 00:50:00,New Seminar Hall,6.88,32.19,4.68,Normal,0,0,0,32.1984,0.00840000000000174,10
2026-08-12 06:00:00,AIML Department,4.42,16.85,3.81,Normal,6,2,0,16.8402,0.00980000000000203,1
2026-08-19 16:50:00,New Seminar Hall,5.65,29.76,5.27,Normal,16,2,0,29.7755,0.015499999999999403,10
2026-08-23 06:20:00,Chemistry Lab,4.28,17.15,4.01,Normal,6,6,1,17.1628,0.012800000000002143,5
2026-07-31 13:00:00,Physics Lab,6.92,60.16,8.69,Normal,13,4,0,60.1348,0.025199999999998113,11
2026-08-21 23:50:00,AI Lab,3.97,20.54,5.17,Normal,23,4,0,20.524900000000002,0.015099999999996783,0
2026-08-11 17:20:00,Mechanical Lab,14.32,369.69,25.82,Suspicious,17,1,0,369.74240000000003,0.0524000000000342,9
2026-08-07 08:30:00,HOD Department,2.81,4.08,1.45,Normal,8,4,0,4.0745,0.0055000000000005045,7
2026-08-23 14:00:00,Chemistry Lab,4.8,29.68,6.18,Normal,14,6,1,29.663999999999998,0.01600000000000179,5
2026-07-26 19:10:00,Physics Lab,4.81,41.09,8.55,Normal,19,6,1,41.1255,0.03549999999999898,11
2026-07-15 14:00:00,HOD Department,4.86,22.18,4.56,Normal,14,2,0,22.1616,0.01839999999999975,7
2026-07-30 21:00:00,Electronics Department,5.99,37.0,6.17,Normal,21,3,0,36.9583,0.04169999999999874,6
2026-07-13 16:00:00,HOD Department,3.21,27.38,8.53,Normal,16,0,0,27.381299999999996,0.0012999999999969702,7
2026-08-01 14:20:00,Electronics Department,4.45,18.26,4.1,Normal,14,5,1,18.244999999999997,0.015000000000004121,6
2026-07-24 08:10:00,IT Department,3.39,20.89,6.16,Normal,8,4,0,20.8824,0.007600000000000051,8
2026-08-04 11:50:00,IT Department,11.77,244.52,20.78,Suspicious,11,1,0,244.5806,0.06059999999999377,8
2026-07-18 22:40:00,IT Department,5.53,17.4,3.15,Normal,22,5,1,17.4195,0.01950000000000074,8
2026-08-23 21:30:00,Mechanical Lab,5.28,26.36,4.99,Normal,21,6,1,26.3472,0.01279999999999859,9
2026-08-19 08:40:00,AIML Department,16.38,832.46,50.83,Critical,8,2,0,832.5953999999999,0.1353999999998905,1
2026-07-12 09:20:00,IT Department,10.23,296.42,28.97,Suspicious,9,6,1,296.3631,0.05690000000004147,8
2026-07-13 07:10:00,AIML Department,3.91,5.68,1.45,Normal,7,0,0,5.6695,0.01049999999999951,1
2026-07-25 16:50:00,BT Department,5.89,11.99,2.04,Normal,16,5,1,12.0156,0.025599999999998957,2
2026-08-18 14:20:00,Chemistry Lab,6.54,10.09,1.54,Normal,14,1,0,10.0716,0.01839999999999975,5
2026-08-11 03:00:00,IT Department,3.38,23.76,7.03,Normal,3,1,0,23.761400000000002,0.00140000000000029,8
2026-07-19 11:10:00,Electronics Department,4.98,45.18,9.07,Normal,11,6,1,45.168600000000005,0.011399999999994748,6
2026-07-30 03:20:00,Mechanical Lab,7.24,35.06,4.84,Normal,3,3,0,35.0416,0.01839999999999975,9
2026-08-08 05:20:00,Electronics Department,3.18,22.66,7.13,Normal,5,5,1,22.6734,0.013400000000000745,6
2026-07-31 08:20:00,AIML Department,3.75,32.94,8.78,Normal,8,4,0,32.925,0.015000000000000568,1
2026-07-04 17:40:00,IT Department,3.96,10.54,2.66,Normal,17,5,1,10.5336,0.006399999999999295,8
2026-08-17 02:10:00,Physics Lab,4.23,10.56,2.49,Normal,2,0,0,10.532700000000002,0.027299999999998548,11
2026-07-25 12:30:00,Biotech Department,3.94,26.34,6.68,Normal,12,5,1,26.3192,0.020800000000001262,3
2026-07-21 13:00:00,Physics Lab,6.37,42.06,6.6,Normal,13,1,0,42.042,0.018000000000000682,11
2026-07-08 07:40:00,IT Department,6.16,59.39,9.64,Normal,7,2,0,59.382400000000004,0.0075999999999964984,8
2026-08-14 16:50:00,Physics Lab,5.84,27.98,4.79,Normal,16,4,0,27.9736,0.006399999999999295,11
2026-07-25 03:50:00,Biotech Department,5.02,28.41,5.66,Normal,3,5,1,28.4132,0.0031999999999996476,3
2026-07-18 17:10:00,AI Lab,6.91,48.55,7.03,Normal,17,5,1,48.5773,0.027300000000003877,0
2026-08-21 23:10:00,Physics Lab,16.75,861.13,51.43,Critical,23,4,0,861.4525,0.3224999999999909,11
2026-08-05 11:30:00,Chemistry Lab,5.41,11.01,2.04,Normal,11,2,0,11.0364,0.026400000000000645,5
2026-07-01 12:10:00,BT Department,4.13,31.41,7.6,Normal,12,2,0,31.387999999999998,0.022000000000002018,2
2026-08-19 19:00:00,Physics Lab,4.63,12.44,2.69,Normal,19,2,0,12.454699999999999,0.014699999999999491,11
2026-07-18 01:30:00,HOD Department,2.2,13.54,6.15,Normal,1,5,1,13.530000000000001,0.00999999999999801,7
2026-07-24 01:00:00,Biotech Department,4.86,38.58,7.94,Normal,1,4,0,38.58840000000001,0.008400000000008845,3
2026-07-12 02:40:00,AI Lab,5.79,35.9,6.2,Normal,2,6,1,35.898,0.001999999999995339,0
2026-08-18 01:40:00,BT Department,11.17,264.92,23.72,Suspicious,1,1,0,264.9524,0.032399999999995543,2
2026-08-11 22:20:00,Physics Lab,11.49,281.58,24.5,Suspicious,22,1,0,281.505,0.07499999999998863,11
2026-07-28 05:10:00,AIML Department,4.95,17.36,3.51,Normal,5,1,0,17.3745,0.014500000000001734,1
2026-07-24 23:00:00,IT Department,3.5,10.72,3.06,Normal,23,4,0,10.71,0.009999999999999787,8
2026-07-08 03:10:00,IT Department,4.48,16.13,3.6,Normal,3,2,0,16.128000000000004,0.001999999999995339,8
2026-07-19 18:30:00,Electronics Department,3.79,31.43,8.3,Normal,18,6,1,31.457000000000004,0.027000000000004576,6
2026-07-14 03:50:00,IT Department,3.18,31.39,9.87,Normal,3,1,0,31.386599999999998,0.003400000000002734,8
2026-08-06 15:10:00,CSE Department,3.88,4.24,1.09,Normal,15,3,0,4.2292000000000005,0.010799999999999699,4
2026-08-18 00:10:00,Mechanical Lab,11.21,117.16,10.45,Suspicious,0,1,0,117.14450000000001,0.015499999999988745,9
2026-08-03 00:10:00,Biotech Department,3.96,31.37,7.93,Normal,0,0,0,31.4028,0.032799999999998164,3
2026-08-11 16:10:00,Physics Lab,4.96,9.38,1.89,Normal,16,1,0,9.3744,0.00560000000000116,11
2026-08-03 06:50:00,Chemistry Lab,7.63,65.41,8.57,Normal,6,0,0,65.3891,0.020899999999997476,5
2026-07-08 23:40:00,Electronics Department,4.85,46.01,9.48,Normal,23,2,0,45.978,0.031999999999996476,6
2026-07-24 02:00:00,IT Department,4.43,12.22,2.76,Normal,2,4,0,12.226799999999999,0.006799999999998363,8
2026-08-09 12:30:00,AIML Department,11.82,138.51,11.72,Suspicious,12,6,1,138.53040000000001,0.02040000000002351,1
2026-08-11 15:20:00,IT Department,2.91,12.8,4.4,Normal,15,1,0,12.804000000000002,0.004000000000001336,8
2026-08-24 04:20:00,New Seminar Hall,4.31,5.86,1.36,Normal,4,0,0,5.8616,0.0015999999999998238,10
2026-07-29 02:00:00,Mechanical Lab,6.9,22.51,3.26,Normal,2,2,0,22.494,0.01600000000000179,9
2026-07-02 16:20:00,Chemistry Lab,5.47,51.68,9.44,Normal,16,3,0,51.636799999999994,0.0432000000000059,5
2026-07-05 19:10:00,AI Lab,2.64,25.84,9.8,Normal,19,6,1,25.872000000000003,0.03200000000000358,0
2026-07-24 03:30:00,New Seminar Hall,19.12,890.11,46.55,Critical,3,4,0,890.036,0.07400000000006912,10
2026-07-22 23:20:00,IT Department,15.8,1047.41,66.28,Critical,23,2,0,1047.2240000000002,0.18599999999992178,8
2026-07-26 03:50:00,BT Department,8.15,181.17,22.22,Suspicious,3,6,1,181.093,0.07699999999999818,2
2026-08-15 22:20:00,HOD Department,4.11,12.43,3.02,Normal,22,5,1,12.4122,0.017799999999999372,7
2026-07-16 15:50:00,AIML Department,3.07,19.09,6.22,Normal,15,3,0,19.095399999999998,0.005399999999998073,1
2026-07-27 03:40:00,IT Department,18.97,1326.66,69.92,Critical,3,0,0,1326.3824,0.2776000000001204,8
2026-07-08 02:00:00,Electronics Department,4.32,7.16,1.66,Normal,2,2,0,7.1712,0.011199999999999655,6
2026-07-06 07:50:00,BT Department,4.55,13.94,3.06,Normal,7,0,0,13.923,0.01699999999999946,2
2026-08-20 01:50:00,CSE Department,3.09,29.37,9.5,Normal,1,3,0,29.354999999999997,0.015000000000004121,4
2026-07-28 09:20:00,AI Lab,5.56,28.21,5.07,Normal,9,1,0,28.1892,0.020800000000001262,0
2026-07-20 19:10:00,New Seminar Hall,5.28,40.34,7.64,Normal,19,0,0,40.3392,0.000800000000005241,10
2026-07-19 03:40:00,Electronics Department,21.75,792.73,36.45,Critical,3,6,1,792.7875,0.05750000000000455,6
2026-07-29 06:50:00,Electronics Department,2.83,23.28,8.24,Normal,6,2,0,23.319200000000002,0.03920000000000101,6
2026-07-01 13:20:00,CSE Department,3.58,21.82,6.09,Normal,13,2,0,21.8022,0.017800000000001148,4
2026-08-14 02:20:00,Physics Lab,6.76,46.03,6.81,Normal,2,4,0,46.035599999999995,0.005599999999994054,11
2026-07-29 13:10:00,Biotech Department,2.42,13.85,5.73,Normal,13,2,0,13.8666,0.016600000000000392,3
2026-08-15 04:40:00,Electronics Department,4.66,36.49,7.82,Normal,4,5,1,36.4412,0.048799999999999955,6
2026-07-13 02:50:00,IT Department,5.51,27.19,4.94,Normal,2,0,0,27.2194,0.029399999999998983,8
2026-07-20 17:20:00,Physics Lab,18.92,1353.06,71.52,Critical,17,0,0,1353.1584,0.09840000000008331,11
2026-07-16 18:20:00,IT Department,8.57,162.37,18.94,Suspicious,18,3,0,162.31580000000002,0.054199999999980264,8
2026-07-27 11:20:00,Mechanical Lab,4.85,24.91,5.13,Normal,11,0,0,24.880499999999998,0.029500000000002302,9
2026-07-28 04:20:00,Physics Lab,6.6,28.58,4.33,Normal,4,1,0,28.578,0.0019999999999988916,11
2026-08-12 09:40:00,IT Department,18.66,935.13,50.11,Critical,9,2,0,935.0526,0.07740000000001146,8
2026-08-15 02:30:00,Electronics Department,4.63,44.4,9.59,Normal,2,5,1,44.4017,0.0016999999999995907,6
2026-07-31 20:50:00,New Seminar Hall,4.91,22.42,4.57,Normal,20,4,0,22.4387,0.01869999999999905,10
2026-08-11 11:40:00,IT Department,5.99,41.25,6.88,Normal,11,1,0,41.2112,0.038800000000001944,8
2026-07-27 10:20:00,Mechanical Lab,5.88,29.79,5.07,Normal,10,0,0,29.811600000000002,0.02160000000000295,9
2026-08-07 09:50:00,Electronics Department,2.86,20.67,7.22,Normal,9,4,0,20.649199999999997,0.020800000000004815,6
2026-07-23 17:50:00,AIML Department,3.57,24.86,6.96,Normal,17,3,0,24.847199999999997,0.012800000000002143,1
2026-08-09 09:10:00,Physics Lab,6.77,7.19,1.06,Normal,9,6,1,7.1762,0.0138000000000007,11
2026-07-28 10:40:00,HOD Department,2.87,20.94,7.31,Normal,10,1,0,20.9797,0.039699999999999847,7
2026-07-17 03:30:00,Mechanical Lab,14.21,229.02,16.12,Suspicious,3,4,0,229.06520000000003,0.045200000000022555,9
2026-08-01 12:20:00,Electronics Department,4.22,7.99,1.9,Normal,12,5,1,8.017999999999999,0.027999999999998693,6
2026-07-11 01:30:00,Biotech Department,5.41,16.13,2.98,Normal,1,5,1,16.1218,0.008199999999998653,3
2026-07-06 11:10:00,HOD Department,4.03,16.58,4.12,Normal,11,0,0,16.6036,0.02360000000000184,7
2026-08-04 09:00:00,AIML Department,5.77,19.35,3.35,Normal,9,1,0,19.3295,0.02050000000000196,1
2026-08-20 20:00:00,Biotech Department,6.26,61.95,9.9,Normal,20,3,0,61.974,0.023999999999993804,3
2026-08-13 07:30:00,Electronics Department,5.34,29.86,5.59,Normal,7,3,0,29.8506,0.009399999999999409,6
2026-08-07 16:50:00,Physics Lab,3.94,32.02,8.12,Normal,16,4,0,31.992799999999995,0.027200000000007662,11
2026-08-25 21:00:00,Biotech Department,5.87,24.74,4.22,Normal,21,1,0,24.7714,0.03140000000000143,3
2026-08-24 21:00:00,AI Lab,3.22,25.4,7.88,Normal,21,0,0,25.3736,0.02639999999999887,0
2026-07-06 00:20:00,Biotech Department,4.78,33.58,7.03,Normal,0,0,0,33.6034,0.023400000000002308,3
2026-07-30 11:00:00,Chemistry Lab,4.58,36.19,7.9,Normal,11,3,0,36.182,0.007999999999995566,5
2026-07-28 00:10:00,AI Lab,4.89,13.11,2.68,Normal,0,1,0,13.1052,0.004799999999999471,0
2026-07-13 22:30:00,CSE Department,4.92,35.36,7.19,Normal,22,0,0,35.3748,0.014800000000001035,4
2026-08-09 00:40:00,Biotech Department,5.7,50.84,8.91,Normal,0,6,1,50.787,0.05300000000000438,3
2026-08-24 03:40:00,CSE Department,4.42,16.26,3.68,Normal,3,0,0,16.2656,0.005599999999997607,4
2026-08-17 21:10:00,BT Department,7.09,67.71,9.55,Normal,21,0,0,67.7095,0.0004999999999881766,2
2026-08-11 19:30:00,Mechanical Lab,5.73,27.04,4.72,Normal,19,1,0,27.0456,0.00560000000000116,9
2026-07-15 22:00:00,CSE Department,3.38,18.39,5.45,Normal,22,2,0,18.421,0.030999999999998806,4
2026-08-17 04:10:00,HOD Department,3.45,15.15,4.39,Normal,4,0,0,15.1455,0.0045000000000001705,7
2026-07-15 22:10:00,BT Department,4.19,4.35,1.04,Normal,22,2,0,4.357600000000001,0.007600000000000939,2
2026-08-02 04:30:00,New Seminar Hall,6.68,17.72,2.65,Normal,4,6,1,17.701999999999998,0.018000000000000682,10
2026-07-12 02:00:00,Physics Lab,5.29,40.96,7.74,Normal,2,6,1,40.9446,0.015399999999999636,11
2026-07-30 14:50:00,Biotech Department,4.12,37.27,9.05,Normal,14,3,0,37.286,0.015999999999998238,3
2026-07-24 09:50:00,Biotech Department,5.22,11.6,2.22,Normal,9,4,0,11.5884,0.01159999999999961,3
2026-08-24 03:10:00,BT Department,5.33,31.86,5.98,Normal,3,0,0,31.873400000000004,0.013400000000004297,2
2026-07-03 19:10:00,CSE Department,15.62,951.85,60.93,Critical,19,4,0,951.7266,0.12340000000006057,4
2026-07-11 11:30:00,CSE Department,3.31,4.56,1.38,Normal,11,5,1,4.5678,0.007800000000000473,4
2026-08-19 14:10:00,HOD Department,2.98,26.72,8.97,Normal,14,2,0,26.730600000000003,0.010600000000003718,7
2026-07-23 16:40:00,BT Department,17.56,649.99,37.02,Critical,16,3,0,650.0712,0.08119999999996708,2
2026-08-10 01:20:00,Mechanical Lab,8.65,30.77,3.56,Normal,1,0,0,30.794,0.02400000000000091,9
2026-08-06 06:40:00,Electronics Department,8.14,95.79,11.77,Suspicious,6,3,0,95.8078,0.017799999999994043,6
2026-07-13 11:50:00,New Seminar Hall,5.42,36.2,6.68,Normal,11,0,0,36.2056,0.005599999999994054,10
2026-08-06 19:50:00,CSE Department,3.29,13.19,4.01,Normal,19,3,0,13.1929,0.0029000000000003467,4
2026-08-04 23:30:00,Mechanical Lab,4.97,36.4,7.33,Normal,23,1,0,36.430099999999996,0.03009999999999735,9
2026-07-13 15:20:00,CSE Department,12.77,640.06,50.11,Critical,15,0,0,639.9046999999999,0.1553000000000111,4
2026-07-09 15:20:00,Electronics Department,3.79,29.22,7.71,Normal,15,3,0,29.2209,0.0009000000000014552,6
2026-07-14 09:00:00,HOD Department,3.74,14.87,3.98,Normal,9,1,0,14.885200000000001,0.015200000000001879,7
2026-07-19 20:40:00,Biotech Department,5.76,7.11,1.23,Normal,20,6,1,7.0847999999999995,0.025200000000000777,3
2026-08-25 18:30:00,BT Department,4.14,24.65,5.95,Normal,18,1,0,24.633,0.01699999999999946,2
2026-07-15 08:00:00,New Seminar Hall,5.54,53.95,9.74,Normal,8,2,0,53.9596,0.009599999999998943,10
2026-07-15 06:10:00,BT Department,6.17,20.54,3.33,Normal,6,2,0,20.5461,0.006099999999999994,2
2026-07-28 08:50:00,BT Department,1.83,16.69,9.1,Normal,8,1,0,16.653,0.037000000000002586,2
2026-07-23 19:30:00,IT Department,4.62,33.42,7.23,Normal,19,3,0,33.4026,0.01740000000000208,8
2026-07-15 18:20:00,Chemistry Lab,6.89,8.71,1.26,Normal,18,2,0,8.6814,0.028600000000000847,5
2026-07-04 02:00:00,AIML Department,4.26,30.69,7.21,Normal,2,5,1,30.714599999999997,0.02459999999999596,1
2026-07-20 16:40:00,CSE Department,3.19,3.36,1.06,Normal,16,0,0,3.3814,0.021400000000000308,4
2026-08-11 01:40:00,Physics Lab,4.16,14.25,3.42,Normal,1,1,0,14.2272,0.022800000000000153,11
2026-07-29 14:40:00,Mechanical Lab,7.07,19.64,2.78,Normal,14,2,0,19.6546,0.014599999999997948,9
2026-08-24 21:40:00,AIML Department,16.76,742.75,44.32,Critical,21,0,0,742.8032000000001,0.053200000000060754,1
2026-08-03 09:50:00,IT Department,17.44,1256.67,72.06,Critical,9,0,0,1256.7264000000002,0.05640000000016698,8
2026-07-11 21:10:00,AI Lab,10.17,132.27,13.0,Suspicious,21,5,1,132.21,0.060000000000002274,0
2026-08-09 10:50:00,IT Department,7.72,214.79,27.81,Suspicious,10,6,1,214.6932,0.09680000000000177,8
2026-07-10 21:40:00,BT Department,5.76,12.85,2.23,Normal,21,4,0,12.8448,0.0052000000000003155,2
2026-07-08 10:30:00,IT Department,4.51,33.65,7.46,Normal,10,2,0,33.6446,0.005400000000001626,8
2026-07-19 07:10:00,AIML Department,3.7,18.3,4.94,Normal,7,6,1,18.278000000000002,0.021999999999998465,1
2026-08-05 04:10:00,Chemistry Lab,7.52,17.16,2.28,Normal,4,2,0,17.145599999999998,0.014400000000001967,5
2026-07-21 04:10:00,AIML Department,3.9,11.69,3.0,Normal,4,1,0,11.7,0.009999999999999787,1
2026-08-08 12:50:00,Electronics Department,4.16,27.21,6.54,Normal,12,5,1,27.206400000000002,0.0035999999999987153,6
2026-07-12 15:30:00,Electronics Department,4.34,19.01,4.38,Normal,15,6,1,19.0092,0.0008000000000016882,6
2026-07-25 19:10:00,Electronics Department,12.29,169.65,13.81,Suspicious,19,5,1,169.7249,0.07489999999998531,6
2026-08-23 11:00:00,AIML Department,4.59,27.0,5.88,Normal,11,6,1,26.9892,0.010799999999999699,1
2026-07-26 09:10:00,Chemistry Lab,4.83,13.83,2.86,Normal,9,6,1,13.813799999999999,0.016200000000001324,5
2026-08-19 22:40:00,CSE Department,2.38,22.4,9.43,Normal,22,2,0,22.443399999999997,0.04339999999999833,4
2026-07-02 23:00:00,Physics Lab,4.98,17.64,3.55,Normal,23,3,0,17.679000000000002,0.03900000000000148,11
2026-08-24 15:40:00,New Seminar Hall,5.9,14.45,2.45,Normal,15,0,0,14.455000000000002,0.005000000000002558,10
2026-07-27 16:40:00,CSE Department,4.35,25.03,5.76,Normal,16,0,0,25.055999999999997,0.02599999999999625,4
2026-07-29 22:20:00,Chemistry Lab,6.67,66.31,9.94,Normal,22,2,0,66.29979999999999,0.010200000000011755,5
2026-07-27 17:20:00,Biotech Department,4.5,23.56,5.23,Normal,17,0,0,23.535000000000004,0.024999999999995026,3
2026-08-04 17:50:00,Chemistry Lab,4.98,17.02,3.42,Normal,17,1,0,17.0316,0.011600000000001387,5
2026-08-11 06:50:00,IT Department,5.8,8.24,1.42,Normal,6,1,0,8.235999999999999,0.004000000000001336,8
2026-07-14 20:40:00,Physics Lab,17.01,1405.16,82.63,Critical,20,1,0,1405.5363,0.37629999999990105,11
2026-08-19 17:00:00,AIML Department,3.61,28.24,7.83,Normal,17,2,0,28.266299999999998,0.026299999999999102,1
2026-08-04 18:30:00,Biotech Department,5.46,21.49,3.93,Normal,18,1,0,21.457800000000002,0.03219999999999601,3
2026-07-25 14:00:00,BT Department,20.15,1097.87,54.48,Critical,14,5,1,1097.772,0.09799999999995634,2
2026-07-19 21:10:00,Physics Lab,5.96,44.92,7.53,Normal,21,6,1,44.8788,0.041200000000003456,11
2026-08-21 10:20:00,New Seminar Hall,6.8,8.66,1.27,Normal,10,4,0,8.636,0.02400000000000091,10
2026-07-16 18:40:00,AIML Department,4.8,42.02,8.76,Normal,18,3,0,42.047999999999995,0.027999999999991587,1
2026-07-09 00:20:00,AIML Department,3.06,24.81,8.1,Normal,0,3,0,24.785999999999998,0.02400000000000091,1
2026-08-19 02:50:00,AIML Department,1.93,8.77,4.54,Normal,2,2,0,8.7622,0.007799999999999585,1
2026-07-07 00:20:00,Physics Lab,21.23,1155.46,54.42,Critical,0,1,0,1155.3366,0.12339999999994689,11
2026-08-13 15:30:00,AIML Department,1.1,8.29,7.54,Normal,15,3,0,8.294,0.004000000000001336,1
2026-08-13 04:10:00,HOD Department,3.5,29.05,8.3,Normal,4,3,0,29.050000000000004,3.552713678800501e-15,7
2026-08-19 15:40:00,Physics Lab,7.95,24.23,3.05,Normal,15,2,0,24.2475,0.017499999999998295,11
2026-07-07 12:00:00,Electronics Department,5.51,6.97,1.27,Normal,12,1,0,6.9977,0.02770000000000028,6
2026-07-18 06:10:00,Physics Lab,4.7,4.82,1.03,Normal,6,5,1,4.841,0.020999999999999908,11
2026-07-07 00:10:00,New Seminar Hall,7.79,42.14,5.41,Normal,0,1,0,42.1439,0.003900000000001569,10
2026-07-25 01:00:00,IT Department,3.47,31.16,8.97,Normal,1,5,1,31.125900000000005,0.034099999999995134,8
2026-07-17 14:10:00,Physics Lab,5.25,40.33,7.68,Normal,14,4,0,40.32,0.00999999999999801,11
2026-08-16 00:00:00,New Seminar Hall,7.13,31.56,4.43,Normal,0,6,1,31.5859,0.025900000000000034,10
2026-07-23 07:50:00,Mechanical Lab,4.72,10.08,2.14,Normal,7,3,0,10.1008,0.020799999999999486,9
2026-08-11 10:00:00,AIML Department,17.67,1107.72,62.7,Critical,10,1,0,1107.909,0.18900000000007822,1
2026-08-06 22:20:00,Physics Lab,6.61,56.5,8.54,Normal,22,3,0,56.4494,0.050600000000002865,11
2026-07-10 02:40:00,CSE Department,3.3,7.72,2.34,Normal,2,4,0,7.7219999999999995,0.0019999999999997797,4
2026-08-21 14:10:00,BT Department,4.28,41.1,9.61,Normal,14,4,0,41.1308,0.030799999999999272,2
2026-08-19 19:20:00,AIML Department,3.12,26.23,8.42,Normal,19,2,0,26.270400000000002,0.04040000000000177,1
2026-08-09 11:50:00,AI Lab,5.98,31.75,5.31,Normal,11,6,1,31.7538,0.0037999999999982492,0
2026-07-09 20:40:00,AI Lab,6.32,27.7,4.38,Normal,20,3,0,27.6816,0.01839999999999975,0
2026-08-03 13:50:00,Biotech Department,14.39,198.65,13.8,Suspicious,13,0,0,198.58200000000002,0.06799999999998363,3
2026-07-01 16:40:00,AI Lab,5.78,48.33,8.36,Normal,16,2,0,48.3208,0.009199999999999875,0
2026-08-03 18:50:00,Biotech Department,12.08,186.76,15.46,Suspicious,18,0,0,186.7568,0.003199999999992542,3
2026-08-09 14:20:00,AI Lab,6.05,59.2,9.79,Normal,14,6,1,59.229499999999994,0.029499999999991644,0
2026-07-02 10:30:00,New Seminar Hall,4.99,5.02,1.01,Normal,10,3,0,5.0399,0.019900000000000695,10
2026-08-04 18:00:00,Physics Lab,5.19,31.15,6.0,Normal,18,1,0,31.14,0.00999999999999801,11
2026-07-12 08:30:00,CSE Department,5.1,6.23,1.22,Normal,8,6,1,6.2219999999999995,0.008000000000000895,4
2026-07-12 08:50:00,Mechanical Lab,5.74,9.93,1.73,Normal,8,6,1,9.930200000000001,0.00020000000000131024,9
2026-08-03 07:50:00,IT Department,4.43,11.33,2.56,Normal,7,0,0,11.3408,0.010799999999999699,8
2026-08-22 16:50:00,Mechanical Lab,8.63,27.4,3.17,Normal,16,5,1,27.357100000000003,0.04289999999999594,9
2026-08-05 09:20:00,CSE Department,4.57,12.37,2.71,Normal,9,2,0,12.3847,0.014700000000001268,4
2026-07-28 03:00:00,IT Department,14.11,1248.69,88.51,Critical,3,1,0,1248.8761,0.18609999999989668,8
2026-07-31 22:50:00,HOD Department,4.83,18.74,3.88,Normal,22,4,0,18.7404,0.0004000000000026205,7
2026-07-20 23:20:00,IT Department,2.56,9.47,3.69,Normal,23,0,0,9.4464,0.023600000000000065,8
2026-07-04 08:40:00,Electronics Department,6.27,7.39,1.18,Normal,8,5,1,7.398599999999999,0.008599999999999497,6
2026-08-07 11:30:00,Biotech Department,4.82,8.56,1.78,Normal,11,4,0,8.579600000000001,0.019600000000000506,3
2026-07-28 06:20:00,HOD Department,3.15,20.99,6.66,Normal,6,1,0,20.979,0.010999999999999233,7
2026-07-12 08:40:00,Physics Lab,4.46,40.72,9.13,Normal,8,6,1,40.719800000000006,0.00019999999999242846,11
2026-07-20 15:20:00,AI Lab,3.55,23.13,6.51,Normal,15,0,0,23.1105,0.01950000000000074,0
2026-08-15 12:50:00,Biotech Department,6.39,41.23,6.45,Normal,12,5,1,41.2155,0.014499999999998181,3
2026-08-11 08:00:00,CSE Department,2.77,11.04,3.99,Normal,8,1,0,11.0523,0.012300000000001532,4
2026-08-11 05:40:00,CSE Department,4.89,6.99,1.43,Normal,5,1,0,6.992699999999999,0.0026999999999990365,4
2026-07-08 02:10:00,Biotech Department,6.13,26.24,4.28,Normal,2,2,0,26.2364,0.0035999999999987153,3
2026-07-09 22:20:00,Electronics Department,6.3,26.87,4.26,Normal,22,3,0,26.837999999999997,0.03200000000000358,6
2026-07-21 19:50:00,Electronics Department,3.59,5.11,1.43,Normal,19,1,0,5.133699999999999,0.023699999999998944,6
2026-07-17 14:20:00,HOD Department,16.44,946.79,57.61,Critical,14,4,0,947.1084000000001,0.3184000000001106,7
2026-08-19 03:20:00,AIML Department,5.53,22.08,3.99,Normal,3,2,0,22.064700000000002,0.015299999999996317,1
2026-08-17 19:50:00,AIML Department,2.57,3.19,1.24,Normal,19,0,0,3.1868,0.0032000000000000917,1
2026-07-11 17:30:00,HOD Department,3.09,27.93,9.02,Normal,17,5,1,27.871799999999997,0.058200000000002916,7
2026-07-30 21:30:00,New Seminar Hall,5.78,13.49,2.33,Normal,21,3,0,13.467400000000001,0.022599999999998843,10
2026-07-18 03:40:00,CSE Department,8.83,88.69,10.04,Suspicious,3,5,1,88.6532,0.0367999999999995,4
2026-08-19 16:00:00,New Seminar Hall,7.02,15.14,2.16,Normal,16,2,0,15.1632,0.02319999999999922,10
2026-08-17 10:10:00,CSE Department,8.79,143.48,16.33,Suspicious,10,0,0,143.54069999999996,0.06069999999996867,4
2026-08-18 05:20:00,Electronics Department,5.8,34.05,5.87,Normal,5,1,0,34.046,0.003999999999997783,6
2026-07-15 20:40:00,Chemistry Lab,4.52,15.19,3.36,Normal,20,2,0,15.187199999999997,0.002800000000002356,5
2026-07-15 07:50:00,CSE Department,4.29,23.12,5.39,Normal,7,2,0,23.123099999999997,0.003099999999996328,4
2026-08-16 07:50:00,HOD Department,2.92,26.93,9.22,Normal,7,6,1,26.9224,0.007600000000000051,7
2026-08-10 21:10:00,IT Department,5.55,25.37,4.57,Normal,21,0,0,25.363500000000002,0.006499999999999062,8
2026-07-02 15:10:00,AI Lab,3.36,16.97,5.05,Normal,15,3,0,16.968,0.0019999999999988916,0
2026-08-01 17:50:00,HOD Department,4.06,20.76,5.11,Normal,17,5,1,20.7466,0.013400000000000745,7
2026-07-26 17:10:00,Electronics Department,4.57,40.03,8.75,Normal,17,6,1,39.987500000000004,0.042499999999996874,6
2026-07-25 03:00:00,New Seminar Hall,6.55,60.44,9.23,Normal,3,5,1,60.4565,0.016500000000000625,10
2026-08-06 21:10:00,Mechanical Lab,7.33,11.3,1.54,Normal,21,3,0,11.2882,0.01180000000000092,9
2026-07-10 22:10:00,Electronics Department,4.41,42.72,9.69,Normal,22,4,0,42.7329,0.01290000000000191,6
2026-08-04 08:50:00,Electronics Department,4.43,26.27,5.93,Normal,8,1,0,26.269899999999996,0.00010000000000331966,6
2026-07-04 04:50:00,Physics Lab,5.9,14.72,2.5,Normal,4,5,1,14.75,0.02999999999999936,11
2026-07-24 12:00:00,Biotech Department,4.24,14.54,3.43,Normal,12,4,0,14.5432,0.003200000000001424,3
2026-07-26 09:00:00,Physics Lab,7.25,16.99,2.34,Normal,9,6,1,16.965,0.02499999999999858,11
2026-08-22 09:50:00,BT Department,4.43,41.84,9.44,Normal,9,5,1,41.819199999999995,0.020800000000008367,2
2026-08-10 20:30:00,HOD Department,3.82,36.41,9.54,Normal,20,0,0,36.4428,0.03280000000000172,7
2026-08-05 21:00:00,IT Department,4.92,6.33,1.29,Normal,21,2,0,6.3468,0.016799999999999926,8
2026-07-03 02:40:00,IT Department,3.41,19.37,5.69,Normal,2,4,0,19.402900000000002,0.032900000000001484,8
2026-08-02 15:20:00,BT Department,5.53,25.2,4.56,Normal,15,6,1,25.2168,0.016799999999999926,2
2026-08-24 19:20:00,Biotech Department,6.59,15.54,2.36,Normal,19,0,0,15.552399999999999,0.012399999999999523,3
2026-07-16 20:30:00,BT Department,3.32,25.44,7.66,Normal,20,3,0,25.4312,0.008800000000000807,2
2026-07-13 14:30:00,New Seminar Hall,5.15,14.71,2.86,Normal,14,0,0,14.729000000000001,0.019000000000000128,10
2026-07-30 18:00:00,AIML Department,3.28,23.23,7.09,Normal,18,3,0,23.2552,0.025199999999998113,1
2026-08-20 20:20:00,Physics Lab,4.31,18.49,4.28,Normal,20,3,0,18.4468,0.043199999999998795,11
2026-07-12 06:00:00,IT Department,4.34,41.25,9.51,Normal,6,6,1,41.273399999999995,0.023399999999995202,8
2026-07-01 12:00:00,Mechanical Lab,15.85,366.26,23.11,Suspicious,12,2,0,366.2935,0.03350000000000364,9
2026-08-14 07:00:00,IT Department,3.77,25.9,6.87,Normal,7,4,0,25.8999,9.999999999976694e-05,8
2026-07-08 21:20:00,Biotech Department,5.4,26.07,4.83,Normal,21,2,0,26.082,0.012000000000000455,3
2026-07-20 01:00:00,Biotech Department,5.44,39.35,7.24,Normal,1,0,0,39.385600000000004,0.035600000000002296,3
2026-08-04 21:50:00,Chemistry Lab,4.64,23.63,5.09,Normal,21,1,0,23.6176,0.012399999999999523,5
2026-07-24 22:20:00,BT Department,3.7,17.92,4.85,Normal,22,4,0,17.945,0.02499999999999858,2
2026-07-26 01:10:00,Biotech Department,4.76,12.45,2.61,Normal,1,6,1,12.423599999999999,0.026400000000000645,3
2026-08-17 07:30:00,Biotech Department,6.92,42.65,6.16,Normal,7,0,0,42.6272,0.0227999999999966,3
2026-07-21 01:30:00,Mechanical Lab,5.46,20.46,3.75,Normal,1,1,0,20.475,0.015000000000000568,9
2026-07-17 09:10:00,New Seminar Hall,6.1,49.86,8.17,Normal,9,4,0,49.836999999999996,0.02300000000000324,10
2026-08-12 23:00:00,Physics Lab,4.94,48.63,9.85,Normal,23,2,0,48.659,0.028999999999996362,11
2026-08-23 02:30:00,Biotech Department,4.22,15.29,3.63,Normal,2,6,1,15.318599999999998,0.02859999999999907,3
2026-07-30 04:00:00,Chemistry Lab,8.66,30.57,3.53,Normal,4,3,0,30.569799999999997,0.0002000000000030866,5
2026-07-10 10:10:00,IT Department,3.69,24.89,6.75,Normal,10,4,0,24.9075,0.017499999999998295,8
2026-07-06 03:50:00,CSE Department,4.52,21.33,4.72,Normal,3,0,0,21.334399999999995,0.004399999999996851,4
2026-07-31 20:30:00,HOD Department,4.65,27.52,5.91,Normal,20,4,0,27.481500000000004,0.03849999999999554,7
2026-07-27 09:20:00,BT Department,2.45,19.36,7.9,Normal,9,0,0,19.355000000000004,0.0049999999999954525,2
2026-07-09 20:30:00,BT Department,5.72,8.36,1.46,Normal,20,3,0,8.351199999999999,0.008800000000000807,2
2026-07-15 05:10:00,Mechanical Lab,7.98,8.81,1.1,Normal,5,2,0,8.778,0.03200000000000003,9
2026-07-03 06:00:00,Mechanical Lab,6.47,56.0,8.66,Normal,6,4,0,56.0302,0.03020000000000067,9
2026-08-01 07:30:00,Chemistry Lab,5.98,57.34,9.59,Normal,7,5,1,57.348200000000006,0.008200000000002206,5
2026-08-15 21:30:00,Biotech Department,5.98,23.84,3.99,Normal,21,5,1,23.860200000000003,0.02020000000000266,3
2026-08-14 09:40:00,Chemistry Lab,7.9,31.37,3.97,Normal,9,4,0,31.363000000000003,0.006999999999997897,5
2026-08-21 01:30:00,Physics Lab,5.34,32.64,6.11,Normal,1,4,0,32.6274,0.012599999999999056,11
2026-08-07 23:40:00,Chemistry Lab,4.44,12.49,2.81,Normal,23,4,0,12.476400000000002,0.013599999999998502,5
2026-08-22 16:10:00,CSE Department,3.27,9.66,2.96,Normal,16,5,1,9.6792,0.019199999999999662,4
2026-08-25 15:30:00,Biotech Department,12.43,199.48,16.04,Suspicious,15,1,0,199.3772,0.102800000000002,3
2026-08-02 11:50:00,Mechanical Lab,7.92,16.89,2.13,Normal,11,6,1,16.8696,0.020400000000002194,9
2026-07-09 05:30:00,New Seminar Hall,9.28,50.53,5.45,Normal,5,3,0,50.576,0.045999999999999375,10
2026-07-20 13:10:00,AIML Department,5.22,50.58,9.7,Normal,13,0,0,50.63399999999999,0.05399999999999494,1
2026-08-07 15:10:00,HOD Department,4.43,31.42,7.09,Normal,15,4,0,31.408699999999996,0.011300000000005639,7
2026-08-05 10:50:00,Biotech Department,5.12,8.14,1.59,Normal,10,2,0,8.1408,0.0007999999999999119,3
2026-07-07 21:00:00,IT Department,2.59,15.26,5.89,Normal,21,1,0,15.255099999999999,0.004900000000001015,8
2026-08-15 03:20:00,New Seminar Hall,7.63,35.61,4.67,Normal,3,5,1,35.6321,0.022100000000001785,10
2026-07-28 15:50:00,Biotech Department,4.54,23.87,5.26,Normal,15,1,0,23.880399999999998,0.010399999999997078,3
2026-07-17 21:20:00,AI Lab,6.84,52.96,7.75,Normal,21,4,0,53.01,0.04999999999999716,0
2026-07-02 03:10:00,Chemistry Lab,3.43,8.36,2.44,Normal,3,3,0,8.369200000000001,0.009200000000001651,5
2026-08-22 09:10:00,Electronics Department,3.48,21.37,6.14,Normal,9,5,1,21.3672,0.00280000000000058,6
2026-08-25 14:20:00,CSE Department,3.36,19.98,5.95,Normal,14,1,0,19.992,0.012000000000000455,4
2026-07-22 23:50:00,New Seminar Hall,6.29,24.96,3.97,Normal,23,2,0,24.971300000000003,0.011300000000002086,10
2026-07-30 21:40:00,CSE Department,3.48,9.36,2.69,Normal,21,3,0,9.3612,0.001200000000000756,4
2026-08-01 00:20:00,Electronics Department,11.73,130.0,11.08,Suspicious,0,5,1,129.9684,0.03159999999999741,6
2026-08-14 01:40:00,HOD Department,3.68,33.07,8.98,Normal,1,4,0,33.046400000000006,0.023599999999994736,7
2026-07-20 21:50:00,IT Department,4.64,28.06,6.05,Normal,21,0,0,28.071999999999996,0.011999999999996902,8
2026-07-27 21:00:00,IT Department,4.77,34.96,7.33,Normal,21,0,0,34.964099999999995,0.004099999999993997,8
2026-08-16 15:00:00,New Seminar Hall,25.72,1184.3,46.05,Critical,15,6,1,1184.406,0.10599999999999454,10
2026-08-14 21:50:00,Electronics Department,5.65,51.52,9.13,Normal,21,4,0,51.584500000000006,0.06450000000000244,6
2026-07-27 17:40:00,Chemistry Lab,7.6,25.04,3.3,Normal,17,0,0,25.08,0.03999999999999915,5
2026-07-25 21:20:00,CSE Department,4.19,6.33,1.51,Normal,21,5,1,6.3269,0.0030999999999998806,4
2026-07-27 21:30:00,Physics Lab,5.73,19.15,3.34,Normal,21,0,0,19.1382,0.011799999999997368,11
2026-08-12 05:20:00,AI Lab,6.0,21.68,3.61,Normal,5,2,0,21.66,0.019999999999999574,0
2026-07-14 20:20:00,AIML Department,4.43,10.36,2.34,Normal,20,1,0,10.3662,0.006199999999999761,1
2026-08-18 09:30:00,IT Department,2.38,22.66,9.51,Normal,9,1,0,22.633799999999997,0.026200000000002888,8
2026-07-25 13:20:00,CSE Department,3.28,20.37,6.22,Normal,13,5,1,20.4016,0.03159999999999741,4
2026-07-12 12:20:00,AI Lab,5.43,22.1,4.07,Normal,12,6,1,22.1001,9.999999999976694e-05,0
2026-08-13 12:30:00,Chemistry Lab,6.79,31.99,4.71,Normal,12,3,0,31.9809,0.009100000000000108,5
2026-07-16 13:40:00,Chemistry Lab,5.47,11.75,2.15,Normal,13,3,0,11.760499999999999,0.010499999999998622,5
2026-08-07 17:30:00,AI Lab,5.09,34.53,6.78,Normal,17,4,0,34.5102,0.019800000000003593,0
2026-07-05 04:50:00,CSE Department,8.06,113.3,14.05,Suspicious,4,6,1,113.24300000000001,0.05699999999998795,4
2026-08-17 03:40:00,AI Lab,4.74,29.5,6.22,Normal,3,0,0,29.4828,0.017199999999998994,0
2026-07-09 17:10:00,Biotech Department,7.11,19.58,2.75,Normal,17,3,0,19.552500000000002,0.027499999999996305,3
2026-08-02 12:20:00,Biotech Department,3.99,33.36,8.35,Normal,12,6,1,33.3165,0.04350000000000165,3
2026-08-03 17:20:00,Electronics Department,3.71,4.56,1.23,Normal,17,0,0,4.5633,0.0033000000000003027,6
2026-07-11 19:40:00,Mechanical Lab,8.09,44.32,5.48,Normal,19,5,1,44.333200000000005,0.013200000000004763,9
2026-07-27 22:10:00,New Seminar Hall,7.08,24.8,3.5,Normal,22,0,0,24.78,0.019999999999999574,10
2026-07-27 06:00:00,HOD Department,5.35,33.43,6.25,Normal,6,0,0,33.4375,0.007500000000000284,7
2026-08-06 14:40:00,Physics Lab,6.09,38.0,6.24,Normal,14,3,0,38.0016,0.0016000000000033765,11
2026-07-23 15:10:00,BT Department,2.36,21.06,8.93,Normal,15,3,0,21.0748,0.014800000000001035,2
2026-07-26 13:00:00,Mechanical Lab,6.87,51.78,7.54,Normal,13,6,1,51.7998,0.019799999999996487,9
2026-08-08 07:30:00,Physics Lab,5.61,16.66,2.97,Normal,7,5,1,16.661700000000003,0.0017000000000031434,11
2026-08-08 08:00:00,Chemistry Lab,11.47,202.55,17.66,Suspicious,8,5,1,202.5602,0.010199999999997544,5
2026-07-03 04:20:00,New Seminar Hall,5.03,33.39,6.63,Normal,4,4,0,33.3489,0.041100000000000136,10
2026-07-09 06:00:00,Biotech Department,5.56,25.18,4.53,Normal,6,3,0,25.186799999999998,0.006799999999998363,3
2026-07-23 07:00:00,Mechanical Lab,15.13,272.73,18.03,Suspicious,7,3,0,272.7939,0.06389999999998963,9
2026-08-22 20:20:00,Chemistry Lab,8.06,24.56,3.05,Normal,20,5,1,24.583,0.022999999999999687,5
2026-08-21 09:20:00,HOD Department,6.5,104.86,16.13,Suspicious,9,4,0,104.845,0.015000000000000568,7
2026-07-14 14:10:00,CSE Department,15.06,858.85,57.04,Critical,14,1,0,859.0224000000001,0.17240000000003874,4
2026-08-16 05:20:00,New Seminar Hall,13.16,319.1,24.24,Suspicious,5,6,1,318.9984,0.10160000000001901,10
2026-08-17 18:20:00,CSE Department,4.4,14.26,3.24,Normal,18,0,0,14.256000000000002,0.003999999999997783,4
2026-07-05 21:20:00,AIML Department,5.78,26.7,4.62,Normal,21,6,1,26.7036,0.003600000000002268,1
2026-08-09 17:10:00,AI Lab,4.03,10.33,2.56,Normal,17,6,1,10.3168,0.013199999999999434,0
2026-08-06 01:10:00,Chemistry Lab,5.96,40.4,6.78,Normal,1,3,0,40.4088,0.008800000000000807,5
2026-07-08 06:20:00,Biotech Department,10.77,266.97,24.79,Suspicious,6,2,0,266.9883,0.018299999999953798,3
2026-08-04 05:20:00,New Seminar Hall,16.08,420.63,26.15,Suspicious,5,1,0,420.4919999999999,0.1380000000000905,10
2026-07-21 00:20:00,AI Lab,3.74,10.18,2.73,Normal,0,1,0,10.2102,0.03020000000000067,0
2026-08-17 14:10:00,AIML Department,3.79,17.26,4.56,Normal,14,0,0,17.2824,0.022399999999997533,1
2026-07-09 22:10:00,IT Department,3.12,28.47,9.13,Normal,22,3,0,28.485600000000005,0.015600000000006276,8
2026-08-16 15:30:00,HOD Department,3.31,3.62,1.09,Normal,15,6,1,3.6079000000000003,0.012099999999999778,7
2026-08-06 10:50:00,Physics Lab,14.4,251.39,17.46,Suspicious,10,3,0,251.424,0.034000000000020236,11
2026-08-12 19:40:00,AI Lab,3.2,30.68,9.6,Normal,19,2,0,30.72,0.03999999999999915,0
2026-07-16 12:20:00,AIML Department,4.27,20.89,4.9,Normal,12,3,0,20.923,0.0329999999999977,1
2026-07-09 05:00:00,Electronics Department,2.86,10.53,3.69,Normal,5,3,0,10.5534,0.02340000000000053,6
2026-07-10 09:10:00,IT Department,9.29,269.87,29.06,Suspicious,9,4,0,269.96739999999994,0.09739999999993643,8
2026-07-12 15:10:00,AI Lab,4.43,10.98,2.48,Normal,15,6,1,10.9864,0.006399999999999295,0
2026-08-06 04:40:00,CSE Department,1.68,6.99,4.17,Normal,4,3,0,7.005599999999999,0.01559999999999917,4
2026-07-11 21:40:00,Mechanical Lab,3.95,25.58,6.48,Normal,21,5,1,25.596000000000004,0.016000000000005343,9
2026-07-03 19:40:00,IT Department,3.99,31.11,7.8,Normal,19,4,0,31.122,0.012000000000000455,8
2026-07-02 07:00:00,CSE Department,2.9,14.75,5.09,Normal,7,3,0,14.761,0.010999999999999233,4
2026-07-03 09:50:00,IT Department,2.76,9.9,3.58,Normal,9,4,0,9.880799999999999,0.019200000000001438,8
2026-07-12 03:20:00,Chemistry Lab,5.26,50.92,9.67,Normal,3,6,1,50.8642,0.05580000000000496,5
2026-07-03 23:40:00,AIML Department,4.77,14.77,3.1,Normal,23,4,0,14.786999999999999,0.01699999999999946,1
2026-08-08 19:20:00,New Seminar Hall,6.2,14.67,2.37,Normal,19,5,1,14.694,0.02400000000000091,10
2026-08-02 03:40:00,IT Department,2.8,16.48,5.88,Normal,3,6,1,16.464,0.01600000000000179,8
2026-08-16 09:30:00,IT Department,7.96,204.5,25.7,Suspicious,9,6,1,204.572,0.07200000000000273,8
2026-08-10 17:40:00,BT Department,4.09,30.08,7.36,Normal,17,0,0,30.1024,0.022400000000001086,2
2026-08-02 22:40:00,Electronics Department,5.01,29.97,5.98,Normal,22,6,1,29.9598,0.010199999999997544,6
2026-08-15 07:20:00,IT Department,4.94,11.08,2.24,Normal,7,5,1,11.065600000000002,0.014399999999998414,8
2026-08-08 16:20:00,HOD Department,1.95,17.57,9.03,Normal,16,5,1,17.6085,0.03849999999999909,7
2026-08-18 02:10:00,AIML Department,8.2,226.92,27.68,Suspicious,2,1,0,226.97599999999997,0.055999999999983174,1
2026-07-20 05:30:00,HOD Department,4.03,35.83,8.89,Normal,5,0,0,35.8267,0.003299999999995862,7
2026-07-14 18:00:00,AIML Department,5.37,29.3,5.45,Normal,18,1,0,29.2665,0.033500000000000085,1
2026-08-06 00:40:00,Electronics Department,5.61,48.26,8.6,Normal,0,3,0,48.246,0.013999999999995794,6
2026-08-20 07:10:00,IT Department,3.0,10.73,3.58,Normal,7,3,0,10.74,0.009999999999999787,8
2026-08-20 14:20:00,CSE Department,3.69,27.63,7.49,Normal,14,3,0,27.6381,0.008100000000002439,4
2026-07-30 05:50:00,Chemistry Lab,5.89,42.16,7.15,Normal,5,3,0,42.1135,0.04649999999999466,5
2026-08-18 08:30:00,New Seminar Hall,5.17,22.96,4.44,Normal,8,1,0,22.954800000000002,0.005199999999998539,10
2026-07-27 18:30:00,Biotech Department,4.38,32.67,7.47,Normal,18,0,0,32.718599999999995,0.048599999999993315,3
2026-08-17 20:10:00,Physics Lab,4.56,18.28,4.01,Normal,20,0,0,18.2856,0.005599999999997607,11
2026-08-09 22:50:00,BT Department,2.44,23.63,9.67,Normal,22,6,1,23.5948,0.035199999999999676,2
2026-07-30 04:20:00,Mechanical Lab,9.34,33.7,3.61,Normal,4,3,0,33.7174,0.017399999999994975,9
2026-07-30 07:20:00,CSE Department,14.06,889.31,63.24,Critical,7,3,0,889.1544,0.1555999999999358,4
2026-07-06 20:40:00,IT Department,3.77,21.64,5.74,Normal,20,0,0,21.6398,0.00019999999999953388,8
2026-07-18 02:40:00,CSE Department,4.44,19.48,4.39,Normal,2,5,1,19.491600000000002,0.011600000000001387,4
2026-07-06 18:50:00,AI Lab,6.62,60.3,9.11,Normal,18,0,0,60.3082,0.008200000000002206,0
2026-07-23 06:20:00,BT Department,13.18,350.41,26.59,Suspicious,6,3,0,350.45619999999997,0.046199999999942065,2
2026-07-02 04:30:00,AI Lab,5.83,21.49,3.68,Normal,4,3,0,21.4544,0.035599999999998744,0
2026-07-16 10:00:00,BT Department,2.82,26.77,9.48,Normal,10,3,0,26.7336,0.03640000000000043,2
2026-08-10 12:10:00,Biotech Department,4.77,25.96,5.45,Normal,12,0,0,25.996499999999997,0.036499999999996646,3
2026-08-10 04:00:00,AI Lab,5.18,33.1,6.39,Normal,4,0,0,33.100199999999994,0.00019999999999242846,0
2026-07-31 11:20:00,HOD Department,3.89,11.39,2.93,Normal,11,4,0,11.3977,0.007699999999999818,7
2026-07-07 15:40:00,Physics Lab,5.8,48.88,8.43,Normal,15,1,0,48.894,0.013999999999995794,11
2026-07-17 08:50:00,AI Lab,10.94,306.51,28.01,Suspicious,8,4,0,306.4294,0.080600000000004,0
2026-08-22 08:20:00,IT Department,5.06,10.5,2.08,Normal,8,5,1,10.524799999999999,0.024799999999999045,8
2026-07-26 13:40:00,Chemistry Lab,4.98,23.99,4.82,Normal,13,6,1,24.003600000000002,0.013600000000003831,5
2026-07-10 01:30:00,AI Lab,4.81,35.33,7.35,Normal,1,4,0,35.3535,0.023499999999998522,0
2026-07-09 12:20:00,HOD Department,3.16,3.86,1.22,Normal,12,3,0,3.8552,0.0047999999999999154,7
2026-07-26 16:20:00,HOD Department,3.23,27.91,8.65,Normal,16,6,1,27.939500000000002,0.029500000000002302,7
2026-07-04 09:40:00,BT Department,4.06,8.57,2.11,Normal,9,5,1,8.5666,0.003400000000000958,2
2026-08-12 23:50:00,AI Lab,3.65,12.83,3.52,Normal,23,2,0,12.847999999999999,0.017999999999998906,0
2026-07-11 01:10:00,New Seminar Hall,8.93,51.86,5.81,Normal,1,5,1,51.88329999999999,0.023299999999991883,10
2026-07-11 10:50:00,Chemistry Lab,14.69,168.82,11.49,Suspicious,10,5,1,168.7881,0.03190000000000737,5
2026-08-04 15:10:00,Physics Lab,7.37,14.1,1.91,Normal,15,1,0,14.076699999999999,0.023300000000000765,11
2026-07-08 15:40:00,Physics Lab,8.07,28.23,3.5,Normal,15,2,0,28.245,0.015000000000000568,11
2026-07-24 01:50:00,Chemistry Lab,5.06,33.83,6.68,Normal,1,4,0,33.800799999999995,0.029200000000003,5
2026-08-13 00:10:00,Physics Lab,5.38,46.4,8.63,Normal,0,3,0,46.4294,0.029400000000002535,11
2026-07-27 00:30:00,AIML Department,3.92,19.23,4.91,Normal,0,0,0,19.2472,0.017199999999998994,1
2026-07-27 10:30:00,Biotech Department,3.2,24.07,7.52,Normal,10,0,0,24.064,0.006000000000000227,3
2026-07-07 18:50:00,Electronics Department,9.35,175.23,18.73,Suspicious,18,1,0,175.1255,0.10450000000000159,6
2026-08-09 17:20:00,BT Department,4.24,30.15,7.12,Normal,17,6,1,30.1888,0.038800000000001944,2
2026-07-14 00:50:00,New Seminar Hall,4.86,16.55,3.41,Normal,0,1,0,16.5726,0.02260000000000062,10
2026-08-17 11:00:00,Chemistry Lab,6.03,59.29,9.84,Normal,11,0,0,59.3352,0.04520000000000124,5
2026-07-30 15:30:00,Mechanical Lab,7.12,9.63,1.35,Normal,15,3,0,9.612,0.018000000000000682,9
2026-08-21 06:50:00,CSE Department,5.18,14.17,2.73,Normal,6,4,0,14.141399999999999,0.028600000000000847,4
2026-08-15 02:20:00,Chemistry Lab,4.85,40.89,8.42,Normal,2,5,1,40.836999999999996,0.05300000000000438,5
2026-08-19 12:50:00,Biotech Department,4.05,17.91,4.43,Normal,12,2,0,17.941499999999998,0.03149999999999764,3
2026-07-15 07:10:00,Physics Lab,3.0,12.48,4.15,Normal,7,2,0,12.450000000000001,0.02999999999999936,11
2026-08-12 12:20:00,Chemistry Lab,7.2,49.74,6.91,Normal,12,2,0,49.752,0.012000000000000455,5
2026-08-08 23:10:00,Mechanical Lab,7.85,65.5,8.35,Normal,23,5,1,65.5475,0.04749999999999943,9
2026-08-23 14:30:00,Physics Lab,5.8,22.83,3.94,Normal,14,6,1,22.852,0.022000000000002018,11
2026-07-19 10:20:00,BT Department,5.74,44.27,7.71,Normal,10,6,1,44.2554,0.0146000000000015,2
2026-07-24 00:00:00,IT Department,1.91,9.84,5.14,Normal,0,4,0,9.8174,0.02260000000000062,8
2026-08-12 09:20:00,AI Lab,4.98,37.22,7.48,Normal,9,2,0,37.250400000000006,0.03040000000000731,0
2026-08-21 12:30:00,AIML Department,3.81,9.35,2.45,Normal,12,4,0,9.3345,0.015499999999999403,1
2026-07-01 09:00:00,Physics Lab,7.03,19.55,2.78,Normal,9,2,0,19.5434,0.006600000000002382,11
2026-07-22 00:40:00,Electronics Department,18.1,1453.65,80.3,Critical,0,2,0,1453.43,0.22000000000002728,6
2026-07-24 16:10:00,HOD Department,4.74,9.16,1.93,Normal,16,4,0,9.148200000000001,0.011799999999999145,7
2026-07-14 19:50:00,New Seminar Hall,5.82,10.57,1.82,Normal,19,1,0,10.592400000000001,0.022400000000001086,10
2026-08-24 08:40:00,Physics Lab,5.15,42.51,8.26,Normal,8,0,0,42.539,0.029000000000003467,11
2026-08-21 11:20:00,Electronics Department,5.09,32.19,6.33,Normal,11,4,0,32.219699999999996,0.029699999999998283,6
2026-08-17 08:20:00,New Seminar Hall,5.67,29.63,5.22,Normal,8,0,0,29.597399999999997,0.03260000000000218,10
2026-08-13 01:20:00,Mechanical Lab,5.98,45.75,7.65,Normal,1,3,0,45.74700000000001,0.0029999999999930083,9
2026-08-13 17:20:00,Chemistry Lab,6.0,30.99,5.16,Normal,17,3,0,30.96,0.029999999999997584,5
2026-08-21 10:40:00,Physics Lab,6.92,33.78,4.88,Normal,10,4,0,33.7696,0.010400000000004184,11
2026-07-23 02:20:00,HOD Department,13.56,653.44,48.19,Critical,2,3,0,653.4564,0.01639999999997599,7
2026-08-05 17:20:00,Biotech Department,4.96,47.65,9.61,Normal,17,2,0,47.6656,0.01559999999999917,3
2026-07-16 21:40:00,Mechanical Lab,4.49,18.33,4.08,Normal,21,3,0,18.319200000000002,0.010799999999996146,9
2026-07-11 13:40:00,CSE Department,3.87,11.02,2.84,Normal,13,5,1,10.9908,0.02919999999999945,4
2026-08-11 15:00:00,Chemistry Lab,7.17,21.52,3.0,Normal,15,1,0,21.509999999999998,0.010000000000001563,5
2026-07-14 10:50:00,AI Lab,5.3,17.82,3.36,Normal,10,1,0,17.808,0.012000000000000455,0
2026-07-25 04:30:00,Mechanical Lab,5.95,9.77,1.64,Normal,4,5,1,9.758,0.012000000000000455,9
2026-08-04 23:10:00,Biotech Department,5.92,40.39,6.82,Normal,23,1,0,40.3744,0.01559999999999917,3
2026-07-27 01:30:00,BT Department,3.97,7.48,1.88,Normal,1,0,0,7.4636,0.01640000000000086,2
2026-07-15 08:50:00,HOD Department,2.2,14.7,6.68,Normal,8,2,0,14.696,0.0039999999999995595,7
2026-07-29 06:00:00,Chemistry Lab,3.99,37.15,9.31,Normal,6,2,0,37.1469,0.003099999999996328,5
2026-08-14 02:10:00,IT Department,4.46,39.26,8.79,Normal,2,4,0,39.203399999999995,0.05660000000000309,8
2026-08-10 00:30:00,Mechanical Lab,7.56,65.64,8.68,Normal,0,0,0,65.62079999999999,0.019200000000012096,9
2026-08-16 05:10:00,AI Lab,5.44,47.46,8.73,Normal,5,6,1,47.491200000000006,0.031200000000005446,0
2026-07-19 19:00:00,Physics Lab,2.82,3.83,1.36,Normal,19,6,1,3.8352,0.005199999999999871,11
2026-07-09 04:20:00,New Seminar Hall,6.36,26.25,4.13,Normal,4,3,0,26.2668,0.016799999999999926,10
2026-08-03 21:40:00,Electronics Department,2.25,9.06,4.03,Normal,21,0,0,9.0675,0.007500000000000284,6
2026-08-20 15:40:00,Biotech Department,5.33,50.5,9.47,Normal,15,3,0,50.475100000000005,0.02489999999999526,3
2026-08-04 11:10:00,Chemistry Lab,5.18,6.33,1.22,Normal,11,1,0,6.319599999999999,0.010400000000000631,5
2026-07-31 07:40:00,Chemistry Lab,6.64,25.09,3.78,Normal,7,4,0,25.099199999999996,0.009199999999996322,5
2026-08-21 19:20:00,Electronics Department,5.73,41.51,7.24,Normal,19,4,0,41.485200000000006,0.02479999999999194,6
2026-07-30 02:40:00,HOD Department,5.01,26.69,5.33,Normal,2,3,0,26.7033,0.013299999999997425,7
2026-07-09 22:00:00,AI Lab,5.34,31.9,5.97,Normal,22,3,0,31.8798,0.020199999999999108,0
2026-08-24 02:50:00,Mechanical Lab,22.42,1633.3,72.84,Critical,2,0,0,1633.0728000000001,0.22719999999981155,9
2026-08-20 06:10:00,AI Lab,11.05,181.31,16.4,Suspicious,6,3,0,181.22,0.09000000000000341,0
2026-07-17 04:20:00,Chemistry Lab,6.44,7.05,1.09,Normal,4,4,0,7.0196000000000005,0.030399999999999316,5
2026-08-08 01:50:00,HOD Department,2.85,25.5,8.95,Normal,1,5,1,25.5075,0.007500000000000284,7
2026-08-18 23:10:00,Mechanical Lab,4.53,25.77,5.68,Normal,23,1,0,25.7304,0.03960000000000008,9
2026-07-29 18:10:00,Biotech Department,23.21,2010.83,86.65,Critical,18,2,0,2011.1465000000003,0.31650000000036016,3
2026-08-02 15:30:00,AIML Department,15.16,1122.08,74.03,Critical,15,6,1,1122.2948000000001,0.21480000000019572,1
2026-08-18 02:00:00,AI Lab,11.59,146.87,12.68,Suspicious,2,1,0,146.9612,0.0911999999999864,0
2026-07-04 00:20:00,Physics Lab,5.8,37.96,6.55,Normal,0,5,1,37.989999999999995,0.02999999999999403,11
2026-07-12 15:20:00,HOD Department,2.7,9.6,3.56,Normal,15,6,1,9.612,0.012000000000000455,7
2026-07-26 05:30:00,Biotech Department,4.6,37.14,8.08,Normal,5,6,1,37.168,0.027999999999998693,3
2026-07-20 04:20:00,HOD Department,2.43,10.07,4.14,Normal,4,0,0,10.0602,0.009800000000000253,7
2026-08-18 04:30:00,Physics Lab,6.89,7.55,1.1,Normal,4,1,0,7.579000000000001,0.029000000000000803,11
2026-08-12 22:50:00,AIML Department,4.16,7.36,1.77,Normal,22,2,0,7.3632,0.0031999999999996476,1
2026-08-18 23:30:00,Electronics Department,4.7,18.4,3.91,Normal,23,1,0,18.377000000000002,0.022999999999996135,6
2026-07-23 11:30:00,HOD Department,2.81,22.81,8.11,Normal,11,3,0,22.789099999999998,0.02090000000000103,7
2026-07-31 05:30:00,Electronics Department,5.28,9.22,1.75,Normal,5,4,0,9.24,0.019999999999999574,6
2026-07-07 15:30:00,Mechanical Lab,7.65,54.07,7.06,Normal,15,1,0,54.009,0.06099999999999994,9
2026-08-12 08:40:00,Electronics Department,5.86,24.56,4.19,Normal,8,2,0,24.553400000000003,0.006599999999995276,6
2026-07-14 07:00:00,Mechanical Lab,6.1,60.44,9.91,Normal,7,1,0,60.451,0.011000000000002785,9
2026-07-14 03:00:00,BT Department,6.61,10.46,1.58,Normal,3,1,0,10.443800000000001,0.016199999999999548,2
2026-07-18 16:10:00,AIML Department,4.65,29.73,6.39,Normal,16,5,1,29.7135,0.016500000000000625,1
2026-08-15 20:20:00,New Seminar Hall,6.75,66.88,9.91,Normal,20,5,1,66.8925,0.012500000000002842,10
2026-08-06 09:20:00,Chemistry Lab,6.09,10.24,1.68,Normal,9,3,0,10.2312,0.008800000000000807,5
2026-08-05 13:10:00,Physics Lab,6.44,57.84,8.98,Normal,13,2,0,57.83120000000001,0.008799999999993702,11
2026-07-29 03:40:00,AIML Department,5.55,33.21,5.98,Normal,3,2,0,33.189,0.021000000000000796,1
2026-07-20 02:20:00,BT Department,4.57,11.87,2.59,Normal,2,0,0,11.8363,0.03369999999999962,2
2026-08-16 01:10:00,New Seminar Hall,5.45,46.96,8.61,Normal,1,6,1,46.9245,0.03549999999999898,10
2026-07-03 15:10:00,Electronics Department,4.28,13.69,3.2,Normal,15,4,0,13.696000000000002,0.006000000000002004,6
2026-08-02 23:20:00,Biotech Department,6.27,50.76,8.09,Normal,23,6,1,50.72429999999999,0.035700000000005616,3
2026-08-24 03:20:00,New Seminar Hall,6.78,55.39,8.18,Normal,3,0,0,55.4604,0.07039999999999935,10
2026-07-18 09:50:00,Physics Lab,5.33,44.76,8.4,Normal,9,5,1,44.772000000000006,0.01200000000000756,11
2026-07-13 15:40:00,AIML Department,3.18,9.41,2.96,Normal,15,0,0,9.4128,0.00280000000000058,1
2026-08-04 23:20:00,Biotech Department,4.71,38.3,8.14,Normal,23,1,0,38.339400000000005,0.03940000000000765,3
2026-08-06 17:10:00,AIML Department,3.05,14.89,4.89,Normal,17,3,0,14.914499999999999,0.024499999999997968,1
2026-07-19 23:40:00,HOD Department,2.37,8.46,3.58,Normal,23,6,1,8.4846,0.02459999999999951,7
2026-08-17 05:20:00,Mechanical Lab,7.1,25.9,3.65,Normal,5,0,0,25.915,0.015000000000000568,9
2026-08-15 11:20:00,BT Department,4.87,38.6,7.93,Normal,11,5,1,38.619099999999996,0.019099999999994566,2
2026-08-18 09:40:00,HOD Department,2.94,11.53,3.92,Normal,9,1,0,11.524799999999999,0.0052000000000003155,7
2026-08-11 05:20:00,IT Department,8.92,151.5,16.98,Suspicious,5,1,0,151.4616,0.03839999999999577,8
2026-08-17 20:50:00,IT Department,4.15,32.54,7.85,Normal,20,0,0,32.5775,0.03750000000000142,8
2026-08-12 20:10:00,Physics Lab,3.13,12.66,4.05,Normal,20,2,0,12.676499999999999,0.01649999999999885,11
2026-08-10 00:00:00,AIML Department,3.86,18.29,4.74,Normal,0,0,0,18.296400000000002,0.006400000000002848,1
2026-08-12 04:30:00,IT Department,19.72,1096.78,55.62,Critical,4,2,0,1096.8264,0.046399999999948704,8
2026-07-02 12:50:00,Mechanical Lab,6.18,56.21,9.09,Normal,12,3,0,56.176199999999994,0.03380000000000649,9
2026-07-24 09:30:00,AIML Department,13.24,675.59,51.03,Critical,9,4,0,675.6372,0.04719999999997526,1
2026-08-13 00:30:00,Physics Lab,4.77,34.71,7.27,Normal,0,3,0,34.677899999999994,0.0321000000000069,11
2026-07-24 18:00:00,Chemistry Lab,5.29,15.04,2.85,Normal,18,4,0,15.076500000000001,0.036500000000001975,5
2026-07-24 07:50:00,Mechanical Lab,5.07,17.26,3.4,Normal,7,4,0,17.238,0.022000000000002018,9
2026-08-03 16:10:00,AI Lab,4.17,19.94,4.78,Normal,16,0,0,19.9326,0.007400000000000517,0
2026-08-20 14:30:00,BT Department,6.05,31.4,5.19,Normal,14,3,0,31.3995,0.0004999999999988347,2
2026-08-24 19:30:00,New Seminar Hall,4.45,20.49,4.61,Normal,19,0,0,20.5145,0.024500000000003297,10
2026-08-07 10:40:00,AIML Department,4.97,6.73,1.35,Normal,10,4,0,6.7095,0.020500000000000185,1
2026-07-24 23:10:00,CSE Department,15.44,1270.47,82.28,Critical,23,4,0,1270.4032,0.06680000000005748,4
2026-07-01 11:00:00,BT Department,4.69,38.74,8.25,Normal,11,2,0,38.6925,0.04749999999999943,2
2026-07-26 23:10:00,AIML Department,3.04,11.27,3.7,Normal,23,6,1,11.248000000000001,0.021999999999998465,1
2026-08-12 07:40:00,Mechanical Lab,11.82,200.94,17.0,Suspicious,7,2,0,200.94,0.0,9
2026-07-29 18:40:00,Chemistry Lab,8.03,31.48,3.92,Normal,18,2,0,31.477599999999995,0.0024000000000050647,5
2026-07-26 12:40:00,Mechanical Lab,5.46,17.4,3.19,Normal,12,6,1,17.4174,0.01740000000000208,9
2026-08-14 08:30:00,New Seminar Hall,5.12,18.5,3.61,Normal,8,4,0,18.4832,0.016799999999999926,10
2026-07-16 10:20:00,New Seminar Hall,5.57,30.46,5.47,Normal,10,3,0,30.4679,0.007899999999999352,10
2026-07-10 18:00:00,IT Department,3.35,17.42,5.2,Normal,18,4,0,17.42,0.0,8
2026-08-04 01:20:00,CSE Department,2.24,10.83,4.83,Normal,1,1,0,10.8192,0.010799999999999699,4
2026-08-20 17:20:00,Physics Lab,5.48,46.1,8.41,Normal,17,3,0,46.086800000000004,0.013199999999997658,11
2026-07-22 22:40:00,Biotech Department,3.78,27.54,7.29,Normal,22,2,0,27.5562,0.016200000000001324,3
2026-07-02 14:20:00,New Seminar Hall,5.71,12.68,2.22,Normal,14,3,0,12.676200000000001,0.0037999999999982492,10
2026-08-13 18:30:00,IT Department,3.75,19.44,5.18,Normal,18,3,0,19.424999999999997,0.015000000000004121,8
2026-08-14 07:20:00,HOD Department,8.04,217.5,27.05,Suspicious,7,4,0,217.48199999999997,0.018000000000029104,7
2026-07-13 22:00:00,Mechanical Lab,7.25,18.85,2.6,Normal,22,0,0,18.85,0.0,9
2026-08-06 05:50:00,BT Department,3.04,13.09,4.31,Normal,5,3,0,13.1024,0.012399999999999523,2
2026-07-13 20:00:00,CSE Department,9.1,221.52,24.35,Suspicious,20,0,0,221.585,0.06499999999999773,4
2026-07-18 04:50:00,BT Department,4.96,48.88,9.85,Normal,4,5,1,48.855999999999995,0.024000000000008015,2
2026-08-13 06:30:00,Biotech Department,4.08,27.46,6.73,Normal,6,3,0,27.4584,0.0015999999999998238,3
2026-08-23 20:00:00,Physics Lab,5.24,7.55,1.44,Normal,20,6,1,7.5456,0.004399999999999515,11
2026-08-24 15:20:00,IT Department,2.21,17.36,7.85,Normal,15,0,0,17.348499999999998,0.01150000000000162,8
2026-08-09 01:30:00,Electronics Department,11.99,285.78,23.84,Suspicious,1,6,1,285.8416,0.06160000000005539,6
2026-08-07 08:20:00,Chemistry Lab,6.28,38.98,6.21,Normal,8,4,0,38.9988,0.018800000000005923,5
2026-08-23 07:00:00,AI Lab,6.86,49.25,7.18,Normal,7,6,1,49.2548,0.004800000000003024,0
2026-07-09 09:10:00,Electronics Department,4.48,29.7,6.63,Normal,9,3,0,29.7024,0.002400000000001512,6
2026-07-09 18:10:00,New Seminar Hall,5.72,35.11,6.14,Normal,18,3,0,35.120799999999996,0.010799999999996146,10
2026-07-10 12:50:00,IT Department,3.87,22.12,5.71,Normal,12,4,0,22.0977,0.02230000000000132,8
2026-08-04 14:00:00,BT Department,5.15,18.28,3.55,Normal,14,1,0,18.2825,0.0024999999999977263,2
2026-07-11 10:30:00,Physics Lab,3.08,6.68,2.17,Normal,10,5,1,6.6836,0.0036000000000004917,11
2026-08-02 22:20:00,CSE Department,3.73,17.74,4.76,Normal,22,6,1,17.7548,0.014800000000001035,4
2026-08-12 21:10:00,Physics Lab,4.86,22.38,4.61,Normal,21,2,0,22.404600000000002,0.024600000000003064,11
2026-07-12 18:00:00,New Seminar Hall,7.45,22.49,3.02,Normal,18,6,1,22.499000000000002,0.009000000000003894,10
2026-07-16 04:40:00,BT Department,3.72,27.69,7.45,Normal,4,3,0,27.714000000000002,0.02400000000000091,2
2026-08-01 20:00:00,Physics Lab,5.22,20.59,3.94,Normal,20,5,1,20.566799999999997,0.023200000000002774,11
2026-08-01 06:50:00,CSE Department,3.82,8.38,2.2,Normal,6,5,1,8.404,0.023999999999999133,4
2026-08-15 05:40:00,Physics Lab,5.07,15.24,3.0,Normal,5,5,1,15.21,0.02999999999999936,11
2026-07-31 17:40:00,CSE Department,3.73,24.97,6.69,Normal,17,4,0,24.9537,0.01629999999999754,4
2026-07-06 09:30:00,Biotech Department,4.37,20.98,4.8,Normal,9,0,0,20.976,0.004000000000001336,3
2026-07-31 14:10:00,Physics Lab,6.34,46.73,7.38,Normal,14,4,0,46.7892,0.05920000000000414,11
2026-07-14 18:40:00,CSE Department,5.19,16.86,3.25,Normal,18,1,0,16.8675,0.007500000000000284,4
2026-07-27 16:10:00,Electronics Department,18.35,1132.66,61.71,Critical,16,0,0,1132.3785,0.28150000000005093,6
2026-08-22 04:00:00,New Seminar Hall,3.41,5.78,1.7,Normal,4,5,1,5.797,0.01699999999999946,10
2026-08-18 06:30:00,HOD Department,4.78,18.24,3.82,Normal,6,1,0,18.2596,0.019600000000000506,7
2026-08-19 11:00:00,Physics Lab,4.26,36.27,8.52,Normal,11,2,0,36.295199999999994,0.025199999999991007,11
2026-07-09 01:00:00,HOD Department,3.65,10.89,2.99,Normal,1,3,0,10.9135,0.0235000000000003,7
2026-08-15 11:50:00,AIML Department,4.68,26.7,5.71,Normal,11,5,1,26.7228,0.022800000000000153,1
2026-07-22 03:40:00,AI Lab,9.04,119.02,13.17,Suspicious,3,2,0,119.05679999999998,0.03679999999998529,0
2026-07-17 23:00:00,Biotech Department,14.09,232.04,16.47,Suspicious,23,4,0,232.0623,0.02230000000000132,3
2026-07-09 13:30:00,Mechanical Lab,5.2,14.1,2.71,Normal,13,3,0,14.092,0.007999999999999119,9
2026-07-15 06:30:00,AI Lab,3.38,20.31,6.0,Normal,6,2,0,20.28,0.029999999999997584,0
2026-07-02 16:10:00,HOD Department,4.57,36.44,7.97,Normal,16,3,0,36.4229,0.017099999999999227,7
2026-08-23 09:20:00,AIML Department,4.4,4.47,1.01,Normal,9,6,1,4.444000000000001,0.025999999999998913,1
2026-07-05 08:20:00,Physics Lab,4.16,6.28,1.51,Normal,8,6,1,6.2816,0.0015999999999998238,11
2026-07-06 16:30:00,Biotech Department,4.49,23.41,5.22,Normal,16,0,0,23.4378,0.02779999999999916,3
2026-07-17 23:10:00,New Seminar Hall,3.56,13.48,3.79,Normal,23,4,0,13.4924,0.012399999999999523,10
2026-08-25 07:50:00,AIML Department,1.59,6.35,3.99,Normal,7,1,0,6.344100000000001,0.005899999999998684,1
2026-07-14 03:40:00,Biotech Department,4.62,23.19,5.02,Normal,3,1,0,23.1924,0.0023999999999979593,3
2026-08-16 20:00:00,Mechanical Lab,6.1,40.59,6.65,Normal,20,6,1,40.565,0.025000000000005684,9
2026-07-31 00:20:00,Chemistry Lab,6.59,17.49,2.65,Normal,0,4,0,17.4635,0.026499999999998636,5
2026-07-27 07:20:00,Chemistry Lab,5.65,41.66,7.37,Normal,7,0,0,41.6405,0.019499999999993634,5
2026-08-02 06:40:00,AIML Department,4.28,29.5,6.9,Normal,6,6,1,29.532000000000004,0.03200000000000358,1
2026-08-16 17:40:00,Chemistry Lab,3.53,18.19,5.16,Normal,17,6,1,18.2148,0.024799999999999045,5
2026-08-13 19:10:00,Physics Lab,4.82,24.97,5.17,Normal,19,3,0,24.9194,0.05059999999999931,11
2026-07-15 17:30:00,Electronics Department,3.76,14.73,3.92,Normal,17,2,0,14.739199999999999,0.009199999999998099,6
2026-07-14 12:00:00,BT Department,3.86,29.26,7.58,Normal,12,1,0,29.2588,0.001200000000000756,2
2026-08-11 06:20:00,Chemistry Lab,4.98,13.94,2.8,Normal,6,1,0,13.944,0.004000000000001336,5
2026-07-26 17:50:00,Chemistry Lab,7.81,73.68,9.43,Normal,17,6,1,73.64829999999999,0.03170000000001494,5
2026-07-17 20:30:00,IT Department,3.53,8.11,2.3,Normal,20,4,0,8.119,0.009000000000000341,8
2026-07-11 09:10:00,Mechanical Lab,4.92,41.92,8.52,Normal,9,5,1,41.9184,0.0016000000000033765,9
2026-07-03 17:00:00,New Seminar Hall,6.29,24.23,3.85,Normal,17,4,0,24.2165,0.013500000000000512,10
2026-08-19 08:30:00,New Seminar Hall,6.74,48.59,7.2,Normal,8,2,0,48.528000000000006,0.06199999999999761,10
2026-07-18 21:10:00,IT Department,2.92,6.57,2.25,Normal,21,5,1,6.57,0.0,8
2026-07-06 09:10:00,Physics Lab,5.75,27.4,4.77,Normal,9,0,0,27.4275,0.027499999999999858,11
2026-08-02 02:50:00,HOD Department,5.25,30.63,5.84,Normal,2,6,1,30.66,0.030000000000001137,7
2026-07-08 02:40:00,HOD Department,2.29,20.17,8.8,Normal,2,2,0,20.152,0.018000000000000682,7
2026-08-09 13:10:00,Mechanical Lab,5.69,48.67,8.55,Normal,13,6,1,48.64950000000001,0.020499999999991303,9
2026-07-25 18:00:00,BT Department,4.64,22.47,4.85,Normal,18,5,1,22.503999999999998,0.03399999999999892,2
2026-08-12 10:40:00,AIML Department,1.25,3.73,3.0,Normal,10,2,0,3.75,0.020000000000000018,1
2026-08-23 15:00:00,HOD Department,3.32,16.4,4.94,Normal,15,6,1,16.4008,0.0008000000000016882,7
2026-07-28 16:40:00,AIML Department,4.46,36.61,8.2,Normal,16,1,0,36.571999999999996,0.03800000000000381,1
2026-07-10 08:30:00,Mechanical Lab,5.34,29.62,5.54,Normal,8,4,0,29.5836,0.03640000000000043,9
2026-08-21 08:30:00,Electronics Department,10.92,154.95,14.19,Suspicious,8,4,0,154.9548,0.004800000000017235,6
2026-07-05 22:00:00,IT Department,20.24,881.16,43.53,Critical,22,6,1,881.0472,0.1127999999999929,8
2026-07-11 16:40:00,HOD Department,3.74,32.7,8.74,Normal,16,5,1,32.6876,0.012399999999999523,7
2026-08-07 18:30:00,AIML Department,5.6,14.34,2.56,Normal,18,4,0,14.335999999999999,0.004000000000001336,1
2026-08-09 00:30:00,AIML Department,3.11,9.63,3.09,Normal,0,6,1,9.6099,0.020100000000001117,1
2026-08-11 00:10:00,HOD Department,7.93,127.11,16.02,Suspicious,0,1,0,127.03859999999999,0.07140000000001123,7
2026-07-17 09:50:00,New Seminar Hall,5.57,53.93,9.68,Normal,9,4,0,53.9176,0.012399999999999523,10
2026-08-21 21:40:00,HOD Department,4.6,11.64,2.53,Normal,21,4,0,11.637999999999998,0.0020000000000024443,7
2026-08-21 11:50:00,CSE Department,5.85,39.6,6.76,Normal,11,4,0,39.546,0.054000000000002046,4
2026-07-08 20:50:00,IT Department,10.28,247.77,24.1,Suspicious,20,2,0,247.748,0.02200000000001978,8
2026-08-22 17:30:00,AIML Department,3.47,27.05,7.8,Normal,17,5,1,27.066000000000003,0.01600000000000179,1
2026-07-23 13:00:00,Chemistry Lab,5.38,36.99,6.88,Normal,13,3,0,37.0144,0.024399999999999977,5
2026-08-10 12:30:00,AIML Department,11.66,190.99,16.38,Suspicious,12,0,0,190.99079999999998,0.0007999999999697138,1
2026-08-08 01:40:00,Biotech Department,5.93,5.97,1.01,Normal,1,5,1,5.9893,0.019300000000000317,3
2026-07-01 19:10:00,CSE Department,2.5,6.77,2.71,Normal,19,2,0,6.775,0.005000000000000782,4
2026-08-14 12:20:00,New Seminar Hall,11.99,134.15,11.18,Suspicious,12,4,0,134.0482,0.10179999999999723,10
2026-07-17 02:10:00,AIML Department,3.5,25.14,7.18,Normal,2,4,0,25.13,0.010000000000001563,1
2026-08-09 14:10:00,Biotech Department,4.98,42.24,8.48,Normal,14,6,1,42.2304,0.009599999999998943,3
2026-08-12 09:00:00,Physics Lab,6.13,31.8,5.19,Normal,9,2,0,31.814700000000002,0.014700000000001268,11
2026-08-14 03:20:00,HOD Department,2.57,22.2,8.64,Normal,3,4,0,22.2048,0.004799999999999471,7
2026-07-25 06:30:00,Biotech Department,4.23,6.75,1.6,Normal,6,5,1,6.768000000000001,0.018000000000000682,3
2026-07-17 18:30:00,AIML Department,10.05,106.72,10.62,Suspicious,18,4,0,106.731,0.01099999999999568,1
2026-08-03 09:30:00,Chemistry Lab,5.29,46.02,8.7,Normal,9,0,0,46.022999999999996,0.0029999999999930083,5
2026-08-19 19:50:00,IT Department,3.09,23.82,7.7,Normal,19,2,0,23.793,0.027000000000001023,8
2026-07-18 18:40:00,New Seminar Hall,7.97,66.93,8.39,Normal,18,5,1,66.8683,0.061700000000001864,10
2026-07-20 05:50:00,Electronics Department,2.83,9.74,3.45,Normal,5,0,0,9.7635,0.0235000000000003,6
2026-08-17 16:10:00,AI Lab,4.74,5.66,1.19,Normal,16,0,0,5.6406,0.019400000000000084,0
2026-08-11 11:20:00,AI Lab,14.18,297.75,21.0,Suspicious,11,1,0,297.78,0.029999999999972715,0
2026-07-09 06:30:00,BT Department,4.51,41.32,9.17,Normal,6,3,0,41.3567,0.03669999999999618,2
2026-08-23 01:10:00,New Seminar Hall,5.02,22.02,4.38,Normal,1,6,1,21.987599999999997,0.03240000000000265,10
2026-08-15 14:40:00,Electronics Department,4.34,19.15,4.41,Normal,14,5,1,19.1394,0.010600000000000165,6
2026-08-18 00:00:00,HOD Department,9.37,215.7,23.03,Suspicious,0,1,0,215.7911,0.0911000000000115,7
2026-08-18 07:10:00,Mechanical Lab,7.19,65.5,9.1,Normal,7,1,0,65.429,0.07099999999999795,9
2026-07-27 15:30:00,New Seminar Hall,7.63,22.48,2.95,Normal,15,0,0,22.5085,0.02850000000000108,10
2026-07-16 18:00:00,Electronics Department,5.08,20.39,4.01,Normal,18,3,0,20.3708,0.019200000000001438,6
2026-07-17 12:30:00,Chemistry Lab,4.29,20.73,4.83,Normal,12,4,0,20.7207,0.009299999999999642,5
2026-08-08 13:30:00,New Seminar Hall,4.75,5.65,1.19,Normal,13,5,1,5.6525,0.0024999999999995026,10
2026-08-12 06:40:00,New Seminar Hall,3.6,26.18,7.26,Normal,6,2,0,26.136,0.04400000000000048,10
2026-08-21 23:20:00,New Seminar Hall,5.34,40.23,7.54,Normal,23,4,0,40.2636,0.03359999999999985,10
2026-07-29 17:20:00,HOD Department,3.0,10.62,3.54,Normal,17,2,0,10.620000000000001,1.7763568394002505e-15,7
2026-07-14 23:50:00,Mechanical Lab,8.68,18.31,2.11,Normal,23,1,0,18.314799999999998,0.004799999999999471,9
2026-08-13 19:50:00,AIML Department,5.3,27.24,5.14,Normal,19,3,0,27.241999999999997,0.0019999999999988916,1
2026-08-21 15:20:00,Physics Lab,6.72,24.19,3.6,Normal,15,4,0,24.192,0.0019999999999988916,11
2026-07-31 15:30:00,AIML Department,9.37,254.13,27.11,Suspicious,15,4,0,254.02069999999998,0.10930000000001883,1
2026-07-04 06:30:00,Mechanical Lab,13.36,394.81,29.56,Suspicious,6,5,1,394.92159999999996,0.11159999999995307,9
2026-08-18 11:40:00,AI Lab,5.92,29.85,5.04,Normal,11,1,0,29.8368,0.01320000000000121,0
2026-07-14 13:20:00,AIML Department,4.1,8.93,2.18,Normal,13,1,0,8.938,0.008000000000000895,1
2026-08-20 18:00:00,Physics Lab,6.91,37.63,5.44,Normal,18,3,0,37.5904,0.03960000000000008,11
2026-07-28 12:50:00,New Seminar Hall,3.98,31.21,7.85,Normal,12,1,0,31.243,0.0329999999999977,10
2026-07-26 11:00:00,BT Department,4.11,14.53,3.53,Normal,11,6,1,14.5083,0.021699999999999164,2
2026-07-07 03:50:00,IT Department,2.79,6.74,2.42,Normal,3,1,0,6.7518,0.011800000000000033,8
2026-08-02 06:00:00,Biotech Department,5.67,34.58,6.1,Normal,6,6,1,34.586999999999996,0.006999999999997897,3
2026-08-04 12:20:00,HOD Department,2.57,20.23,7.86,Normal,12,1,0,20.2002,0.029800000000001603,7
2026-07-02 07:30:00,IT Department,4.19,29.64,7.07,Normal,7,3,0,29.623300000000004,0.016699999999996606,8
2026-08-16 05:40:00,Biotech Department,5.87,33.75,5.75,Normal,5,6,1,33.7525,0.0024999999999977263,3
2026-07-10 21:30:00,AIML Department,5.67,23.72,4.18,Normal,21,4,0,23.700599999999998,0.019400000000000972,1
2026-07-26 20:20:00,IT Department,3.21,6.37,1.98,Normal,20,6,1,6.3557999999999995,0.014200000000000657,8
2026-08-13 13:30:00,IT Department,4.05,32.43,8.0,Normal,13,3,0,32.4,0.030000000000001137,8
2026-08-24 18:10:00,Physics Lab,4.8,12.89,2.69,Normal,18,0,0,12.911999999999999,0.021999999999998465,11
2026-07-27 18:40:00,Chemistry Lab,6.81,29.56,4.34,Normal,18,0,0,29.5554,0.0045999999999999375,5
2026-07-09 05:40:00,Chemistry Lab,12.61,189.66,15.05,Suspicious,5,3,0,189.7805,0.12049999999999272,5
2026-07-17 00:10:00,IT Department,4.73,14.54,3.08,Normal,0,4,0,14.568400000000002,0.02840000000000309,8
2026-07-13 17:50:00,Biotech Department,3.91,21.04,5.38,Normal,17,0,0,21.035800000000002,0.004199999999997317,3
2026-07-28 16:20:00,New Seminar Hall,5.9,27.85,4.72,Normal,16,1,0,27.848,0.0020000000000024443,10
2026-08-07 20:40:00,Electronics Department,12.64,209.61,16.59,Suspicious,20,4,0,209.6976,0.08759999999998058,6
2026-08-21 11:30:00,BT Department,3.63,22.53,6.2,Normal,11,4,0,22.506,0.02400000000000091,2
2026-07-04 12:30:00,Mechanical Lab,7.62,72.42,9.5,Normal,12,5,1,72.39,0.030000000000001137,9
2026-08-21 03:10:00,Physics Lab,5.74,8.97,1.56,Normal,3,4,0,8.954400000000001,0.01559999999999917,11
2026-07-07 22:00:00,Biotech Department,4.83,46.07,9.54,Normal,22,1,0,46.078199999999995,0.0081999999999951,3
2026-07-27 00:40:00,IT Department,5.05,40.0,7.93,Normal,0,0,0,40.046499999999995,0.04649999999999466,8
2026-07-10 14:40:00,Mechanical Lab,13.06,313.74,24.03,Suspicious,14,4,0,313.83180000000004,0.09180000000003474,9
2026-08-02 11:20:00,AI Lab,5.42,51.61,9.51,Normal,11,6,1,51.5442,0.06580000000000297,0
2026-08-22 21:40:00,Mechanical Lab,6.12,35.13,5.74,Normal,21,5,1,35.128800000000005,0.0011999999999972033,9
2026-07-12 11:00:00,CSE Department,4.1,25.01,6.1,Normal,11,6,1,25.009999999999998,3.552713678800501e-15,4
2026-07-16 21:00:00,Physics Lab,4.14,11.85,2.86,Normal,21,3,0,11.840399999999999,0.009600000000000719,11
2026-07-05 18:30:00,Chemistry Lab,6.37,14.44,2.27,Normal,18,6,1,14.459900000000001,0.019900000000001583,5
2026-08-23 22:20:00,Physics Lab,5.18,29.41,5.67,Normal,22,6,1,29.3706,0.039400000000000546,11
2026-07-27 22:20:00,IT Department,4.71,43.06,9.14,Normal,22,0,0,43.049400000000006,0.010599999999996612,8
2026-08-09 06:10:00,HOD Department,2.89,8.2,2.84,Normal,6,6,1,8.2076,0.007600000000000051,7
2026-08-23 20:20:00,AIML Department,3.52,6.06,1.72,Normal,20,6,1,6.0544,0.005599999999999383,1
2026-08-20 00:30:00,HOD Department,3.18,28.43,8.94,Normal,0,3,0,28.4292,0.0007999999999981355,7
2026-07-08 18:20:00,Biotech Department,4.92,6.47,1.31,Normal,18,2,0,6.4452,0.024799999999999933,3
2026-07-02 09:50:00,Electronics Department,3.95,35.4,8.97,Normal,9,3,0,35.43150000000001,0.0315000000000083,6
2026-07-17 06:30:00,Electronics Department,4.67,23.35,5.0,Normal,6,4,0,23.35,0.0,6
2026-08-09 02:40:00,Electronics Department,5.7,49.88,8.75,Normal,2,6,1,49.875,0.005000000000002558,6
2026-08-02 03:00:00,Chemistry Lab,5.94,40.97,6.89,Normal,3,6,1,40.9266,0.04339999999999833,5
2026-07-08 21:30:00,Mechanical Lab,5.88,27.95,4.75,Normal,21,2,0,27.93,0.019999999999999574,9
2026-07-21 18:00:00,Chemistry Lab,5.76,27.02,4.69,Normal,18,1,0,27.014400000000002,0.005599999999997607,5
2026-08-17 08:00:00,HOD Department,2.56,18.74,7.31,Normal,8,0,0,18.7136,0.02639999999999887,7
2026-07-31 18:40:00,AIML Department,3.56,20.7,5.81,Normal,18,4,0,20.6836,0.01640000000000086,1
2026-07-07 19:00:00,HOD Department,3.28,18.99,5.79,Normal,19,1,0,18.9912,0.001200000000000756,7
2026-07-21 12:50:00,BT Department,5.98,21.85,3.65,Normal,12,1,0,21.827,0.022999999999999687,2
2026-08-06 02:50:00,BT Department,5.07,27.3,5.38,Normal,2,3,0,27.276600000000002,0.023399999999998755,2
2026-08-22 18:00:00,Biotech Department,4.85,30.15,6.22,Normal,18,5,1,30.166999999999998,0.01699999999999946,3
2026-07-23 21:10:00,HOD Department,2.81,18.73,6.66,Normal,21,3,0,18.7146,0.015399999999999636,7
2026-08-20 19:20:00,New Seminar Hall,6.68,21.76,3.26,Normal,19,3,0,21.776799999999998,0.016799999999996373,10
2026-08-16 21:10:00,Biotech Department,5.73,50.93,8.89,Normal,21,6,1,50.93970000000001,0.009700000000009368,3
2026-08-21 13:10:00,HOD Department,2.08,11.7,5.63,Normal,13,4,0,11.7104,0.010400000000000631,7
2026-08-19 13:40:00,CSE Department,3.51,33.43,9.52,Normal,13,2,0,33.4152,0.014800000000001035,4
2026-08-18 07:50:00,CSE Department,4.7,7.73,1.65,Normal,7,1,0,7.755,0.024999999999999467,4
2026-08-22 11:30:00,BT Department,6.33,50.35,7.95,Normal,11,5,1,50.3235,0.026499999999998636,2
2026-07-13 03:00:00,AI Lab,6.72,47.67,7.09,Normal,3,0,0,47.6448,0.025200000000005218,0
2026-08-24 04:40:00,Electronics Department,5.77,46.14,7.99,Normal,4,0,0,46.1023,0.037700000000000955,6
2026-08-25 13:10:00,Biotech Department,5.51,41.24,7.49,Normal,13,1,0,41.2699,0.029899999999997817,3
2026-08-07 22:20:00,Mechanical Lab,7.12,13.38,1.88,Normal,22,4,0,13.3856,0.005599999999999383,9
2026-07-27 22:30:00,CSE Department,7.84,222.36,28.36,Suspicious,22,0,0,222.3424,0.017600000000015825,4
2026-08-20 23:10:00,Electronics Department,3.31,24.89,7.52,Normal,23,3,0,24.891199999999998,0.0011999999999972033,6
2026-08-24 00:10:00,Electronics Department,4.81,39.55,8.23,Normal,0,0,0,39.5863,0.03630000000000422,6
2026-07-08 04:10:00,Physics Lab,6.34,21.68,3.42,Normal,4,2,0,21.6828,0.00280000000000058,11
2026-07-13 23:30:00,Physics Lab,6.74,56.37,8.37,Normal,23,0,0,56.413799999999995,0.0437999999999974,11
2026-08-19 04:50:00,Biotech Department,3.77,19.0,5.03,Normal,4,2,0,18.9631,0.03689999999999927,3
2026-07-05 09:50:00,CSE Department,4.02,21.83,5.43,Normal,9,6,1,21.828599999999998,0.00140000000000029,4
2026-08-23 07:10:00,Electronics Department,4.85,27.58,5.68,Normal,7,6,1,27.548,0.03200000000000003,6
2026-08-08 22:10:00,BT Department,4.59,6.13,1.34,Normal,22,5,1,6.1506,0.02059999999999995,2
2026-08-20 22:10:00,Physics Lab,6.39,23.25,3.64,Normal,22,3,0,23.2596,0.009599999999998943,11
2026-08-25 12:20:00,BT Department,4.26,11.83,2.78,Normal,12,1,0,11.842799999999999,0.01279999999999859,2
2026-08-15 05:20:00,New Seminar Hall,4.98,37.46,7.52,Normal,5,5,1,37.449600000000004,0.010399999999997078,10
2026-08-14 10:50:00,AI Lab,3.7,27.81,7.52,Normal,10,4,0,27.823999999999998,0.013999999999999346,0
2026-07-26 00:50:00,IT Department,5.31,49.57,9.34,Normal,0,6,1,49.5954,0.025399999999997647,8
2026-07-11 00:30:00,AI Lab,4.81,15.47,3.22,Normal,0,5,1,15.488199999999999,0.01819999999999844,0
2026-07-03 04:00:00,IT Department,15.41,812.9,52.75,Critical,4,4,0,812.8775,0.022499999999922693,8
2026-07-25 23:10:00,IT Department,11.64,123.08,10.57,Suspicious,23,5,1,123.0348,0.045199999999994134,8
2026-08-08 04:00:00,Electronics Department,2.69,17.42,6.47,Normal,4,5,1,17.4043,0.01570000000000249,6
2026-08-21 01:10:00,Physics Lab,4.99,38.29,7.67,Normal,1,4,0,38.2733,0.01670000000000016,11
2026-08-19 07:40:00,Physics Lab,5.18,19.99,3.86,Normal,7,2,0,19.994799999999998,0.004799999999999471,11
2026-07-28 04:00:00,New Seminar Hall,4.09,16.83,4.11,Normal,4,1,0,16.8099,0.02009999999999934,10
2026-08-16 11:20:00,AIML Department,4.37,5.5,1.26,Normal,11,6,1,5.5062,0.006199999999999761,1
2026-07-18 00:00:00,HOD Department,2.98,3.78,1.27,Normal,0,5,1,3.7846,0.0046000000000003816,7
2026-08-16 13:40:00,Physics Lab,6.12,33.16,5.42,Normal,13,6,1,33.1704,0.010400000000004184,11
2026-07-27 02:30:00,CSE Department,2.74,16.62,6.06,Normal,2,0,0,16.604400000000002,0.01559999999999917,4
2026-07-03 01:00:00,Electronics Department,3.86,8.7,2.25,Normal,1,4,0,8.685,0.014999999999998792,6
2026-07-12 09:40:00,AIML Department,4.88,23.41,4.79,Normal,9,6,1,23.3752,0.03480000000000061,1
2026-08-24 07:20:00,Biotech Department,4.79,47.0,9.82,Normal,7,0,0,47.037800000000004,0.037800000000004275,3
2026-08-09 09:20:00,AI Lab,14.89,388.91,26.13,Suspicious,9,6,1,389.0757,0.16569999999995844,0
2026-07-07 17:50:00,Physics Lab,5.7,20.38,3.57,Normal,17,1,0,20.349,0.030999999999998806,11
2026-08-09 18:00:00,BT Department,10.58,256.61,24.26,Suspicious,18,6,1,256.67080000000004,0.06080000000002883,2
2026-08-21 22:20:00,Electronics Department,3.59,28.83,8.03,Normal,22,4,0,28.827699999999997,0.002300000000001745,6
2026-07-05 23:30:00,Electronics Department,2.98,24.89,8.35,Normal,23,6,1,24.883,0.0070000000000014495,6
2026-07-26 08:40:00,HOD Department,3.63,11.73,3.23,Normal,8,6,1,11.7249,0.0051000000000005485,7
2026-07-14 14:20:00,Mechanical Lab,8.39,61.6,7.34,Normal,14,1,0,61.582600000000006,0.017399999999994975,9
2026-08-12 14:20:00,CSE Department,4.43,7.13,1.61,Normal,14,2,0,7.1323,0.0022999999999999687,4
2026-07-28 19:40:00,Electronics Department,4.14,15.5,3.74,Normal,19,1,0,15.4836,0.01640000000000086,6
2026-07-20 01:20:00,CSE Department,2.25,14.88,6.62,Normal,1,0,0,14.895,0.014999999999998792,4
2026-07-19 07:50:00,IT Department,17.05,1232.48,72.3,Critical,7,6,1,1232.715,0.23499999999989996,8
2026-07-13 16:50:00,Physics Lab,6.87,43.13,6.28,Normal,16,0,0,43.1436,0.013599999999996726,11
2026-07-22 06:10:00,Mechanical Lab,7.01,39.17,5.59,Normal,6,2,0,39.1859,0.015899999999994918,9
2026-07-17 08:30:00,Electronics Department,3.83,27.04,7.06,Normal,8,4,0,27.0398,0.00019999999999953388,6
2026-08-03 14:30:00,AIML Department,3.96,35.16,8.88,Normal,14,0,0,35.1648,0.004800000000003024,1
2026-07-26 23:00:00,CSE Department,4.86,41.18,8.48,Normal,23,6,1,41.2128,0.03280000000000172,4
2026-07-06 02:30:00,HOD Department,3.19,27.94,8.76,Normal,2,0,0,27.944399999999998,0.004399999999996851,7
2026-07-05 14:00:00,AI Lab,4.21,39.18,9.3,Normal,14,6,1,39.153000000000006,0.026999999999993918,0
2026-07-23 13:20:00,Electronics Department,3.75,16.62,4.44,Normal,13,3,0,16.650000000000002,0.030000000000001137,6
2026-07-17 01:50:00,Mechanical Lab,7.34,51.82,7.06,Normal,1,4,0,51.8204,0.00039999999999906777,9
2026-08-23 13:40:00,Electronics Department,4.32,40.59,9.4,Normal,13,6,1,40.608000000000004,0.018000000000000682,6
2026-08-17 16:50:00,HOD Department,7.61,142.93,18.78,Suspicious,16,0,0,142.91580000000002,0.014199999999988222,7
2026-07-14 12:20:00,HOD Department,3.54,26.21,7.41,Normal,12,1,0,26.2314,0.021399999999999864,7
2026-08-10 13:20:00,New Seminar Hall,4.63,28.81,6.23,Normal,13,0,0,28.844900000000003,0.03490000000000393,10
2026-07-03 03:00:00,Mechanical Lab,14.56,295.96,20.33,Suspicious,3,4,0,296.0048,0.04480000000000928,9
2026-07-21 15:20:00,Biotech Department,21.6,1862.16,86.19,Critical,15,1,0,1861.7040000000002,0.4559999999999036,3
2026-07-20 22:20:00,Mechanical Lab,11.92,168.38,14.13,Suspicious,22,0,0,168.42960000000002,0.04960000000002651,9
2026-07-24 12:30:00,AI Lab,6.11,42.12,6.89,Normal,12,4,0,42.0979,0.02209999999999468,0
2026-07-25 19:30:00,AIML Department,14.78,808.99,54.73,Critical,19,5,1,808.9093999999999,0.08060000000011769,1
2026-08-02 00:30:00,Mechanical Lab,5.84,8.56,1.47,Normal,0,6,1,8.5848,0.024799999999999045,9
2026-07-17 04:50:00,Mechanical Lab,7.27,27.68,3.81,Normal,4,4,0,27.6987,0.01869999999999905,9
2026-08-17 07:10:00,AI Lab,5.94,22.52,3.79,Normal,7,0,0,22.512600000000003,0.0073999999999969646,0
2026-07-04 16:40:00,BT Department,4.58,7.99,1.75,Normal,16,5,1,8.015,0.025000000000000355,2
2026-07-16 16:30:00,AI Lab,4.02,9.33,2.32,Normal,16,3,0,9.326399999999998,0.003600000000002268,0
2026-08-04 19:30:00,AI Lab,5.55,6.56,1.18,Normal,19,1,0,6.5489999999999995,0.01100000000000012,0
2026-07-19 01:50:00,IT Department,4.97,40.87,8.23,Normal,1,6,1,40.9031,0.03310000000000457,8
2026-07-01 09:10:00,IT Department,5.62,28.25,5.02,Normal,9,2,0,28.2124,0.03760000000000119,8
2026-07-26 17:30:00,Chemistry Lab,3.98,39.55,9.95,Normal,17,6,1,39.601,0.05100000000000193,5
2026-08-17 10:40:00,CSE Department,5.17,8.08,1.56,Normal,10,0,0,8.0652,0.014799999999999258,4
2026-07-31 21:40:00,AI Lab,5.47,22.05,4.03,Normal,21,4,0,22.0441,0.00590000000000046,0
2026-07-18 04:20:00,BT Department,21.17,1315.67,62.15,Critical,4,5,1,1315.7155,0.04549999999994725,2
2026-07-13 22:20:00,Chemistry Lab,7.32,21.44,2.93,Normal,22,0,0,21.4476,0.007600000000000051,5
2026-07-17 03:00:00,New Seminar Hall,7.07,16.85,2.38,Normal,3,4,0,16.8266,0.023400000000002308,10
2026-07-08 08:30:00,HOD Department,4.27,42.07,9.85,Normal,8,2,0,42.05949999999999,0.010500000000007503,7
2026-08-13 00:00:00,Mechanical Lab,5.54,49.53,8.94,Normal,0,3,0,49.5276,0.002400000000001512,9
2026-07-08 17:50:00,AI Lab,5.85,11.5,1.97,Normal,17,2,0,11.5245,0.024499999999999744,0
2026-07-15 03:50:00,IT Department,4.77,39.22,8.22,Normal,3,2,0,39.2094,0.010599999999996612,8
2026-07-28 21:40:00,New Seminar Hall,6.55,28.38,4.33,Normal,21,1,0,28.3615,0.018499999999999517,10
2026-08-09 21:00:00,Physics Lab,3.98,31.08,7.82,Normal,21,6,1,31.1236,0.043600000000001415,11
2026-08-18 18:40:00,New Seminar Hall,6.51,45.9,7.05,Normal,18,1,0,45.8955,0.0045000000000001705,10
2026-07-28 04:30:00,Mechanical Lab,4.33,7.44,1.72,Normal,4,1,0,7.4476,0.007600000000000051,9
2026-08-19 22:00:00,Biotech Department,5.92,33.87,5.72,Normal,22,2,0,33.8624,0.0075999999999964984,3
2026-07-22 12:00:00,Physics Lab,4.68,35.48,7.58,Normal,12,2,0,35.474399999999996,0.00560000000000116,11
2026-07-06 18:10:00,Chemistry Lab,3.87,21.39,5.53,Normal,18,0,0,21.401100000000003,0.011100000000002552,5
2026-08-24 05:20:00,AI Lab,3.58,22.76,6.36,Normal,5,0,0,22.768800000000002,0.008800000000000807,0
2026-07-13 11:30:00,Biotech Department,3.74,17.38,4.64,Normal,11,0,0,17.3536,0.02639999999999887,3
2026-07-20 17:10:00,IT Department,4.07,5.01,1.23,Normal,17,0,0,5.0061,0.0038999999999997925,8
2026-07-08 21:50:00,Chemistry Lab,5.43,52.51,9.66,Normal,21,2,0,52.4538,0.05619999999999692,5
2026-08-08 18:10:00,Chemistry Lab,2.14,15.72,7.36,Normal,18,5,1,15.7504,0.030400000000000205,5
2026-08-17 07:40:00,Chemistry Lab,7.64,29.12,3.81,Normal,7,0,0,29.1084,0.011600000000001387,5
2026-08-19 21:30:00,New Seminar Hall,5.7,30.35,5.33,Normal,21,2,0,30.381,0.030999999999998806,10
2026-08-15 10:20:00,CSE Department,4.42,28.72,6.5,Normal,10,5,1,28.73,0.010000000000001563,4
2026-07-19 10:40:00,Mechanical Lab,11.35,292.66,25.77,Suspicious,10,6,1,292.48949999999996,0.17050000000006094,9
2026-08-15 22:40:00,New Seminar Hall,7.01,53.35,7.61,Normal,22,5,1,53.3461,0.003900000000001569,10
2026-07-17 05:40:00,Electronics Department,2.54,17.5,6.89,Normal,5,4,0,17.5006,0.0005999999999986017,6
2026-07-13 07:50:00,IT Department,4.1,14.87,3.63,Normal,7,0,0,14.883,0.0129999999999999,8
2026-07-05 13:40:00,IT Department,3.1,25.62,8.26,Normal,13,6,1,25.606,0.013999999999999346,8
2026-08-02 17:40:00,Mechanical Lab,5.49,21.24,3.87,Normal,17,6,1,21.2463,0.006300000000003081,9
2026-07-03 17:10:00,Biotech Department,6.62,14.14,2.14,Normal,17,4,0,14.1668,0.026799999999999713,3
2026-08-09 05:00:00,Mechanical Lab,7.64,58.96,7.71,Normal,5,6,1,58.904399999999995,0.05560000000000542,9
2026-08-13 16:30:00,New Seminar Hall,4.64,14.86,3.2,Normal,16,3,0,14.847999999999999,0.012000000000000455,10
2026-07-27 09:00:00,New Seminar Hall,6.4,16.63,2.6,Normal,9,0,0,16.64,0.010000000000001563,10
2026-08-20 16:40:00,Biotech Department,7.47,10.11,1.35,Normal,16,3,0,10.0845,0.02549999999999919,3
2026-08-18 20:20:00,Chemistry Lab,4.2,9.74,2.32,Normal,20,1,0,9.744,0.0039999999999995595,5
2026-07-23 15:50:00,Biotech Department,6.03,38.82,6.44,Normal,15,3,0,38.833200000000005,0.013200000000004763,3
2026-07-02 00:10:00,Mechanical Lab,7.03,51.61,7.34,Normal,0,3,0,51.6002,0.009799999999998477,9
2026-08-05 06:50:00,New Seminar Hall,7.85,63.75,8.13,Normal,6,2,0,63.8205,0.07050000000000267,10
2026-07-12 00:10:00,Chemistry Lab,5.86,30.14,5.15,Normal,0,6,1,30.179000000000002,0.03900000000000148,5
2026-07-26 06:00:00,Electronics Department,5.44,42.96,7.9,Normal,6,6,1,42.976000000000006,0.016000000000005343,6
2026-07-26 16:00:00,AIML Department,5.38,29.94,5.57,Normal,16,6,1,29.9666,0.026599999999998403,1
2026-08-14 13:40:00,AIML Department,3.97,24.7,6.22,Normal,13,4,0,24.6934,0.006599999999998829,1
2026-08-04 18:20:00,AI Lab,5.63,47.58,8.46,Normal,18,1,0,47.6298,0.04980000000000473,0
2026-07-11 20:50:00,CSE Department,2.98,9.29,3.11,Normal,20,5,1,9.2678,0.022199999999999775,4
2026-08-19 06:00:00,BT Department,12.74,348.16,27.32,Suspicious,6,2,0,348.0568,0.10320000000001528,2
2026-08-02 10:40:00,Chemistry Lab,4.82,32.01,6.64,Normal,10,6,1,32.0048,0.005199999999994986,5
2026-07-31 00:00:00,Mechanical Lab,6.2,10.01,1.62,Normal,0,4,0,10.044,0.034000000000000696,9
2026-07-26 19:30:00,Physics Lab,5.91,30.73,5.2,Normal,19,6,1,30.732000000000003,0.0020000000000024443,11
2026-07-15 20:20:00,Electronics Department,3.62,5.24,1.45,Normal,20,2,0,5.249,0.008999999999999453,6
2026-07-05 07:20:00,HOD Department,3.13,13.03,4.16,Normal,7,6,1,13.0208,0.009199999999999875,7
2026-08-20 20:30:00,IT Department,2.89,28.36,9.81,Normal,20,3,0,28.350900000000003,0.009099999999996555,8
2026-08-23 12:10:00,AIML Department,5.26,47.61,9.06,Normal,12,6,1,47.6556,0.04560000000000031,1
2026-08-16 11:40:00,Physics Lab,4.58,16.82,3.67,Normal,11,6,1,16.8086,0.011400000000001853,11
2026-07-22 14:20:00,HOD Department,4.27,7.44,1.74,Normal,14,2,0,7.429799999999999,0.010200000000001097,7
2026-08-05 14:00:00,AIML Department,2.02,18.27,9.03,Normal,14,2,0,18.2406,0.029399999999998983,1
2026-08-11 04:50:00,Biotech Department,5.06,22.91,4.53,Normal,4,1,0,22.9218,0.01180000000000092,3
2026-08-10 22:20:00,AIML Department,6.38,12.79,2.0,Normal,22,0,0,12.76,0.02999999999999936,1
2026-08-09 03:30:00,New Seminar Hall,5.47,47.16,8.62,Normal,3,6,1,47.151399999999995,0.008600000000001273,10
2026-08-07 13:10:00,IT Department,20.7,1659.55,80.16,Critical,13,4,0,1659.312,0.2380000000000564,8
2026-08-01 10:30:00,New Seminar Hall,4.34,23.16,5.33,Normal,10,5,1,23.1322,0.02779999999999916,10
2026-07-03 21:40:00,BT Department,12.26,201.03,16.4,Suspicious,21,4,0,201.064,0.033999999999991815,2
2026-07-14 19:00:00,Physics Lab,6.57,62.89,9.57,Normal,19,1,0,62.874900000000004,0.015099999999996783,11
2026-08-09 16:20:00,Electronics Department,4.61,32.4,7.03,Normal,16,6,1,32.408300000000004,0.008300000000005525,6
2026-08-18 07:20:00,New Seminar Hall,5.86,27.77,4.74,Normal,7,1,0,27.776400000000002,0.006400000000002848,10
2026-07-26 19:40:00,BT Department,4.87,20.95,4.3,Normal,19,6,1,20.941,0.009000000000000341,2
2026-07-26 16:40:00,Chemistry Lab,4.85,14.14,2.92,Normal,16,6,1,14.161999999999999,0.021999999999998465,5
2026-07-17 17:30:00,AIML Department,3.78,28.97,7.66,Normal,17,4,0,28.9548,0.015200000000000102,1
2026-07-30 22:00:00,Electronics Department,5.14,25.65,4.99,Normal,22,3,0,25.6486,0.00140000000000029,6
2026-08-21 17:10:00,CSE Department,2.95,11.47,3.89,Normal,17,4,0,11.4755,0.005499999999999616,4
2026-08-20 09:50:00,BT Department,5.2,26.49,5.09,Normal,9,3,0,26.468,0.021999999999998465,2
2026-07-27 06:50:00,Electronics Department,10.04,211.13,21.03,Suspicious,6,0,0,211.1412,0.01120000000000232,6
2026-08-04 14:40:00,CSE Department,11.95,343.11,28.71,Suspicious,14,1,0,343.0845,0.025500000000022283,4
2026-08-08 16:30:00,HOD Department,3.6,17.84,4.95,Normal,16,5,1,17.82,0.019999999999999574,7
2026-08-08 22:00:00,CSE Department,4.66,16.22,3.48,Normal,22,5,1,16.2168,0.0031999999999996476,4
2026-07-09 11:10:00,Physics Lab,27.38,899.83,32.87,Critical,11,3,0,899.9805999999999,0.15059999999982665,11
2026-08-21 18:00:00,HOD Department,9.3,137.95,14.84,Suspicious,18,4,0,138.012,0.06200000000001182,7
2026-07-11 05:00:00,Biotech Department,3.97,4.01,1.01,Normal,5,5,1,4.0097000000000005,0.0002999999999993008,3
2026-08-20 04:40:00,Physics Lab,6.24,7.36,1.18,Normal,4,3,0,7.3632,0.0031999999999996476,11
2026-08-19 06:10:00,BT Department,9.83,205.98,20.95,Suspicious,6,2,0,205.9385,0.04149999999998499,2
2026-08-06 20:50:00,Chemistry Lab,5.13,12.1,2.36,Normal,20,3,0,12.1068,0.006800000000000139,5
2026-07-07 09:40:00,BT Department,4.09,21.75,5.32,Normal,9,1,0,21.7588,0.008800000000000807,2
2026-07-17 06:50:00,Electronics Department,3.77,24.67,6.54,Normal,6,4,0,24.6558,0.014200000000002433,6
2026-07-19 16:30:00,AIML Department,5.3,32.1,6.05,Normal,16,6,1,32.065,0.035000000000003695,1
2026-08-18 11:50:00,Biotech Department,6.54,19.11,2.92,Normal,11,1,0,19.096799999999998,0.01320000000000121,3
2026-07-07 04:00:00,New Seminar Hall,5.38,35.15,6.54,Normal,4,1,0,35.1852,0.03520000000000323,10
2026-07-05 08:50:00,HOD Department,7.62,154.46,20.26,Suspicious,8,6,1,154.3812,0.07880000000000109,7
2026-07-02 18:00:00,HOD Department,2.85,22.55,7.92,Normal,18,3,0,22.572,0.021999999999998465,7
2026-07-12 17:30:00,Chemistry Lab,5.05,27.64,5.48,Normal,17,6,1,27.674,0.03399999999999892,5
2026-07-15 07:40:00,Biotech Department,4.68,14.04,3.0,Normal,7,2,0,14.04,0.0,3
2026-07-23 22:10:00,Physics Lab,6.87,47.75,6.95,Normal,22,3,0,47.746500000000005,0.0034999999999953957,11
2026-08-19 07:30:00,CSE Department,3.76,31.3,8.31,Normal,7,2,0,31.2456,0.054400000000001114,4
2026-07-07 14:50:00,Biotech Department,7.55,53.13,7.04,Normal,14,1,0,53.152,0.021999999999998465,3
2026-07-05 17:10:00,BT Department,4.76,39.07,8.2,Normal,17,6,1,39.032,0.03800000000000381,2
2026-08-09 18:40:00,Mechanical Lab,6.75,39.2,5.81,Normal,18,6,1,39.217499999999994,0.01749999999999119,9
2026-08-17 10:30:00,AI Lab,11.53,256.31,22.23,Suspicious,10,0,0,256.3119,0.0018999999999778083,0
2026-07-15 01:00:00,Biotech Department,5.07,48.06,9.48,Normal,1,2,0,48.06360000000001,0.0036000000000058208,3
2026-07-02 11:00:00,New Seminar Hall,5.95,25.4,4.27,Normal,11,3,0,25.406499999999998,0.006499999999999062,10
2026-08-08 07:00:00,CSE Department,3.34,23.61,7.08,Normal,7,5,1,23.647199999999998,0.03719999999999857,4
2026-08-20 06:00:00,New Seminar Hall,7.48,54.26,7.26,Normal,6,3,0,54.3048,0.04480000000000217,10
2026-08-05 17:30:00,Physics Lab,5.66,46.25,8.17,Normal,17,2,0,46.242200000000004,0.007799999999996032,11
2026-08-03 01:30:00,Electronics Department,5.29,8.52,1.61,Normal,1,0,0,8.5169,0.0030999999999998806,6
2026-07-07 09:50:00,AIML Department,11.88,200.56,16.89,Suspicious,9,1,0,200.65320000000003,0.09320000000002437,1
2026-07-11 06:30:00,AI Lab,6.69,34.45,5.15,Normal,6,5,1,34.453500000000005,0.003500000000002501,0
2026-08-02 13:50:00,Chemistry Lab,6.16,21.05,3.42,Normal,13,6,1,21.0672,0.017199999999998994,5
2026-08-17 03:20:00,AI Lab,5.47,10.34,1.89,Normal,3,0,0,10.338299999999998,0.001700000000001367,0
2026-08-05 01:50:00,IT Department,6.32,51.27,8.11,Normal,1,2,0,51.2552,0.014800000000001035,8
2026-08-07 23:10:00,New Seminar Hall,5.32,20.28,3.81,Normal,23,4,0,20.2692,0.010799999999999699,10
2026-07-21 04:00:00,Chemistry Lab,4.13,14.92,3.61,Normal,4,1,0,14.909299999999998,0.010700000000001708,5
2026-07-14 06:10:00,Mechanical Lab,5.04,25.48,5.06,Normal,6,1,0,25.502399999999998,0.022399999999997533,9
2026-07-19 19:10:00,Electronics Department,3.38,14.48,4.28,Normal,19,6,1,14.4664,0.013600000000000279,6
2026-07-24 20:00:00,New Seminar Hall,7.1,27.69,3.9,Normal,20,4,0,27.689999999999998,3.552713678800501e-15,10
2026-08-21 08:00:00,Mechanical Lab,4.73,36.75,7.77,Normal,8,4,0,36.7521,0.0020999999999986585,9
2026-08-23 12:40:00,HOD Department,4.15,22.51,5.43,Normal,12,6,1,22.5345,0.024499999999999744,7
2026-08-16 14:20:00,AI Lab,6.0,40.72,6.78,Normal,14,6,1,40.68,0.03999999999999915,0
2026-08-03 04:50:00,Electronics Department,5.52,44.93,8.14,Normal,4,0,0,44.9328,0.00280000000000058,6
2026-07-24 11:10:00,CSE Department,1.38,5.0,3.63,Normal,11,4,0,5.009399999999999,0.009399999999999409,4
2026-08-23 15:20:00,Electronics Department,5.58,6.15,1.1,Normal,15,6,1,6.138000000000001,0.011999999999999567,6
2026-08-12 03:50:00,Electronics Department,5.02,17.59,3.5,Normal,3,2,0,17.57,0.019999999999999574,6
2026-08-09 02:30:00,Physics Lab,6.67,41.44,6.22,Normal,2,6,1,41.4874,0.04740000000000322,11
2026-07-15 21:20:00,Physics Lab,4.36,22.08,5.07,Normal,21,2,0,22.105200000000004,0.025200000000005218,11
2026-07-15 05:50:00,IT Department,4.16,39.77,9.56,Normal,5,2,0,39.769600000000004,0.00039999999999906777,8
2026-08-08 16:10:00,AI Lab,10.86,182.1,16.78,Suspicious,16,5,1,182.23080000000002,0.130800000000022,0
2026-07-05 03:00:00,CSE Department,6.03,12.3,2.04,Normal,3,6,1,12.301200000000001,0.001200000000000756,4
2026-07-11 09:30:00,Chemistry Lab,5.56,29.18,5.25,Normal,9,5,1,29.189999999999998,0.00999999999999801,5
2026-08-08 21:00:00,AI Lab,6.71,41.15,6.14,Normal,21,5,1,41.1994,0.049399999999998556,0
2026-07-19 11:00:00,Electronics Department,5.41,40.47,7.48,Normal,11,6,1,40.466800000000006,0.003199999999992542,6
2026-07-14 12:40:00,Chemistry Lab,7.2,33.55,4.66,Normal,12,1,0,33.552,0.0020000000000024443,5
2026-08-14 03:10:00,Electronics Department,5.43,39.93,7.36,Normal,3,4,0,39.9648,0.034799999999997056,6
2026-07-20 11:30:00,Physics Lab,15.2,423.55,27.87,Suspicious,11,0,0,423.624,0.07400000000001228,11
2026-07-14 10:10:00,CSE Department,3.51,22.29,6.34,Normal,10,1,0,22.2534,0.036599999999999966,4
2026-08-23 23:50:00,Chemistry Lab,7.27,46.71,6.42,Normal,23,6,1,46.673399999999994,0.03660000000000707,5
2026-07-15 21:30:00,Physics Lab,7.21,17.4,2.41,Normal,21,2,0,17.3761,0.02389999999999759,11
2026-08-18 16:30:00,Chemistry Lab,7.56,27.57,3.65,Normal,16,1,0,27.593999999999998,0.023999999999997357,5
2026-08-20 05:50:00,Biotech Department,15.0,363.14,24.21,Suspicious,5,3,0,363.15000000000003,0.010000000000047748,3
2026-07-07 03:20:00,BT Department,3.92,35.34,9.02,Normal,3,1,0,35.358399999999996,0.018399999999992644,2
2026-07-25 10:30:00,HOD Department,3.25,3.28,1.01,Normal,10,5,1,3.2825,0.002500000000000391,7
2026-08-02 22:50:00,AI Lab,4.45,34.98,7.87,Normal,22,6,1,35.0215,0.04150000000000631,0
2026-08-14 13:10:00,AI Lab,5.4,45.12,8.35,Normal,13,4,0,45.09,0.02999999999999403,0
2026-07-16 09:50:00,AIML Department,12.34,416.74,33.78,Critical,9,3,0,416.84520000000003,0.10520000000002483,1
2026-08-18 02:30:00,Mechanical Lab,6.97,63.89,9.17,Normal,2,1,0,63.914899999999996,0.02489999999999526,9
2026-08-17 15:40:00,New Seminar Hall,6.18,43.43,7.02,Normal,15,0,0,43.383599999999994,0.04640000000000555,10
2026-07-04 02:20:00,CSE Department,2.97,18.38,6.18,Normal,2,5,1,18.3546,0.025399999999997647,4
2026-07-15 07:00:00,Mechanical Lab,6.54,45.79,7.0,Normal,7,2,0,45.78,0.00999999999999801,9
2026-08-23 16:00:00,BT Department,7.12,68.99,9.68,Normal,16,6,1,68.9216,0.06839999999999691,2
2026-07-10 05:50:00,New Seminar Hall,5.07,26.13,5.16,Normal,5,4,0,26.1612,0.031200000000001893,10
2026-08-09 13:00:00,Electronics Department,10.81,135.08,12.5,Suspicious,13,6,1,135.125,0.044999999999987494,6
2026-08-10 23:20:00,AIML Department,3.26,5.19,1.59,Normal,23,0,0,5.1834,0.006600000000000605,1
2026-07-30 21:20:00,Chemistry Lab,5.71,33.59,5.89,Normal,21,3,0,33.631899999999995,0.04189999999999117,5
2026-07-14 02:00:00,Chemistry Lab,4.07,21.91,5.38,Normal,2,1,0,21.8966,0.013400000000000745,5
2026-07-08 09:50:00,Biotech Department,16.12,565.53,35.07,Critical,9,2,0,565.3284,0.2015999999999849,3
2026-07-10 13:00:00,HOD Department,3.65,32.7,8.96,Normal,13,4,0,32.704,0.003999999999997783,7
2026-08-05 02:20:00,Biotech Department,15.13,1267.02,83.74,Critical,2,2,0,1266.9862,0.03379999999992833,3
2026-07-04 15:10:00,BT Department,4.72,15.01,3.18,Normal,15,5,1,15.0096,0.00039999999999906777,2
2026-07-20 20:20:00,AI Lab,6.53,49.05,7.51,Normal,20,0,0,49.0403,0.009699999999995157,0
2026-08-12 02:00:00,BT Department,3.94,24.0,6.09,Normal,2,2,0,23.9946,0.005400000000001626,2
2026-07-12 19:10:00,BT Department,4.42,38.67,8.75,Normal,19,6,1,38.675,0.0049999999999954525,2
2026-08-21 21:00:00,AI Lab,4.74,24.35,5.13,Normal,21,4,0,24.316200000000002,0.033799999999999386,0
2026-08-17 20:00:00,Electronics Department,5.86,12.01,2.05,Normal,20,0,0,12.013,0.0030000000000001137,6
2026-07-18 21:20:00,HOD Department,9.73,205.4,21.11,Suspicious,21,5,1,205.40030000000002,0.00030000000000995897,7
2026-07-09 17:00:00,AI Lab,5.29,15.5,2.93,Normal,17,3,0,15.4997,0.0002999999999993008,0
2026-08-06 11:40:00,Chemistry Lab,4.19,37.11,8.86,Normal,11,3,0,37.123400000000004,0.013400000000004297,5
2026-08-19 13:30:00,New Seminar Hall,3.07,18.59,6.05,Normal,13,2,0,18.5735,0.016500000000000625,10
2026-08-13 02:30:00,Biotech Department,5.14,11.59,2.26,Normal,2,3,0,11.616399999999999,0.02639999999999887,3
2026-08-07 19:40:00,New Seminar Hall,26.55,1508.55,56.81,Critical,19,4,0,1508.3055000000002,0.244499999999789,10
2026-07-07 08:30:00,CSE Department,3.89,31.22,8.03,Normal,8,1,0,31.2367,0.01670000000000016,4
2026-07-21 23:40:00,Physics Lab,4.75,20.91,4.41,Normal,23,1,0,20.9475,0.03750000000000142,11
2026-07-05 02:10:00,Chemistry Lab,5.88,41.88,7.12,Normal,2,6,1,41.8656,0.014400000000001967,5
2026-07-09 04:40:00,HOD Department,6.58,94.43,14.34,Suspicious,4,3,0,94.3572,0.07280000000000086,7
2026-08-24 03:00:00,Physics Lab,5.58,28.79,5.16,Normal,3,0,0,28.7928,0.00280000000000058,11
2026-08-20 08:30:00,BT Department,5.16,12.01,2.33,Normal,8,3,0,12.0228,0.012800000000000367,2
2026-07-24 21:00:00,BT Department,6.42,19.63,3.06,Normal,21,4,0,19.6452,0.015200000000000102,2
2026-08-10 07:40:00,Physics Lab,4.62,24.47,5.3,Normal,7,0,0,24.486,0.01600000000000179,11
2026-07-21 21:40:00,Physics Lab,5.07,17.55,3.46,Normal,21,1,0,17.5422,0.007799999999999585,11
2026-07-30 04:30:00,New Seminar Hall,5.63,45.83,8.14,Normal,4,3,0,45.8282,0.001799999999995805,10
2026-07-23 23:10:00,BT Department,5.47,34.45,6.3,Normal,23,3,0,34.461,0.01099999999999568,2
2026-08-06 10:40:00,CSE Department,2.91,21.63,7.43,Normal,10,3,0,21.6213,0.008699999999997488,4
2026-08-25 04:00:00,BT Department,6.53,52.75,8.08,Normal,4,1,0,52.7624,0.012399999999999523,2
2026-07-19 06:30:00,Physics Lab,5.73,19.8,3.45,Normal,6,6,1,19.768500000000003,0.03149999999999764,11
2026-07-20 20:50:00,AIML Department,2.78,8.63,3.11,Normal,20,0,0,8.6458,0.015799999999998704,1
2026-08-13 11:10:00,Mechanical Lab,6.7,31.22,4.66,Normal,11,3,0,31.222,0.0020000000000024443,9
2026-08-18 12:00:00,HOD Department,2.77,19.18,6.93,Normal,12,1,0,19.196099999999998,0.016099999999998005,7
2026-08-08 14:50:00,Mechanical Lab,5.14,9.66,1.88,Normal,14,5,1,9.663199999999998,0.003199999999997871,9
2026-07-26 05:40:00,Chemistry Lab,26.54,1571.44,59.21,Critical,5,6,1,1571.4334,0.006600000000162254,5
2026-08-18 01:50:00,New Seminar Hall,11.23,236.98,21.1,Suspicious,1,1,0,236.95300000000003,0.02699999999995839,10
2026-08-06 17:30:00,New Seminar Hall,4.36,11.45,2.63,Normal,17,3,0,11.466800000000001,0.016800000000001702,10
2026-08-17 15:00:00,Physics Lab,5.62,29.77,5.3,Normal,15,0,0,29.785999999999998,0.015999999999998238,11
2026-07-19 14:20:00,BT Department,3.72,8.06,2.17,Normal,14,6,1,8.0724,0.012399999999999523,2
2026-08-14 20:20:00,Biotech Department,4.24,14.72,3.48,Normal,20,4,0,14.7552,0.035199999999999676,3
2026-08-05 19:00:00,Physics Lab,5.45,43.08,7.91,Normal,19,2,0,43.109500000000004,0.029500000000005855,11
2026-07-08 20:00:00,Chemistry Lab,4.91,21.84,4.45,Normal,20,2,0,21.849500000000003,0.009500000000002728,5
2026-07-31 01:50:00,Chemistry Lab,22.79,1841.29,80.81,Critical,1,4,0,1841.6598999999999,0.36989999999991596,5
2026-07-15 19:30:00,BT Department,12.45,371.28,29.82,Suspicious,19,2,0,371.25899999999996,0.021000000000015007,2
2026-07-18 08:40:00,Biotech Department,6.0,7.69,1.28,Normal,8,5,1,7.68,0.010000000000000675,3
2026-08-04 19:40:00,Biotech Department,5.74,35.1,6.12,Normal,19,1,0,35.128800000000005,0.028800000000003934,3
2026-07-15 09:10:00,BT Department,18.71,718.55,38.4,Critical,9,2,0,718.464,0.08599999999989905,2
2026-08-10 17:10:00,Electronics Department,3.25,20.58,6.34,Normal,17,0,0,20.605,0.02500000000000213,6
2026-08-13 01:10:00,New Seminar Hall,6.85,51.93,7.58,Normal,1,3,0,51.922999999999995,0.007000000000005002,10
2026-07-02 21:40:00,New Seminar Hall,4.73,9.1,1.93,Normal,21,3,0,9.1289,0.028900000000000148,10
2026-07-08 08:50:00,AIML Department,3.21,3.57,1.11,Normal,8,2,0,3.5631000000000004,0.006899999999999462,1
2026-07-14 17:30:00,AIML Department,3.51,26.84,7.64,Normal,17,1,0,26.816399999999998,0.02360000000000184,1
2026-08-09 13:40:00,New Seminar Hall,4.6,39.2,8.52,Normal,13,6,1,39.19199999999999,0.008000000000009777,10
2026-07-11 02:00:00,Electronics Department,3.72,14.65,3.94,Normal,2,5,1,14.6568,0.006800000000000139,6
2026-07-16 11:10:00,AIML Department,3.88,10.73,2.76,Normal,11,3,0,10.708799999999998,0.021200000000002106,1
2026-07-06 04:10:00,HOD Department,4.01,16.42,4.1,Normal,4,0,0,16.441,0.020999999999997243,7
2026-07-09 03:20:00,IT Department,2.92,6.4,2.19,Normal,3,3,0,6.3948,0.0052000000000003155,8
2026-07-28 09:10:00,AI Lab,5.66,53.73,9.49,Normal,9,1,0,53.7134,0.01659999999999684,0
2026-07-13 16:20:00,Biotech Department,21.52,1493.97,69.41,Critical,16,0,0,1493.7032,0.26680000000010295,3
2026-08-05 20:00:00,HOD Department,3.47,5.57,1.61,Normal,20,2,0,5.5867,0.01670000000000016,7
2026-07-19 15:00:00,Physics Lab,6.29,21.07,3.35,Normal,15,6,1,21.0715,0.0015000000000000568,11
2026-07-25 13:30:00,AI Lab,5.15,11.88,2.31,Normal,13,5,1,11.896500000000001,0.016500000000000625,0
2026-07-08 12:50:00,Electronics Department,4.92,44.79,9.09,Normal,12,2,0,44.7228,0.0671999999999997,6
2026-07-17 00:00:00,AI Lab,4.03,11.28,2.8,Normal,0,4,0,11.284,0.004000000000001336,0
2026-08-07 13:30:00,Mechanical Lab,6.95,62.62,9.0,Normal,13,4,0,62.550000000000004,0.06999999999999318,9
2026-08-25 05:20:00,BT Department,4.28,9.82,2.29,Normal,5,1,0,9.801200000000001,0.018799999999998818,2
2026-07-03 12:10:00,Biotech Department,3.51,18.96,5.41,Normal,12,4,0,18.9891,0.02909999999999968,3
2026-07-19 17:30:00,CSE Department,2.63,4.25,1.62,Normal,17,6,1,4.2606,0.010600000000000165,4
2026-07-17 04:10:00,New Seminar Hall,14.52,174.12,11.99,Suspicious,4,4,0,174.0948,0.025200000000012324,10
2026-08-24 08:20:00,AIML Department,9.18,255.07,27.78,Suspicious,8,0,0,255.0204,0.04959999999999809,1
2026-07-19 00:30:00,AI Lab,4.03,37.22,9.24,Normal,0,6,1,37.2372,0.017200000000002547,0
2026-07-16 07:50:00,AIML Department,7.86,218.42,27.79,Suspicious,7,3,0,218.42940000000002,0.00940000000002783,1
2026-07-23 02:50:00,Physics Lab,5.07,50.26,9.91,Normal,2,3,0,50.243700000000004,0.016299999999993986,11
2026-08-16 12:50:00,Chemistry Lab,5.83,23.5,4.03,Normal,12,6,1,23.4949,0.005099999999998772,5
2026-07-28 21:10:00,BT Department,5.59,19.08,3.41,Normal,21,1,0,19.0619,0.018099999999996896,2
2026-07-11 06:00:00,Biotech Department,5.16,35.35,6.85,Normal,6,5,1,35.346,0.0040000000000048885,3
2026-08-09 19:10:00,Chemistry Lab,6.3,49.69,7.89,Normal,19,6,1,49.706999999999994,0.016999999999995907,5
2026-07-18 20:00:00,Electronics Department,5.38,31.69,5.89,Normal,20,5,1,31.6882,0.0018000000000029104,6
2026-08-06 02:00:00,CSE Department,13.83,1091.52,78.93,Critical,2,3,0,1091.6019000000001,0.08190000000013242,4
2026-08-24 21:10:00,Electronics Department,4.73,18.01,3.81,Normal,21,0,0,18.021300000000004,0.011300000000002086,6
2026-08-11 10:40:00,Physics Lab,26.66,1263.45,47.4,Critical,10,1,0,1263.684,0.2339999999999236,11
2026-07-04 10:40:00,Mechanical Lab,11.07,219.7,19.85,Suspicious,10,5,1,219.73950000000002,0.03950000000003229,9
2026-08-05 10:20:00,Physics Lab,3.38,28.91,8.55,Normal,10,2,0,28.899,0.010999999999999233,11
2026-07-10 06:00:00,CSE Department,3.44,4.52,1.32,Normal,6,4,0,4.5408,0.020800000000000374,4
2026-07-27 05:10:00,Physics Lab,6.23,15.14,2.43,Normal,5,0,0,15.138900000000001,0.0010999999999992127,11
2026-07-03 20:10:00,CSE Department,4.18,18.1,4.33,Normal,20,4,0,18.0994,0.0006000000000021544,4
2026-08-22 02:40:00,Physics Lab,2.81,21.54,7.68,Normal,2,5,1,21.5808,0.040800000000000836,11
2026-08-14 15:10:00,Electronics Department,5.25,49.63,9.46,Normal,15,4,0,49.665000000000006,0.035000000000003695,6
2026-07-18 10:00:00,AI Lab,4.45,5.6,1.26,Normal,10,5,1,5.607,0.007000000000000561,0
2026-07-01 11:40:00,Biotech Department,15.79,942.07,59.64,Critical,11,2,0,941.7156,0.3544000000000551,3
2026-07-15 16:20:00,Biotech Department,5.95,10.67,1.79,Normal,16,2,0,10.650500000000001,0.019499999999998963,3
2026-07-12 19:30:00,Physics Lab,5.01,33.2,6.63,Normal,19,6,1,33.2163,0.016299999999993986,11
2026-07-06 05:00:00,Physics Lab,5.48,9.14,1.67,Normal,5,0,0,9.1516,0.01159999999999961,11
2026-08-21 10:00:00,BT Department,5.89,38.27,6.5,Normal,10,4,0,38.285,0.014999999999993463,2
2026-07-20 09:10:00,AI Lab,5.74,6.67,1.16,Normal,9,0,0,6.658399999999999,0.011600000000000499,0
2026-07-10 21:20:00,AI Lab,5.46,17.49,3.21,Normal,21,4,0,17.5266,0.036599999999999966,0
2026-08-18 00:20:00,New Seminar Hall,7.76,30.82,3.97,Normal,0,1,0,30.8072,0.01279999999999859,10
2026-07-18 11:20:00,New Seminar Hall,5.89,16.0,2.72,Normal,11,5,1,16.0208,0.020800000000001262,10
2026-07-27 09:40:00,HOD Department,2.99,6.63,2.22,Normal,9,0,0,6.637800000000001,0.007800000000001361,7
2026-07-17 11:30:00,New Seminar Hall,6.78,56.27,8.29,Normal,11,4,0,56.206199999999995,0.06380000000000763,10
2026-07-04 12:40:00,Physics Lab,4.85,37.89,7.81,Normal,12,5,1,37.878499999999995,0.011500000000005173,11
2026-07-30 09:10:00,AIML Department,2.94,24.07,8.18,Normal,9,3,0,24.0492,0.020800000000001262,1
2026-07-29 16:20:00,Biotech Department,4.79,10.32,2.15,Normal,16,2,0,10.298499999999999,0.021500000000001407,3
2026-07-11 15:40:00,AI Lab,3.74,25.53,6.83,Normal,15,5,1,25.5442,0.01419999999999888,0
2026-07-26 21:00:00,AIML Department,6.15,41.78,6.79,Normal,21,6,1,41.758500000000005,0.021499999999996078,1
2026-07-03 07:00:00,IT Department,4.27,21.39,5.01,Normal,7,4,0,21.392699999999998,0.00269999999999726,8
2026-08-01 23:40:00,Electronics Department,3.86,33.06,8.56,Normal,23,5,1,33.0416,0.01839999999999975,6
2026-07-31 06:00:00,IT Department,4.98,13.36,2.68,Normal,6,4,0,13.346400000000003,0.013599999999996726,8
2026-08-04 02:50:00,AI Lab,6.04,49.79,8.24,Normal,2,1,0,49.769600000000004,0.02039999999999509,0
2026-07-25 21:30:00,CSE Department,2.9,20.25,6.98,Normal,21,5,1,20.242,0.007999999999999119,4
2026-08-09 10:10:00,IT Department,5.71,20.78,3.64,Normal,10,6,1,20.7844,0.004400000000000404,8
2026-07-19 06:10:00,IT Department,3.51,4.45,1.27,Normal,6,6,1,4.4577,0.007699999999999818,8
2026-07-10 20:00:00,IT Department,5.17,5.33,1.03,Normal,20,4,0,5.3251,0.0049000000000001265,8
2026-08-20 10:50:00,Mechanical Lab,5.06,17.94,3.54,Normal,10,3,0,17.912399999999998,0.027600000000003178,9
2026-08-07 15:50:00,AI Lab,5.25,11.08,2.11,Normal,15,4,0,11.077499999999999,0.002500000000001279,0
2026-07-05 11:30:00,IT Department,2.43,22.52,9.26,Normal,11,6,1,22.5018,0.018200000000000216,8
2026-07-31 13:10:00,IT Department,4.84,5.2,1.07,Normal,13,4,0,5.1788,0.02120000000000033,8
2026-08-15 11:40:00,Biotech Department,16.27,676.52,41.58,Critical,11,5,1,676.5065999999999,0.01340000000004693,3
2026-08-03 09:00:00,CSE Department,5.26,38.35,7.29,Normal,9,0,0,38.3454,0.00460000000000349,4
2026-08-25 11:00:00,Mechanical Lab,24.25,888.73,36.64,Critical,11,1,0,888.52,0.21000000000003638,9
2026-08-22 15:50:00,Physics Lab,4.8,11.59,2.41,Normal,15,5,1,11.568,0.02200000000000024,11
2026-08-22 00:10:00,IT Department,5.56,14.77,2.65,Normal,0,5,1,14.733999999999998,0.036000000000001364,8
2026-07-25 10:00:00,Biotech Department,5.75,23.46,4.08,Normal,10,5,1,23.46,0.0,3
2026-08-05 21:10:00,BT Department,6.4,62.64,9.79,Normal,21,2,0,62.656,0.015999999999998238,2
2026-07-22 02:20:00,New Seminar Hall,5.07,29.44,5.8,Normal,2,2,0,29.406000000000002,0.03399999999999892,10
2026-08-19 18:40:00,Chemistry Lab,7.16,37.08,5.18,Normal,18,2,0,37.0888,0.008800000000000807,5
2026-08-24 19:00:00,IT Department,3.93,7.58,1.93,Normal,19,0,0,7.5849,0.0049000000000001265,8
2026-07-19 00:00:00,Physics Lab,11.4,206.79,18.13,Suspicious,0,6,1,206.682,0.10800000000000409,11
2026-08-11 16:00:00,Chemistry Lab,12.91,150.06,11.62,Suspicious,16,1,0,150.0142,0.04580000000001405,5
2026-08-22 16:40:00,CSE Department,4.67,40.51,8.67,Normal,16,5,1,40.4889,0.02109999999999701,4
2026-07-29 13:40:00,Physics Lab,5.02,26.86,5.35,Normal,13,2,0,26.856999999999996,0.0030000000000036664,11
2026-07-29 00:40:00,CSE Department,3.76,21.31,5.67,Normal,0,2,0,21.3192,0.009199999999999875,4
2026-08-23 23:10:00,Mechanical Lab,5.72,51.68,9.03,Normal,23,6,1,51.651599999999995,0.028400000000004866,9
2026-07-06 02:10:00,Electronics Department,12.92,258.97,20.04,Suspicious,2,0,0,258.91679999999997,0.053200000000060754,6
2026-08-05 19:40:00,CSE Department,9.77,136.41,13.96,Suspicious,19,2,0,136.3892,0.020800000000008367,4
2026-07-23 20:30:00,Mechanical Lab,5.04,18.47,3.66,Normal,20,3,0,18.4464,0.02359999999999829,9
2026-08-23 06:40:00,HOD Department,3.55,14.27,4.02,Normal,6,6,1,14.270999999999997,0.0009999999999976694,7
2026-07-29 16:30:00,CSE Department,4.78,14.41,3.01,Normal,16,2,0,14.3878,0.022199999999999775,4
2026-07-21 00:50:00,Physics Lab,6.07,60.57,9.98,Normal,0,1,0,60.57860000000001,0.008600000000008379,11
2026-07-27 00:10:00,IT Department,3.16,6.08,1.93,Normal,0,0,0,6.0988,0.018799999999999706,8
2026-08-04 15:30:00,IT Department,3.99,38.08,9.54,Normal,15,1,0,38.0646,0.015399999999999636,8
2026-08-19 01:20:00,HOD Department,3.63,5.33,1.47,Normal,1,2,0,5.3361,0.006099999999999994,7
2026-07-29 09:20:00,Mechanical Lab,8.94,70.23,7.86,Normal,9,2,0,70.2684,0.03839999999999577,9
2026-07-16 19:40:00,CSE Department,2.48,23.67,9.55,Normal,19,3,0,23.684,0.013999999999999346,4
2026-08-10 21:50:00,IT Department,3.4,24.92,7.34,Normal,21,0,0,24.956,0.03599999999999781,8
2026-07-17 10:40:00,HOD Department,3.06,19.61,6.41,Normal,10,4,0,19.6146,0.0045999999999999375,7
2026-08-04 05:00:00,New Seminar Hall,6.42,13.29,2.07,Normal,5,1,0,13.289399999999999,0.000600000000000378,10
2026-07-04 22:50:00,Physics Lab,4.68,31.58,6.75,Normal,22,5,1,31.589999999999996,0.00999999999999801,11
2026-07-04 23:00:00,CSE Department,4.82,19.18,3.98,Normal,23,5,1,19.183600000000002,0.003600000000002268,4
2026-08-13 17:40:00,Biotech Department,5.38,48.8,9.07,Normal,17,3,0,48.7966,0.0033999999999991815,3
2026-08-15 01:40:00,Mechanical Lab,6.64,46.25,6.96,Normal,1,5,1,46.2144,0.035600000000002296,9
2026-08-25 01:50:00,AIML Department,4.6,41.19,8.95,Normal,1,1,0,41.169999999999995,0.020000000000003126,1
2026-08-12 06:50:00,Chemistry Lab,5.11,25.43,4.98,Normal,6,2,0,25.447800000000004,0.0178000000000047,5
2026-07-06 18:00:00,Chemistry Lab,6.4,34.46,5.39,Normal,18,0,0,34.496,0.036000000000001364,5
2026-08-13 19:30:00,CSE Department,5.76,27.21,4.72,Normal,19,3,0,27.187199999999997,0.022800000000003706,4
2026-08-08 00:20:00,Mechanical Lab,6.81,47.8,7.02,Normal,0,5,1,47.8062,0.006199999999999761,9
2026-07-05 20:30:00,Physics Lab,27.16,1834.25,67.54,Critical,20,6,1,1834.3864,0.13640000000009422,11
2026-08-11 19:20:00,HOD Department,3.1,23.82,7.68,Normal,19,1,0,23.808,0.012000000000000455,7
2026-07-16 14:00:00,AI Lab,4.84,47.26,9.76,Normal,14,3,0,47.2384,0.021599999999999397,0
2026-07-03 21:30:00,AI Lab,17.48,633.31,36.24,Critical,21,4,0,633.4752000000001,0.1652000000001408,0
2026-08-06 19:10:00,HOD Department,6.71,173.03,25.79,Suspicious,19,3,0,173.05089999999998,0.020899999999983265,7
2026-07-30 14:20:00,Chemistry Lab,4.78,35.12,7.35,Normal,14,3,0,35.133,0.01300000000000523,5
2026-07-03 22:50:00,Electronics Department,8.17,138.8,16.98,Suspicious,22,4,0,138.7266,0.07340000000002078,6
2026-08-23 14:50:00,CSE Department,6.08,37.77,6.21,Normal,14,6,1,37.7568,0.013200000000004763,4
2026-07-16 17:20:00,Chemistry Lab,5.37,47.95,8.93,Normal,17,3,0,47.9541,0.004099999999993997,5
2026-08-12 15:50:00,Mechanical Lab,6.67,53.55,8.03,Normal,15,2,0,53.5601,0.01010000000000133,9
2026-07-12 12:50:00,BT Department,5.91,38.18,6.46,Normal,12,6,1,38.1786,0.0013999999999967372,2
2026-08-20 04:50:00,AIML Department,1.65,2.55,1.54,Normal,4,3,0,2.541,0.008999999999999897,1
2026-07-26 13:20:00,Chemistry Lab,5.08,38.98,7.68,Normal,13,6,1,39.0144,0.03440000000000509,5
2026-07-08 00:20:00,Mechanical Lab,5.7,10.55,1.85,Normal,0,2,0,10.545000000000002,0.004999999999999005,9
2026-08-20 08:10:00,CSE Department,3.51,28.47,8.12,Normal,8,3,0,28.501199999999997,0.03119999999999834,4
2026-08-22 10:50:00,Physics Lab,5.79,11.8,2.04,Normal,10,5,1,11.8116,0.01159999999999961,11
2026-08-12 16:50:00,Chemistry Lab,5.94,34.44,5.8,Normal,16,2,0,34.452,0.012000000000000455,5
2026-08-08 00:30:00,BT Department,5.58,39.05,7.0,Normal,0,5,1,39.06,0.010000000000005116,2
2026-07-03 19:50:00,Electronics Department,2.67,8.65,3.24,Normal,19,4,0,8.6508,0.0007999999999999119,6
2026-07-27 23:50:00,BT Department,8.21,11.21,1.37,Normal,23,0,0,11.247700000000002,0.037700000000000955,2
2026-08-20 09:40:00,BT Department,3.03,3.29,1.09,Normal,9,3,0,3.3027,0.012700000000000156,2
2026-07-09 23:40:00,Chemistry Lab,8.44,51.62,6.12,Normal,23,3,0,51.6528,0.03280000000000172,5
2026-08-09 03:00:00,CSE Department,3.39,32.63,9.63,Normal,3,6,1,32.645700000000005,0.01570000000000249,4
2026-08-05 15:50:00,Biotech Department,7.38,65.55,8.89,Normal,15,2,0,65.6082,0.05819999999999936,3
2026-07-26 23:40:00,Chemistry Lab,10.52,176.53,16.79,Suspicious,23,6,1,176.6308,0.10079999999999245,5
2026-08-17 06:20:00,Physics Lab,2.99,25.87,8.65,Normal,6,0,0,25.863500000000002,0.006499999999999062,11
2026-07-19 03:50:00,Mechanical Lab,9.39,25.78,2.75,Normal,3,6,1,25.8225,0.042500000000000426,9
2026-07-25 02:30:00,AI Lab,3.86,4.28,1.11,Normal,2,5,1,4.2846,0.0045999999999999375,0
2026-07-15 11:30:00,AIML Department,2.52,23.42,9.28,Normal,11,2,0,23.3856,0.03440000000000154,1
2026-07-06 16:40:00,CSE Department,4.19,29.15,6.96,Normal,16,0,0,29.1624,0.012400000000003075,4
2026-08-21 09:10:00,AIML Department,3.83,19.05,4.98,Normal,9,4,0,19.073400000000003,0.023400000000002308,1
2026-07-26 01:40:00,AIML Department,2.17,12.2,5.63,Normal,1,6,1,12.217099999999999,0.017099999999999227,1
2026-08-22 21:20:00,Physics Lab,5.49,31.2,5.68,Normal,21,5,1,31.1832,0.016799999999999926,11
2026-08-21 02:50:00,Chemistry Lab,5.69,46.47,8.16,Normal,2,4,0,46.430400000000006,0.039599999999992974,5
2026-08-07 03:20:00,CSE Department,4.86,33.34,6.86,Normal,3,4,0,33.339600000000004,0.00039999999999906777,4
2026-08-01 19:10:00,IT Department,2.85,24.43,8.57,Normal,19,5,1,24.424500000000002,0.00549999999999784,8
2026-07-12 23:00:00,Chemistry Lab,7.0,41.43,5.92,Normal,23,6,1,41.44,0.00999999999999801,5
2026-07-03 20:50:00,BT Department,10.86,221.63,20.42,Suspicious,20,4,0,221.7612,0.13120000000000687,2
2026-08-06 20:40:00,Physics Lab,4.92,29.24,5.95,Normal,20,3,0,29.274,0.03400000000000247,11
2026-08-14 14:50:00,IT Department,5.78,6.02,1.04,Normal,14,4,0,6.0112000000000005,0.00879999999999903,8
2026-07-31 09:10:00,Electronics Department,13.31,202.04,15.18,Suspicious,9,4,0,202.0458,0.00580000000002201,6
2026-07-02 08:30:00,Chemistry Lab,15.53,223.64,14.4,Suspicious,8,3,0,223.632,0.007999999999981355,5
2026-08-19 04:20:00,Biotech Department,4.05,25.81,6.37,Normal,4,2,0,25.7985,0.011499999999998067,3
2026-07-22 18:40:00,New Seminar Hall,5.03,49.6,9.86,Normal,18,2,0,49.5958,0.004200000000004422,10
2026-08-14 04:30:00,Physics Lab,4.97,40.52,8.15,Normal,4,4,0,40.5055,0.014500000000005286,11
2026-07-04 03:50:00,Physics Lab,6.13,29.6,4.83,Normal,3,5,1,29.6079,0.007899999999999352,11
2026-08-21 15:00:00,Physics Lab,3.81,26.74,7.02,Normal,15,4,0,26.746199999999998,0.006199999999999761,11
2026-07-25 08:00:00,IT Department,5.2,43.2,8.31,Normal,8,5,1,43.212,0.012000000000000455,8
2026-07-30 09:00:00,CSE Department,4.49,24.66,5.49,Normal,9,3,0,24.650100000000002,0.009899999999998244,4
2026-07-26 04:00:00,BT Department,3.79,30.73,8.1,Normal,4,6,1,30.698999999999998,0.03100000000000236,2
2026-07-24 01:10:00,CSE Department,4.44,23.2,5.22,Normal,1,4,0,23.1768,0.02319999999999922,4
2026-08-04 15:20:00,CSE Department,3.91,24.63,6.29,Normal,15,1,0,24.5939,0.03609999999999758,4
2026-07-08 11:50:00,BT Department,9.92,223.14,22.5,Suspicious,11,2,0,223.2,0.060000000000002274,2
2026-08-06 18:10:00,HOD Department,4.75,15.93,3.35,Normal,18,3,0,15.9125,0.01750000000000007,7
2026-07-07 06:30:00,HOD Department,2.7,10.63,3.94,Normal,6,1,0,10.638,0.007999999999999119,7
2026-07-28 14:20:00,Chemistry Lab,5.02,34.07,6.79,Normal,14,1,0,34.0858,0.015799999999998704,5
2026-07-01 21:00:00,AIML Department,3.56,26.11,7.33,Normal,21,2,0,26.0948,0.015200000000000102,1
2026-07-16 22:30:00,IT Department,4.27,38.42,8.99,Normal,22,3,0,38.387299999999996,0.0327000000000055,8
2026-08-11 12:30:00,Chemistry Lab,6.46,21.79,3.37,Normal,12,1,0,21.7702,0.01980000000000004,5
2026-08-21 01:50:00,Mechanical Lab,6.26,7.48,1.2,Normal,1,4,0,7.512,0.03199999999999914,9
2026-08-21 09:50:00,BT Department,5.86,33.3,5.69,Normal,9,4,0,33.3434,0.043400000000005434,2
2026-08-13 08:30:00,Chemistry Lab,4.14,8.6,2.08,Normal,8,3,0,8.6112,0.011200000000000543,5
2026-08-08 14:10:00,Electronics Department,5.2,50.33,9.69,Normal,14,5,1,50.388,0.05799999999999983,6
2026-07-06 19:20:00,BT Department,4.8,10.23,2.13,Normal,19,0,0,10.223999999999998,0.006000000000002004,2
2026-07-17 03:50:00,Chemistry Lab,6.36,36.02,5.66,Normal,3,4,0,35.997600000000006,0.022399999999997533,5
2026-07-29 18:30:00,Physics Lab,20.46,1024.56,50.07,Critical,18,2,0,1024.4322,0.12779999999997926,11
2026-07-28 09:30:00,Biotech Department,5.68,29.12,5.13,Normal,9,1,0,29.138399999999997,0.018399999999996197,3
2026-08-23 00:00:00,BT Department,4.05,23.69,5.85,Normal,0,6,1,23.6925,0.0024999999999977263,2
2026-08-16 12:10:00,Mechanical Lab,5.29,52.53,9.93,Normal,12,6,1,52.5297,0.00030000000000285354,9
2026-07-26 13:10:00,IT Department,4.92,21.55,4.38,Normal,13,6,1,21.549599999999998,0.0004000000000026205,8
2026-08-11 23:10:00,IT Department,3.98,30.05,7.55,Normal,23,1,0,30.049,0.0010000000000012221,8
2026-07-04 06:40:00,AIML Department,4.85,6.61,1.36,Normal,6,5,1,6.596,0.014000000000000234,1
2026-07-04 01:20:00,New Seminar Hall,4.54,27.62,6.09,Normal,1,5,1,27.6486,0.028599999999997294,10
2026-08-11 20:20:00,HOD Department,4.33,42.75,9.87,Normal,20,1,0,42.7371,0.01290000000000191,7
2026-08-22 18:10:00,AI Lab,6.23,46.39,7.45,Normal,18,5,1,46.413500000000006,0.023500000000005627,0
2026-07-30 12:00:00,Biotech Department,18.85,908.84,48.23,Critical,12,3,0,909.1355,0.29549999999994725,3
2026-07-19 21:20:00,CSE Department,14.61,987.45,67.58,Critical,21,6,1,987.3438,0.10620000000005803,4
2026-08-21 03:40:00,AIML Department,9.15,191.37,20.92,Suspicious,3,4,0,191.41800000000003,0.04800000000003024,1
2026-08-07 22:00:00,IT Department,2.63,15.96,6.06,Normal,22,4,0,15.937799999999998,0.022200000000003328,8
2026-07-25 14:10:00,IT Department,5.16,26.4,5.12,Normal,14,5,1,26.4192,0.019200000000001438,8
2026-07-11 11:10:00,Chemistry Lab,5.56,10.78,1.94,Normal,11,5,1,10.786399999999999,0.006399999999999295,5
2026-08-16 06:30:00,Chemistry Lab,5.36,38.56,7.2,Normal,6,6,1,38.592000000000006,0.03200000000000358,5
2026-08-14 03:50:00,IT Department,4.52,9.22,2.04,Normal,3,4,0,9.220799999999999,0.0007999999999981355,8
2026-08-07 05:00:00,AIML Department,3.61,4.72,1.31,Normal,5,4,0,4.7291,0.009100000000000108,1
2026-07-27 23:10:00,CSE Department,5.04,42.36,8.41,Normal,23,0,0,42.3864,0.02640000000000242,4
2026-08-18 21:40:00,Chemistry Lab,6.38,47.73,7.49,Normal,21,1,0,47.7862,0.056200000000004025,5
2026-08-13 09:00:00,BT Department,20.64,1482.76,71.83,Critical,9,3,0,1482.5712,0.18879999999990105,2
2026-08-23 04:20:00,IT Department,4.11,28.21,6.87,Normal,4,6,1,28.2357,0.0257000000000005,8
2026-08-03 03:20:00,AI Lab,5.75,15.82,2.75,Normal,3,0,0,15.8125,0.007500000000000284,0
2026-08-13 11:40:00,Chemistry Lab,6.22,9.65,1.55,Normal,11,3,0,9.641,0.009000000000000341,5
2026-07-17 16:30:00,IT Department,4.33,11.77,2.72,Normal,16,4,0,11.777600000000001,0.0076000000000018275,8
2026-08-25 04:40:00,BT Department,4.58,33.18,7.25,Normal,4,1,0,33.205,0.02499999999999858,2
2026-07-18 07:00:00,New Seminar Hall,5.83,30.47,5.22,Normal,7,5,1,30.432599999999997,0.037400000000001654,10
2026-08-07 22:50:00,Electronics Department,5.0,23.33,4.66,Normal,22,4,0,23.3,0.029999999999997584,6
2026-08-21 07:20:00,BT Department,4.12,12.87,3.12,Normal,7,4,0,12.8544,0.01559999999999917,2
2026-08-13 13:50:00,New Seminar Hall,7.04,61.38,8.72,Normal,13,3,0,61.3888,0.008800000000000807,10
2026-07-04 13:20:00,IT Department,4.61,18.53,4.02,Normal,13,5,1,18.5322,0.0021999999999984254,8
2026-07-02 11:10:00,Chemistry Lab,5.51,28.93,5.25,Normal,11,3,0,28.9275,0.002500000000001279,5
2026-08-18 10:40:00,CSE Department,2.56,12.31,4.81,Normal,10,1,0,12.3136,0.0035999999999987153,4
2026-08-20 02:30:00,HOD Department,1.92,9.58,4.98,Normal,2,3,0,9.5616,0.01839999999999975,7
2026-08-23 13:00:00,Mechanical Lab,7.13,29.9,4.2,Normal,13,6,1,29.946,0.04600000000000293,9
2026-08-25 09:30:00,Physics Lab,6.89,49.69,7.21,Normal,9,1,0,49.676899999999996,0.013100000000001444,11
2026-07-15 06:50:00,IT Department,4.78,29.72,6.22,Normal,6,2,0,29.7316,0.011600000000001387,8
2026-07-22 18:00:00,Mechanical Lab,27.9,2069.05,74.16,Critical,18,2,0,2069.064,0.013999999999668944,9
2026-07-07 14:00:00,AIML Department,3.7,14.95,4.04,Normal,14,1,0,14.948,0.0019999999999988916,1
2026-08-25 19:40:00,IT Department,4.83,43.09,8.91,Normal,19,1,0,43.0353,0.05470000000000397,8
2026-08-03 22:10:00,Chemistry Lab,5.9,12.75,2.16,Normal,22,0,0,12.744000000000002,0.005999999999998451,5
2026-07-17 06:10:00,IT Department,5.04,21.9,4.35,Normal,6,4,0,21.924,0.02400000000000091,8
2026-08-01 10:50:00,New Seminar Hall,6.89,40.86,5.93,Normal,10,5,1,40.857699999999994,0.002300000000005298,10
2026-08-02 07:30:00,Physics Lab,3.59,35.87,10.0,Normal,7,6,1,35.9,0.030000000000001137,11
2026-07-27 03:20:00,Chemistry Lab,6.75,7.49,1.11,Normal,3,0,0,7.492500000000001,0.002500000000000391,5
2026-08-16 11:10:00,AIML Department,4.53,11.63,2.57,Normal,11,6,1,11.6421,0.012099999999998445,1
2026-07-13 14:00:00,Electronics Department,4.82,8.86,1.84,Normal,14,0,0,8.8688,0.008800000000000807,6
2026-07-12 02:10:00,New Seminar Hall,8.3,57.68,6.95,Normal,2,6,1,57.68500000000001,0.005000000000009663,10
2026-07-22 08:50:00,Electronics Department,22.05,1109.65,50.33,Critical,8,2,0,1109.7765,0.12649999999985084,6
2026-08-12 07:30:00,Electronics Department,3.5,10.73,3.07,Normal,7,2,0,10.745,0.014999999999998792,6
2026-07-15 12:40:00,Physics Lab,5.29,43.77,8.28,Normal,12,2,0,43.801199999999994,0.031199999999991235,11
2026-07-06 15:50:00,BT Department,5.51,50.31,9.13,Normal,15,0,0,50.3063,0.003700000000002035,2
2026-07-11 19:20:00,Biotech Department,4.58,33.55,7.32,Normal,19,5,1,33.525600000000004,0.024399999999992872,3
2026-08-24 06:40:00,Mechanical Lab,4.41,17.61,4.0,Normal,6,0,0,17.64,0.030000000000001137,9
2026-08-01 16:50:00,Chemistry Lab,5.01,13.1,2.62,Normal,16,5,1,13.1262,0.02620000000000111,5
2026-07-30 15:10:00,Electronics Department,4.05,4.63,1.14,Normal,15,3,0,4.616999999999999,0.013000000000000789,6
2026-08-16 12:40:00,New Seminar Hall,6.75,47.72,7.07,Normal,12,6,1,47.722500000000004,0.0025000000000048317,10
2026-08-06 17:40:00,Chemistry Lab,6.01,35.93,5.98,Normal,17,3,0,35.9398,0.009799999999998477,5
2026-07-24 04:40:00,New Seminar Hall,21.47,984.24,45.85,Critical,4,4,0,984.3995,0.15949999999998,10
2026-07-07 00:30:00,Physics Lab,4.64,22.64,4.88,Normal,0,1,0,22.643199999999997,0.003199999999996095,11
2026-07-11 01:50:00,Chemistry Lab,5.5,48.76,8.87,Normal,1,5,1,48.785,0.02499999999999858,5
2026-07-10 22:20:00,Physics Lab,6.08,28.57,4.7,Normal,22,4,0,28.576,0.006000000000000227,11
2026-07-16 06:00:00,AIML Department,3.84,30.38,7.91,Normal,6,3,0,30.374399999999998,0.00560000000000116,1
2026-07-12 17:00:00,New Seminar Hall,6.27,21.66,3.46,Normal,17,6,1,21.6942,0.034199999999998454,10
2026-08-23 17:20:00,HOD Department,2.93,10.45,3.57,Normal,17,6,1,10.4601,0.01010000000000133,7
2026-07-04 02:30:00,HOD Department,4.44,28.18,6.35,Normal,2,5,1,28.194000000000003,0.014000000000002899,7
2026-07-07 11:00:00,New Seminar Hall,4.12,36.67,8.89,Normal,11,1,0,36.6268,0.043199999999998795,10
2026-07-26 02:10:00,HOD Department,3.48,23.2,6.66,Normal,2,6,1,23.1768,0.02319999999999922,7
2026-08-19 23:40:00,AI Lab,4.52,6.0,1.33,Normal,23,2,0,6.0116,0.01159999999999961,0
2026-07-09 12:30:00,Biotech Department,14.61,415.35,28.42,Suspicious,12,3,0,415.2162,0.1338000000000079,3
2026-07-30 19:20:00,CSE Department,2.26,10.85,4.81,Normal,19,3,0,10.870599999999998,0.020599999999998175,4
2026-08-06 13:40:00,New Seminar Hall,3.35,30.11,8.99,Normal,13,3,0,30.116500000000002,0.006500000000002615,10
2026-08-08 06:50:00,CSE Department,3.49,5.45,1.56,Normal,6,5,1,5.444400000000001,0.005599999999999383,4
2026-07-16 03:00:00,BT Department,4.96,40.9,8.24,Normal,3,3,0,40.870400000000004,0.029599999999994964,2
2026-08-05 14:20:00,Mechanical Lab,6.63,27.2,4.11,Normal,14,2,0,27.2493,0.04930000000000234,9
2026-07-04 12:00:00,HOD Department,2.99,18.65,6.24,Normal,12,5,1,18.657600000000002,0.007600000000003604,7
2026-08-18 06:10:00,Mechanical Lab,7.72,59.91,7.76,Normal,6,1,0,59.907199999999996,0.00280000000000058,9
2026-07-14 21:00:00,Mechanical Lab,7.38,17.08,2.32,Normal,21,1,0,17.121599999999997,0.04159999999999897,9
2026-07-06 02:50:00,New Seminar Hall,3.94,9.29,2.36,Normal,2,0,0,9.298399999999999,0.008399999999999963,10
2026-08-14 06:10:00,Biotech Department,5.67,10.49,1.85,Normal,6,4,0,10.4895,0.0005000000000006111,3
2026-08-24 14:00:00,AIML Department,17.67,1440.11,81.51,Critical,14,0,0,1440.2817000000002,0.17170000000032815,1
2026-07-14 21:30:00,Chemistry Lab,5.3,7.36,1.39,Normal,21,1,0,7.366999999999999,0.006999999999998785,5
2026-07-20 03:40:00,New Seminar Hall,4.47,14.24,3.19,Normal,3,0,0,14.2593,0.01929999999999943,10
2026-08-11 09:10:00,BT Department,3.52,8.19,2.33,Normal,9,1,0,8.201600000000001,0.011600000000001387,2
2026-08-11 14:50:00,Chemistry Lab,6.8,33.39,4.91,Normal,14,1,0,33.388,0.0020000000000024443,5
2026-07-31 12:50:00,Mechanical Lab,8.94,86.86,9.71,Normal,12,4,0,86.8074,0.052599999999998204,9
2026-08-18 14:00:00,Mechanical Lab,17.64,365.25,20.71,Suspicious,14,1,0,365.3244,0.07440000000002556,9
2026-07-14 10:00:00,New Seminar Hall,5.4,45.23,8.38,Normal,10,1,0,45.25200000000001,0.022000000000012676,10
2026-08-12 04:50:00,Biotech Department,4.67,19.74,4.23,Normal,4,2,0,19.7541,0.014100000000002666,3
2026-08-19 11:10:00,AI Lab,4.9,23.28,4.76,Normal,11,2,0,23.324,0.04400000000000048,0
2026-07-18 15:40:00,CSE Department,9.78,104.37,10.67,Suspicious,15,5,1,104.3526,0.017400000000009186,4
2026-07-22 10:00:00,AIML Department,16.8,1476.79,87.92,Critical,10,2,0,1477.056,0.2660000000000764,1
2026-07-26 08:30:00,New Seminar Hall,7.26,28.38,3.91,Normal,8,6,1,28.3866,0.006600000000002382,10
2026-07-07 04:50:00,AIML Department,4.64,12.68,2.73,Normal,4,1,0,12.6672,0.012800000000000367,1
2026-07-05 02:20:00,BT Department,2.22,17.3,7.79,Normal,2,6,1,17.2938,0.006199999999999761,2
2026-07-27 04:40:00,Biotech Department,5.36,13.99,2.61,Normal,4,0,0,13.9896,0.0004000000000008441,3
2026-07-30 09:50:00,AI Lab,3.95,22.02,5.57,Normal,9,3,0,22.001500000000004,0.018499999999995964,0
2026-07-26 21:10:00,Mechanical Lab,7.74,68.74,8.88,Normal,21,6,1,68.7312,0.008799999999993702,9
2026-08-23 20:10:00,Mechanical Lab,5.98,35.38,5.92,Normal,20,6,1,35.4016,0.021599999999999397,9
2026-08-15 19:10:00,Physics Lab,5.99,38.77,6.48,Normal,19,5,1,38.815200000000004,0.04520000000000124,11
2026-08-08 12:40:00,AI Lab,6.87,40.74,5.93,Normal,12,5,1,40.7391,0.0009000000000014552,0
2026-07-21 22:00:00,IT Department,1.34,3.44,2.57,Normal,22,1,0,3.4438,0.0038000000000000256,8
2026-07-18 21:30:00,Physics Lab,5.51,25.12,4.56,Normal,21,5,1,25.1256,0.005599999999997607,11
2026-07-08 14:40:00,Chemistry Lab,5.56,12.78,2.3,Normal,14,2,0,12.787999999999998,0.007999999999999119,5
2026-07-14 22:40:00,New Seminar Hall,25.78,2129.96,82.62,Critical,22,1,0,2129.9436,0.01639999999997599,10
2026-07-18 21:40:00,Biotech Department,4.79,17.56,3.67,Normal,21,5,1,17.5793,0.019300000000001205,3
2026-08-13 20:30:00,IT Department,2.73,18.69,6.85,Normal,20,3,0,18.700499999999998,0.010499999999996845,8
2026-07-02 23:30:00,Electronics Department,4.8,40.77,8.5,Normal,23,3,0,40.8,0.02999999999999403,6
2026-08-04 11:30:00,CSE Department,4.12,33.96,8.25,Normal,11,1,0,33.99,0.030000000000001137,4
2026-07-09 04:50:00,Physics Lab,6.49,33.51,5.16,Normal,4,3,0,33.4884,0.021599999999999397,11
2026-08-16 07:30:00,Mechanical Lab,3.98,30.03,7.54,Normal,7,6,1,30.0092,0.020800000000001262,9
2026-07-30 21:50:00,Chemistry Lab,5.69,51.42,9.03,Normal,21,3,0,51.3807,0.03930000000000433,5
2026-08-11 10:20:00,AI Lab,6.07,7.88,1.3,Normal,10,1,0,7.891000000000001,0.011000000000001009,0
2026-08-12 02:50:00,AIML Department,3.37,18.74,5.56,Normal,2,2,0,18.737199999999998,0.00280000000000058,1
2026-08-13 05:00:00,HOD Department,3.36,25.55,7.6,Normal,5,3,0,25.535999999999998,0.014000000000002899,7
2026-07-22 00:20:00,BT Department,4.8,39.33,8.19,Normal,0,2,0,39.312,0.018000000000000682,2
2026-08-14 08:10:00,New Seminar Hall,27.77,1195.44,43.05,Critical,8,4,0,1195.4985,0.058499999999867214,10
2026-08-13 01:50:00,IT Department,5.05,17.52,3.47,Normal,1,3,0,17.523500000000002,0.003500000000002501,8
2026-08-23 04:10:00,HOD Department,7.6,220.13,28.97,Suspicious,4,6,1,220.17199999999997,0.04199999999997317,7
2026-08-11 18:50:00,HOD Department,3.42,32.65,9.54,Normal,18,1,0,32.626799999999996,0.023200000000002774,7
2026-07-28 13:10:00,AIML Department,2.93,21.91,7.47,Normal,13,1,0,21.8871,0.02289999999999992,1
2026-07-23 03:00:00,CSE Department,15.58,1324.22,85.01,Critical,3,3,0,1324.4558000000002,0.2358000000001539,4
2026-08-19 22:10:00,Physics Lab,4.17,39.3,9.43,Normal,22,2,0,39.3231,0.023099999999999454,11
2026-07-29 14:50:00,Biotech Department,5.71,7.54,1.32,Normal,14,2,0,7.5372,0.0027999999999996916,3
2026-08-18 02:20:00,Electronics Department,4.65,41.12,8.85,Normal,2,1,0,41.1525,0.03250000000000597,6
2026-07-23 18:10:00,BT Department,4.83,46.16,9.56,Normal,18,3,0,46.174800000000005,0.01480000000000814,2
2026-07-14 00:20:00,IT Department,5.04,42.32,8.4,Normal,0,1,0,42.336000000000006,0.016000000000005343,8
2026-07-05 10:50:00,CSE Department,16.13,952.68,59.06,Critical,10,6,1,952.6378,0.04219999999997981,4
2026-07-20 06:10:00,Electronics Department,5.13,11.8,2.3,Normal,6,0,0,11.799,0.0010000000000012221,6
2026-07-30 01:30:00,Physics Lab,7.23,11.69,1.62,Normal,1,3,0,11.712600000000002,0.022600000000002396,11
2026-07-05 05:20:00,Physics Lab,6.8,15.05,2.21,Normal,5,6,1,15.027999999999999,0.022000000000002018,11
2026-08-13 21:20:00,BT Department,5.84,58.27,9.98,Normal,21,3,0,58.2832,0.013199999999997658,2
2026-08-09 11:40:00,Mechanical Lab,5.32,45.68,8.58,Normal,11,6,1,45.6456,0.03439999999999799,9
2026-07-03 00:30:00,Biotech Department,12.93,265.65,20.55,Suspicious,0,4,0,265.7115,0.06150000000002365,3
2026-08-01 03:30:00,New Seminar Hall,5.19,15.87,3.05,Normal,3,5,1,15.8295,0.04049999999999976,10
2026-08-08 21:20:00,IT Department,4.25,30.22,7.12,Normal,21,5,1,30.26,0.0400000000000027,8
2026-07-04 03:30:00,Physics Lab,6.08,30.18,4.97,Normal,3,5,1,30.217599999999997,0.037599999999997635,11
2026-07-11 08:20:00,Physics Lab,4.72,45.62,9.66,Normal,8,5,1,45.5952,0.024799999999999045,11
2026-07-03 03:30:00,IT Department,8.56,93.98,10.98,Suspicious,3,4,0,93.98880000000001,0.008800000000007913,8
2026-08-07 14:40:00,New Seminar Hall,6.25,17.88,2.86,Normal,14,4,0,17.875,0.004999999999999005,10
2026-08-21 00:20:00,Electronics Department,5.22,7.84,1.5,Normal,0,4,0,7.83,0.009999999999999787,6
2026-07-13 01:30:00,AIML Department,2.59,3.15,1.22,Normal,1,0,0,3.1597999999999997,0.009799999999999809,1
2026-07-13 07:30:00,IT Department,12.13,148.51,12.25,Suspicious,7,0,0,148.5925,0.08250000000001023,8
2026-08-15 16:10:00,AI Lab,5.62,19.86,3.54,Normal,16,5,1,19.8948,0.03480000000000061,0
2026-08-04 13:40:00,AIML Department,3.12,7.49,2.41,Normal,13,1,0,7.5192000000000005,0.029200000000000337,1
2026-07-18 16:00:00,AIML Department,4.85,36.74,7.57,Normal,16,5,1,36.7145,0.025500000000000966,1
2026-08-07 17:00:00,New Seminar Hall,6.61,15.17,2.29,Normal,17,4,0,15.1369,0.03309999999999924,10
2026-07-03 16:40:00,IT Department,13.52,550.04,40.69,Critical,16,4,0,550.1288,0.088799999999992,8
2026-08-15 14:10:00,Electronics Department,14.9,619.91,41.6,Critical,14,5,1,619.84,0.06999999999993634,6
2026-07-12 10:50:00,Electronics Department,3.75,12.82,3.42,Normal,10,6,1,12.825,0.004999999999999005,6
2026-08-02 02:40:00,Biotech Department,12.85,275.42,21.43,Suspicious,2,6,1,275.3755,0.04450000000002774,3
2026-07-27 04:50:00,AI Lab,5.11,33.76,6.61,Normal,4,0,0,33.777100000000004,0.017100000000006332,0
2026-08-25 07:30:00,Electronics Department,3.67,14.33,3.9,Normal,7,1,0,14.312999999999999,0.017000000000001236,6
2026-07-20 16:10:00,BT Department,5.69,42.07,7.39,Normal,16,0,0,42.0491,0.020899999999997476,2
2026-07-11 21:50:00,HOD Department,3.56,26.7,7.51,Normal,21,5,1,26.735599999999998,0.035599999999998744,7
2026-08-11 18:30:00,Chemistry Lab,5.96,49.44,8.3,Normal,18,1,0,49.468,0.028000000000005798,5
2026-08-19 16:20:00,Mechanical Lab,4.54,18.75,4.13,Normal,16,2,0,18.7502,0.00019999999999953388,9
2026-08-21 19:00:00,IT Department,2.96,26.54,8.98,Normal,19,4,0,26.5808,0.040800000000000836,8
2026-08-09 12:20:00,Physics Lab,6.95,59.35,8.54,Normal,12,6,1,59.352999999999994,0.0029999999999930083,11
2026-08-15 06:30:00,Biotech Department,5.11,42.52,8.32,Normal,6,5,1,42.51520000000001,0.004799999999995919,3
2026-07-13 14:20:00,Mechanical Lab,5.16,29.6,5.73,Normal,14,0,0,29.566800000000004,0.03319999999999723,9
2026-08-25 02:50:00,BT Department,1.52,6.79,4.47,Normal,2,1,0,6.7943999999999996,0.004399999999999515,2
2026-07-29 08:50:00,Mechanical Lab,4.37,7.98,1.83,Normal,8,2,0,7.9971000000000005,0.017100000000000115,9
2026-08-08 08:40:00,Chemistry Lab,6.88,61.73,8.97,Normal,8,5,1,61.71360000000001,0.0163999999999902,5
2026-08-14 06:20:00,CSE Department,3.28,28.1,8.56,Normal,6,4,0,28.0768,0.023200000000002774,4
2026-08-15 09:20:00,New Seminar Hall,5.19,23.22,4.48,Normal,9,5,1,23.251200000000004,0.031200000000005446,10
2026-08-22 06:40:00,Mechanical Lab,7.12,58.37,8.2,Normal,6,5,1,58.38399999999999,0.013999999999995794,9
2026-07-03 20:30:00,Mechanical Lab,5.07,45.52,8.98,Normal,20,4,0,45.528600000000004,0.008600000000001273,9
2026-08-25 06:10:00,Electronics Department,12.86,267.75,20.81,Suspicious,6,1,0,267.61659999999995,0.13340000000005148,6
2026-08-20 07:30:00,Mechanical Lab,5.61,37.4,6.67,Normal,7,3,0,37.4187,0.018700000000002603,9
2026-08-03 03:30:00,Physics Lab,4.53,28.34,6.26,Normal,3,0,0,28.3578,0.017800000000001148,11
2026-08-01 04:30:00,HOD Department,3.01,24.7,8.21,Normal,4,5,1,24.7121,0.012100000000000222,7
2026-08-14 15:20:00,IT Department,4.41,5.29,1.2,Normal,15,4,0,5.292,0.0019999999999997797,8
2026-08-21 15:10:00,AI Lab,5.62,26.92,4.79,Normal,15,4,0,26.919800000000002,0.00019999999999953388,0
2026-07-19 03:00:00,BT Department,4.99,33.89,6.8,Normal,3,6,1,33.932,0.04200000000000159,2
2026-08-09 05:30:00,AIML Department,4.03,4.18,1.04,Normal,5,6,1,4.1912,0.011200000000000543,1
2026-08-21 06:20:00,HOD Department,8.38,236.75,28.26,Suspicious,6,4,0,236.81880000000004,0.06880000000003861,7
2026-08-21 21:20:00,Biotech Department,3.84,8.73,2.28,Normal,21,4,0,8.755199999999999,0.025199999999998113,3
2026-07-22 17:50:00,AIML Department,4.8,11.02,2.29,Normal,17,2,0,10.991999999999999,0.02800000000000047,1
2026-08-21 12:20:00,Electronics Department,3.84,19.67,5.12,Normal,12,4,0,19.6608,0.009200000000003428,6
2026-07-15 22:20:00,Electronics Department,4.2,16.33,3.89,Normal,22,2,0,16.338,0.008000000000002672,6
2026-07-05 17:20:00,Physics Lab,3.86,7.43,1.93,Normal,17,6,1,7.4498,0.01980000000000004,11
2026-07-18 15:30:00,Electronics Department,3.53,33.65,9.53,Normal,15,5,1,33.640899999999995,0.00910000000000366,6
2026-07-19 20:10:00,IT Department,4.76,6.15,1.29,Normal,20,6,1,6.1404,0.009600000000000719,8
2026-08-10 15:10:00,Electronics Department,11.28,189.18,16.77,Suspicious,15,0,0,189.16559999999998,0.014400000000023283,6
2026-07-31 22:20:00,BT Department,4.09,21.78,5.32,Normal,22,4,0,21.7588,0.02120000000000033,2
2026-08-11 04:40:00,BT Department,3.42,23.99,7.02,Normal,4,1,0,24.008399999999998,0.01839999999999975,2
2026-08-23 22:30:00,HOD Department,4.17,32.33,7.75,Normal,22,6,1,32.3175,0.012499999999995737,7
2026-07-17 13:00:00,Biotech Department,4.46,43.84,9.83,Normal,13,4,0,43.8418,0.001799999999995805,3
2026-08-12 23:20:00,AIML Department,4.59,44.12,9.61,Normal,23,2,0,44.109899999999996,0.01010000000000133,1
2026-07-26 11:10:00,New Seminar Hall,5.69,30.0,5.28,Normal,11,6,1,30.043200000000002,0.04320000000000235,10
2026-07-28 07:10:00,Biotech Department,6.42,59.96,9.34,Normal,7,1,0,59.9628,0.00280000000000058,3
2026-08-08 02:20:00,AI Lab,5.05,27.64,5.47,Normal,2,5,1,27.623499999999996,0.016500000000004178,0
2026-07-30 13:50:00,CSE Department,5.6,32.29,5.77,Normal,13,3,0,32.312,0.021999999999998465,4
2026-07-11 17:00:00,CSE Department,6.33,40.29,6.37,Normal,17,5,1,40.3221,0.032099999999999795,4
2026-07-18 00:10:00,Mechanical Lab,22.42,973.47,43.43,Critical,0,5,1,973.7006000000001,0.23060000000009495,9
2026-07-28 05:40:00,Mechanical Lab,6.24,43.27,6.93,Normal,5,1,0,43.2432,0.02680000000000149,9
2026-07-09 21:20:00,Electronics Department,5.44,18.01,3.31,Normal,21,3,0,18.006400000000003,0.0035999999999987153,6
2026-07-19 19:30:00,Electronics Department,10.33,143.92,13.93,Suspicious,19,6,1,143.8969,0.023099999999999454,6
2026-07-20 21:30:00,Chemistry Lab,4.33,17.32,4.0,Normal,21,0,0,17.32,0.0,5
2026-08-08 07:40:00,HOD Department,4.01,20.12,5.01,Normal,7,5,1,20.0901,0.02990000000000137,7
2026-08-21 02:20:00,Chemistry Lab,18.1,1288.66,71.21,Critical,2,4,0,1288.901,0.24099999999998545,5
2026-08-23 21:20:00,Biotech Department,5.6,29.06,5.19,Normal,21,6,1,29.064,0.004000000000001336,3
2026-08-14 11:20:00,AI Lab,3.27,20.58,6.29,Normal,11,4,0,20.5683,0.011699999999997601,0
2026-07-30 04:10:00,Physics Lab,7.23,37.37,5.17,Normal,4,3,0,37.3791,0.00910000000000366,11
2026-08-11 18:40:00,Chemistry Lab,5.65,47.62,8.43,Normal,18,1,0,47.6295,0.009500000000002728,5
2026-07-22 14:10:00,BT Department,22.49,1821.55,80.98,Critical,14,2,0,1821.2402,0.30979999999999563,2
2026-08-17 20:30:00,AI Lab,6.13,55.08,8.98,Normal,20,0,0,55.0474,0.03259999999999508,0
2026-08-25 06:20:00,Electronics Department,4.21,29.69,7.06,Normal,6,1,0,29.722599999999996,0.03259999999999508,6
2026-07-13 09:10:00,HOD Department,3.25,13.68,4.21,Normal,9,0,0,13.6825,0.0024999999999995026,7
2026-07-20 22:30:00,Biotech Department,4.38,22.86,5.21,Normal,22,0,0,22.8198,0.04019999999999868,3
2026-08-12 17:50:00,Chemistry Lab,6.6,19.55,2.96,Normal,17,2,0,19.535999999999998,0.014000000000002899,5
2026-08-24 06:00:00,BT Department,5.9,19.22,3.26,Normal,6,0,0,19.233999999999998,0.013999999999999346,2
2026-07-18 12:30:00,HOD Department,13.47,746.59,55.41,Critical,12,5,1,746.3727,0.21730000000002292,7
2026-07-19 03:20:00,Electronics Department,4.04,12.97,3.21,Normal,3,6,1,12.9684,0.0015999999999998238,6
2026-08-25 16:20:00,Chemistry Lab,6.87,37.4,5.44,Normal,16,1,0,37.372800000000005,0.02719999999999345,5
2026-08-17 03:30:00,BT Department,3.88,38.41,9.89,Normal,3,0,0,38.373200000000004,0.036799999999992394,2
2026-08-13 08:20:00,Chemistry Lab,6.56,50.61,7.71,Normal,8,3,0,50.5776,0.03240000000000265,5
2026-07-06 05:50:00,Chemistry Lab,5.26,14.26,2.71,Normal,5,0,0,14.2546,0.005399999999999849,5
2026-07-22 11:40:00,New Seminar Hall,6.96,55.02,7.91,Normal,11,2,0,55.0536,0.03359999999999985,10
2026-08-17 18:30:00,IT Department,10.81,127.04,11.75,Suspicious,18,0,0,127.01750000000001,0.022499999999993747,8
2026-08-06 08:50:00,New Seminar Hall,13.35,173.11,12.97,Suspicious,8,3,0,173.14950000000002,0.039500000000003865,10
2026-08-12 18:50:00,Mechanical Lab,7.14,8.07,1.13,Normal,18,2,0,8.0682,0.001800000000001134,9
2026-07-01 20:00:00,AIML Department,3.06,16.73,5.48,Normal,20,2,0,16.768800000000002,0.038800000000001944,1
2026-08-01 05:20:00,Physics Lab,6.73,64.95,9.65,Normal,5,5,1,64.9445,0.00549999999999784,11
2026-08-03 22:30:00,Physics Lab,7.22,66.51,9.22,Normal,22,0,0,66.5684,0.05839999999999179,11
2026-08-22 07:10:00,Biotech Department,5.64,40.05,7.11,Normal,7,5,1,40.1004,0.05040000000000333,3
2026-08-05 18:10:00,New Seminar Hall,25.16,2160.81,85.87,Critical,18,2,0,2160.4892,0.3207999999999629,10
2026-07-09 14:20:00,CSE Department,4.54,20.36,4.48,Normal,14,3,0,20.3392,0.02079999999999771,4
2026-07-19 09:30:00,Electronics Department,4.68,22.61,4.83,Normal,9,6,1,22.6044,0.00560000000000116,6
2026-07-09 03:30:00,New Seminar Hall,6.64,41.7,6.28,Normal,3,3,0,41.6992,0.000800000000005241,10
2026-07-09 22:50:00,Chemistry Lab,6.13,51.23,8.36,Normal,22,3,0,51.24679999999999,0.016799999999996373,5
2026-08-20 03:00:00,Biotech Department,4.42,34.08,7.72,Normal,3,3,0,34.1224,0.04240000000000066,3
2026-08-16 04:40:00,Physics Lab,6.63,54.98,8.29,Normal,4,6,1,54.96269999999999,0.017300000000005866,11
2026-08-12 01:20:00,Electronics Department,3.9,36.4,9.33,Normal,1,2,0,36.387,0.012999999999998124,6
2026-07-24 14:30:00,Mechanical Lab,27.91,1743.12,62.46,Critical,14,4,0,1743.2586000000001,0.1386000000002241,9
2026-08-05 17:00:00,Electronics Department,4.52,12.73,2.81,Normal,17,2,0,12.701199999999998,0.028800000000002157,6
2026-07-29 04:00:00,Mechanical Lab,6.36,34.05,5.36,Normal,4,2,0,34.089600000000004,0.039600000000007185,9
2026-07-12 06:50:00,New Seminar Hall,5.09,9.66,1.9,Normal,6,6,1,9.671,0.010999999999999233,10
2026-07-28 11:00:00,Electronics Department,3.89,17.04,4.37,Normal,11,1,0,16.9993,0.040699999999997516,6
2026-07-27 05:30:00,BT Department,3.45,8.21,2.38,Normal,5,0,0,8.211,0.0009999999999994458,2
2026-07-31 14:20:00,HOD Department,4.93,39.17,7.94,Normal,14,4,0,39.1442,0.02580000000000382,7
2026-07-10 15:50:00,Electronics Department,3.16,4.33,1.37,Normal,15,4,0,4.3292,0.0007999999999999119,6
2026-08-25 17:30:00,Biotech Department,5.53,40.24,7.27,Normal,17,1,0,40.2031,0.03690000000000282,3
2026-08-18 19:10:00,Chemistry Lab,4.89,16.47,3.37,Normal,19,1,0,16.4793,0.009299999999999642,5
2026-07-04 09:20:00,Chemistry Lab,5.02,48.33,9.63,Normal,9,5,1,48.3426,0.012599999999999056,5
2026-07-08 23:20:00,Chemistry Lab,6.07,25.03,4.12,Normal,23,2,0,25.0084,0.021599999999999397,5
2026-07-19 15:30:00,HOD Department,4.92,24.62,5.0,Normal,15,6,1,24.6,0.019999999999999574,7
2026-08-09 14:00:00,CSE Department,4.03,14.96,3.71,Normal,14,6,1,14.951300000000002,0.008699999999999264,4
2026-07-05 20:10:00,New Seminar Hall,7.62,71.83,9.43,Normal,20,6,1,71.8566,0.026600000000001955,10
2026-07-12 01:40:00,BT Department,4.42,10.54,2.38,Normal,1,6,1,10.519599999999999,0.020400000000000418,2
2026-08-12 15:20:00,Physics Lab,7.29,56.7,7.78,Normal,15,2,0,56.7162,0.016199999999997772,11
2026-08-12 18:40:00,AIML Department,16.51,1281.3,77.6,Critical,18,2,0,1281.176,0.12400000000002365,1
2026-07-21 03:20:00,Physics Lab,5.43,48.68,8.96,Normal,3,1,0,48.6528,0.027200000000000557,11
2026-07-25 15:50:00,HOD Department,2.07,9.48,4.58,Normal,15,5,1,9.480599999999999,0.0005999999999986017,7
2026-08-10 09:50:00,Mechanical Lab,4.54,7.61,1.68,Normal,9,0,0,7.6272,0.017199999999999882,9
2026-07-05 17:00:00,New Seminar Hall,4.52,17.19,3.8,Normal,17,6,1,17.176,0.014000000000002899,10
2026-08-03 10:40:00,Chemistry Lab,5.85,40.44,6.91,Normal,10,0,0,40.4235,0.016500000000000625,5
2026-07-10 00:10:00,CSE Department,3.2,27.61,8.64,Normal,0,4,0,27.648000000000003,0.03800000000000381,4
2026-08-08 09:50:00,AI Lab,2.87,25.49,8.87,Normal,9,5,1,25.456899999999997,0.03310000000000102,0
2026-07-04 16:20:00,AI Lab,4.33,28.11,6.49,Normal,16,5,1,28.1017,0.00829999999999842,0
2026-07-12 08:00:00,Biotech Department,4.64,41.07,8.84,Normal,8,6,1,41.017599999999995,0.052400000000005775,3
2026-08-02 19:20:00,Biotech Department,13.6,388.26,28.56,Suspicious,19,6,1,388.416,0.1560000000000059,3
2026-07-11 11:40:00,Chemistry Lab,4.94,11.81,2.39,Normal,11,5,1,11.806600000000001,0.0033999999999991815,5
2026-07-22 10:40:00,Biotech Department,6.18,58.68,9.5,Normal,10,2,0,58.709999999999994,0.02999999999999403,3
2026-08-05 03:00:00,Electronics Department,5.11,34.52,6.76,Normal,3,2,0,34.5436,0.023599999999994736,6
2026-08-13 03:00:00,AI Lab,3.95,6.57,1.66,Normal,3,3,0,6.557,0.0129999999999999,0
2026-07-24 01:30:00,Mechanical Lab,17.41,316.23,18.17,Suspicious,1,4,0,316.33970000000005,0.1097000000000321,9
2026-07-26 21:50:00,Electronics Department,11.26,335.17,29.77,Suspicious,21,6,1,335.2102,0.04019999999997026,6
2026-07-30 02:50:00,Electronics Department,3.44,25.74,7.49,Normal,2,3,0,25.7656,0.025600000000000733,6
2026-08-19 19:10:00,CSE Department,3.47,19.17,5.53,Normal,19,2,0,19.189100000000003,0.01910000000000167,4
2026-08-04 17:40:00,BT Department,15.27,1094.0,71.66,Critical,17,1,0,1094.2482,0.2481999999999971,2
2026-07-23 17:30:00,AI Lab,5.29,8.57,1.62,Normal,17,3,0,8.5698,0.00019999999999953388,0
2026-07-08 18:40:00,IT Department,5.52,7.23,1.31,Normal,18,2,0,7.231199999999999,0.0011999999999989797,8
2026-08-03 18:30:00,AI Lab,13.81,256.59,18.58,Suspicious,18,0,0,256.58979999999997,0.0002000000000066393,0
2026-07-19 14:30:00,Biotech Department,3.79,12.26,3.24,Normal,14,6,1,12.2796,0.019600000000000506,3
2026-07-12 20:40:00,Physics Lab,8.32,34.36,4.13,Normal,20,6,1,34.3616,0.0016000000000033765,11
2026-07-18 04:10:00,Mechanical Lab,4.82,34.29,7.11,Normal,4,5,1,34.2702,0.019799999999996487,9
2026-08-05 14:30:00,IT Department,11.3,312.39,27.65,Suspicious,14,2,0,312.445,0.05500000000000682,8
2026-08-21 01:40:00,IT Department,5.67,5.99,1.06,Normal,1,4,0,6.0102,0.020199999999999996,8
2026-08-12 14:30:00,Mechanical Lab,6.3,51.81,8.22,Normal,14,2,0,51.786,0.02400000000000091,9
2026-07-22 20:10:00,Physics Lab,4.63,12.21,2.64,Normal,20,2,0,12.2232,0.013199999999999434,11
2026-07-28 22:40:00,HOD Department,2.37,12.7,5.37,Normal,22,1,0,12.7269,0.026900000000001256,7
2026-08-20 23:00:00,CSE Department,3.79,22.04,5.82,Normal,23,3,0,22.0578,0.017800000000001148,4
2026-08-23 01:00:00,New Seminar Hall,4.49,10.74,2.39,Normal,1,6,1,10.731100000000001,0.008899999999998798,10
2026-08-09 21:40:00,HOD Department,4.06,13.31,3.27,Normal,21,6,1,13.2762,0.03380000000000116,7
2026-08-14 09:30:00,Mechanical Lab,7.08,31.39,4.43,Normal,9,4,0,31.3644,0.025600000000000733,9
2026-08-07 01:50:00,AI Lab,6.04,29.85,4.94,Normal,1,4,0,29.837600000000002,0.012399999999999523,0
2026-07-11 02:40:00,New Seminar Hall,8.37,20.12,2.41,Normal,2,5,1,20.171699999999998,0.05169999999999675,10
2026-07-14 03:30:00,Electronics Department,16.99,1075.96,63.33,Critical,3,1,0,1075.9767,0.016699999999900683,6
2026-07-13 19:40:00,Physics Lab,7.36,10.78,1.47,Normal,19,0,0,10.8192,0.03920000000000101,11
2026-07-28 19:30:00,Electronics Department,4.07,38.64,9.5,Normal,19,1,0,38.665000000000006,0.025000000000005684,6
2026-07-11 13:50:00,Physics Lab,4.95,14.51,2.93,Normal,13,5,1,14.5035,0.006499999999999062,11
2026-08-10 15:20:00,IT Department,4.95,12.3,2.48,Normal,15,0,0,12.276,0.02400000000000091,8
2026-07-01 13:50:00,Physics Lab,5.79,55.35,9.56,Normal,13,2,0,55.3524,0.002400000000001512,11
2026-08-13 02:10:00,Electronics Department,5.48,18.0,3.29,Normal,2,3,0,18.029200000000003,0.029200000000003,6
2026-07-04 10:00:00,HOD Department,4.22,24.68,5.85,Normal,10,5,1,24.686999999999998,0.006999999999997897,7
2026-07-17 17:10:00,Physics Lab,6.52,62.72,9.61,Normal,17,4,0,62.65719999999999,0.06280000000000996,11
2026-07-26 17:00:00,Chemistry Lab,6.99,64.11,9.17,Normal,17,6,1,64.0983,0.011700000000004707,5
2026-08-14 00:30:00,Electronics Department,5.28,40.28,7.63,Normal,0,4,0,40.2864,0.006399999999999295,6
2026-07-23 09:50:00,Electronics Department,9.34,258.29,27.66,Suspicious,9,3,0,258.3444,0.0543999999999869,6
2026-07-10 06:20:00,IT Department,4.43,15.12,3.41,Normal,6,4,0,15.1063,0.013700000000000045,8
2026-08-11 14:00:00,Mechanical Lab,5.91,23.11,3.91,Normal,14,1,0,23.1081,0.0018999999999991246,9
2026-08-01 04:50:00,Chemistry Lab,4.44,30.08,6.78,Normal,4,5,1,30.103200000000005,0.023200000000006327,5
2026-07-25 01:20:00,Electronics Department,5.99,15.75,2.63,Normal,1,5,1,15.7537,0.0037000000000002586,6
2026-07-16 04:10:00,BT Department,4.95,13.56,2.74,Normal,4,3,0,13.563000000000002,0.00300000000000189,2
2026-07-19 15:20:00,Physics Lab,5.1,36.7,7.2,Normal,15,6,1,36.72,0.01999999999999602,11
2026-07-29 05:20:00,AIML Department,11.91,142.52,11.96,Suspicious,5,2,0,142.4436,0.07640000000000668,1
2026-08-23 23:00:00,HOD Department,3.75,19.36,5.16,Normal,23,6,1,19.35,0.00999999999999801,7
2026-07-13 00:10:00,IT Department,3.28,5.97,1.82,Normal,0,0,0,5.9696,0.00039999999999995595,8
2026-08-10 19:30:00,HOD Department,3.38,6.25,1.85,Normal,19,0,0,6.253,0.0030000000000001137,7
2026-08-06 23:10:00,Chemistry Lab,4.11,25.73,6.25,Normal,23,3,0,25.687500000000004,0.042499999999996874,5
2026-07-13 02:00:00,HOD Department,7.3,110.08,15.08,Suspicious,2,0,0,110.084,0.0040000000000048885,7
2026-08-13 16:40:00,CSE Department,7.84,95.53,12.18,Suspicious,16,3,0,95.49119999999999,0.03880000000000905,4
2026-08-14 14:30:00,AI Lab,6.86,46.38,6.76,Normal,14,4,0,46.3736,0.006399999999999295,0
2026-07-26 13:50:00,CSE Department,4.34,8.83,2.03,Normal,13,6,1,8.810199999999998,0.019800000000001816,4
2026-07-03 22:00:00,CSE Department,4.49,31.39,6.99,Normal,22,4,0,31.3851,0.004899999999999238,4
2026-08-13 01:40:00,CSE Department,11.64,309.62,26.6,Suspicious,1,3,0,309.624,0.004000000000019099,4
2026-08-08 04:50:00,Electronics Department,3.22,8.95,2.78,Normal,4,5,1,8.9516,0.0015999999999998238,6
2026-08-04 05:40:00,New Seminar Hall,15.85,318.23,20.07,Suspicious,5,1,0,318.1095,0.12049999999999272,10
2026-08-22 22:40:00,HOD Department,3.65,5.89,1.61,Normal,22,5,1,5.8765,0.013499999999999623,7
2026-07-02 07:20:00,BT Department,4.34,18.22,4.2,Normal,7,3,0,18.228,0.008000000000002672,2
2026-08-04 06:00:00,BT Department,19.31,1586.1,82.15,Critical,6,1,0,1586.3165,0.21649999999999636,2
2026-08-01 00:30:00,Mechanical Lab,5.55,16.38,2.95,Normal,0,5,1,16.3725,0.007500000000000284,9
2026-08-22 02:00:00,CSE Department,3.52,30.56,8.68,Normal,2,5,1,30.5536,0.006399999999999295,4
2026-08-16 00:40:00,BT Department,11.41,156.65,13.72,Suspicious,0,6,1,156.54520000000002,0.10479999999998313,2
2026-07-06 07:00:00,AI Lab,5.94,23.24,3.91,Normal,7,0,0,23.225400000000004,0.014599999999994395,0
2026-08-06 17:50:00,Chemistry Lab,5.61,51.27,9.15,Normal,17,3,0,51.331500000000005,0.06150000000000233,5
2026-07-23 11:20:00,Chemistry Lab,6.94,22.22,3.2,Normal,11,3,0,22.208000000000002,0.011999999999996902,5
2026-08-19 10:20:00,BT Department,3.9,35.15,9.0,Normal,10,2,0,35.1,0.04999999999999716,2
2026-08-01 02:30:00,Chemistry Lab,2.98,6.05,2.03,Normal,2,5,1,6.0493999999999994,0.000600000000000378,5
2026-08-09 07:30:00,HOD Department,9.37,258.23,27.55,Suspicious,7,6,1,258.14349999999996,0.08650000000005775,7
2026-07-04 03:40:00,New Seminar Hall,4.74,26.65,5.62,Normal,3,5,1,26.638800000000003,0.011199999999995214,10
2026-07-01 11:20:00,HOD Department,3.12,12.55,4.02,Normal,11,2,0,12.542399999999999,0.0076000000000018275,7
2026-07-08 07:20:00,AI Lab,6.07,10.03,1.65,Normal,7,2,0,10.0155,0.014499999999999957,0
2026-08-04 23:00:00,HOD Department,3.07,16.14,5.25,Normal,23,1,0,16.1175,0.022500000000000853,7
2026-07-18 01:50:00,CSE Department,4.49,40.41,9.0,Normal,1,5,1,40.410000000000004,7.105427357601002e-15,4
2026-07-19 00:10:00,AI Lab,4.78,33.19,6.94,Normal,0,6,1,33.1732,0.016799999999996373,0
2026-08-12 00:40:00,Electronics Department,4.1,10.9,2.66,Normal,0,2,0,10.905999999999999,0.005999999999998451,6
2026-07-17 22:20:00,BT Department,1.88,4.62,2.46,Normal,22,4,0,4.6248,0.004799999999999471,2
2026-08-24 20:50:00,Chemistry Lab,14.86,432.34,29.1,Suspicious,20,0,0,432.426,0.08600000000001273,5
2026-07-01 15:00:00,AI Lab,6.15,27.41,4.46,Normal,15,2,0,27.429000000000002,0.019000000000001904,0
2026-07-20 23:40:00,IT Department,2.27,10.84,4.77,Normal,23,0,0,10.8279,0.012100000000000222,8
2026-07-24 17:50:00,AI Lab,3.71,15.39,4.15,Normal,17,4,0,15.396500000000001,0.0065000000000008384,0
2026-07-22 07:40:00,AI Lab,6.24,47.78,7.66,Normal,7,2,0,47.7984,0.01839999999999975,0
2026-07-24 16:40:00,CSE Department,3.47,8.93,2.58,Normal,16,4,0,8.9526,0.02260000000000062,4
2026-07-31 21:10:00,BT Department,4.39,40.86,9.32,Normal,21,4,0,40.9148,0.05480000000000018,2
2026-08-06 19:20:00,Physics Lab,8.25,35.33,4.28,Normal,19,3,0,35.31,0.01999999999999602,11
2026-07-01 09:50:00,HOD Department,2.85,8.75,3.07,Normal,9,2,0,8.7495,0.0005000000000006111,7
2026-08-03 09:20:00,HOD Department,4.13,12.77,3.09,Normal,9,0,0,12.7617,0.008300000000000196,7
2026-07-09 12:10:00,Physics Lab,7.01,24.8,3.54,Normal,12,3,0,24.8154,0.015399999999999636,11
2026-07-14 20:30:00,AIML Department,3.22,7.38,2.29,Normal,20,1,0,7.3738,0.006199999999999761,1
2026-07-18 16:50:00,Chemistry Lab,5.42,20.56,3.79,Normal,16,5,1,20.5418,0.018200000000000216,5
2026-07-21 05:10:00,Physics Lab,5.6,7.4,1.32,Normal,5,1,0,7.3919999999999995,0.008000000000000895,11
2026-07-28 04:10:00,AIML Department,5.56,16.48,2.96,Normal,4,1,0,16.4576,0.022400000000001086,1
2026-07-08 11:00:00,Chemistry Lab,21.58,1202.2,55.7,Critical,11,2,0,1202.0059999999999,0.19400000000018736,5
2026-07-28 01:20:00,AI Lab,1.22,3.83,3.15,Normal,1,1,0,3.843,0.0129999999999999,0
2026-07-22 02:10:00,New Seminar Hall,5.83,9.5,1.63,Normal,2,2,0,9.5029,0.0029000000000003467,10
2026-07-08 00:10:00,Physics Lab,23.9,1417.72,59.33,Critical,0,2,0,1417.9869999999999,0.2669999999998254,11
2026-07-21 09:30:00,Physics Lab,13.77,298.95,21.72,Suspicious,9,1,0,299.08439999999996,0.134399999999971,11
2026-07-22 06:30:00,IT Department,3.04,6.47,2.13,Normal,6,2,0,6.4752,0.0052000000000003155,8
2026-07-24 12:20:00,Biotech Department,6.74,24.43,3.62,Normal,12,4,0,24.3988,0.03119999999999834,3
2026-08-09 16:10:00,CSE Department,3.44,25.81,7.51,Normal,16,6,1,25.8344,0.024399999999999977,4
2026-07-06 10:30:00,Physics Lab,5.51,48.28,8.76,Normal,10,0,0,48.267599999999995,0.012400000000006628,11
2026-07-31 21:20:00,AI Lab,4.08,5.85,1.44,Normal,21,4,0,5.8751999999999995,0.02519999999999989,0
2026-07-11 08:00:00,Physics Lab,4.26,5.69,1.34,Normal,8,5,1,5.7084,0.01839999999999975,11
2026-07-21 07:10:00,IT Department,1.06,5.52,5.19,Normal,7,1,0,5.5014,0.018599999999999284,8
2026-07-29 00:20:00,Mechanical Lab,5.05,23.69,4.69,Normal,0,2,0,23.6845,0.005500000000001393,9
2026-07-07 16:40:00,Physics Lab,4.08,19.64,4.81,Normal,16,1,0,19.6248,0.015200000000000102,11
2026-08-16 17:20:00,IT Department,8.27,180.61,21.83,Suspicious,17,6,1,180.53409999999997,0.07590000000004693,8
2026-08-13 17:10:00,New Seminar Hall,7.3,43.78,6.0,Normal,17,3,0,43.8,0.01999999999999602,10
2026-07-29 17:30:00,Mechanical Lab,5.78,16.93,2.93,Normal,17,2,0,16.9354,0.005400000000001626,9
2026-08-21 15:30:00,Physics Lab,3.65,25.5,6.99,Normal,15,4,0,25.5135,0.013500000000000512,11
2026-08-13 18:40:00,Electronics Department,3.68,5.85,1.59,Normal,18,3,0,5.8512,0.001200000000000756,6
2026-07-20 14:00:00,AIML Department,4.98,35.14,7.05,Normal,14,0,0,35.109,0.030999999999998806,1
2026-07-12 14:40:00,BT Department,12.39,344.38,27.79,Suspicious,14,6,1,344.3181,0.06189999999998008,2
2026-08-14 09:50:00,IT Department,3.86,15.64,4.05,Normal,9,4,0,15.633,0.0070000000000014495,8
2026-07-07 00:50:00,Biotech Department,3.93,8.38,2.13,Normal,0,1,0,8.3709,0.009100000000000108,3
2026-07-10 19:50:00,AIML Department,3.72,9.73,2.62,Normal,19,4,0,9.746400000000001,0.01640000000000086,1
2026-07-27 02:40:00,Mechanical Lab,3.81,35.54,9.32,Normal,2,0,0,35.5092,0.030799999999999272,9
2026-08-24 07:40:00,HOD Department,3.72,8.67,2.33,Normal,7,0,0,8.6676,0.0023999999999997357,7
2026-08-20 06:20:00,HOD Department,4.55,36.65,8.06,Normal,6,3,0,36.673,0.02300000000000324,7
2026-07-07 05:40:00,AIML Department,5.33,31.89,5.98,Normal,5,1,0,31.873400000000004,0.01659999999999684,1
2026-07-08 06:40:00,Electronics Department,17.95,739.51,41.19,Critical,6,2,0,739.3604999999999,0.14950000000010277,6
2026-08-11 16:50:00,Chemistry Lab,6.79,55.79,8.22,Normal,16,1,0,55.81380000000001,0.02380000000000848,5
2026-07-29 21:40:00,New Seminar Hall,5.92,41.62,7.03,Normal,21,2,0,41.6176,0.0023999999999944066,10
2026-07-12 16:50:00,Biotech Department,13.71,377.67,27.55,Suspicious,16,6,1,377.7105,0.04050000000000864,3
2026-07-12 21:50:00,New Seminar Hall,7.91,33.7,4.26,Normal,21,6,1,33.6966,0.003400000000006287,10
2026-08-02 04:50:00,CSE Department,4.46,6.3,1.41,Normal,4,6,1,6.2886,0.011400000000000077,4
2026-07-23 08:50:00,New Seminar Hall,5.8,11.04,1.9,Normal,8,3,0,11.02,0.019999999999999574,10
2026-08-14 23:50:00,HOD Department,4.62,31.07,6.72,Normal,23,4,0,31.0464,0.02360000000000184,7
2026-07-10 16:30:00,BT Department,10.12,259.75,25.67,Suspicious,16,4,0,259.7804,0.030399999999985994,2
2026-08-13 18:10:00,Biotech Department,6.35,6.62,1.04,Normal,18,3,0,6.604,0.016000000000000014,3
2026-07-23 18:20:00,IT Department,4.81,9.36,1.94,Normal,18,3,0,9.331399999999999,0.028600000000000847,8
2026-08-23 00:20:00,AIML Department,3.23,23.77,7.35,Normal,0,6,1,23.740499999999997,0.029500000000002302,1
2026-08-13 02:00:00,Mechanical Lab,8.98,19.65,2.19,Normal,2,3,0,19.6662,0.016200000000001324,9
2026-08-03 13:10:00,Physics Lab,5.39,11.93,2.21,Normal,13,0,0,11.9119,0.01810000000000045,11
2026-08-13 19:00:00,CSE Department,4.8,47.47,9.88,Normal,19,3,0,47.424,0.045999999999999375,4
2026-07-23 18:40:00,AI Lab,4.77,32.64,6.85,Normal,18,3,0,32.674499999999995,0.0344999999999942,0
2026-08-15 19:30:00,Chemistry Lab,5.84,35.56,6.09,Normal,19,5,1,35.565599999999996,0.005599999999994054,5
2026-07-06 05:10:00,Mechanical Lab,7.35,19.8,2.69,Normal,5,0,0,19.7715,0.02850000000000108,9
2026-08-05 18:50:00,Electronics Department,5.09,45.48,8.93,Normal,18,2,0,45.4537,0.026299999999999102,6
2026-08-14 15:30:00,Mechanical Lab,3.7,24.33,6.58,Normal,15,4,0,24.346,0.01600000000000179,9
2026-07-24 04:30:00,HOD Department,2.76,21.62,7.82,Normal,4,4,0,21.583199999999998,0.03680000000000305,7
2026-07-26 20:10:00,BT Department,8.87,245.51,27.66,Suspicious,20,6,1,245.34419999999997,0.1658000000000186,2
2026-07-18 01:20:00,Electronics Department,3.3,18.9,5.72,Normal,1,5,1,18.875999999999998,0.02400000000000091,6
2026-08-21 13:50:00,Chemistry Lab,6.21,23.8,3.83,Normal,13,4,0,23.7843,0.015699999999998937,5
2026-07-10 13:10:00,New Seminar Hall,8.78,80.49,9.17,Normal,13,4,0,80.51259999999999,0.022599999999997067,10
2026-08-22 00:50:00,Chemistry Lab,6.81,22.21,3.26,Normal,0,5,1,22.200599999999998,0.009400000000002962,5
2026-08-07 21:00:00,AI Lab,5.69,25.64,4.51,Normal,21,4,0,25.6619,0.0218999999999987,0
2026-08-15 22:00:00,IT Department,2.98,13.83,4.64,Normal,22,5,1,13.8272,0.00280000000000058,8
2026-08-04 10:10:00,Biotech Department,5.84,40.13,6.87,Normal,10,1,0,40.1208,0.009199999999999875,3
2026-08-01 04:00:00,BT Department,3.79,37.74,9.95,Normal,4,5,1,37.710499999999996,0.029500000000005855,2
2026-08-16 18:50:00,IT Department,3.36,12.9,3.84,Normal,18,6,1,12.902399999999998,0.0023999999999979593,8
2026-07-08 04:20:00,AIML Department,2.58,7.4,2.87,Normal,4,2,0,7.4046,0.0045999999999999375,1
2026-08-14 11:40:00,Biotech Department,3.34,21.16,6.33,Normal,11,4,0,21.1422,0.017800000000001148,3
2026-08-20 18:20:00,Electronics Department,4.72,26.27,5.57,Normal,18,3,0,26.290399999999998,0.02039999999999864,6
2026-08-18 03:40:00,Mechanical Lab,7.33,71.49,9.76,Normal,3,1,0,71.5408,0.050800000000009504,9
2026-08-24 12:00:00,Biotech Department,5.48,5.73,1.05,Normal,12,0,0,5.7540000000000004,0.02400000000000002,3
2026-07-29 10:50:00,IT Department,3.5,3.96,1.13,Normal,10,2,0,3.9549999999999996,0.0050000000000003375,8
2026-07-25 12:50:00,AI Lab,3.42,32.33,9.45,Normal,12,5,1,32.318999999999996,0.011000000000002785,0
2026-07-18 12:20:00,Electronics Department,4.08,36.47,8.94,Normal,12,5,1,36.4752,0.005200000000002092,6
2026-08-06 17:00:00,Electronics Department,2.33,12.57,5.39,Normal,17,3,0,12.5587,0.01130000000000031,6
2026-07-28 05:30:00,HOD Department,4.87,12.4,2.55,Normal,5,1,0,12.4185,0.018499999999999517,7
2026-07-09 15:40:00,BT Department,5.18,38.52,7.44,Normal,15,3,0,38.5392,0.019199999999997885,2
2026-07-30 08:50:00,Physics Lab,4.76,6.4,1.34,Normal,8,3,0,6.3784,0.021600000000000286,11
2026-07-11 21:00:00,Physics Lab,5.75,23.41,4.07,Normal,21,5,1,23.402500000000003,0.0074999999999967315,11
2026-08-16 10:50:00,Electronics Department,13.09,267.21,20.42,Suspicious,10,6,1,267.2978,0.08780000000001564,6
2026-08-08 08:50:00,Physics Lab,4.7,35.64,7.58,Normal,8,5,1,35.626000000000005,0.013999999999995794,11
2026-07-13 19:50:00,Biotech Department,4.19,37.71,9.01,Normal,19,0,0,37.7519,0.04189999999999827,3
2026-07-08 09:00:00,Electronics Department,4.42,28.62,6.48,Normal,9,2,0,28.6416,0.021599999999999397,6
2026-07-02 05:20:00,New Seminar Hall,11.81,319.83,27.07,Suspicious,5,3,0,319.6967,0.1332999999999629,10
2026-07-10 19:20:00,Electronics Department,4.4,5.71,1.3,Normal,19,4,0,5.720000000000001,0.010000000000000675,6
2026-08-13 03:10:00,AIML Department,4.96,11.61,2.34,Normal,3,3,0,11.606399999999999,0.0036000000000004917,1
2026-08-01 09:00:00,CSE Department,4.62,9.27,2.01,Normal,9,5,1,9.2862,0.016199999999999548,4
2026-07-07 12:30:00,IT Department,1.64,7.12,4.33,Normal,12,1,0,7.1011999999999995,0.018800000000000594,8
2026-07-20 17:30:00,New Seminar Hall,6.8,19.15,2.81,Normal,17,0,0,19.108,0.04199999999999804,10
2026-08-17 00:20:00,BT Department,9.12,144.83,15.88,Suspicious,0,0,0,144.8256,0.004400000000003956,2
2026-08-08 05:10:00,Biotech Department,4.23,8.56,2.02,Normal,5,5,1,8.5446,0.015399999999999636,3
2026-07-31 21:50:00,Mechanical Lab,6.27,20.78,3.32,Normal,21,4,0,20.816399999999998,0.03639999999999688,9
2026-08-23 05:00:00,BT Department,2.84,4.15,1.46,Normal,5,6,1,4.1464,0.0036000000000004917,2
2026-08-07 22:10:00,AI Lab,6.21,38.9,6.26,Normal,22,4,0,38.8746,0.025399999999997647,0
2026-08-18 00:40:00,HOD Department,9.09,237.66,26.13,Suspicious,0,1,0,237.52169999999998,0.1383000000000152,7
2026-07-23 21:30:00,Biotech Department,5.4,31.09,5.76,Normal,21,3,0,31.104,0.013999999999999346,3
2026-08-17 12:30:00,IT Department,5.7,53.3,9.35,Normal,12,0,0,53.295,0.0049999999999954525,8
2026-07-09 17:20:00,IT Department,5.06,32.75,6.47,Normal,17,3,0,32.7382,0.01180000000000092,8
2026-07-28 04:40:00,Biotech Department,4.59,42.77,9.32,Normal,4,1,0,42.7788,0.008799999999993702,3
2026-08-20 05:20:00,New Seminar Hall,19.39,1628.81,83.99,Critical,5,3,0,1628.5661,0.2438999999999396,10
2026-07-29 13:30:00,Electronics Department,4.45,10.78,2.42,Normal,13,2,0,10.769,0.010999999999999233,6
2026-08-17 21:40:00,BT Department,5.89,49.83,8.46,Normal,21,0,0,49.8294,0.0005999999999986017,2
2026-08-12 13:00:00,New Seminar Hall,7.01,56.11,8.01,Normal,13,2,0,56.150099999999995,0.04009999999999536,10
2026-07-09 22:30:00,AI Lab,4.1,21.92,5.34,Normal,22,3,0,21.894,0.026000000000003354,0
2026-07-17 05:30:00,IT Department,5.01,36.05,7.19,Normal,5,4,0,36.0219,0.028099999999994907,8
2026-07-20 08:40:00,CSE Department,2.68,23.82,8.89,Normal,8,0,0,23.825200000000002,0.005200000000002092,4
2026-07-03 05:50:00,Chemistry Lab,5.36,14.53,2.71,Normal,5,4,0,14.5256,0.004399999999998627,5
2026-08-02 04:10:00,Chemistry Lab,5.34,34.24,6.42,Normal,4,6,1,34.2828,0.04279999999999973,5
2026-07-08 12:30:00,Electronics Department,4.44,14.57,3.28,Normal,12,2,0,14.5632,0.006800000000000139,6
2026-07-09 20:50:00,BT Department,12.64,370.35,29.31,Suspicious,20,3,0,370.4784,0.12839999999999918,2
2026-07-08 08:00:00,HOD Department,8.33,91.52,10.99,Suspicious,8,2,0,91.5467,0.026700000000005275,7
2026-08-15 15:30:00,AIML Department,3.42,8.96,2.62,Normal,15,5,1,8.9604,0.00039999999999906777,1
2026-08-06 07:00:00,Chemistry Lab,6.92,7.67,1.11,Normal,7,3,0,7.6812000000000005,0.011200000000000543,5
2026-07-27 22:00:00,New Seminar Hall,5.7,38.6,6.77,Normal,22,0,0,38.589,0.011000000000002785,10
2026-07-18 22:00:00,New Seminar Hall,6.27,54.08,8.62,Normal,22,5,1,54.04739999999999,0.03260000000000929,10
2026-07-31 03:30:00,Biotech Department,5.96,58.57,9.82,Normal,3,4,0,58.5272,0.04279999999999973,3
2026-07-08 16:20:00,Mechanical Lab,5.3,34.63,6.53,Normal,16,2,0,34.609,0.021000000000000796,9
2026-08-21 19:40:00,BT Department,3.61,19.71,5.46,Normal,19,4,0,19.7106,0.0005999999999986017,2
2026-07-03 06:50:00,Physics Lab,6.95,55.99,8.05,Normal,6,4,0,55.947500000000005,0.042499999999996874,11
2026-07-08 13:50:00,Physics Lab,4.99,14.04,2.81,Normal,13,2,0,14.0219,0.018099999999998673,11
2026-07-10 11:20:00,New Seminar Hall,4.45,34.47,7.74,Normal,11,4,0,34.443000000000005,0.026999999999993918,10
2026-07-08 01:20:00,Physics Lab,7.14,47.03,6.58,Normal,1,2,0,46.9812,0.048799999999999955,11
2026-07-17 20:50:00,New Seminar Hall,3.7,16.61,4.49,Normal,20,4,0,16.613000000000003,0.0030000000000036664,10
2026-08-15 19:20:00,BT Department,4.61,42.85,9.3,Normal,19,5,1,42.873000000000005,0.02300000000000324,2
2026-07-14 19:10:00,Biotech Department,13.26,250.57,18.9,Suspicious,19,1,0,250.61399999999998,0.04399999999998272,3
2026-08-10 07:10:00,CSE Department,4.03,15.92,3.95,Normal,7,0,0,15.918500000000002,0.0014999999999982805,4
2026-07-10 04:20:00,Electronics Department,4.79,32.68,6.83,Normal,4,4,0,32.7157,0.03569999999999851,6
2026-07-05 15:10:00,BT Department,6.24,50.2,8.04,Normal,15,6,1,50.169599999999996,0.03040000000000731,2
2026-08-10 18:20:00,Mechanical Lab,4.59,45.31,9.87,Normal,18,0,0,45.30329999999999,0.006700000000009254,9
2026-07-13 10:20:00,AI Lab,21.8,943.77,43.29,Critical,10,0,0,943.722,0.04800000000000182,0
2026-07-10 23:40:00,New Seminar Hall,14.44,332.28,23.01,Suspicious,23,4,0,332.2644,0.015599999999949432,10
2026-08-15 14:20:00,Chemistry Lab,14.21,172.6,12.14,Suspicious,14,5,1,172.50940000000003,0.09059999999996649,5
2026-07-12 07:10:00,Mechanical Lab,15.73,456.24,29.0,Suspicious,7,6,1,456.17,0.06999999999999318,9
2026-07-12 19:50:00,AIML Department,8.2,183.64,22.38,Suspicious,19,6,1,183.51599999999996,0.12400000000002365,1
2026-07-26 02:40:00,AI Lab,5.59,11.56,2.07,Normal,2,6,1,11.571299999999999,0.011299999999998533,0
2026-07-17 16:00:00,Electronics Department,6.3,21.72,3.45,Normal,16,4,0,21.735,0.015000000000000568,6
2026-07-16 16:40:00,AI Lab,3.56,29.08,8.16,Normal,16,3,0,29.0496,0.030399999999996652,0
2026-08-25 12:50:00,Electronics Department,6.13,49.56,8.08,Normal,12,1,0,49.5304,0.02960000000000207,6
2026-07-23 09:40:00,Mechanical Lab,22.78,774.12,33.98,Critical,9,3,0,774.0644,0.05560000000002674,9
2026-07-23 12:00:00,Mechanical Lab,2.97,14.53,4.9,Normal,12,3,0,14.553000000000003,0.02300000000000324,9
2026-07-10 09:50:00,New Seminar Hall,6.55,55.28,8.44,Normal,9,4,0,55.282,0.001999999999995339,10
2026-07-05 07:50:00,BT Department,4.17,26.19,6.29,Normal,7,6,1,26.2293,0.039299999999997226,2
2026-07-17 17:20:00,AI Lab,5.42,40.82,7.53,Normal,17,4,0,40.8126,0.0073999999999969646,0
2026-07-10 05:20:00,Mechanical Lab,4.73,39.76,8.41,Normal,5,4,0,39.779300000000006,0.01930000000000831,9
2026-08-15 13:20:00,CSE Department,3.53,16.35,4.64,Normal,13,5,1,16.379199999999997,0.029199999999995896,4
2026-08-04 18:10:00,Mechanical Lab,27.93,1511.94,54.13,Critical,18,1,0,1511.8509000000001,0.08909999999991669,9
2026-08-16 08:00:00,Chemistry Lab,6.03,53.77,8.92,Normal,8,6,1,53.787600000000005,0.017600000000001614,5
2026-07-15 04:10:00,Electronics Department,5.18,14.18,2.74,Normal,4,2,0,14.193200000000001,0.01320000000000121,6
2026-07-19 15:50:00,BT Department,4.23,19.59,4.63,Normal,15,6,1,19.5849,0.005099999999998772,2
2026-07-03 04:50:00,CSE Department,2.84,20.64,7.27,Normal,4,4,0,20.6468,0.006799999999998363,4
2026-07-05 16:50:00,AI Lab,6.82,66.01,9.68,Normal,16,6,1,66.0176,0.0075999999999964984,0
2026-08-11 13:40:00,CSE Department,9.93,190.3,19.16,Suspicious,13,1,0,190.2588,0.041200000000003456,4
2026-07-22 17:30:00,CSE Department,19.11,993.89,52.02,Critical,17,2,0,994.1022,0.21220000000005257,4
2026-07-25 09:40:00,HOD Department,4.33,9.34,2.16,Normal,9,5,1,9.3528,0.012800000000000367,7
2026-08-18 21:20:00,BT Department,3.73,4.82,1.29,Normal,21,1,0,4.8117,0.008300000000000196,2
2026-07-31 20:40:00,Electronics Department,3.51,3.66,1.04,Normal,20,4,0,3.6504,0.009600000000000275,6
2026-07-29 06:30:00,Biotech Department,6.66,25.62,3.84,Normal,6,2,0,25.5744,0.04560000000000031,3
2026-08-22 23:00:00,Physics Lab,5.23,52.06,9.96,Normal,23,5,1,52.09080000000001,0.030800000000006378,11
2026-08-08 19:50:00,Biotech Department,4.97,5.88,1.18,Normal,19,5,1,5.864599999999999,0.015400000000000524,3
2026-08-09 00:00:00,HOD Department,12.07,384.44,31.86,Critical,0,6,1,384.5502,0.11020000000002028,7
2026-07-15 13:00:00,IT Department,4.44,10.78,2.43,Normal,13,2,0,10.789200000000001,0.009200000000001651,8
2026-07-31 14:00:00,New Seminar Hall,4.45,44.41,9.98,Normal,14,4,0,44.411,0.0010000000000047748,10
2026-08-17 21:20:00,Chemistry Lab,5.94,55.49,9.35,Normal,21,0,0,55.539,0.04899999999999949,5
2026-07-16 00:10:00,BT Department,17.09,1019.61,59.68,Critical,0,3,0,1019.9312,0.32119999999997617,2
2026-07-01 12:30:00,Mechanical Lab,3.6,33.95,9.44,Normal,12,2,0,33.984,0.03399999999999892,9
2026-07-15 12:00:00,AIML Department,4.22,19.08,4.52,Normal,12,2,0,19.074399999999997,0.00560000000000116,1
2026-07-28 14:40:00,Mechanical Lab,6.3,39.13,6.21,Normal,14,1,0,39.123,0.007000000000005002,9
2026-08-20 13:40:00,IT Department,4.21,14.31,3.4,Normal,13,3,0,14.314,0.0039999999999995595,8
2026-07-23 16:00:00,Physics Lab,6.22,43.48,6.99,Normal,16,3,0,43.4778,0.0021999999999948727,11
2026-08-22 02:10:00,HOD Department,3.23,27.15,8.41,Normal,2,5,1,27.1643,0.0143000000000022,7
2026-07-27 19:40:00,Mechanical Lab,3.8,37.61,9.9,Normal,19,0,0,37.62,0.00999999999999801,9
2026-07-02 05:30:00,New Seminar Hall,7.3,59.16,8.11,Normal,5,3,0,59.202999999999996,0.04299999999999926,10
2026-08-11 14:20:00,Physics Lab,6.77,44.47,6.56,Normal,14,1,0,44.411199999999994,0.05880000000000507,11
2026-08-25 14:10:00,HOD Department,2.69,18.16,6.74,Normal,14,1,0,18.1306,0.029399999999998983,7
2026-08-02 06:30:00,HOD Department,3.39,17.39,5.13,Normal,6,6,1,17.3907,0.0006999999999983686,7
2026-07-01 10:10:00,Electronics Department,3.93,5.07,1.29,Normal,10,2,0,5.0697,0.000300000000000189,6
2026-08-18 00:50:00,New Seminar Hall,19.19,1240.45,64.63,Critical,0,1,0,1240.2497,0.20029999999997017,10
2026-08-01 10:00:00,Chemistry Lab,6.14,50.04,8.15,Normal,10,5,1,50.041,0.0009999999999976694,5
2026-07-11 22:10:00,HOD Department,2.06,5.67,2.76,Normal,22,5,1,5.6856,0.015600000000000058,7
2026-07-17 18:10:00,CSE Department,4.06,35.77,8.8,Normal,18,4,0,35.728,0.04200000000000159,4
2026-08-02 14:40:00,IT Department,4.62,28.41,6.15,Normal,14,6,1,28.413000000000004,0.0030000000000036664,8
2026-07-22 12:40:00,AI Lab,5.0,23.42,4.69,Normal,12,2,0,23.450000000000003,0.030000000000001137,0
2026-07-29 03:30:00,IT Department,3.61,29.44,8.16,Normal,3,2,0,29.4576,0.01759999999999806,8
2026-07-17 14:00:00,AI Lab,3.63,16.74,4.62,Normal,14,4,0,16.770599999999998,0.03059999999999974,0
2026-07-03 22:20:00,IT Department,3.18,22.7,7.15,Normal,22,4,0,22.737000000000002,0.037000000000002586,8
2026-08-10 21:30:00,Physics Lab,5.85,12.91,2.21,Normal,21,0,0,12.9285,0.018499999999999517,11
2026-08-18 03:00:00,AIML Department,2.88,27.52,9.57,Normal,3,1,0,27.5616,0.04159999999999897,1
2026-07-07 20:30:00,HOD Department,6.62,154.15,23.28,Suspicious,20,1,0,154.11360000000002,0.03639999999998622,7
2026-08-23 11:30:00,AIML Department,10.76,311.83,28.99,Suspicious,11,6,1,311.9324,0.10239999999998872,1
2026-08-10 01:00:00,Mechanical Lab,6.05,36.29,6.0,Normal,1,0,0,36.3,0.00999999999999801,9
2026-08-02 02:10:00,AI Lab,11.4,189.66,16.63,Suspicious,2,6,1,189.582,0.07800000000000296,0
2026-07-16 05:50:00,BT Department,5.41,22.39,4.14,Normal,5,3,0,22.397399999999998,0.0073999999999969646,2
2026-07-26 06:30:00,AI Lab,5.21,32.55,6.25,Normal,6,6,1,32.5625,0.012500000000002842,0
2026-08-14 06:40:00,Mechanical Lab,8.05,63.89,7.94,Normal,6,4,0,63.91700000000001,0.02700000000000813,9
2026-08-20 19:00:00,BT Department,4.05,12.81,3.16,Normal,19,3,0,12.798,0.012000000000000455,2
2026-08-17 02:00:00,IT Department,2.79,15.14,5.42,Normal,2,0,0,15.1218,0.018200000000000216,8
2026-07-26 11:50:00,CSE Department,2.59,12.67,4.89,Normal,11,6,1,12.665099999999999,0.004900000000001015,4
2026-07-05 00:10:00,CSE Department,3.07,13.43,4.37,Normal,0,6,1,13.415899999999999,0.01410000000000089,4
2026-07-27 03:00:00,IT Department,5.64,32.21,5.71,Normal,3,0,0,32.2044,0.00560000000000116,8
2026-08-13 18:50:00,IT Department,10.07,150.73,14.96,Suspicious,18,3,0,150.64720000000003,0.08279999999996335,8
2026-08-03 04:40:00,New Seminar Hall,4.5,37.2,8.26,Normal,4,0,0,37.17,0.030000000000001137,10
2026-07-10 03:30:00,AIML Department,4.52,10.88,2.41,Normal,3,4,0,10.8932,0.013199999999999434,1
2026-07-31 01:30:00,New Seminar Hall,5.94,58.82,9.9,Normal,1,4,0,58.806000000000004,0.013999999999995794,10
2026-07-11 00:20:00,CSE Department,3.25,29.34,9.03,Normal,0,5,1,29.347499999999997,0.0074999999999967315,4
2026-08-04 00:20:00,Electronics Department,4.02,5.76,1.43,Normal,0,1,0,5.748599999999999,0.011400000000000965,6
2026-07-29 04:10:00,AI Lab,5.58,37.61,6.74,Normal,4,2,0,37.6092,0.0007999999999981355,0
2026-07-31 19:40:00,AIML Department,5.73,29.33,5.12,Normal,19,4,0,29.337600000000002,0.007600000000003604,1
2026-07-13 19:30:00,CSE Department,4.66,17.07,3.66,Normal,19,0,0,17.055600000000002,0.014399999999998414,4
2026-07-22 00:30:00,BT Department,3.37,21.46,6.36,Normal,0,2,0,21.433200000000003,0.026799999999997937,2
2026-07-11 08:10:00,CSE Department,3.85,14.97,3.89,Normal,8,5,1,14.976500000000001,0.0065000000000008384,4
2026-08-11 23:00:00,BT Department,5.25,32.55,6.2,Normal,23,1,0,32.550000000000004,7.105427357601002e-15,2
2026-08-24 09:40:00,BT Department,4.11,28.98,7.05,Normal,9,0,0,28.9755,0.0045000000000001705,2
2026-07-27 19:10:00,Physics Lab,2.44,12.92,5.29,Normal,19,0,0,12.9076,0.012399999999999523,11
2026-08-09 10:30:00,HOD Department,2.59,12.54,4.84,Normal,10,6,1,12.535599999999999,0.004400000000000404,7
2026-07-10 04:10:00,CSE Department,2.92,14.3,4.89,Normal,4,4,0,14.278799999999999,0.021200000000002106,4
2026-08-02 23:50:00,AIML Department,8.93,176.79,19.79,Suspicious,23,6,1,176.72469999999998,0.06530000000000769,1
2026-07-13 05:20:00,HOD Department,4.15,31.07,7.49,Normal,5,0,0,31.083500000000004,0.013500000000004064,7
2026-07-07 23:10:00,Physics Lab,7.07,65.01,9.19,Normal,23,1,0,64.9733,0.03670000000001039,11
2026-08-11 13:20:00,New Seminar Hall,6.12,35.85,5.86,Normal,13,1,0,35.8632,0.013199999999997658,10
2026-08-25 15:20:00,Physics Lab,4.97,14.3,2.88,Normal,15,1,0,14.3136,0.013599999999998502,11
2026-08-19 12:10:00,Biotech Department,5.19,21.96,4.23,Normal,12,2,0,21.953700000000005,0.0062999999999959755,3
2026-08-21 08:20:00,AI Lab,3.88,36.95,9.53,Normal,8,4,0,36.9764,0.026399999999995316,0
2026-07-04 03:10:00,Biotech Department,4.72,24.51,5.2,Normal,3,5,1,24.544,0.03399999999999892,3
2026-07-15 17:10:00,New Seminar Hall,7.23,34.94,4.83,Normal,17,2,0,34.9209,0.019099999999994566,10
2026-08-23 02:10:00,Biotech Department,4.42,4.86,1.1,Normal,2,6,1,4.862,0.0019999999999997797,3
2026-07-15 01:30:00,Physics Lab,4.85,48.04,9.91,Normal,1,2,0,48.0635,0.023499999999998522,11
2026-07-02 10:20:00,New Seminar Hall,6.15,22.84,3.71,Normal,10,3,0,22.8165,0.023499999999998522,10
2026-07-28 08:00:00,CSE Department,3.92,37.35,9.52,Normal,8,1,0,37.3184,0.03160000000000451,4
2026-08-08 04:30:00,BT Department,3.37,30.33,9.0,Normal,4,5,1,30.330000000000002,3.552713678800501e-15,2
2026-07-07 14:20:00,Physics Lab,5.43,12.37,2.28,Normal,14,1,0,12.380399999999998,0.010399999999998855,11
2026-07-03 18:40:00,BT Department,3.97,37.53,9.44,Normal,18,4,0,37.4768,0.05320000000000391,2
2026-08-07 07:40:00,Mechanical Lab,7.18,25.45,3.54,Normal,7,4,0,25.417199999999998,0.03280000000000172,9
2026-08-01 20:40:00,Mechanical Lab,3.77,7.27,1.93,Normal,20,5,1,7.2761,0.006099999999999994,9
2026-07-30 00:20:00,AI Lab,4.2,9.13,2.17,Normal,0,3,0,9.114,0.016000000000000014,0
2026-07-06 13:40:00,Electronics Department,5.3,31.39,5.92,Normal,13,0,0,31.375999999999998,0.014000000000002899,6
2026-07-21 23:10:00,IT Department,3.53,20.14,5.71,Normal,23,1,0,20.156299999999998,0.01629999999999754,8
2026-08-25 14:30:00,Chemistry Lab,6.0,33.52,5.58,Normal,14,1,0,33.480000000000004,0.03999999999999915,5
2026-07-21 14:40:00,Mechanical Lab,6.52,21.23,3.26,Normal,14,1,0,21.2552,0.025199999999998113,9
2026-07-03 11:50:00,HOD Department,13.96,848.68,60.81,Critical,11,4,0,848.9076000000001,0.2276000000001659,7
2026-08-02 14:00:00,AI Lab,4.88,21.36,4.38,Normal,14,6,1,21.374399999999998,0.014399999999998414,0
2026-07-05 22:10:00,HOD Department,7.09,158.48,22.34,Suspicious,22,6,1,158.3906,0.08939999999998349,7
2026-07-15 03:30:00,IT Department,9.58,161.58,16.86,Suspicious,3,2,0,161.5188,0.06120000000001369,8
2026-07-26 18:50:00,Chemistry Lab,19.06,1061.46,55.69,Critical,18,6,1,1061.4514,0.00860000000011496,5
2026-07-03 11:00:00,CSE Department,4.22,25.99,6.16,Normal,11,4,0,25.9952,0.005200000000002092,4
2026-07-17 13:10:00,BT Department,3.01,7.3,2.42,Normal,13,4,0,7.284199999999999,0.01580000000000048,2
2026-08-03 14:20:00,Electronics Department,20.82,1553.71,74.62,Critical,14,0,0,1553.5884,0.12159999999994398,6
2026-07-17 16:40:00,Electronics Department,5.32,9.58,1.8,Normal,16,4,0,9.576,0.0039999999999995595,6
2026-07-27 01:00:00,CSE Department,5.07,15.15,2.99,Normal,1,0,0,15.159300000000002,0.009300000000001418,4
2026-07-27 18:00:00,New Seminar Hall,5.33,21.49,4.03,Normal,18,0,0,21.4799,0.010099999999997777,10
2026-07-14 17:10:00,Physics Lab,24.26,941.23,38.79,Critical,17,1,0,941.0454000000001,0.18459999999993215,11
2026-08-19 02:10:00,HOD Department,1.94,18.85,9.69,Normal,2,2,0,18.798599999999997,0.05140000000000455,7
2026-07-25 03:10:00,New Seminar Hall,6.21,43.32,6.98,Normal,3,5,1,43.345800000000004,0.02580000000000382,10
2026-07-06 12:50:00,Biotech Department,5.26,52.45,9.97,Normal,12,0,0,52.4422,0.007800000000003138,3
2026-07-26 14:20:00,BT Department,4.84,30.82,6.37,Normal,14,6,1,30.8308,0.010799999999999699,2
2026-08-10 20:00:00,AI Lab,6.22,30.43,4.89,Normal,20,0,0,30.415799999999997,0.014200000000002433,0
2026-07-10 03:00:00,Biotech Department,2.88,14.41,5.0,Normal,3,4,0,14.399999999999999,0.010000000000001563,3
2026-08-11 01:10:00,Physics Lab,5.96,33.77,5.67,Normal,1,1,0,33.7932,0.02319999999999567,11
2026-08-12 14:00:00,Chemistry Lab,3.0,27.85,9.28,Normal,14,2,0,27.839999999999996,0.010000000000005116,5
2026-08-19 11:40:00,Chemistry Lab,6.29,62.3,9.91,Normal,11,2,0,62.3339,0.033900000000002706,5
2026-07-26 07:10:00,Mechanical Lab,4.36,14.1,3.23,Normal,7,6,1,14.0828,0.017199999999998994,9
2026-07-16 03:40:00,New Seminar Hall,9.46,14.47,1.53,Normal,3,3,0,14.473800000000002,0.003800000000001802,10
2026-08-05 12:20:00,AI Lab,6.49,36.57,5.63,Normal,12,2,0,36.5387,0.03130000000000166,0
2026-07-29 20:50:00,AI Lab,5.22,12.23,2.34,Normal,20,2,0,12.214799999999999,0.015200000000001879,0
2026-08-04 20:10:00,Mechanical Lab,3.97,21.73,5.47,Normal,20,1,0,21.7159,0.014099999999999113,9
2026-08-04 09:20:00,Physics Lab,21.02,990.78,47.14,Critical,9,1,0,990.8828,0.102800000000002,11
2026-07-04 21:40:00,BT Department,2.25,3.23,1.43,Normal,21,5,1,3.2175,0.012500000000000178,2
2026-08-20 00:50:00,Biotech Department,5.14,7.87,1.53,Normal,0,3,0,7.864199999999999,0.0058000000000006935,3
2026-07-04 04:10:00,AIML Department,4.95,47.47,9.6,Normal,4,5,1,47.52,0.05000000000000426,1
2026-08-23 03:40:00,IT Department,2.66,18.55,6.99,Normal,3,6,1,18.593400000000003,0.04340000000000188,8
2026-08-25 15:40:00,AI Lab,4.48,13.75,3.07,Normal,15,1,0,13.7536,0.0036000000000004917,0
2026-08-25 05:30:00,IT Department,4.33,39.31,9.08,Normal,5,1,0,39.3164,0.006399999999999295,8
2026-08-19 06:40:00,BT Department,5.43,30.86,5.68,Normal,6,2,0,30.842399999999998,0.017600000000001614,2
2026-07-02 18:30:00,CSE Department,2.75,9.26,3.36,Normal,18,3,0,9.24,0.019999999999999574,4
2026-08-15 13:30:00,Mechanical Lab,5.25,14.76,2.81,Normal,13,5,1,14.7525,0.007500000000000284,9
2026-07-04 12:20:00,AIML Department,4.38,25.04,5.71,Normal,12,5,1,25.0098,0.03020000000000067,1
2026-07-15 14:20:00,CSE Department,3.61,8.67,2.4,Normal,14,2,0,8.664,0.006000000000000227,4
2026-07-18 05:00:00,HOD Department,3.4,9.58,2.82,Normal,5,5,1,9.588,0.007999999999999119,7
2026-07-03 01:40:00,Chemistry Lab,4.84,5.62,1.16,Normal,1,4,0,5.6144,0.005600000000000271,5
2026-08-17 19:30:00,Electronics Department,2.58,13.34,5.16,Normal,19,0,0,13.312800000000001,0.02719999999999878,6
2026-08-08 02:10:00,HOD Department,7.38,127.93,17.35,Suspicious,2,5,1,128.043,0.11299999999999955,7
2026-07-09 00:30:00,HOD Department,12.89,584.66,45.37,Critical,0,3,0,584.8193,0.1593000000000302,7
2026-08-15 10:30:00,Chemistry Lab,6.15,53.18,8.65,Normal,10,5,1,53.197500000000005,0.0175000000000054,5
2026-07-13 05:30:00,Chemistry Lab,11.56,151.87,13.14,Suspicious,5,0,0,151.8984,0.028400000000004866,5
2026-07-28 11:50:00,Electronics Department,5.14,23.21,4.51,Normal,11,1,0,23.181399999999996,0.0286000000000044,6
2026-08-15 02:10:00,Chemistry Lab,6.48,59.01,9.11,Normal,2,5,1,59.0328,0.022800000000003706,5
2026-07-06 07:10:00,AIML Department,9.64,226.4,23.48,Suspicious,7,0,0,226.34720000000002,0.05279999999999063,1
2026-07-05 04:00:00,AIML Department,2.08,16.38,7.89,Normal,4,6,1,16.4112,0.031200000000001893,1
2026-07-11 07:50:00,New Seminar Hall,6.93,21.96,3.17,Normal,7,5,1,21.9681,0.008099999999998886,10
2026-07-17 02:20:00,BT Department,2.26,15.43,6.81,Normal,2,4,0,15.390599999999997,0.03940000000000232,2
2026-07-23 04:00:00,Mechanical Lab,5.58,36.54,6.55,Normal,4,3,0,36.549,0.009000000000000341,9
2026-08-23 08:10:00,Electronics Department,4.49,4.85,1.08,Normal,8,6,1,4.849200000000001,0.0007999999999990237,6
2026-07-14 16:50:00,Electronics Department,5.62,46.8,8.33,Normal,16,1,0,46.8146,0.0146000000000015,6
2026-07-05 17:40:00,New Seminar Hall,7.61,70.95,9.33,Normal,17,6,1,71.0013,0.05129999999999768,10
2026-07-03 12:40:00,IT Department,5.99,52.56,8.77,Normal,12,4,0,52.5323,0.027700000000002944,8
2026-08-25 09:00:00,New Seminar Hall,8.31,16.75,2.02,Normal,9,1,0,16.7862,0.0362000000000009,10
2026-08-08 00:00:00,Biotech Department,5.25,48.92,9.32,Normal,0,5,1,48.93,0.00999999999999801,3
2026-07-04 07:10:00,Biotech Department,4.45,13.48,3.03,Normal,7,5,1,13.4835,0.0034999999999989484,3
2026-08-11 15:40:00,IT Department,3.52,23.79,6.77,Normal,15,1,0,23.830399999999997,0.040399999999998215,8
2026-07-02 01:30:00,Mechanical Lab,4.94,46.75,9.46,Normal,1,3,0,46.732400000000005,0.01759999999999451,9
2026-07-22 10:50:00,AIML Department,2.01,19.13,9.53,Normal,10,2,0,19.155299999999997,0.02529999999999788,1
2026-07-30 18:20:00,Biotech Department,5.07,48.93,9.66,Normal,18,3,0,48.976200000000006,0.046200000000006014,3
2026-07-16 09:30:00,New Seminar Hall,2.71,20.51,7.58,Normal,9,3,0,20.5418,0.03179999999999694,10
2026-07-13 04:50:00,HOD Department,2.82,3.7,1.31,Normal,4,0,0,3.6942,0.005800000000000249,7
2026-07-01 22:50:00,BT Department,4.97,7.64,1.54,Normal,22,2,0,7.6537999999999995,0.013799999999999812,2
2026-07-16 21:30:00,IT Department,3.39,4.62,1.36,Normal,21,3,0,4.6104,0.009599999999999831,8
2026-07-23 09:00:00,AI Lab,5.58,7.66,1.37,Normal,9,3,0,7.6446000000000005,0.015399999999999636,0
2026-08-11 21:10:00,Physics Lab,7.66,11.42,1.49,Normal,21,1,0,11.4134,0.006600000000000605,11
2026-07-14 20:50:00,New Seminar Hall,4.26,4.72,1.11,Normal,20,1,0,4.7286,0.008600000000000385,10
2026-07-29 10:00:00,CSE Department,3.73,14.84,3.98,Normal,10,2,0,14.8454,0.005399999999999849,4
2026-07-21 02:40:00,Physics Lab,3.98,25.94,6.51,Normal,2,1,0,25.9098,0.03020000000000067,11
2026-07-01 08:10:00,Electronics Department,5.83,15.44,2.65,Normal,8,2,0,15.4495,0.009500000000000952,6
2026-07-31 10:50:00,CSE Department,5.75,9.81,1.71,Normal,10,4,0,9.8325,0.022499999999999076,4
2026-07-07 19:50:00,HOD Department,3.21,26.1,8.12,Normal,19,1,0,26.065199999999997,0.03480000000000416,7
2026-08-17 22:40:00,Physics Lab,4.87,36.62,7.52,Normal,22,0,0,36.6224,0.002400000000001512,11
2026-07-20 05:20:00,BT Department,3.77,13.63,3.62,Normal,5,0,0,13.647400000000001,0.017400000000000304,2
2026-08-06 11:30:00,Chemistry Lab,5.13,37.49,7.31,Normal,11,3,0,37.500299999999996,0.010299999999993759,5
2026-08-14 10:00:00,BT Department,4.17,5.73,1.37,Normal,10,4,0,5.7129,0.017100000000000115,2
2026-07-05 10:30:00,BT Department,5.31,39.88,7.51,Normal,10,6,1,39.878099999999996,0.00190000000000623,2
2026-08-23 20:40:00,Mechanical Lab,6.56,41.04,6.26,Normal,20,6,1,41.065599999999996,0.02559999999999718,9
2026-08-12 02:20:00,Electronics Department,3.6,8.87,2.47,Normal,2,2,0,8.892000000000001,0.022000000000002018,6
2026-07-21 17:20:00,CSE Department,4.12,11.64,2.83,Normal,17,1,0,11.659600000000001,0.019600000000000506,4
2026-07-18 08:00:00,AIML Department,3.15,27.48,8.72,Normal,8,5,1,27.468,0.012000000000000455,1
2026-07-12 06:40:00,Physics Lab,7.58,42.19,5.57,Normal,6,6,1,42.220600000000005,0.030600000000006844,11
2026-08-15 01:50:00,Mechanical Lab,4.32,10.09,2.34,Normal,1,5,1,10.1088,0.018800000000000594,9
2026-08-16 18:10:00,BT Department,4.47,37.86,8.48,Normal,18,6,1,37.9056,0.04560000000000031,2
2026-07-02 19:30:00,AIML Department,3.75,18.33,4.89,Normal,19,3,0,18.3375,0.007500000000000284,1
2026-07-06 17:40:00,AI Lab,4.01,10.98,2.74,Normal,17,0,0,10.987400000000001,0.007400000000000517,0
2026-08-24 05:30:00,Mechanical Lab,22.36,894.59,40.01,Critical,5,0,0,894.6235999999999,0.03359999999986485,9
2026-07-25 14:40:00,New Seminar Hall,6.7,41.96,6.26,Normal,14,5,1,41.942,0.018000000000000682,10
2026-08-17 07:20:00,Biotech Department,11.08,242.4,21.88,Suspicious,7,0,0,242.4304,0.030399999999985994,3
2026-07-15 12:30:00,New Seminar Hall,7.79,51.87,6.66,Normal,12,2,0,51.8814,0.011400000000001853,10
2026-08-20 17:40:00,Mechanical Lab,7.01,22.9,3.26,Normal,17,3,0,22.8526,0.047399999999999665,9
2026-08-07 23:20:00,HOD Department,3.52,8.78,2.5,Normal,23,4,0,8.8,0.02000000000000135,7
2026-07-12 05:10:00,HOD Department,3.33,18.53,5.56,Normal,5,6,1,18.514799999999997,0.015200000000003655,7
2026-07-02 11:30:00,Biotech Department,4.34,19.53,4.5,Normal,11,3,0,19.53,0.0,3
2026-08-02 23:40:00,Physics Lab,4.92,14.09,2.87,Normal,23,6,1,14.1204,0.030400000000000205,11
2026-07-26 02:20:00,AIML Department,4.76,32.25,6.78,Normal,2,6,1,32.2728,0.0227999999999966,1
2026-08-12 22:10:00,AIML Department,5.0,10.23,2.05,Normal,22,2,0,10.25,0.019999999999999574,1
2026-08-23 03:00:00,New Seminar Hall,7.39,26.01,3.52,Normal,3,6,1,26.0128,0.002799999999997027,10
2026-08-08 02:30:00,Biotech Department,20.0,1435.74,71.77,Critical,2,5,1,1435.3999999999999,0.3400000000001455,3
2026-07-15 07:30:00,IT Department,4.31,32.41,7.53,Normal,7,2,0,32.454299999999996,0.044299999999999784,8
2026-07-03 05:30:00,HOD Department,4.59,35.28,7.69,Normal,5,4,0,35.2971,0.017099999999999227,7
2026-07-28 03:20:00,Biotech Department,4.47,41.2,9.22,Normal,3,1,0,41.2134,0.013399999999997192,3
2026-07-30 06:30:00,Electronics Department,5.59,54.37,9.72,Normal,6,3,0,54.3348,0.03519999999999612,6
2026-08-14 16:40:00,Biotech Department,5.83,34.26,5.88,Normal,16,4,0,34.2804,0.020400000000002194,3
2026-07-27 15:20:00,Electronics Department,5.11,34.81,6.81,Normal,15,0,0,34.7991,0.010899999999999466,6
2026-08-06 07:50:00,Electronics Department,4.26,31.22,7.33,Normal,7,3,0,31.2258,0.0058000000000006935,6
2026-07-04 01:40:00,Chemistry Lab,5.69,26.73,4.7,Normal,1,5,1,26.743000000000002,0.013000000000001677,5
2026-07-05 09:10:00,CSE Department,5.09,19.45,3.82,Normal,9,6,1,19.4438,0.006199999999999761,4
2026-08-24 22:50:00,Chemistry Lab,6.37,29.8,4.68,Normal,22,0,0,29.8116,0.011599999999997834,5
2026-08-25 16:40:00,Mechanical Lab,12.41,300.66,24.22,Suspicious,16,1,0,300.5702,0.08980000000002519,9
2026-08-21 19:50:00,Biotech Department,4.95,19.84,4.01,Normal,19,4,0,19.8495,0.009499999999999176,3
2026-08-16 00:50:00,AI Lab,5.43,26.41,4.87,Normal,0,6,1,26.4441,0.03409999999999869,0
2026-08-23 10:20:00,HOD Department,3.01,19.7,6.56,Normal,10,6,1,19.745599999999996,0.045599999999996754,7
2026-08-15 07:30:00,BT Department,3.27,30.54,9.34,Normal,7,5,1,30.5418,0.0017999999999993577,2
2026-07-04 22:40:00,IT Department,18.29,1588.75,86.87,Critical,22,5,1,1588.8523,0.10230000000001382,8
2026-07-13 13:50:00,AIML Department,4.37,32.01,7.33,Normal,13,0,0,32.0321,0.022100000000001785,1
2026-07-14 08:30:00,IT Department,5.0,19.98,3.99,Normal,8,1,0,19.950000000000003,0.029999999999997584,8
2026-08-07 12:30:00,Biotech Department,5.36,12.92,2.41,Normal,12,4,0,12.917600000000002,0.0023999999999979593,3
2026-07-28 20:50:00,Mechanical Lab,7.07,48.33,6.83,Normal,20,1,0,48.2881,0.04189999999999827,9
2026-07-24 13:20:00,IT Department,4.57,26.91,5.89,Normal,13,4,0,26.9173,0.00730000000000075,8
2026-07-16 23:30:00,HOD Department,4.49,17.54,3.9,Normal,23,3,0,17.511,0.028999999999999915,7
2026-07-23 17:20:00,Electronics Department,21.43,1835.22,85.63,Critical,17,3,0,1835.0509,0.1691000000000713,6
2026-07-04 23:40:00,HOD Department,3.22,5.05,1.57,Normal,23,5,1,5.055400000000001,0.0054000000000007375,7
2026-07-21 19:00:00,Biotech Department,4.85,46.3,9.55,Normal,19,1,0,46.3175,0.0175000000000054,3
2026-08-01 09:30:00,AIML Department,4.27,31.14,7.29,Normal,9,5,1,31.128299999999996,0.011700000000004707,1
2026-07-28 09:50:00,New Seminar Hall,5.83,28.54,4.9,Normal,9,1,0,28.567000000000004,0.027000000000004576,10
2026-08-09 14:30:00,AIML Department,11.38,205.73,18.07,Suspicious,14,6,1,205.63660000000002,0.09339999999997417,1
2026-07-06 03:20:00,Mechanical Lab,18.27,1125.01,61.59,Critical,3,0,0,1125.2493,0.23929999999995744,9
2026-08-22 19:40:00,AIML Department,2.69,22.58,8.4,Normal,19,5,1,22.596,0.01600000000000179,1
2026-08-01 04:40:00,CSE Department,4.09,20.27,4.96,Normal,4,5,1,20.2864,0.01640000000000086,4
2026-07-26 13:30:00,Chemistry Lab,18.12,786.11,43.38,Critical,13,6,1,786.0456,0.06439999999997781,5
2026-08-10 15:30:00,Physics Lab,5.01,16.01,3.19,Normal,15,0,0,15.9819,0.028100000000002012,11
2026-07-08 15:00:00,CSE Department,4.73,21.41,4.53,Normal,15,2,0,21.426900000000003,0.016900000000003246,4
2026-07-05 10:20:00,New Seminar Hall,5.07,10.34,2.04,Normal,10,6,1,10.3428,0.00280000000000058,10
2026-07-04 22:30:00,Physics Lab,13.97,228.75,16.37,Suspicious,22,5,1,228.68890000000002,0.061099999999981947,11
2026-07-24 19:20:00,AI Lab,4.18,35.99,8.61,Normal,19,4,0,35.989799999999995,0.0002000000000066393,0
2026-07-26 20:40:00,Biotech Department,5.33,12.39,2.32,Normal,20,6,1,12.365599999999999,0.024400000000001754,3
2026-08-10 10:40:00,CSE Department,5.8,40.3,6.95,Normal,10,0,0,40.31,0.010000000000005116,4
2026-08-16 03:30:00,CSE Department,8.29,114.97,13.87,Suspicious,3,6,1,114.98229999999998,0.012299999999981992,4
2026-08-06 07:10:00,AIML Department,3.59,29.68,8.26,Normal,7,3,0,29.653399999999998,0.026600000000001955,1
2026-07-12 11:50:00,Mechanical Lab,8.13,28.13,3.46,Normal,11,6,1,28.129800000000003,0.00019999999999598117,9
2026-07-26 09:40:00,Electronics Department,16.41,1366.16,83.26,Critical,9,6,1,1366.2966000000001,0.13660000000004402,6
2026-08-23 07:20:00,Mechanical Lab,6.42,28.69,4.47,Normal,7,6,1,28.6974,0.0073999999999969646,9
2026-08-25 20:40:00,IT Department,5.29,19.75,3.74,Normal,20,1,0,19.7846,0.034600000000001074,8
2026-07-13 21:30:00,Chemistry Lab,8.01,43.39,5.42,Normal,21,0,0,43.4142,0.024200000000000443,5
2026-07-06 19:50:00,Mechanical Lab,7.81,13.18,1.69,Normal,19,0,0,13.198899999999998,0.018899999999998585,9
2026-07-06 20:00:00,CSE Department,3.84,8.57,2.23,Normal,20,0,0,8.5632,0.006800000000000139,4
2026-08-24 01:10:00,New Seminar Hall,5.75,30.93,5.38,Normal,1,0,0,30.935,0.004999999999999005,10
2026-07-14 05:10:00,Biotech Department,5.92,45.89,7.75,Normal,5,1,0,45.88,0.00999999999999801,3
2026-07-15 02:00:00,Mechanical Lab,7.74,28.27,3.65,Normal,2,2,0,28.251,0.01899999999999835,9
2026-07-23 18:50:00,Electronics Department,3.78,33.71,8.92,Normal,18,3,0,33.7176,0.0075999999999964984,6
2026-07-26 07:40:00,IT Department,3.9,13.83,3.54,Normal,7,6,1,13.806,0.02400000000000091,8
2026-07-07 19:30:00,Mechanical Lab,6.06,25.02,4.13,Normal,19,1,0,25.0278,0.007799999999999585,9
2026-07-28 20:30:00,Biotech Department,6.97,11.89,1.7,Normal,20,1,0,11.848999999999998,0.041000000000002146,3
2026-08-20 04:10:00,Electronics Department,4.53,22.16,4.9,Normal,4,3,0,22.197000000000003,0.037000000000002586,6
2026-08-09 09:40:00,Electronics Department,4.83,25.99,5.39,Normal,9,6,1,26.0337,0.04370000000000118,6
2026-08-08 13:40:00,Electronics Department,4.78,8.99,1.88,Normal,13,5,1,8.9864,0.0036000000000004917,6
2026-08-21 21:30:00,Physics Lab,5.56,23.44,4.21,Normal,21,4,0,23.4076,0.03240000000000265,11
2026-07-30 08:30:00,AI Lab,5.15,13.67,2.65,Normal,8,3,0,13.6475,0.022499999999999076,0
2026-07-29 07:00:00,New Seminar Hall,5.54,21.09,3.81,Normal,7,2,0,21.107400000000002,0.01740000000000208,10
2026-08-20 13:50:00,AIML Department,9.48,174.43,18.4,Suspicious,13,3,0,174.432,0.001999999999981128,1
2026-07-29 22:00:00,IT Department,3.53,18.48,5.23,Normal,22,2,0,18.4619,0.01810000000000045,8
2026-07-08 04:40:00,HOD Department,4.15,41.22,9.93,Normal,4,2,0,41.209500000000006,0.010499999999993292,7
2026-08-13 05:40:00,Biotech Department,5.16,38.4,7.45,Normal,5,3,0,38.442,0.04200000000000159,3
2026-07-25 07:30:00,Physics Lab,5.16,21.19,4.11,Normal,7,5,1,21.207600000000003,0.017600000000001614,11
2026-08-21 02:10:00,AI Lab,5.57,29.56,5.3,Normal,2,4,0,29.521,0.038999999999997925,0
2026-07-27 13:40:00,AI Lab,5.91,31.25,5.29,Normal,13,0,0,31.2639,0.01389999999999958,0
2026-08-09 15:00:00,BT Department,4.66,24.18,5.19,Normal,15,6,1,24.1854,0.005400000000001626,2
2026-08-16 23:40:00,Chemistry Lab,6.38,12.81,2.01,Normal,23,6,1,12.823799999999999,0.013799999999998036,5
2026-07-22 19:30:00,Biotech Department,5.55,32.11,5.78,Normal,19,2,0,32.079,0.030999999999998806,3
2026-07-23 05:50:00,AIML Department,4.45,7.46,1.68,Normal,5,3,0,7.476,0.016000000000000014,1
2026-08-05 12:50:00,AIML Department,3.85,33.45,8.69,Normal,12,2,0,33.4565,0.006499999999995509,1
2026-08-10 15:40:00,Mechanical Lab,4.13,15.6,3.78,Normal,15,0,0,15.611399999999998,0.0113999999999983,9
2026-07-23 13:30:00,Biotech Department,8.19,30.93,3.77,Normal,13,3,0,30.876299999999997,0.053700000000002746,3
2026-08-15 05:00:00,Physics Lab,5.6,27.99,5.0,Normal,5,5,1,28.0,0.010000000000001563,11
2026-07-08 23:00:00,BT Department,3.58,28.45,7.94,Normal,23,2,0,28.4252,0.024799999999999045,2
2026-08-16 12:30:00,AI Lab,4.74,32.4,6.83,Normal,12,6,1,32.3742,0.025799999999996714,0
2026-07-21 02:00:00,CSE Department,11.52,209.26,18.16,Suspicious,2,1,0,209.20319999999998,0.05680000000000973,4
2026-07-07 11:40:00,Electronics Department,3.13,18.3,5.84,Normal,11,1,0,18.2792,0.020800000000001262,6
2026-08-25 03:00:00,HOD Department,3.85,11.32,2.94,Normal,3,1,0,11.319,0.0009999999999994458,7
2026-08-14 04:00:00,Mechanical Lab,13.05,254.66,19.51,Suspicious,4,4,0,254.60550000000003,0.0544999999999618,9
2026-07-04 21:50:00,Electronics Department,5.53,38.98,7.05,Normal,21,5,1,38.9865,0.006500000000002615,6
2026-08-21 14:20:00,New Seminar Hall,4.86,36.27,7.46,Normal,14,4,0,36.2556,0.014400000000001967,10
2026-08-03 21:30:00,CSE Department,4.97,10.17,2.05,Normal,21,0,0,10.1885,0.018499999999999517,4
2026-07-11 10:10:00,Electronics Department,2.25,12.95,5.75,Normal,10,5,1,12.9375,0.01249999999999929,6
2026-07-26 00:10:00,AI Lab,4.83,28.05,5.81,Normal,0,6,1,28.062299999999997,0.012299999999996203,0
2026-07-26 09:30:00,Biotech Department,5.04,28.53,5.66,Normal,9,6,1,28.526400000000002,0.0035999999999987153,3
2026-08-02 17:30:00,Chemistry Lab,5.7,27.68,4.86,Normal,17,6,1,27.702,0.022000000000002018,5
2026-07-18 17:40:00,IT Department,8.62,219.38,25.44,Suspicious,17,5,1,219.2928,0.08719999999999573,8
2026-07-22 03:00:00,HOD Department,3.42,13.96,4.08,Normal,3,2,0,13.9536,0.0064000000000010715,7
2026-07-29 02:30:00,CSE Department,3.81,11.7,3.07,Normal,2,2,0,11.6967,0.0032999999999994145,4
2026-08-22 23:20:00,Biotech Department,3.59,33.76,9.4,Normal,23,5,1,33.746,0.013999999999995794,3
2026-07-07 15:00:00,CSE Department,4.03,11.79,2.93,Normal,15,1,0,11.807900000000002,0.01790000000000269,4
2026-07-01 12:40:00,Physics Lab,5.97,47.36,7.93,Normal,12,2,0,47.342099999999995,0.017900000000004468,11
2026-08-18 01:10:00,New Seminar Hall,4.69,19.15,4.08,Normal,1,1,0,19.1352,0.014799999999997482,10
2026-07-18 17:50:00,Electronics Department,4.7,12.17,2.59,Normal,17,5,1,12.173,0.0030000000000001137,6
2026-07-18 04:40:00,Chemistry Lab,4.65,41.99,9.02,Normal,4,5,1,41.943,0.04700000000000415,5
2026-08-05 08:30:00,Mechanical Lab,3.73,33.75,9.05,Normal,8,2,0,33.7565,0.006500000000002615,9
2026-08-07 11:00:00,HOD Department,4.04,7.6,1.88,Normal,11,4,0,7.595199999999999,0.0048000000000003595,7
2026-07-06 15:00:00,AIML Department,3.54,6.84,1.93,Normal,15,0,0,6.8322,0.007799999999999585,1
2026-07-27 08:30:00,BT Department,2.9,10.45,3.6,Normal,8,0,0,10.44,0.009999999999999787,2
2026-08-03 17:50:00,New Seminar Hall,12.48,176.57,14.15,Suspicious,17,0,0,176.592,0.02200000000001978,10
2026-07-03 07:20:00,Mechanical Lab,7.84,56.22,7.17,Normal,7,4,0,56.2128,0.007199999999997431,9
2026-07-06 02:20:00,Mechanical Lab,7.47,50.92,6.81,Normal,2,0,0,50.87069999999999,0.04930000000000945,9
2026-08-21 16:30:00,AIML Department,3.03,23.12,7.63,Normal,16,4,0,23.118899999999996,0.0011000000000045418,1
2026-07-17 16:10:00,AIML Department,4.42,41.71,9.45,Normal,16,4,0,41.769,0.0589999999999975,1
2026-08-15 01:30:00,AIML Department,13.87,646.67,46.61,Critical,1,5,1,646.4807,0.1893000000000029,1
2026-08-18 19:50:00,New Seminar Hall,8.06,21.42,2.66,Normal,19,1,0,21.439600000000002,0.019600000000000506,10
2026-07-01 11:30:00,Mechanical Lab,14.62,338.58,23.17,Suspicious,11,2,0,338.7454,0.16540000000003374,9
2026-07-20 10:40:00,AI Lab,4.89,14.57,2.98,Normal,10,0,0,14.572199999999999,0.0021999999999984254,0
2026-07-07 11:30:00,HOD Department,1.95,7.86,4.02,Normal,11,1,0,7.838999999999999,0.021000000000001684,7
2026-07-07 16:50:00,AI Lab,6.99,65.28,9.33,Normal,16,1,0,65.2167,0.06329999999999814,0
2026-07-08 13:20:00,CSE Department,3.02,18.72,6.2,Normal,13,2,0,18.724,0.004000000000001336,4
2026-08-14 10:40:00,AI Lab,4.81,30.74,6.39,Normal,10,4,0,30.735899999999997,0.004100000000001103,0
2026-07-10 02:50:00,Chemistry Lab,12.69,371.64,29.28,Suspicious,2,4,0,371.5632,0.07679999999999154,5
2026-08-02 03:10:00,CSE Department,4.4,38.36,8.73,Normal,3,6,1,38.412000000000006,0.05200000000000671,4
2026-08-18 11:20:00,AIML Department,3.13,28.45,9.1,Normal,11,1,0,28.482999999999997,0.0329999999999977,1
2026-08-22 00:00:00,Electronics Department,3.91,21.65,5.54,Normal,0,5,1,21.6614,0.011400000000001853,6
2026-07-03 06:10:00,AI Lab,22.03,775.52,35.2,Critical,6,4,0,775.4560000000001,0.06399999999985084,0
2026-08-05 15:20:00,Biotech Department,5.75,19.75,3.44,Normal,15,2,0,19.78,0.030000000000001137,3
2026-07-15 19:20:00,BT Department,4.1,30.54,7.45,Normal,19,2,0,30.544999999999998,0.004999999999999005,2
2026-07-09 23:30:00,AIML Department,4.48,10.61,2.37,Normal,23,3,0,10.617600000000001,0.0076000000000018275,1
2026-07-17 21:00:00,Chemistry Lab,1.78,1.93,1.08,Normal,21,4,0,1.9224,0.007599999999999829,5
2026-07-05 07:10:00,Chemistry Lab,9.96,196.32,19.71,Suspicious,7,6,1,196.31160000000003,0.008399999999966212,5
2026-07-11 07:10:00,AIML Department,4.76,28.46,5.98,Normal,7,5,1,28.4648,0.004799999999999471,1
2026-07-28 10:20:00,Physics Lab,7.21,69.6,9.66,Normal,10,1,0,69.6486,0.048600000000007526,11
2026-08-05 16:10:00,CSE Department,3.43,25.08,7.31,Normal,16,2,0,25.0733,0.006699999999998596,4
2026-07-09 23:50:00,AIML Department,4.72,9.68,2.05,Normal,23,3,0,9.675999999999998,0.004000000000001336,1
2026-08-12 01:50:00,AIML Department,5.79,38.79,6.7,Normal,1,2,0,38.793,0.0030000000000001137,1
2026-08-02 20:10:00,Biotech Department,5.42,52.33,9.65,Normal,20,6,1,52.303000000000004,0.026999999999993918,3
2026-07-25 19:40:00,AIML Department,3.81,33.58,8.81,Normal,19,5,1,33.566100000000006,0.013899999999992474,1
2026-07-18 19:00:00,IT Department,5.71,31.12,5.45,Normal,19,5,1,31.119500000000002,0.0004999999999988347,8
2026-08-08 03:30:00,CSE Department,4.89,32.56,6.66,Normal,3,5,1,32.5674,0.0073999999999969646,4
2026-07-08 07:50:00,IT Department,3.51,6.67,1.9,Normal,7,2,0,6.669,0.001000000000000334,8
2026-08-03 11:00:00,New Seminar Hall,5.87,24.05,4.1,Normal,11,0,0,24.066999999999997,0.016999999999995907,10
2026-08-01 21:10:00,HOD Department,4.53,15.24,3.36,Normal,21,5,1,15.2208,0.019199999999999662,7
2026-08-14 21:20:00,BT Department,10.87,142.86,13.14,Suspicious,21,4,0,142.8318,0.028200000000026648,2
2026-08-18 12:10:00,AIML Department,3.82,27.07,7.09,Normal,12,1,0,27.0838,0.013799999999999812,1
2026-07-15 16:00:00,BT Department,3.07,19.34,6.29,Normal,16,2,0,19.310299999999998,0.029700000000001836,2
2026-08-07 12:00:00,Chemistry Lab,5.72,37.84,6.61,Normal,12,4,0,37.8092,0.030800000000006378,5
2026-08-14 05:40:00,IT Department,15.26,609.32,39.94,Critical,5,4,0,609.4843999999999,0.16439999999988686,8
2026-07-13 01:40:00,Chemistry Lab,7.92,73.83,9.32,Normal,1,0,0,73.8144,0.015599999999992065,5
2026-08-18 08:00:00,IT Department,6.31,41.29,6.54,Normal,8,1,0,41.267399999999995,0.022600000000004172,8
2026-08-20 19:30:00,Physics Lab,3.35,31.74,9.47,Normal,19,3,0,31.724500000000003,0.01549999999999585,11
2026-08-07 10:30:00,Electronics Department,4.98,32.83,6.59,Normal,10,4,0,32.818200000000004,0.011799999999993815,6
2026-07-15 02:50:00,Mechanical Lab,22.08,1343.87,60.85,Critical,2,2,0,1343.568,0.30199999999990723,9
2026-07-03 09:00:00,BT Department,5.77,12.65,2.19,Normal,9,4,0,12.636299999999999,0.013700000000001822,2
2026-07-12 01:50:00,Biotech Department,7.02,22.37,3.19,Normal,1,6,1,22.3938,0.023799999999997823,3
2026-07-15 07:20:00,IT Department,4.21,35.48,8.42,Normal,7,2,0,35.4482,0.03179999999999694,8
2026-07-05 10:00:00,New Seminar Hall,6.05,40.94,6.77,Normal,10,6,1,40.958499999999994,0.018499999999995964,10
2026-07-24 10:50:00,Chemistry Lab,8.3,8.4,1.01,Normal,10,4,0,8.383000000000001,0.01699999999999946,5
2026-07-18 00:30:00,Electronics Department,4.85,35.85,7.4,Normal,0,5,1,35.89,0.03999999999999915,6
2026-07-16 02:50:00,AI Lab,22.94,1182.34,51.53,Critical,2,3,0,1182.0982000000001,0.24179999999978463,0
2026-07-29 02:20:00,Physics Lab,12.32,234.25,19.01,Suspicious,2,2,0,234.20320000000004,0.04679999999996198,11
2026-08-19 00:30:00,Biotech Department,4.0,22.14,5.53,Normal,0,2,0,22.12,0.019999999999999574,3
2026-07-27 07:30:00,BT Department,5.84,17.27,2.96,Normal,7,0,0,17.2864,0.01640000000000086,2
2026-07-25 16:40:00,HOD Department,2.54,21.84,8.59,Normal,16,5,1,21.8186,0.021399999999999864,7
2026-07-20 05:10:00,Electronics Department,5.06,15.52,3.07,Normal,5,0,0,15.534199999999998,0.01419999999999888,6
2026-08-01 17:30:00,CSE Department,4.95,5.03,1.02,Normal,17,5,1,5.049,0.019000000000000128,4
2026-08-06 02:20:00,Electronics Department,2.2,19.98,9.1,Normal,2,3,0,20.02,0.03999999999999915,6
2026-08-20 22:50:00,AI Lab,5.66,33.26,5.88,Normal,22,3,0,33.2808,0.020800000000001262,0
2026-08-21 00:10:00,AIML Department,3.75,27.4,7.3,Normal,0,4,0,27.375,0.02499999999999858,1
2026-07-05 04:40:00,New Seminar Hall,5.56,12.09,2.18,Normal,4,6,1,12.120800000000001,0.03080000000000105,10
2026-08-03 15:10:00,Mechanical Lab,6.61,32.28,4.88,Normal,15,0,0,32.2568,0.023200000000002774,9
2026-07-18 11:30:00,Mechanical Lab,4.79,32.6,6.81,Normal,11,5,1,32.6199,0.019899999999999807,9
2026-07-27 07:00:00,Biotech Department,5.21,18.36,3.53,Normal,7,0,0,18.391299999999998,0.03129999999999811,3
2026-07-31 02:20:00,Chemistry Lab,3.35,3.69,1.1,Normal,2,4,0,3.6850000000000005,0.004999999999999449,5
2026-08-16 02:40:00,CSE Department,4.04,40.13,9.94,Normal,2,6,1,40.157599999999995,0.02759999999999252,4
2026-08-07 01:30:00,CSE Department,3.09,9.06,2.93,Normal,1,4,0,9.0537,0.0063000000000013046,4
2026-07-13 06:00:00,AIML Department,4.72,11.86,2.51,Normal,6,0,0,11.847199999999999,0.012800000000000367,1
2026-07-19 10:00:00,HOD Department,3.07,25.92,8.44,Normal,10,6,1,25.9108,0.009200000000003428,7
2026-08-16 04:30:00,Mechanical Lab,3.66,9.7,2.65,Normal,4,6,1,9.699,0.0009999999999994458,9
2026-07-13 04:00:00,AI Lab,13.81,269.17,19.5,Suspicious,4,0,0,269.295,0.125,0
2026-07-16 04:30:00,Chemistry Lab,6.58,27.68,4.21,Normal,4,3,0,27.7018,0.02179999999999893,5
2026-07-23 19:50:00,Mechanical Lab,29.95,1847.86,61.7,Critical,19,3,0,1847.915,0.055000000000063665,9
2026-07-17 21:10:00,Physics Lab,5.35,24.39,4.56,Normal,21,4,0,24.395999999999997,0.005999999999996675,11
2026-07-31 06:30:00,Chemistry Lab,5.7,26.13,4.59,Normal,6,4,0,26.163,0.03300000000000125,5
2026-07-10 06:10:00,New Seminar Hall,6.4,45.89,7.17,Normal,6,4,0,45.888000000000005,0.001999999999995339,10
2026-08-17 16:20:00,Electronics Department,5.0,41.5,8.3,Normal,16,0,0,41.5,0.0,6
2026-08-25 06:50:00,New Seminar Hall,5.35,34.52,6.46,Normal,6,1,0,34.561,0.04099999999999682,10
2026-08-20 00:00:00,Mechanical Lab,3.17,11.42,3.61,Normal,0,3,0,11.4437,0.023699999999999832,9
2026-07-28 15:00:00,AI Lab,5.28,23.26,4.41,Normal,15,1,0,23.2848,0.024799999999999045,0
2026-08-11 21:30:00,Mechanical Lab,6.86,59.26,8.64,Normal,21,1,0,59.27040000000001,0.010400000000011289,9
2026-08-12 10:30:00,Physics Lab,6.52,12.05,1.85,Normal,10,2,0,12.062,0.011999999999998678,11
2026-07-12 09:10:00,New Seminar Hall,5.16,46.25,8.96,Normal,9,6,1,46.2336,0.016399999999997306,10
2026-08-22 12:20:00,Physics Lab,6.15,56.53,9.19,Normal,12,5,1,56.5185,0.011499999999998067,11
2026-08-19 14:20:00,Electronics Department,4.35,13.99,3.22,Normal,14,2,0,14.007,0.01699999999999946,6
2026-07-16 08:20:00,Biotech Department,6.15,51.84,8.42,Normal,8,3,0,51.783,0.05700000000000216,3
2026-07-17 23:20:00,AI Lab,4.22,32.63,7.73,Normal,23,4,0,32.6206,0.009399999999999409,0
2026-07-03 12:50:00,AI Lab,3.15,7.67,2.43,Normal,12,4,0,7.6545000000000005,0.015499999999999403,0
2026-08-20 05:10:00,AIML Department,4.25,10.55,2.48,Normal,5,3,0,10.54,0.010000000000001563,1
2026-07-22 22:30:00,HOD Department,2.86,5.98,2.09,Normal,22,2,0,5.977399999999999,0.002600000000001046,7
2026-08-06 16:10:00,Biotech Department,4.59,24.47,5.33,Normal,16,3,0,24.4647,0.005299999999998306,3
2026-08-14 17:40:00,Physics Lab,21.79,1625.7,74.6,Critical,17,4,0,1625.5339999999999,0.16600000000016735,11
2026-08-24 05:10:00,Physics Lab,4.65,28.26,6.08,Normal,5,0,0,28.272000000000002,0.012000000000000455,11
2026-07-29 08:40:00,Biotech Department,3.37,14.56,4.32,Normal,8,2,0,14.5584,0.0015999999999998238,3
2026-07-06 20:30:00,Biotech Department,5.48,16.6,3.03,Normal,20,0,0,16.604400000000002,0.004400000000000404,3
2026-07-22 07:20:00,Biotech Department,18.01,821.86,45.64,Critical,7,2,0,821.9764000000001,0.11640000000011241,3
2026-07-13 05:10:00,Biotech Department,4.16,22.64,5.45,Normal,5,0,0,22.672,0.03200000000000003,3
2026-07-24 20:30:00,IT Department,4.66,42.98,9.21,Normal,20,4,0,42.918600000000005,0.061399999999991905,8
2026-07-01 14:00:00,Mechanical Lab,7.7,56.16,7.3,Normal,14,2,0,56.21,0.05000000000000426,9
2026-08-01 22:10:00,New Seminar Hall,6.53,60.7,9.3,Normal,22,5,1,60.729000000000006,0.029000000000003467,10
2026-07-07 16:10:00,Physics Lab,6.34,14.75,2.33,Normal,16,1,0,14.7722,0.022199999999999775,11
2026-08-10 01:30:00,New Seminar Hall,4.77,19.01,3.98,Normal,1,0,0,18.984599999999997,0.025400000000004752,10
2026-08-07 02:30:00,Mechanical Lab,7.26,16.82,2.32,Normal,2,4,0,16.8432,0.02319999999999922,9
2026-07-28 22:00:00,CSE Department,3.04,28.01,9.22,Normal,22,1,0,28.028800000000004,0.01880000000000237,4
2026-08-07 15:00:00,BT Department,4.09,38.9,9.51,Normal,15,4,0,38.8959,0.004100000000001103,2
2026-07-30 00:50:00,Mechanical Lab,4.32,15.79,3.66,Normal,0,3,0,15.811200000000001,0.021200000000002106,9
2026-07-08 02:20:00,AIML Department,4.22,28.8,6.83,Normal,2,2,0,28.822599999999998,0.022599999999997067,1
2026-07-08 03:50:00,Biotech Department,6.06,55.36,9.14,Normal,3,2,0,55.3884,0.02839999999999776,3
2026-08-15 17:30:00,Mechanical Lab,6.13,7.16,1.17,Normal,17,5,1,7.1720999999999995,0.012099999999999334,9
2026-07-11 04:20:00,AIML Department,18.15,728.14,40.12,Critical,4,5,1,728.1779999999999,0.03799999999989723,1
2026-07-12 04:00:00,New Seminar Hall,7.0,17.24,2.46,Normal,4,6,1,17.22,0.019999999999999574,10
2026-07-30 01:10:00,New Seminar Hall,6.97,19.19,2.75,Normal,1,3,0,19.1675,0.022500000000000853,10
2026-08-09 02:20:00,Electronics Department,6.57,28.64,4.36,Normal,2,6,1,28.645200000000003,0.005200000000002092,6
2026-08-14 15:50:00,IT Department,4.23,6.78,1.6,Normal,15,4,0,6.768000000000001,0.011999999999999567,8
2026-07-30 22:50:00,Mechanical Lab,11.51,243.01,21.11,Suspicious,22,3,0,242.9761,0.033899999999988495,9
2026-07-10 17:50:00,BT Department,2.66,26.26,9.87,Normal,17,4,0,26.2542,0.0058000000000006935,2
2026-08-22 08:10:00,BT Department,4.82,5.67,1.18,Normal,8,5,1,5.6876,0.017599999999999838,2
2026-08-22 23:50:00,Biotech Department,3.66,4.27,1.17,Normal,23,5,1,4.2822,0.012199999999999989,3
2026-07-08 04:30:00,Chemistry Lab,5.25,12.41,2.37,Normal,4,2,0,12.4425,0.03250000000000064,5
2026-07-19 23:00:00,Physics Lab,5.35,14.55,2.72,Normal,23,6,1,14.552,0.0019999999999988916,11
2026-08-05 09:10:00,Physics Lab,6.91,44.68,6.47,Normal,9,2,0,44.7077,0.027700000000002944,11
2026-07-12 17:20:00,HOD Department,5.37,9.21,1.71,Normal,17,6,1,9.1827,0.027300000000000324,7
2026-07-10 07:00:00,CSE Department,4.28,10.0,2.34,Normal,7,4,0,10.0152,0.015200000000000102,4
2026-07-26 21:30:00,CSE Department,4.49,29.59,6.59,Normal,21,6,1,29.589100000000002,0.0008999999999979025,4
2026-07-10 22:00:00,IT Department,2.95,6.22,2.11,Normal,22,4,0,6.2245,0.0045000000000001705,8
2026-07-14 18:10:00,CSE Department,3.23,3.75,1.16,Normal,18,1,0,3.7468,0.0032000000000000917,4
2026-08-02 19:10:00,Chemistry Lab,6.76,14.52,2.15,Normal,19,6,1,14.533999999999999,0.013999999999999346,5
2026-08-24 21:30:00,New Seminar Hall,5.08,11.82,2.33,Normal,21,0,0,11.836400000000001,0.01640000000000086,10
2026-07-23 06:40:00,Chemistry Lab,3.81,12.87,3.38,Normal,6,3,0,12.8778,0.007800000000001361,5
2026-07-15 10:20:00,AIML Department,3.33,11.34,3.41,Normal,10,2,0,11.355300000000002,0.015300000000001646,1
2026-07-07 12:40:00,IT Department,4.52,44.47,9.83,Normal,12,1,0,44.431599999999996,0.038400000000002876,8
2026-08-04 04:40:00,AI Lab,4.36,7.42,1.7,Normal,4,1,0,7.412,0.008000000000000007,0
2026-07-29 14:10:00,IT Department,4.0,14.39,3.6,Normal,14,2,0,14.4,0.009999999999999787,8
2026-07-30 21:10:00,CSE Department,4.63,11.48,2.48,Normal,21,3,0,11.4824,0.0023999999999997357,4
2026-07-01 08:20:00,Chemistry Lab,15.8,454.61,28.78,Suspicious,8,2,0,454.72400000000005,0.11400000000003274,5
2026-07-15 23:30:00,Electronics Department,8.12,171.44,21.1,Suspicious,23,2,0,171.332,0.10800000000000409,6
2026-07-07 05:30:00,IT Department,1.94,11.1,5.73,Normal,5,1,0,11.116200000000001,0.016200000000001324,8
2026-07-20 08:10:00,Physics Lab,4.69,28.63,6.11,Normal,8,0,0,28.655900000000003,0.025900000000003587,11
2026-07-18 11:00:00,Electronics Department,11.03,129.91,11.78,Suspicious,11,5,1,129.93339999999998,0.02339999999998099,6
2026-07-14 15:00:00,Chemistry Lab,6.26,56.84,9.08,Normal,15,1,0,56.8408,0.0007999999999981355,5
2026-07-12 10:00:00,New Seminar Hall,6.46,26.72,4.13,Normal,10,6,1,26.6798,0.04019999999999868,10
2026-08-11 02:40:00,HOD Department,4.09,6.38,1.56,Normal,2,1,0,6.3804,0.00039999999999995595,7
2026-07-14 14:50:00,HOD Department,4.04,36.03,8.91,Normal,14,1,0,35.9964,0.03359999999999985,7
2026-08-06 00:30:00,Chemistry Lab,6.32,56.12,8.89,Normal,0,3,0,56.1848,0.0648000000000053,5
2026-08-22 15:20:00,AIML Department,5.66,47.77,8.44,Normal,15,5,1,47.770399999999995,0.00039999999999196234,1
2026-08-09 12:00:00,BT Department,3.95,10.45,2.65,Normal,12,6,1,10.4675,0.01750000000000007,2
2026-07-20 08:00:00,HOD Department,3.7,17.04,4.61,Normal,8,0,0,17.057000000000002,0.017000000000003013,7
2026-07-06 09:00:00,Mechanical Lab,9.24,44.07,4.77,Normal,9,0,0,44.074799999999996,0.004799999999995919,9
2026-07-01 16:50:00,Mechanical Lab,7.87,40.15,5.1,Normal,16,2,0,40.137,0.012999999999998124,9
2026-07-13 19:20:00,Biotech Department,3.9,19.07,4.89,Normal,19,0,0,19.070999999999998,0.0009999999999976694,3
2026-07-28 00:50:00,AIML Department,3.47,30.88,8.9,Normal,0,1,0,30.883000000000003,0.0030000000000036664,1
2026-08-12 01:10:00,Biotech Department,5.44,23.54,4.32,Normal,1,2,0,23.5008,0.03919999999999746,3
2026-07-19 01:30:00,Electronics Department,4.44,7.84,1.77,Normal,1,6,1,7.8588000000000005,0.018800000000000594,6
2026-07-20 18:40:00,BT Department,3.92,8.63,2.2,Normal,18,0,0,8.624,0.006000000000000227,2
2026-07-07 20:00:00,AIML Department,10.21,192.99,18.91,Suspicious,20,1,0,193.07110000000003,0.0811000000000206,1
2026-08-16 04:10:00,AI Lab,4.94,35.07,7.1,Normal,4,6,1,35.074,0.003999999999997783,0
2026-07-07 01:20:00,Chemistry Lab,3.6,35.98,9.98,Normal,1,1,0,35.928000000000004,0.0519999999999925,5
2026-07-31 08:10:00,CSE Department,13.98,1211.1,86.63,Critical,8,4,0,1211.0874,0.012600000000020373,4
2026-07-24 22:50:00,Electronics Department,4.87,18.0,3.7,Normal,22,4,0,18.019000000000002,0.019000000000001904,6
2026-07-10 23:30:00,Chemistry Lab,4.29,18.69,4.36,Normal,23,4,0,18.704400000000003,0.014400000000001967,5
2026-07-26 02:00:00,IT Department,3.51,8.09,2.31,Normal,2,6,1,8.1081,0.01810000000000045,8
2026-07-07 11:20:00,Biotech Department,4.0,16.05,4.02,Normal,11,1,0,16.08,0.029999999999997584,3
2026-08-08 00:50:00,Mechanical Lab,4.59,45.03,9.81,Normal,0,5,1,45.0279,0.0020999999999986585,9
2026-08-09 22:30:00,BT Department,5.65,46.75,8.27,Normal,22,6,1,46.725500000000004,0.02449999999999619,2
2026-08-09 20:20:00,New Seminar Hall,4.1,34.56,8.43,Normal,20,6,1,34.562999999999995,0.0029999999999930083,10
2026-08-04 03:10:00,BT Department,2.35,22.53,9.58,Normal,3,1,0,22.513,0.01699999999999946,2
2026-07-14 07:20:00,CSE Department,2.63,11.13,4.24,Normal,7,1,0,11.1512,0.021199999999998553,4
2026-08-06 07:30:00,Chemistry Lab,4.64,6.79,1.46,Normal,7,3,0,6.774399999999999,0.015600000000000946,5
2026-07-01 09:40:00,Chemistry Lab,15.12,330.04,21.83,Suspicious,9,2,0,330.0696,0.029599999999959437,5
2026-07-25 01:10:00,Physics Lab,3.73,26.07,6.99,Normal,1,5,1,26.0727,0.002700000000000813,11
2026-08-07 23:30:00,AI Lab,4.52,37.2,8.22,Normal,23,4,0,37.1544,0.04560000000000031,0
2026-07-11 11:50:00,New Seminar Hall,5.26,19.58,3.72,Normal,11,5,1,19.5672,0.01279999999999859,10
2026-07-06 22:20:00,BT Department,5.6,30.7,5.48,Normal,22,0,0,30.688,0.012000000000000455,2
2026-08-23 21:50:00,BT Department,3.91,27.52,7.03,Normal,21,6,1,27.4873,0.0326999999999984,2
2026-08-23 06:50:00,Mechanical Lab,5.06,45.71,9.04,Normal,6,6,1,45.74239999999999,0.03239999999998844,9
2026-07-29 14:00:00,AI Lab,5.54,19.63,3.54,Normal,14,2,0,19.6116,0.01839999999999975,0
2026-07-15 23:20:00,Biotech Department,6.75,37.72,5.59,Normal,23,2,0,37.7325,0.012500000000002842,3
2026-08-17 06:10:00,AI Lab,4.91,33.79,6.89,Normal,6,0,0,33.8299,0.03990000000000293,0
2026-08-25 09:20:00,Physics Lab,5.8,35.88,6.18,Normal,9,1,0,35.843999999999994,0.03600000000000847,11
2026-07-16 20:20:00,AI Lab,5.83,34.43,5.91,Normal,20,3,0,34.4553,0.025300000000001432,0
2026-07-08 00:30:00,AI Lab,16.91,514.5,30.43,Critical,0,2,0,514.5713,0.07129999999995107,0
2026-08-01 13:00:00,CSE Department,15.16,926.37,61.11,Critical,13,5,1,926.4276,0.057599999999979445,4
2026-07-19 14:40:00,Biotech Department,23.21,1586.2,68.33,Critical,14,6,1,1585.9393,0.26070000000004256,3
2026-08-12 15:40:00,Electronics Department,3.96,7.9,2.0,Normal,15,2,0,7.92,0.019999999999999574,6
2026-07-06 05:20:00,BT Department,4.45,17.72,3.98,Normal,5,0,0,17.711000000000002,0.008999999999996788,2
2026-07-04 07:50:00,Biotech Department,4.77,23.4,4.91,Normal,7,5,1,23.4207,0.020700000000001495,3
2026-07-31 19:20:00,Electronics Department,2.9,5.4,1.86,Normal,19,4,0,5.394,0.006000000000000227,6
2026-08-12 12:50:00,Electronics Department,11.09,181.55,16.37,Suspicious,12,2,0,181.54330000000002,0.006699999999995043,6
2026-07-02 08:10:00,New Seminar Hall,3.92,23.54,6.01,Normal,8,3,0,23.559199999999997,0.019199999999997885,10
2026-07-15 10:50:00,AI Lab,4.37,39.96,9.14,Normal,10,2,0,39.9418,0.018200000000000216,0
2026-08-16 23:50:00,AIML Department,3.36,4.96,1.48,Normal,23,6,1,4.972799999999999,0.012799999999999478,1
2026-07-09 10:10:00,AIML Department,8.78,92.48,10.54,Suspicious,10,3,0,92.54119999999999,0.061199999999985266,1
2026-07-25 15:20:00,IT Department,4.52,29.65,6.56,Normal,15,5,1,29.651199999999996,0.0011999999999972033,8
2026-07-15 13:40:00,IT Department,4.88,30.16,6.18,Normal,13,2,0,30.158399999999997,0.0016000000000033765,8
2026-07-27 10:40:00,CSE Department,3.58,12.39,3.46,Normal,10,0,0,12.386800000000001,0.0031999999999996476,4
2026-07-19 13:20:00,BT Department,5.35,38.99,7.29,Normal,13,6,1,39.0015,0.011499999999998067,2
2026-08-01 11:20:00,AIML Department,11.47,227.09,19.8,Suspicious,11,5,1,227.10600000000002,0.016000000000019554,1
2026-08-01 03:10:00,Biotech Department,6.51,17.84,2.74,Normal,3,5,1,17.837400000000002,0.002599999999997493,3
2026-08-14 15:00:00,CSE Department,3.51,16.18,4.61,Normal,15,4,0,16.1811,0.001100000000000989,4
2026-08-13 10:40:00,CSE Department,5.09,30.31,5.95,Normal,10,3,0,30.2855,0.024499999999999744,4
2026-07-31 14:50:00,Electronics Department,3.05,24.63,8.08,Normal,14,4,0,24.644,0.013999999999999346,6
2026-07-18 04:00:00,AIML Department,4.79,24.02,5.02,Normal,4,5,1,24.0458,0.025800000000000267,1
2026-07-10 02:20:00,HOD Department,4.26,21.58,5.06,Normal,2,4,0,21.5556,0.024399999999999977,7
2026-07-13 15:10:00,AI Lab,17.33,988.65,57.05,Critical,15,0,0,988.6764999999998,0.026499999999828106,0
2026-07-25 17:10:00,CSE Department,3.62,20.17,5.58,Normal,17,5,1,20.1996,0.029599999999998516,4
2026-07-03 05:10:00,New Seminar Hall,5.53,36.36,6.58,Normal,5,4,0,36.3874,0.02740000000000009,10
2026-08-03 14:40:00,Mechanical Lab,6.45,44.45,6.9,Normal,14,0,0,44.505,0.054999999999999716,9
2026-08-25 15:10:00,Mechanical Lab,5.73,39.46,6.88,Normal,15,1,0,39.4224,0.037599999999997635,9
2026-07-03 00:40:00,HOD Department,2.95,27.05,9.17,Normal,0,4,0,27.0515,0.0015000000000000568,7
2026-08-24 03:50:00,Chemistry Lab,11.77,174.68,14.84,Suspicious,3,0,0,174.6668,0.013200000000011869,5
2026-08-02 02:00:00,BT Department,5.16,40.32,7.82,Normal,2,6,1,40.351200000000006,0.031200000000005446,2
2026-07-15 10:40:00,IT Department,4.38,15.17,3.47,Normal,10,2,0,15.1986,0.028600000000000847,8
2026-08-21 13:00:00,HOD Department,3.87,31.83,8.21,Normal,13,4,0,31.772700000000004,0.057299999999994355,7
2026-08-18 16:20:00,Biotech Department,10.01,277.61,27.74,Suspicious,16,1,0,277.6774,0.06739999999996371,3
2026-07-06 23:30:00,HOD Department,2.66,3.5,1.32,Normal,23,0,0,3.5112000000000005,0.011200000000000543,7
2026-08-12 01:40:00,Biotech Department,14.82,200.36,13.52,Suspicious,1,2,0,200.3664,0.006399999999985084,3
2026-07-27 19:00:00,Biotech Department,5.41,40.78,7.54,Normal,19,0,0,40.7914,0.011400000000001853,3
2026-08-24 13:30:00,AI Lab,3.51,9.92,2.83,Normal,13,0,0,9.9333,0.013299999999999201,0
2026-08-25 10:20:00,IT Department,5.27,26.14,4.96,Normal,10,1,0,26.1392,0.0008000000000016882,8
2026-08-15 11:30:00,Mechanical Lab,9.37,62.36,6.65,Normal,11,5,1,62.3105,0.049500000000001876,9
2026-07-13 20:40:00,Chemistry Lab,4.18,30.46,7.29,Normal,20,0,0,30.472199999999997,0.012199999999996436,5
2026-08-17 13:40:00,Mechanical Lab,5.49,23.58,4.3,Normal,13,0,0,23.607,0.027000000000001023,9
2026-07-31 12:20:00,IT Department,4.0,8.37,2.09,Normal,12,4,0,8.36,0.009999999999999787,8
2026-07-18 10:10:00,New Seminar Hall,19.48,1105.63,56.74,Critical,10,5,1,1105.2952,0.3348000000000866,10
2026-07-05 02:50:00,CSE Department,2.36,14.05,5.96,Normal,2,6,1,14.0656,0.01559999999999917,4
2026-07-23 20:10:00,Chemistry Lab,6.02,55.44,9.21,Normal,20,3,0,55.4442,0.004200000000004422,5
2026-07-06 11:00:00,Physics Lab,24.81,1829.49,73.73,Critical,11,0,0,1829.2413,0.24870000000009895,11
2026-07-03 11:40:00,CSE Department,4.29,25.14,5.86,Normal,11,4,0,25.139400000000002,0.0005999999999986017,4
2026-07-25 18:50:00,New Seminar Hall,3.64,8.34,2.29,Normal,18,5,1,8.335600000000001,0.004399999999998627,10
2026-07-09 04:30:00,IT Department,10.0,250.34,25.05,Suspicious,4,3,0,250.5,0.1599999999999966,8
2026-08-08 20:10:00,Biotech Department,4.54,26.26,5.79,Normal,20,5,1,26.2866,0.026599999999998403,3
2026-08-25 00:00:00,AI Lab,7.57,61.9,8.18,Normal,0,1,0,61.9226,0.022600000000004172,0
2026-07-29 21:10:00,Chemistry Lab,3.99,5.62,1.41,Normal,21,2,0,5.6259,0.005899999999999572,5
2026-07-20 13:30:00,Physics Lab,5.43,32.03,5.9,Normal,13,0,0,32.037,0.006999999999997897,11
2026-07-07 17:20:00,HOD Department,9.3,201.61,21.69,Suspicious,17,1,0,201.71700000000004,0.10700000000002774,7
2026-08-16 22:00:00,AI Lab,6.73,51.04,7.58,Normal,22,6,1,51.013400000000004,0.02659999999999485,0
2026-07-26 05:50:00,AIML Department,4.12,33.96,8.24,Normal,5,6,1,33.9488,0.01120000000000232,1
2026-07-28 19:50:00,AIML Department,3.11,27.38,8.8,Normal,19,1,0,27.368000000000002,0.011999999999996902,1
2026-07-01 14:20:00,IT Department,4.78,36.01,7.54,Normal,14,2,0,36.0412,0.031200000000005446,8
2026-08-01 07:10:00,Electronics Department,2.73,10.01,3.67,Normal,7,5,1,10.0191,0.009100000000000108,6
2026-07-31 01:00:00,Mechanical Lab,7.07,25.15,3.56,Normal,1,4,0,25.1692,0.019200000000001438,9
2026-07-22 01:10:00,Physics Lab,13.54,208.12,15.37,Suspicious,1,2,0,208.10979999999998,0.010200000000025966,11
2026-08-07 01:40:00,New Seminar Hall,5.68,14.57,2.56,Normal,1,4,0,14.540799999999999,0.029200000000001225,10
2026-08-25 18:00:00,Mechanical Lab,7.11,26.43,3.72,Normal,18,1,0,26.4492,0.019200000000001438,9
2026-08-06 13:30:00,BT Department,3.44,31.92,9.29,Normal,13,3,0,31.957599999999996,0.03759999999999408,2
2026-07-19 20:30:00,Electronics Department,4.12,33.52,8.14,Normal,20,6,1,33.53680000000001,0.01680000000000348,6
2026-07-23 17:10:00,CSE Department,3.78,30.29,8.02,Normal,17,3,0,30.315599999999996,0.02559999999999718,4
2026-07-09 13:00:00,New Seminar Hall,4.84,46.07,9.51,Normal,13,3,0,46.0284,0.041600000000002524,10
2026-08-20 18:30:00,New Seminar Hall,7.15,57.53,8.05,Normal,18,3,0,57.557500000000005,0.02750000000000341,10
2026-07-05 14:20:00,Mechanical Lab,8.6,37.19,4.33,Normal,14,6,1,37.238,0.04800000000000182,9
2026-08-24 20:20:00,Biotech Department,3.43,5.93,1.73,Normal,20,0,0,5.9339,0.0039000000000006807,3
2026-07-11 12:20:00,Biotech Department,23.29,707.97,30.4,Critical,12,5,1,708.016,0.045999999999935426,3
2026-08-01 13:30:00,New Seminar Hall,6.96,19.43,2.79,Normal,13,5,1,19.418400000000002,0.011599999999997834,10
2026-07-22 11:00:00,HOD Department,3.64,5.03,1.38,Normal,11,2,0,5.0232,0.006800000000000139,7
2026-07-07 19:40:00,New Seminar Hall,11.11,200.14,18.01,Suspicious,19,1,0,200.0911,0.04889999999997485,10
2026-07-18 03:10:00,AI Lab,5.35,6.73,1.26,Normal,3,5,1,6.741,0.010999999999999233,0
2026-08-05 15:30:00,AI Lab,4.01,33.09,8.25,Normal,15,2,0,33.082499999999996,0.00750000000000739,0
2026-08-20 11:40:00,CSE Department,4.07,30.56,7.51,Normal,11,3,0,30.5657,0.0057000000000009265,4
2026-08-23 10:40:00,BT Department,4.17,36.03,8.64,Normal,10,6,1,36.028800000000004,0.0011999999999972033,2
2026-08-03 19:40:00,Physics Lab,5.21,17.84,3.42,Normal,19,0,0,17.8182,0.02179999999999893,11
2026-07-07 01:40:00,Mechanical Lab,6.76,63.12,9.34,Normal,1,1,0,63.1384,0.01839999999999975,9
2026-07-11 21:30:00,CSE Department,2.98,15.72,5.28,Normal,21,5,1,15.7344,0.01440000000000019,4
2026-07-21 16:20:00,Electronics Department,4.12,33.26,8.07,Normal,16,1,0,33.248400000000004,0.011599999999994282,6
2026-07-30 17:20:00,New Seminar Hall,6.15,58.88,9.57,Normal,17,3,0,58.855500000000006,0.02449999999999619,10
2026-07-05 16:40:00,New Seminar Hall,9.14,17.91,1.96,Normal,16,6,1,17.9144,0.004400000000000404,10
2026-08-01 02:20:00,AI Lab,4.52,13.97,3.09,Normal,2,5,1,13.966799999999997,0.0032000000000032003,0
2026-07-28 02:10:00,IT Department,4.64,20.94,4.51,Normal,2,1,0,20.926399999999997,0.013600000000003831,8
2026-07-04 01:00:00,AIML Department,2.7,9.19,3.4,Normal,1,5,1,9.18,0.009999999999999787,1
2026-07-31 12:10:00,HOD Department,4.28,29.74,6.95,Normal,12,4,0,29.746000000000002,0.00600000000000378,7
2026-08-24 10:00:00,New Seminar Hall,6.7,64.51,9.62,Normal,10,0,0,64.454,0.056000000000011596,10
2026-08-11 09:30:00,New Seminar Hall,4.81,16.71,3.48,Normal,9,1,0,16.738799999999998,0.028799999999996828,10
2026-07-29 01:00:00,AI Lab,4.87,24.63,5.06,Normal,1,2,0,24.6422,0.012199999999999989,0
2026-07-04 02:40:00,CSE Department,2.91,22.91,7.86,Normal,2,5,1,22.872600000000002,0.0373999999999981,4
2026-08-03 17:00:00,Biotech Department,3.71,8.14,2.2,Normal,17,0,0,8.162,0.02200000000000024,3
2026-08-05 23:50:00,Chemistry Lab,16.27,259.49,15.95,Suspicious,23,2,0,259.50649999999996,0.016499999999950887,5
2026-08-15 06:20:00,Biotech Department,4.05,10.65,2.63,Normal,6,5,1,10.651499999999999,0.0014999999999982805,3
2026-07-24 15:50:00,BT Department,4.75,38.7,8.15,Normal,15,4,0,38.7125,0.012499999999995737,2
2026-07-01 15:40:00,New Seminar Hall,6.02,20.97,3.48,Normal,15,2,0,20.949599999999997,0.020400000000002194,10
2026-08-09 14:50:00,Physics Lab,5.15,48.21,9.37,Normal,14,6,1,48.2555,0.04549999999999699,11
2026-08-23 13:50:00,CSE Department,16.24,1268.69,78.13,Critical,13,6,1,1268.8311999999999,0.14119999999979882,4
2026-08-25 00:50:00,IT Department,3.44,11.5,3.34,Normal,0,1,0,11.4896,0.010400000000000631,8
2026-07-26 15:00:00,HOD Department,2.54,20.66,8.14,Normal,15,6,1,20.675600000000003,0.015600000000002723,7
2026-07-27 05:00:00,HOD Department,7.09,100.67,14.2,Suspicious,5,0,0,100.678,0.007999999999995566,7
2026-08-21 04:40:00,Physics Lab,4.61,32.23,6.99,Normal,4,4,0,32.2239,0.006099999999996442,11
2026-08-06 12:00:00,Chemistry Lab,4.33,5.07,1.17,Normal,12,3,0,5.0661,0.0039000000000006807,5
2026-08-07 06:30:00,Electronics Department,3.67,20.38,5.55,Normal,6,4,0,20.368499999999997,0.01150000000000162,6
2026-08-24 04:30:00,Chemistry Lab,7.07,23.2,3.28,Normal,4,0,0,23.1896,0.010400000000000631,5
2026-07-18 03:30:00,Electronics Department,5.14,40.67,7.9,Normal,3,5,1,40.606,0.06400000000000006,6
2026-08-09 06:00:00,Mechanical Lab,29.71,2485.4,83.65,Critical,6,6,1,2485.2415,0.15850000000000364,9
2026-07-13 11:40:00,Mechanical Lab,5.28,31.27,5.93,Normal,11,0,0,31.3104,0.04040000000000177,9
2026-08-23 23:30:00,BT Department,3.94,16.93,4.3,Normal,23,6,1,16.942,0.012000000000000455,2
2026-08-15 20:50:00,IT Department,4.52,26.42,5.84,Normal,20,5,1,26.396799999999995,0.023200000000006327,8
2026-07-29 13:00:00,AIML Department,3.11,19.91,6.4,Normal,13,2,0,19.904,0.006000000000000227,1
2026-08-22 21:00:00,AIML Department,7.49,154.36,20.6,Suspicious,21,5,1,154.294,0.0660000000000025,1
2026-07-03 16:20:00,Mechanical Lab,8.87,20.58,2.32,Normal,16,4,0,20.5784,0.0015999999999998238,9
2026-07-02 19:50:00,CSE Department,4.22,21.84,5.18,Normal,19,3,0,21.859599999999997,0.019599999999996953,4
2026-07-26 18:30:00,AIML Department,5.09,19.85,3.9,Normal,18,6,1,19.851,0.0009999999999976694,1
2026-07-10 15:30:00,HOD Department,9.85,160.21,16.26,Suspicious,15,4,0,160.161,0.049000000000006594,7
2026-08-21 03:30:00,Electronics Department,3.46,34.61,10.0,Normal,3,4,0,34.6,0.00999999999999801,6
2026-08-24 01:20:00,HOD Department,4.34,7.54,1.74,Normal,1,0,0,7.5516,0.01159999999999961,7
2026-07-28 09:00:00,IT Department,2.49,4.45,1.78,Normal,9,1,0,4.432200000000001,0.017799999999999372,8
2026-07-26 14:40:00,AIML Department,4.78,22.69,4.74,Normal,14,6,1,22.657200000000003,0.032799999999998164,1
2026-07-03 14:50:00,CSE Department,5.96,54.08,9.07,Normal,14,4,0,54.0572,0.0227999999999966,4
2026-08-14 01:50:00,Physics Lab,3.91,26.3,6.72,Normal,1,4,0,26.2752,0.024799999999999045,11
2026-07-22 04:40:00,Electronics Department,4.59,30.63,6.68,Normal,4,2,0,30.661199999999997,0.03119999999999834,6
2026-08-23 08:30:00,Physics Lab,4.9,44.31,9.05,Normal,8,6,1,44.345000000000006,0.035000000000003695,11
2026-07-22 23:10:00,Physics Lab,6.37,35.63,5.59,Normal,23,2,0,35.6083,0.021700000000002717,11
2026-08-25 14:50:00,Electronics Department,2.49,9.06,3.64,Normal,14,1,0,9.063600000000001,0.0036000000000004917,6
2026-07-17 11:00:00,Electronics Department,5.86,30.59,5.22,Normal,11,4,0,30.5892,0.0007999999999981355,6
2026-07-30 11:30:00,BT Department,5.48,43.26,7.89,Normal,11,3,0,43.2372,0.0227999999999966,2
2026-07-25 23:30:00,Physics Lab,7.49,18.67,2.49,Normal,23,5,1,18.650100000000002,0.019899999999999807,11
2026-07-11 11:00:00,HOD Department,2.38,21.0,8.81,Normal,11,5,1,20.9678,0.03219999999999956,7
2026-07-02 12:30:00,Biotech Department,3.66,11.16,3.05,Normal,12,3,0,11.163,0.0030000000000001137,3
2026-07-30 12:30:00,Physics Lab,6.64,47.57,7.16,Normal,12,3,0,47.5424,0.027599999999999625,11
2026-08-16 21:30:00,Physics Lab,3.58,24.13,6.73,Normal,21,6,1,24.093400000000003,0.03659999999999641,11
2026-07-26 02:50:00,Mechanical Lab,8.12,59.33,7.3,Normal,2,6,1,59.275999999999996,0.054000000000002046,9
2026-07-30 16:20:00,Mechanical Lab,3.49,5.64,1.62,Normal,16,3,0,5.6538,0.0138000000000007,9
2026-08-06 03:40:00,BT Department,2.55,22.87,8.97,Normal,3,3,0,22.8735,0.0034999999999989484,2
2026-08-15 16:30:00,AI Lab,6.56,65.19,9.94,Normal,16,5,1,65.20639999999999,0.0163999999999902,0
2026-08-13 06:50:00,HOD Department,2.88,18.24,6.33,Normal,6,3,0,18.2304,0.009599999999998943,7
2026-08-16 03:20:00,HOD Department,3.46,3.63,1.05,Normal,3,6,1,3.633,0.0030000000000001137,7
2026-07-07 20:20:00,Chemistry Lab,13.99,185.66,13.27,Suspicious,20,1,0,185.6473,0.01269999999999527,5
2026-07-01 18:00:00,Electronics Department,8.25,93.16,11.29,Suspicious,18,2,0,93.1425,0.017499999999998295,6
2026-07-09 22:40:00,Physics Lab,4.97,36.7,7.39,Normal,22,3,0,36.7283,0.02829999999999444,11
2026-08-10 08:00:00,Biotech Department,5.47,40.11,7.33,Normal,8,0,0,40.095099999999995,0.014900000000004354,3
2026-08-06 00:00:00,CSE Department,5.27,17.04,3.23,Normal,0,3,0,17.0221,0.017900000000000915,4
2026-08-16 19:00:00,HOD Department,2.57,10.67,4.16,Normal,19,6,1,10.6912,0.02120000000000033,7
2026-07-16 01:20:00,Mechanical Lab,12.76,377.38,29.56,Suspicious,1,3,0,377.18559999999997,0.1944000000000301,9
2026-07-11 22:00:00,IT Department,5.42,29.94,5.52,Normal,22,5,1,29.9184,0.02160000000000295,8
2026-07-02 09:30:00,New Seminar Hall,17.47,453.53,25.96,Suspicious,9,3,0,453.52119999999996,0.008800000000007913,10
2026-07-04 16:10:00,Biotech Department,3.06,14.29,4.66,Normal,16,5,1,14.2596,0.03039999999999843,3
2026-08-12 20:20:00,HOD Department,3.87,30.21,7.81,Normal,20,2,0,30.2247,0.014699999999997715,7
2026-08-01 07:20:00,AI Lab,6.93,44.12,6.36,Normal,7,5,1,44.0748,0.045199999999994134,0
2026-07-28 13:20:00,Mechanical Lab,5.23,26.82,5.13,Normal,13,1,0,26.829900000000002,0.009900000000001796,9
2026-07-13 13:40:00,New Seminar Hall,6.72,30.78,4.58,Normal,13,0,0,30.7776,0.002400000000001512,10
2026-07-06 13:00:00,CSE Department,2.61,15.92,6.09,Normal,13,0,0,15.894899999999998,0.0251000000000019,4
2026-07-13 17:30:00,Mechanical Lab,7.37,36.29,4.92,Normal,17,0,0,36.2604,0.02960000000000207,9
2026-08-16 13:30:00,BT Department,3.92,12.94,3.3,Normal,13,6,1,12.936,0.0039999999999995595,2
2026-08-13 11:20:00,AIML Department,2.65,6.89,2.6,Normal,11,3,0,6.89,0.0,1
2026-08-01 14:10:00,Physics Lab,5.99,9.48,1.58,Normal,14,5,1,9.4642,0.01580000000000048,11
2026-08-04 00:50:00,Physics Lab,10.38,203.99,19.66,Suspicious,0,1,0,204.07080000000002,0.08080000000001064,11
2026-07-20 03:50:00,Chemistry Lab,13.23,348.49,26.35,Suspicious,3,0,0,348.6105,0.12049999999999272,5
2026-08-15 06:40:00,Mechanical Lab,6.58,35.94,5.47,Normal,6,5,1,35.992599999999996,0.052599999999998204,9
2026-07-30 10:50:00,Biotech Department,5.16,43.18,8.37,Normal,10,3,0,43.1892,0.009199999999999875,3
2026-07-10 14:10:00,IT Department,3.47,31.65,9.13,Normal,14,4,0,31.681100000000004,0.03110000000000568,8
2026-08-23 18:10:00,AIML Department,4.56,7.09,1.56,Normal,18,6,1,7.1136,0.023600000000000065,1
2026-07-21 03:40:00,New Seminar Hall,20.89,1338.83,64.1,Critical,3,1,0,1339.049,0.21900000000005093,10
2026-07-02 15:00:00,Chemistry Lab,14.39,413.92,28.77,Suspicious,15,3,0,414.00030000000004,0.08030000000002246,5
2026-07-09 05:20:00,Electronics Department,5.57,19.52,3.51,Normal,5,3,0,19.5507,0.030699999999999505,6
2026-07-15 15:00:00,Electronics Department,3.54,28.26,7.98,Normal,15,2,0,28.249200000000002,0.010799999999999699,6
2026-08-22 02:50:00,BT Department,5.75,28.64,4.98,Normal,2,5,1,28.635,0.004999999999999005,2
2026-08-16 21:50:00,BT Department,3.7,6.63,1.79,Normal,21,6,1,6.623,0.006999999999999673,2
2026-07-02 08:40:00,AI Lab,6.75,17.7,2.62,Normal,8,3,0,17.685000000000002,0.014999999999997016,0
2026-07-29 23:20:00,HOD Department,2.66,8.18,3.08,Normal,23,2,0,8.1928,0.012800000000000367,7
2026-08-04 06:50:00,AIML Department,4.05,7.69,1.9,Normal,6,1,0,7.694999999999999,0.004999999999999005,1
2026-08-21 11:40:00,AIML Department,4.67,23.88,5.12,Normal,11,4,0,23.9104,0.030400000000000205,1
2026-07-24 16:30:00,AI Lab,4.1,25.86,6.3,Normal,16,4,0,25.83,0.030000000000001137,0
2026-08-03 14:00:00,Physics Lab,20.59,1679.2,81.57,Critical,14,0,0,1679.5262999999998,0.32629999999971915,11
2026-07-21 05:40:00,Biotech Department,4.53,17.04,3.76,Normal,5,1,0,17.0328,0.007199999999997431,3
2026-07-27 13:20:00,Chemistry Lab,4.99,5.99,1.2,Normal,13,0,0,5.988,0.0019999999999997797,5
2026-07-10 23:00:00,CSE Department,2.64,16.69,6.31,Normal,23,4,0,16.6584,0.03160000000000096,4
2026-08-11 14:10:00,AI Lab,7.2,50.13,6.96,Normal,14,1,0,50.112,0.018000000000000682,0
2026-08-25 06:00:00,Electronics Department,4.65,36.59,7.87,Normal,6,1,0,36.5955,0.00549999999999784,6
2026-08-16 07:40:00,IT Department,5.12,22.51,4.4,Normal,7,6,1,22.528000000000002,0.018000000000000682,8
2026-08-09 21:10:00,AI Lab,4.28,36.06,8.42,Normal,21,6,1,36.037600000000005,0.022399999999997533,0
2026-07-26 12:50:00,AIML Department,3.24,19.92,6.15,Normal,12,6,1,19.926000000000002,0.006000000000000227,1
2026-08-20 07:50:00,IT Department,5.02,22.85,4.56,Normal,7,3,0,22.891199999999998,0.04119999999999635,8
2026-08-03 15:30:00,AIML Department,5.37,5.94,1.11,Normal,15,0,0,5.960700000000001,0.020700000000000607,1
2026-07-22 08:40:00,Chemistry Lab,5.75,11.74,2.04,Normal,8,2,0,11.73,0.009999999999999787,5
2026-07-21 22:50:00,CSE Department,3.64,30.13,8.27,Normal,22,1,0,30.1028,0.027200000000000557,4
2026-08-18 16:10:00,Electronics Department,2.82,22.03,7.8,Normal,16,1,0,21.996,0.03400000000000247,6
2026-07-13 04:40:00,AIML Department,9.39,101.17,10.78,Suspicious,4,0,0,101.2242,0.054199999999994475,1
2026-07-21 20:10:00,Biotech Department,5.14,43.53,8.46,Normal,20,1,0,43.4844,0.04560000000000031,3
2026-07-04 11:40:00,IT Department,5.84,42.46,7.27,Normal,11,5,1,42.456799999999994,0.003200000000006753,8
2026-08-12 22:40:00,AI Lab,4.87,29.28,6.01,Normal,22,2,0,29.2687,0.011300000000002086,0
2026-08-23 13:10:00,BT Department,12.33,242.53,19.67,Suspicious,13,6,1,242.5311,0.0011000000000080945,2
2026-07-05 13:30:00,AI Lab,4.58,39.41,8.6,Normal,13,6,1,39.388,0.021999999999998465,0
2026-07-30 22:30:00,Biotech Department,4.49,26.16,5.82,Normal,22,3,0,26.131800000000002,0.028199999999998226,3
2026-08-03 20:20:00,New Seminar Hall,5.09,41.04,8.06,Normal,20,0,0,41.025400000000005,0.014599999999994395,10
2026-08-18 08:40:00,IT Department,2.9,27.81,9.6,Normal,8,1,0,27.84,0.030000000000001137,8
2026-07-15 17:40:00,AIML Department,4.86,18.43,3.79,Normal,17,2,0,18.419400000000003,0.010599999999996612,1
2026-07-29 11:20:00,Biotech Department,2.82,12.74,4.51,Normal,11,2,0,12.7182,0.021800000000000708,3
2026-08-15 12:40:00,Mechanical Lab,6.38,40.3,6.32,Normal,12,5,1,40.321600000000004,0.021600000000006503,9
2026-07-12 14:20:00,AI Lab,5.34,14.8,2.77,Normal,14,6,1,14.7918,0.00820000000000043,0
2026-08-02 20:30:00,AIML Department,2.93,8.7,2.97,Normal,20,6,1,8.702100000000002,0.002100000000002211,1
2026-08-08 12:10:00,HOD Department,4.82,18.25,3.78,Normal,12,5,1,18.2196,0.030400000000000205,7
2026-08-10 14:00:00,Chemistry Lab,5.95,41.59,6.99,Normal,14,0,0,41.590500000000006,0.0005000000000023874,5
2026-08-19 01:00:00,Electronics Department,4.18,40.82,9.77,Normal,1,2,0,40.83859999999999,0.01859999999999218,6
2026-07-01 14:40:00,New Seminar Hall,13.05,204.86,15.7,Suspicious,14,2,0,204.885,0.024999999999977263,10
2026-08-08 08:30:00,HOD Department,4.43,17.59,3.97,Normal,8,5,1,17.5871,0.0029000000000003467,7
2026-07-15 20:10:00,HOD Department,4.44,9.04,2.04,Normal,20,2,0,9.0576,0.017600000000001614,7
2026-07-28 14:00:00,HOD Department,3.47,32.22,9.28,Normal,14,1,0,32.2016,0.01839999999999975,7
2026-07-16 10:30:00,HOD Department,4.08,30.19,7.39,Normal,10,3,0,30.1512,0.038800000000001944,7
2026-07-01 20:20:00,Biotech Department,7.35,52.9,7.2,Normal,20,2,0,52.92,0.020000000000003126,3
2026-08-14 19:40:00,Physics Lab,16.09,261.95,16.28,Suspicious,19,4,0,261.9452,0.004799999999988813,11
2026-08-25 02:30:00,Mechanical Lab,11.95,203.5,17.03,Suspicious,2,1,0,203.5085,0.008499999999997954,9
2026-07-19 18:50:00,BT Department,4.96,45.04,9.08,Normal,18,6,1,45.0368,0.0031999999999996476,2
2026-07-23 10:00:00,Biotech Department,13.95,163.61,11.73,Suspicious,10,3,0,163.6335,0.02349999999998431,3
2026-07-15 18:00:00,Biotech Department,5.21,11.49,2.2,Normal,18,2,0,11.462000000000002,0.027999999999998693,3
2026-07-04 09:30:00,Mechanical Lab,7.47,65.52,8.77,Normal,9,5,1,65.5119,0.008099999999998886,9
2026-07-15 13:50:00,AIML Department,4.34,29.33,6.76,Normal,13,2,0,29.338399999999996,0.008399999999998187,1
2026-07-18 23:30:00,AIML Department,4.02,16.46,4.09,Normal,23,5,1,16.441799999999997,0.01820000000000377,1
2026-07-10 08:50:00,AIML Department,4.21,25.99,6.17,Normal,8,4,0,25.9757,0.014299999999998647,1
2026-08-21 10:10:00,AIML Department,4.56,5.98,1.31,Normal,10,4,0,5.973599999999999,0.0064000000000010715,1
2026-07-25 03:40:00,Electronics Department,4.65,36.88,7.93,Normal,3,5,1,36.874500000000005,0.00549999999999784,6
2026-07-10 09:20:00,Electronics Department,4.32,40.81,9.44,Normal,9,4,0,40.7808,0.029200000000003,6
2026-07-02 23:20:00,New Seminar Hall,5.33,44.41,8.33,Normal,23,3,0,44.3989,0.011099999999999,10
2026-08-16 16:10:00,Mechanical Lab,5.81,37.13,6.4,Normal,16,6,1,37.184,0.05399999999999494,9
2026-07-19 09:10:00,Mechanical Lab,5.48,51.18,9.33,Normal,9,6,1,51.128400000000006,0.05159999999999343,9
2026-08-02 09:20:00,Physics Lab,5.16,39.32,7.62,Normal,9,6,1,39.3192,0.0007999999999981355,11
2026-07-19 04:50:00,Biotech Department,4.95,21.15,4.27,Normal,4,6,1,21.136499999999998,0.013500000000000512,3
2026-07-24 02:40:00,AIML Department,4.56,39.11,8.58,Normal,2,4,0,39.1248,0.014800000000001035,1
2026-07-23 11:00:00,Chemistry Lab,3.86,16.42,4.25,Normal,11,3,0,16.405,0.015000000000000568,5
2026-07-28 18:50:00,AI Lab,10.22,107.14,10.48,Suspicious,18,1,0,107.10560000000001,0.03439999999999088,0
2026-07-20 13:20:00,Chemistry Lab,3.68,16.0,4.34,Normal,13,0,0,15.9712,0.02880000000000038,5
2026-08-03 21:10:00,Electronics Department,4.68,46.09,9.86,Normal,21,0,0,46.1448,0.054799999999993076,6
2026-07-30 15:50:00,Chemistry Lab,13.39,328.15,24.5,Suspicious,15,3,0,328.055,0.09499999999997044,5
2026-07-15 23:00:00,CSE Department,11.7,172.47,14.75,Suspicious,23,2,0,172.575,0.10499999999998977,4
2026-07-19 22:30:00,AIML Department,5.93,8.28,1.4,Normal,22,6,1,8.302,0.02200000000000024,1
2026-07-20 12:10:00,Chemistry Lab,5.07,31.26,6.16,Normal,12,0,0,31.2312,0.02880000000000038,5
2026-08-02 21:20:00,Electronics Department,13.76,1074.97,78.1,Critical,21,6,1,1074.656,0.3140000000000782,6
2026-08-07 19:50:00,AI Lab,5.87,20.84,3.55,Normal,19,4,0,20.8385,0.0015000000000000568,0
2026-07-10 23:10:00,Physics Lab,4.56,10.78,2.37,Normal,23,4,0,10.8072,0.027200000000000557,11
2026-08-22 11:10:00,New Seminar Hall,23.79,2103.03,88.38,Critical,11,5,1,2102.5602,0.46980000000030486,10
2026-08-20 15:00:00,Biotech Department,4.72,5.7,1.21,Normal,15,3,0,5.7112,0.011199999999999655,3
2026-08-15 00:50:00,Chemistry Lab,10.06,128.7,12.79,Suspicious,0,5,1,128.6674,0.03260000000000218,5
2026-08-18 04:20:00,IT Department,4.01,13.46,3.36,Normal,4,1,0,13.4736,0.013599999999998502,8
2026-08-23 21:10:00,BT Department,19.33,976.1,50.5,Critical,21,6,1,976.165,0.06499999999994088,2
2026-08-05 01:20:00,Electronics Department,2.83,21.55,7.62,Normal,1,2,0,21.564600000000002,0.0146000000000015,6
2026-08-10 23:30:00,Chemistry Lab,5.93,23.33,3.94,Normal,23,0,0,23.3642,0.03420000000000201,5
2026-07-10 05:10:00,Biotech Department,3.73,11.03,2.96,Normal,5,4,0,11.040799999999999,0.010799999999999699,3
2026-08-19 22:30:00,Electronics Department,5.77,10.31,1.79,Normal,22,2,0,10.328299999999999,0.018299999999998207,6
2026-08-24 17:40:00,Physics Lab,3.99,39.04,9.79,Normal,17,0,0,39.0621,0.022100000000001785,11
2026-08-14 19:20:00,AI Lab,4.64,34.65,7.46,Normal,19,4,0,34.614399999999996,0.035600000000002296,0
2026-07-12 03:10:00,AIML Department,7.64,224.65,29.41,Suspicious,3,6,1,224.6924,0.04239999999998645,1
2026-08-20 14:10:00,AIML Department,11.28,277.56,24.6,Suspicious,14,3,0,277.488,0.07200000000000273,1
2026-07-23 11:40:00,Biotech Department,6.63,14.78,2.23,Normal,11,3,0,14.7849,0.004900000000001015,3
2026-08-02 01:00:00,BT Department,2.75,4.07,1.48,Normal,1,6,1,4.07,0.0,2
2026-08-03 16:20:00,Electronics Department,3.87,15.09,3.9,Normal,16,0,0,15.093,0.0030000000000001137,6
2026-08-22 10:20:00,BT Department,6.45,62.43,9.68,Normal,10,5,1,62.436,0.006000000000000227,2
2026-08-03 22:50:00,AI Lab,2.96,12.87,4.34,Normal,22,0,0,12.8464,0.023600000000000065,0
2026-07-26 07:00:00,Physics Lab,6.13,7.95,1.3,Normal,7,6,1,7.969,0.019000000000000128,11
2026-08-12 05:50:00,Electronics Department,4.46,19.91,4.47,Normal,5,2,0,19.9362,0.026199999999999335,6
2026-07-14 16:00:00,Mechanical Lab,6.84,59.33,8.68,Normal,16,1,0,59.371199999999995,0.04119999999999635,9
2026-07-04 21:30:00,Biotech Department,5.37,47.95,8.93,Normal,21,5,1,47.9541,0.004099999999993997,3
2026-07-30 08:10:00,Mechanical Lab,8.04,36.86,4.59,Normal,8,3,0,36.9036,0.04359999999999786,9
2026-07-10 10:00:00,New Seminar Hall,4.93,36.25,7.36,Normal,10,4,0,36.2848,0.034799999999997056,10
2026-08-09 16:30:00,Biotech Department,3.55,32.9,9.26,Normal,16,6,1,32.873,0.027000000000001023,3
2026-07-07 16:20:00,Chemistry Lab,7.25,25.54,3.52,Normal,16,1,0,25.52,0.019999999999999574,5
2026-07-25 07:20:00,Biotech Department,7.61,32.93,4.33,Normal,7,5,1,32.9513,0.02130000000000365,3
2026-07-26 23:50:00,New Seminar Hall,4.47,29.57,6.62,Normal,23,6,1,29.5914,0.021399999999999864,10
2026-07-30 19:00:00,Chemistry Lab,3.58,33.14,9.26,Normal,19,3,0,33.1508,0.010799999999996146,5
2026-07-23 06:00:00,Chemistry Lab,4.65,29.68,6.39,Normal,6,3,0,29.7135,0.033500000000000085,5
2026-07-16 14:20:00,CSE Department,3.49,7.84,2.25,Normal,14,3,0,7.852500000000001,0.012500000000001066,4
2026-07-06 17:00:00,CSE Department,5.55,32.48,5.86,Normal,17,0,0,32.523,0.043000000000006366,4
2026-08-01 01:30:00,BT Department,2.25,18.65,8.3,Normal,1,5,1,18.675,0.02500000000000213,2
2026-08-13 01:00:00,Electronics Department,3.72,8.35,2.24,Normal,1,3,0,8.3328,0.017199999999998994,6
2026-08-12 16:10:00,Physics Lab,4.79,43.68,9.11,Normal,16,2,0,43.6369,0.04310000000000258,11
2026-07-07 21:10:00,New Seminar Hall,4.32,41.54,9.61,Normal,21,1,0,41.5152,0.024799999999999045,10
2026-07-07 01:00:00,Biotech Department,6.98,30.69,4.4,Normal,1,1,0,30.712000000000003,0.022000000000002018,3
2026-08-05 02:10:00,IT Department,12.58,363.61,28.91,Suspicious,2,2,0,363.6878,0.0777999999999679,8
2026-07-31 00:50:00,Physics Lab,8.86,16.06,1.81,Normal,0,4,0,16.0366,0.023399999999998755,11
2026-07-02 11:20:00,IT Department,4.23,23.14,5.46,Normal,11,3,0,23.0958,0.04420000000000002,8
2026-08-09 08:30:00,IT Department,3.85,35.64,9.25,Normal,8,6,1,35.612500000000004,0.027499999999996305,8
2026-08-01 21:50:00,BT Department,3.08,13.74,4.47,Normal,21,5,1,13.7676,0.027599999999999625,2
2026-07-28 23:50:00,BT Department,8.53,151.74,17.79,Suspicious,23,1,0,151.74869999999999,0.008699999999976171,2
2026-07-18 23:00:00,Chemistry Lab,4.93,27.97,5.67,Normal,23,5,1,27.9531,0.016899999999999693,5
2026-08-23 06:30:00,AIML Department,3.95,20.93,5.29,Normal,6,6,1,20.895500000000002,0.034499999999997755,1
2026-07-10 10:30:00,Physics Lab,6.28,27.44,4.37,Normal,10,4,0,27.4436,0.0035999999999987153,11
2026-08-06 11:50:00,AIML Department,18.92,1173.51,62.03,Critical,11,3,0,1173.6076,0.09760000000005675,1
2026-08-20 20:40:00,IT Department,3.39,27.12,8.0,Normal,20,3,0,27.12,0.0,8
2026-08-07 17:10:00,New Seminar Hall,11.83,190.59,16.11,Suspicious,17,4,0,190.5813,0.008700000000004593,10
2026-08-16 16:30:00,Mechanical Lab,5.82,32.94,5.66,Normal,16,6,1,32.9412,0.0012000000000043087,9
2026-08-21 20:40:00,CSE Department,2.87,17.05,5.94,Normal,20,4,0,17.047800000000002,0.0021999999999984254,4
2026-07-24 06:00:00,IT Department,3.86,31.19,8.07,Normal,6,4,0,31.1502,0.03979999999999961,8
2026-07-24 07:40:00,IT Department,5.29,35.33,6.68,Normal,7,4,0,35.337199999999996,0.007199999999997431,8
2026-07-03 14:30:00,CSE Department,6.08,14.11,2.32,Normal,14,4,0,14.105599999999999,0.004400000000000404,4
2026-08-11 05:00:00,HOD Department,2.7,13.69,5.07,Normal,5,1,0,13.689000000000002,0.0009999999999976694,7
2026-07-18 15:00:00,Biotech Department,20.6,1731.33,84.04,Critical,15,5,1,1731.2240000000002,0.10599999999976717,3
2026-08-22 14:00:00,IT Department,3.97,18.66,4.71,Normal,14,5,1,18.698700000000002,0.03870000000000218,8
2026-08-12 17:10:00,IT Department,14.09,952.69,67.63,Critical,17,2,0,952.9066999999999,0.21669999999983247,8
2026-08-11 16:20:00,Biotech Department,5.26,14.53,2.76,Normal,16,1,0,14.517599999999998,0.012400000000001299,3
2026-08-22 08:50:00,IT Department,9.13,229.38,25.11,Suspicious,8,5,1,229.2543,0.12569999999999482,8
2026-07-31 22:40:00,Physics Lab,6.83,9.83,1.44,Normal,22,4,0,9.8352,0.0052000000000003155,11
2026-07-07 02:40:00,AI Lab,5.54,41.4,7.47,Normal,2,1,0,41.3838,0.016199999999997772,0
2026-07-22 17:10:00,New Seminar Hall,6.13,30.2,4.93,Normal,17,2,0,30.220899999999997,0.020899999999997476,10
2026-07-25 09:00:00,IT Department,3.4,18.06,5.32,Normal,9,5,1,18.088,0.028000000000002245,8
2026-08-07 02:50:00,BT Department,4.61,31.38,6.81,Normal,2,4,0,31.3941,0.014100000000002666,2
2026-08-19 01:10:00,New Seminar Hall,7.31,15.24,2.08,Normal,1,2,0,15.2048,0.035199999999999676,10
2026-07-01 17:00:00,AIML Department,4.56,4.71,1.03,Normal,17,2,0,4.6968,0.013200000000000323,1
2026-08-13 14:20:00,Electronics Department,6.42,57.39,8.95,Normal,14,3,0,57.458999999999996,0.06899999999999551,6
2026-07-29 13:20:00,CSE Department,4.57,12.17,2.67,Normal,13,2,0,12.2019,0.03190000000000026,4
2026-07-25 07:10:00,Mechanical Lab,6.47,36.81,5.69,Normal,7,5,1,36.8143,0.004300000000000637,9
2026-08-14 02:50:00,Mechanical Lab,17.68,374.5,21.18,Suspicious,2,4,0,374.4624,0.037599999999997635,9
2026-07-14 12:50:00,CSE Department,5.32,28.93,5.44,Normal,12,1,0,28.940800000000003,0.010800000000003251,4
2026-07-11 14:50:00,Chemistry Lab,6.1,17.85,2.92,Normal,14,5,1,17.811999999999998,0.03800000000000381,5
2026-08-04 04:10:00,IT Department,4.12,21.13,5.13,Normal,4,1,0,21.1356,0.00560000000000116,8
2026-08-04 07:50:00,Physics Lab,4.13,24.91,6.03,Normal,7,1,0,24.9039,0.006099999999999994,11
2026-07-30 03:40:00,AI Lab,4.98,29.28,5.87,Normal,3,3,0,29.2326,0.047399999999999665,0
2026-07-24 11:50:00,Physics Lab,6.14,36.82,6.0,Normal,11,4,0,36.839999999999996,0.01999999999999602,11
2026-08-12 02:40:00,New Seminar Hall,6.67,57.59,8.63,Normal,2,2,0,57.56210000000001,0.027899999999995373,10
2026-08-04 13:00:00,AIML Department,7.49,170.01,22.71,Suspicious,13,1,0,170.0979,0.08790000000001896,1
2026-07-07 21:40:00,AIML Department,5.72,48.37,8.46,Normal,21,1,0,48.391200000000005,0.021200000000007435,1
2026-08-10 14:10:00,Mechanical Lab,15.45,303.08,19.61,Suspicious,14,0,0,302.9745,0.10550000000000637,9
2026-07-24 04:50:00,New Seminar Hall,6.67,59.24,8.88,Normal,4,4,0,59.229600000000005,0.010399999999997078,10
2026-07-16 08:10:00,Mechanical Lab,7.41,61.19,8.26,Normal,8,3,0,61.2066,0.016600000000003945,9
2026-08-24 01:40:00,IT Department,3.62,33.92,9.38,Normal,1,0,0,33.955600000000004,0.035600000000002296,8
2026-08-05 15:10:00,CSE Department,3.2,28.72,8.96,Normal,15,2,0,28.672000000000004,0.047999999999994714,4
2026-08-17 09:50:00,HOD Department,11.5,920.08,80.0,Critical,9,0,0,920.0,0.08000000000004093,7
2026-07-22 13:30:00,BT Department,5.01,27.0,5.39,Normal,13,2,0,27.003899999999998,0.003899999999998016,2
2026-08-08 11:00:00,AIML Department,2.57,21.4,8.31,Normal,11,5,1,21.3567,0.04329999999999856,1
2026-07-06 16:00:00,New Seminar Hall,7.49,23.06,3.08,Normal,16,0,0,23.069200000000002,0.009200000000003428,10
2026-08-22 13:10:00,Chemistry Lab,5.88,55.67,9.46,Normal,13,5,1,55.6248,0.04520000000000124,5
2026-07-25 14:30:00,New Seminar Hall,5.93,35.83,6.05,Normal,14,5,1,35.8765,0.04650000000000176,10
2026-07-03 07:30:00,Physics Lab,10.08,282.01,27.98,Suspicious,7,4,0,282.0384,0.028400000000033288,11
2026-08-25 04:50:00,BT Department,3.66,31.24,8.53,Normal,4,1,0,31.2198,0.020199999999999108,2
2026-08-01 18:00:00,IT Department,10.87,320.31,29.45,Suspicious,18,5,1,320.12149999999997,0.1885000000000332,8
2026-08-19 18:30:00,BT Department,1.6,5.62,3.53,Normal,18,2,0,5.648,0.02799999999999958,2
2026-07-17 12:40:00,New Seminar Hall,6.7,51.55,7.7,Normal,12,4,0,51.59,0.04000000000000625,10
2026-07-20 04:50:00,CSE Department,2.2,6.44,2.93,Normal,4,0,0,6.446000000000001,0.006000000000000227,4
2026-07-15 18:30:00,AI Lab,5.2,41.08,7.9,Normal,18,2,0,41.080000000000005,7.105427357601002e-15,0
2026-07-24 20:50:00,AIML Department,3.07,21.97,7.15,Normal,20,4,0,21.9505,0.019499999999997186,1
2026-07-06 08:20:00,IT Department,4.88,33.52,6.87,Normal,8,0,0,33.5256,0.005599999999994054,8
2026-07-07 22:30:00,AI Lab,4.71,12.74,2.71,Normal,22,1,0,12.7641,0.0240999999999989,0
2026-08-18 18:50:00,Chemistry Lab,4.74,24.37,5.14,Normal,18,1,0,24.363599999999998,0.006400000000002848,5
2026-07-17 01:00:00,Biotech Department,15.0,239.36,15.96,Suspicious,1,4,0,239.4,0.03999999999999204,3
2026-07-08 04:50:00,Chemistry Lab,5.61,20.11,3.59,Normal,4,2,0,20.1399,0.02990000000000137,5
2026-07-23 15:20:00,AIML Department,10.35,164.73,15.91,Suspicious,15,3,0,164.6685,0.061499999999995225,1
2026-07-13 13:10:00,Physics Lab,18.37,1170.61,63.71,Critical,13,0,0,1170.3527000000001,0.25729999999975917,11
2026-08-15 23:40:00,IT Department,14.04,546.15,38.89,Critical,23,5,1,546.0156,0.13440000000002783,8
2026-08-01 01:00:00,IT Department,4.99,25.61,5.14,Normal,1,5,1,25.6486,0.03859999999999886,8
2026-08-08 09:10:00,New Seminar Hall,6.64,26.85,4.04,Normal,9,5,1,26.825599999999998,0.02440000000000353,10
2026-07-13 07:20:00,HOD Department,3.35,28.36,8.47,Normal,7,0,0,28.3745,0.014500000000001734,7
2026-08-06 07:40:00,AI Lab,4.21,36.54,8.68,Normal,7,3,0,36.5428,0.00280000000000058,0
2026-07-03 16:50:00,Biotech Department,3.87,5.31,1.37,Normal,16,4,0,5.301900000000001,0.008099999999998886,3
2026-07-27 00:50:00,Physics Lab,6.37,63.55,9.98,Normal,0,0,0,63.5726,0.022600000000004172,11
2026-07-30 19:10:00,AIML Department,3.74,19.65,5.25,Normal,19,3,0,19.635,0.014999999999997016,1
2026-07-06 02:40:00,AI Lab,3.36,9.8,2.92,Normal,2,0,0,9.8112,0.011199999999998766,0
2026-07-25 04:00:00,Mechanical Lab,8.01,45.17,5.64,Normal,4,5,1,45.176399999999994,0.00639999999999219,9
2026-08-06 11:10:00,Biotech Department,5.13,26.15,5.1,Normal,11,3,0,26.162999999999997,0.012999999999998124,3
2026-08-04 16:00:00,CSE Department,4.59,20.2,4.4,Normal,16,1,0,20.196,0.003999999999997783,4
2026-07-08 01:00:00,AI Lab,2.59,15.2,5.86,Normal,1,2,0,15.1774,0.022599999999998843,0
2026-08-22 18:20:00,Electronics Department,5.63,27.77,4.93,Normal,18,5,1,27.755899999999997,0.014100000000002666,6
2026-08-20 13:30:00,New Seminar Hall,4.35,17.38,3.99,Normal,13,3,0,17.3565,0.023499999999998522,10
2026-07-16 15:10:00,AI Lab,3.53,20.03,5.68,Normal,15,3,0,20.050399999999996,0.02039999999999509,0
2026-07-20 04:10:00,IT Department,6.17,6.58,1.07,Normal,4,0,0,6.6019000000000005,0.021900000000000475,8
2026-08-03 08:50:00,Biotech Department,4.83,23.72,4.91,Normal,8,0,0,23.715300000000003,0.004699999999996152,3
2026-08-05 17:40:00,New Seminar Hall,8.13,52.55,6.47,Normal,17,2,0,52.6011,0.05110000000000525,10
2026-08-19 07:20:00,Chemistry Lab,6.68,55.86,8.36,Normal,7,2,0,55.84479999999999,0.015200000000007208,5
2026-08-21 03:50:00,New Seminar Hall,5.29,36.02,6.81,Normal,3,4,0,36.024899999999995,0.004899999999992133,10
2026-08-19 07:50:00,New Seminar Hall,4.11,39.99,9.73,Normal,7,2,0,39.990300000000005,0.00030000000000285354,10
2026-08-07 00:00:00,BT Department,8.81,142.68,16.2,Suspicious,0,4,0,142.722,0.04200000000000159,2
2026-08-11 19:50:00,Chemistry Lab,5.66,35.16,6.21,Normal,19,1,0,35.1486,0.011399999999994748,5
2026-07-26 03:20:00,CSE Department,3.97,36.33,9.16,Normal,3,6,1,36.3652,0.03520000000000323,4
2026-08-03 16:50:00,Chemistry Lab,6.26,28.57,4.57,Normal,16,0,0,28.6082,0.03819999999999979,5
2026-08-07 03:10:00,Mechanical Lab,5.64,41.86,7.43,Normal,3,4,0,41.905199999999994,0.045199999999994134,9
2026-07-15 03:40:00,Physics Lab,5.32,29.68,5.58,Normal,3,2,0,29.6856,0.00560000000000116,11
2026-07-29 22:40:00,CSE Department,11.04,169.65,15.37,Suspicious,22,2,0,169.68479999999997,0.03479999999996153,4
2026-08-03 09:10:00,New Seminar Hall,7.25,61.47,8.47,Normal,9,0,0,61.407500000000006,0.062499999999992895,10
2026-08-15 22:30:00,HOD Department,2.86,18.08,6.33,Normal,22,5,1,18.1038,0.023800000000001376,7
2026-08-07 03:00:00,New Seminar Hall,5.43,17.36,3.2,Normal,3,4,0,17.376,0.01600000000000179,10
2026-08-18 22:10:00,BT Department,4.52,29.92,6.62,Normal,22,1,0,29.922399999999996,0.0023999999999944066,2
2026-08-04 20:30:00,Biotech Department,2.77,22.08,7.96,Normal,20,1,0,22.0492,0.030799999999999272,3
2026-08-22 22:50:00,Electronics Department,4.38,41.1,9.38,Normal,22,5,1,41.0844,0.01559999999999917,6
2026-08-05 07:00:00,Physics Lab,6.62,65.39,9.88,Normal,7,2,0,65.4056,0.015600000000006276,11
2026-07-26 08:00:00,Mechanical Lab,5.02,20.02,3.99,Normal,8,6,1,20.029799999999998,0.009799999999998477,9
2026-08-15 09:40:00,Biotech Department,5.02,40.29,8.03,Normal,9,5,1,40.310599999999994,0.020599999999994623,3
2026-08-21 01:00:00,CSE Department,3.06,4.61,1.51,Normal,1,4,0,4.6206000000000005,0.010600000000000165,4
2026-08-25 14:40:00,CSE Department,8.84,165.59,18.72,Suspicious,14,1,0,165.48479999999998,0.10520000000002483,4
2026-08-16 03:40:00,AI Lab,6.78,52.65,7.77,Normal,3,6,1,52.6806,0.03059999999999974,0
2026-07-04 00:10:00,Biotech Department,3.69,27.23,7.38,Normal,0,5,1,27.2322,0.0021999999999984254,3
2026-08-18 20:30:00,Physics Lab,5.96,40.96,6.87,Normal,20,1,0,40.9452,0.014800000000001035,11
2026-08-21 01:20:00,IT Department,2.86,5.44,1.91,Normal,1,4,0,5.462599999999999,0.022599999999998843,8
2026-07-05 01:20:00,IT Department,5.34,16.35,3.06,Normal,1,6,1,16.3404,0.009600000000002495,8
2026-08-14 16:30:00,IT Department,5.66,41.32,7.31,Normal,16,4,0,41.3746,0.05460000000000065,8
2026-08-22 03:40:00,Physics Lab,5.76,40.34,7.0,Normal,3,5,1,40.32,0.020000000000003126,11
2026-08-05 06:40:00,BT Department,5.34,40.27,7.54,Normal,6,2,0,40.2636,0.006400000000006401,2
2026-07-30 14:00:00,Chemistry Lab,7.55,15.49,2.05,Normal,14,3,0,15.4775,0.012500000000001066,5
2026-08-15 04:00:00,Chemistry Lab,6.29,25.19,4.01,Normal,4,5,1,25.2229,0.03289999999999793,5
2026-07-25 16:30:00,HOD Department,2.5,13.32,5.32,Normal,16,5,1,13.3,0.019999999999999574,7
2026-07-02 17:30:00,HOD Department,2.86,11.57,4.04,Normal,17,3,0,11.5544,0.015600000000000946,7
2026-07-10 14:00:00,BT Department,4.96,37.79,7.62,Normal,14,4,0,37.7952,0.005200000000002092,2
2026-07-25 15:40:00,CSE Department,4.9,7.47,1.53,Normal,15,5,1,7.497000000000001,0.027000000000001023,4
2026-07-20 03:20:00,HOD Department,4.23,6.65,1.57,Normal,3,0,0,6.641100000000001,0.008899999999999686,7
2026-08-12 05:00:00,Biotech Department,5.29,27.81,5.26,Normal,5,2,0,27.8254,0.015399999999999636,3
2026-08-05 06:30:00,Physics Lab,6.54,34.38,5.26,Normal,6,2,0,34.4004,0.02039999999999509,11
2026-08-15 13:40:00,Chemistry Lab,6.33,60.91,9.62,Normal,13,5,1,60.8946,0.015399999999999636,5
2026-08-02 17:00:00,AI Lab,5.11,38.81,7.6,Normal,17,6,1,38.836,0.02599999999999625,0
2026-07-29 06:10:00,Biotech Department,6.42,57.5,8.95,Normal,6,2,0,57.458999999999996,0.04100000000000392,3
2026-07-14 05:00:00,Mechanical Lab,6.52,64.35,9.87,Normal,5,1,0,64.35239999999999,0.0023999999999944066,9
2026-08-20 00:20:00,IT Department,5.04,14.61,2.9,Normal,0,3,0,14.616,0.006000000000000227,8
2026-07-21 06:40:00,AI Lab,5.32,41.18,7.75,Normal,6,1,0,41.230000000000004,0.05000000000000426,0
2026-07-22 09:00:00,AIML Department,4.57,8.99,1.97,Normal,9,2,0,9.0029,0.012900000000000134,1
2026-07-09 16:50:00,Physics Lab,16.24,235.65,14.51,Suspicious,16,3,0,235.64239999999998,0.00760000000002492,11
2026-08-15 21:50:00,Biotech Department,5.8,55.49,9.57,Normal,21,5,1,55.506,0.015999999999998238,3
2026-07-12 18:10:00,Electronics Department,3.44,22.69,6.6,Normal,18,6,1,22.703999999999997,0.013999999999995794,6
2026-07-25 01:30:00,Biotech Department,5.66,11.01,1.94,Normal,1,5,1,10.9804,0.029600000000000293,3
2026-07-25 11:20:00,Physics Lab,5.99,18.33,3.06,Normal,11,5,1,18.3294,0.0005999999999986017,11
2026-08-17 02:50:00,Chemistry Lab,5.91,30.11,5.09,Normal,2,0,0,30.0819,0.02809999999999846,5
2026-07-21 04:50:00,Electronics Department,5.54,36.86,6.65,Normal,4,1,0,36.841,0.01899999999999835,6
2026-07-13 18:40:00,Electronics Department,5.11,14.3,2.8,Normal,18,0,0,14.308,0.007999999999999119,6
2026-08-08 17:00:00,CSE Department,5.98,24.27,4.06,Normal,17,5,1,24.2788,0.008800000000000807,4
2026-07-27 16:50:00,CSE Department,3.79,33.49,8.83,Normal,16,0,0,33.4657,0.024300000000003763,4
2026-07-24 17:20:00,Chemistry Lab,4.35,32.02,7.37,Normal,17,4,0,32.0595,0.03949999999999676,5
2026-07-24 17:10:00,AI Lab,13.04,272.78,20.92,Suspicious,17,4,0,272.7968,0.01680000000004611,0
2026-07-25 20:50:00,Mechanical Lab,5.94,47.22,7.95,Normal,20,5,1,47.223000000000006,0.003000000000007219,9
2026-08-22 19:50:00,Biotech Department,6.18,6.96,1.13,Normal,19,5,1,6.983399999999999,0.023399999999998755,3
2026-08-05 19:30:00,Mechanical Lab,7.16,40.21,5.62,Normal,19,2,0,40.239200000000004,0.029200000000003,9
2026-08-12 04:00:00,Electronics Department,4.47,7.44,1.66,Normal,4,2,0,7.4201999999999995,0.019800000000000928,6
2026-07-25 06:50:00,AIML Department,4.78,15.05,3.15,Normal,6,5,1,15.057,0.006999999999999673,1
2026-07-05 12:30:00,Biotech Department,5.35,24.81,4.64,Normal,12,6,1,24.823999999999998,0.013999999999999346,3
2026-07-22 13:20:00,AIML Department,3.57,14.28,4.0,Normal,13,2,0,14.28,0.0,1
2026-08-18 17:10:00,HOD Department,2.62,19.58,7.46,Normal,17,1,0,19.5452,0.034799999999997056,7
2026-07-02 05:00:00,AIML Department,4.13,18.07,4.37,Normal,5,3,0,18.0481,0.0218999999999987,1
2026-08-24 19:10:00,Physics Lab,7.78,72.92,9.37,Normal,19,0,0,72.8986,0.021399999999999864,11
2026-07-28 06:00:00,New Seminar Hall,7.92,16.23,2.05,Normal,6,1,0,16.235999999999997,0.005999999999996675,10
2026-07-21 17:10:00,New Seminar Hall,5.2,9.15,1.76,Normal,17,1,0,9.152000000000001,0.002000000000000668,10
2026-08-08 03:10:00,Chemistry Lab,13.57,387.74,28.58,Suspicious,3,5,1,387.8306,0.0905999999999949,5
2026-08-01 05:50:00,AI Lab,6.26,59.91,9.57,Normal,5,5,1,59.9082,0.001799999999995805,0
2026-07-25 20:30:00,BT Department,5.25,35.32,6.73,Normal,20,5,1,35.3325,0.012500000000002842,2
2026-07-20 07:00:00,IT Department,3.42,29.03,8.49,Normal,7,0,0,29.035800000000002,0.0058000000000006935,8
2026-07-07 01:50:00,CSE Department,12.68,586.71,46.27,Critical,1,1,0,586.7036,0.006399999999985084,4
2026-07-12 17:10:00,HOD Department,4.96,43.08,8.69,Normal,17,6,1,43.102399999999996,0.022399999999997533,7
2026-07-08 04:00:00,Electronics Department,3.84,17.41,4.53,Normal,4,2,0,17.3952,0.014800000000001035,6
2026-07-24 02:50:00,IT Department,4.02,36.88,9.18,Normal,2,4,0,36.9036,0.023599999999994736,8
2026-08-25 12:40:00,AI Lab,11.98,131.3,10.96,Suspicious,12,1,0,131.3008,0.0007999999999981355,0
2026-07-16 12:40:00,CSE Department,5.8,48.47,8.36,Normal,12,3,0,48.48799999999999,0.017999999999993577,4
2026-08-21 12:10:00,CSE Department,4.74,24.3,5.12,Normal,12,4,0,24.268800000000002,0.03119999999999834,4
2026-07-18 07:10:00,Mechanical Lab,16.24,463.34,28.54,Suspicious,7,5,1,463.48959999999994,0.14959999999996398,9
2026-07-03 20:20:00,CSE Department,3.54,8.4,2.37,Normal,20,4,0,8.389800000000001,0.01019999999999932,4
2026-07-17 15:30:00,Physics Lab,15.3,454.83,29.73,Suspicious,15,4,0,454.869,0.03900000000004411,11
2026-07-03 17:30:00,Biotech Department,24.7,1385.55,56.1,Critical,17,4,0,1385.67,0.12000000000011823,3
2026-07-06 23:40:00,AIML Department,4.73,7.26,1.54,Normal,23,0,0,7.284200000000001,0.02420000000000133,1
2026-08-13 03:40:00,Mechanical Lab,6.68,19.82,2.97,Normal,3,3,0,19.8396,0.019600000000000506,9
2026-08-03 17:10:00,HOD Department,3.2,24.71,7.73,Normal,17,0,0,24.736000000000004,0.026000000000003354,7
2026-07-23 14:10:00,Mechanical Lab,6.86,23.02,3.35,Normal,14,3,0,22.981,0.038999999999997925,9
2026-08-16 12:20:00,AIML Department,3.8,27.07,7.13,Normal,12,6,1,27.093999999999998,0.023999999999997357,1
2026-08-23 12:50:00,HOD Department,3.43,32.08,9.35,Normal,12,6,1,32.0705,0.009499999999995623,7
2026-08-11 17:30:00,Electronics Department,5.37,13.39,2.5,Normal,17,1,0,13.425,0.03500000000000014,6
2026-07-24 10:10:00,BT Department,4.42,27.39,6.2,Normal,10,4,0,27.404,0.013999999999999346,2
2026-07-29 20:20:00,Physics Lab,5.2,22.14,4.26,Normal,20,2,0,22.152,0.012000000000000455,11
2026-08-24 20:00:00,Biotech Department,19.57,637.05,32.55,Critical,20,0,0,637.0034999999999,0.04650000000003729,3
2026-07-16 00:40:00,BT Department,3.58,35.34,9.88,Normal,0,3,0,35.370400000000004,0.030400000000000205,2
2026-07-14 01:40:00,Biotech Department,3.89,24.31,6.25,Normal,1,1,0,24.3125,0.002500000000001279,3
2026-07-06 20:10:00,BT Department,6.87,64.73,9.42,Normal,20,0,0,64.7154,0.0146000000000015,2
2026-08-25 06:30:00,IT Department,2.35,11.04,4.71,Normal,6,1,0,11.0685,0.02850000000000108,8
2026-07-19 21:40:00,CSE Department,4.44,33.05,7.45,Normal,21,6,1,33.078,0.028000000000005798,4
2026-07-01 23:40:00,AI Lab,5.27,47.28,8.98,Normal,23,2,0,47.3246,0.04459999999999553,0
2026-07-30 16:10:00,AI Lab,6.15,16.26,2.64,Normal,16,3,0,16.236,0.02400000000000091,0
2026-07-27 10:00:00,AI Lab,9.3,253.05,27.2,Suspicious,10,0,0,252.96,0.09000000000000341,0
2026-07-21 09:50:00,Biotech Department,3.79,14.73,3.88,Normal,9,1,0,14.7052,0.02480000000000082,3
2026-07-17 19:10:00,Mechanical Lab,7.8,28.54,3.66,Normal,19,4,0,28.548000000000002,0.008000000000002672,9
2026-08-21 09:30:00,Physics Lab,4.89,18.88,3.86,Normal,9,4,0,18.8754,0.0045999999999999375,11
2026-08-16 08:50:00,CSE Department,2.64,18.82,7.14,Normal,8,6,1,18.8496,0.029599999999998516,4
2026-08-19 14:30:00,Electronics Department,5.53,16.76,3.03,Normal,14,2,0,16.7559,0.004100000000001103,6
2026-07-23 18:00:00,Physics Lab,5.89,29.9,5.07,Normal,18,3,0,29.8623,0.0376999999999974,11
2026-08-13 02:20:00,HOD Department,6.4,174.52,27.28,Suspicious,2,3,0,174.592,0.07200000000000273,7
2026-08-14 11:50:00,Electronics Department,5.42,42.9,7.91,Normal,11,4,0,42.8722,0.02779999999999916,6
2026-08-11 23:20:00,Electronics Department,6.97,60.38,8.66,Normal,23,1,0,60.3602,0.019800000000003593,6
2026-08-17 19:40:00,AIML Department,5.66,33.31,5.89,Normal,19,0,0,33.3374,0.02740000000000009,1
2026-08-19 21:00:00,HOD Department,4.47,4.63,1.03,Normal,21,2,0,4.6041,0.025900000000000034,7
2026-08-12 04:40:00,IT Department,3.88,24.7,6.37,Normal,4,2,0,24.7156,0.01559999999999917,8
2026-07-21 03:30:00,BT Department,6.18,38.99,6.31,Normal,3,1,0,38.995799999999996,0.005799999999993588,2
2026-08-21 17:50:00,CSE Department,12.86,972.14,75.61,Critical,17,4,0,972.3445999999999,0.20459999999991396,4
2026-07-21 13:20:00,Electronics Department,3.88,29.96,7.72,Normal,13,1,0,29.953599999999998,0.006400000000002848,6
2026-07-14 06:50:00,HOD Department,4.08,11.27,2.77,Normal,6,1,0,11.3016,0.03160000000000096,7
2026-08-10 07:00:00,HOD Department,3.46,29.96,8.65,Normal,7,0,0,29.929000000000002,0.030999999999998806,7
2026-08-02 08:40:00,Mechanical Lab,6.12,31.11,5.08,Normal,8,6,1,31.0896,0.02039999999999864,9
2026-07-14 05:30:00,IT Department,4.18,29.56,7.07,Normal,5,1,0,29.552599999999998,0.007400000000000517,8
2026-07-19 16:50:00,BT Department,1.56,10.64,6.82,Normal,16,6,1,10.6392,0.0007999999999999119,2
2026-07-16 21:50:00,AI Lab,5.19,29.01,5.59,Normal,21,3,0,29.0121,0.0020999999999986585,0
2026-08-07 15:30:00,AI Lab,6.35,16.13,2.54,Normal,15,4,0,16.128999999999998,0.0010000000000012221,0
2026-07-17 13:20:00,Biotech Department,3.63,19.96,5.5,Normal,13,4,0,19.965,0.004999999999999005,3
2026-07-07 22:20:00,IT Department,4.42,11.05,2.5,Normal,22,1,0,11.05,0.0,8
2026-07-22 15:20:00,Mechanical Lab,8.02,59.43,7.41,Normal,15,2,0,59.4282,0.0018000000000029104,9
2026-07-09 02:40:00,AIML Department,4.29,31.75,7.4,Normal,2,3,0,31.746000000000002,0.003999999999997783,1
2026-07-19 08:50:00,IT Department,4.54,17.99,3.97,Normal,8,6,1,18.0238,0.03380000000000294,8
2026-07-16 15:20:00,Physics Lab,4.8,33.7,7.01,Normal,15,3,0,33.647999999999996,0.05200000000000671,11
2026-07-04 05:50:00,HOD Department,5.06,38.9,7.68,Normal,5,5,1,38.8608,0.03920000000000101,7
2026-07-07 17:40:00,CSE Department,2.61,10.12,3.87,Normal,17,1,0,10.1007,0.01929999999999943,4
2026-07-10 01:00:00,IT Department,6.29,27.76,4.41,Normal,1,4,0,27.7389,0.021100000000000563,8
2026-07-04 15:30:00,Physics Lab,6.24,39.56,6.34,Normal,15,5,1,39.5616,0.001599999999996271,11
2026-07-15 11:10:00,Physics Lab,3.87,29.75,7.69,Normal,11,2,0,29.7603,0.010300000000000864,11
2026-08-21 11:10:00,Physics Lab,2.2,15.18,6.9,Normal,11,4,0,15.180000000000001,1.7763568394002505e-15,11
2026-08-10 12:40:00,AIML Department,8.13,159.19,19.57,Suspicious,12,0,0,159.10410000000002,0.08589999999998099,1
2026-08-10 05:00:00,BT Department,20.09,1479.29,73.62,Critical,5,0,0,1479.0258000000001,0.2641999999998461,2
2026-08-08 23:50:00,IT Department,3.37,3.42,1.02,Normal,23,5,1,3.4374000000000002,0.017400000000000304,8
2026-07-09 16:20:00,Physics Lab,5.83,35.64,6.12,Normal,16,3,0,35.6796,0.03960000000000008,11
2026-08-15 17:00:00,Chemistry Lab,17.25,523.82,30.37,Critical,17,5,1,523.8825,0.0625,5
2026-07-19 13:40:00,BT Department,12.61,172.61,13.68,Suspicious,13,6,1,172.5048,0.10520000000002483,2
2026-08-10 08:50:00,Biotech Department,21.51,717.89,33.37,Critical,8,0,0,717.7887,0.10130000000003747,3
2026-08-23 18:20:00,AI Lab,3.9,24.31,6.23,Normal,18,6,1,24.297,0.012999999999998124,0
2026-07-15 00:20:00,New Seminar Hall,6.31,63.02,9.99,Normal,0,2,0,63.036899999999996,0.016899999999992588,10
2026-07-22 22:20:00,HOD Department,3.11,17.98,5.78,Normal,22,2,0,17.9758,0.00420000000000087,7
2026-07-29 05:40:00,AI Lab,4.32,33.54,7.76,Normal,5,2,0,33.5232,0.016799999999996373,0
2026-07-16 06:30:00,Chemistry Lab,5.45,29.28,5.37,Normal,6,3,0,29.2665,0.013500000000000512,5
2026-07-26 22:30:00,BT Department,4.74,19.01,4.01,Normal,22,6,1,19.0074,0.002600000000001046,2
2026-08-04 11:20:00,AI Lab,3.39,8.39,2.48,Normal,11,1,0,8.4072,0.017199999999998994,0
2026-07-15 04:50:00,New Seminar Hall,4.58,24.53,5.35,Normal,4,2,0,24.503,0.027000000000001023,10
2026-07-29 08:10:00,AIML Department,4.56,17.9,3.93,Normal,8,2,0,17.9208,0.020800000000001262,1
2026-08-24 18:20:00,CSE Department,4.96,35.92,7.24,Normal,18,0,0,35.9104,0.009599999999998943,4
2026-07-22 13:00:00,Physics Lab,6.87,39.54,5.75,Normal,13,2,0,39.5025,0.03750000000000142,11
2026-07-10 00:00:00,Chemistry Lab,13.66,182.64,13.37,Suspicious,0,4,0,182.6342,0.005799999999993588,5
2026-07-16 13:20:00,CSE Department,16.11,654.76,40.65,Critical,13,3,0,654.8715,0.11149999999997817,4
2026-07-20 04:00:00,CSE Department,9.02,114.38,12.68,Suspicious,4,0,0,114.3736,0.006399999999999295,4
2026-07-08 05:20:00,AI Lab,5.64,41.46,7.35,Normal,5,2,0,41.45399999999999,0.006000000000007333,0
2026-07-16 13:00:00,HOD Department,4.17,34.1,8.17,Normal,13,3,0,34.0689,0.031100000000002126,7
2026-08-02 18:20:00,IT Department,3.37,16.4,4.87,Normal,18,6,1,16.4119,0.011900000000000688,8
2026-08-06 01:00:00,Chemistry Lab,4.95,43.45,8.77,Normal,1,3,0,43.4115,0.038500000000006196,5
2026-08-11 21:20:00,Electronics Department,3.63,25.12,6.93,Normal,21,1,0,25.1559,0.035899999999998045,6
2026-08-15 22:10:00,IT Department,5.3,34.74,6.56,Normal,22,5,1,34.767999999999994,0.027999999999991587,8
2026-07-27 11:00:00,IT Department,4.77,45.03,9.43,Normal,11,0,0,44.9811,0.048900000000003274,8
2026-07-26 07:30:00,AIML Department,4.03,9.79,2.43,Normal,7,6,1,9.792900000000001,0.002900000000002123,1
2026-08-03 01:10:00,AI Lab,4.08,25.78,6.31,Normal,1,0,0,25.744799999999998,0.03520000000000323,0
2026-07-10 11:40:00,Mechanical Lab,15.36,365.11,23.77,Suspicious,11,4,0,365.1072,0.002800000000036107,9
2026-07-14 06:30:00,Mechanical Lab,5.81,33.44,5.76,Normal,6,1,0,33.465599999999995,0.02559999999999718,9
2026-07-17 14:30:00,Physics Lab,23.04,1859.12,80.69,Critical,14,4,0,1859.0975999999998,0.022400000000061482,11
2026-07-18 08:10:00,New Seminar Hall,14.56,370.47,25.44,Suspicious,8,5,1,370.4064,0.0636000000000081,10
2026-07-16 04:00:00,Biotech Department,4.03,12.9,3.2,Normal,4,3,0,12.896,0.0039999999999995595,3
2026-07-08 17:30:00,AI Lab,4.63,7.66,1.66,Normal,17,2,0,7.6857999999999995,0.02579999999999938,0
2026-08-11 02:00:00,BT Department,2.86,14.4,5.04,Normal,2,1,0,14.414399999999999,0.014399999999998414,2
2026-08-25 10:00:00,Chemistry Lab,5.87,44.26,7.54,Normal,10,1,0,44.2598,0.00019999999999953388,5
2026-07-30 16:30:00,Chemistry Lab,4.42,20.96,4.75,Normal,16,3,0,20.995,0.03500000000000014,5
2026-07-19 12:50:00,Mechanical Lab,5.99,56.6,9.45,Normal,12,6,1,56.6055,0.00549999999999784,9
2026-07-01 20:50:00,Biotech Department,13.89,396.49,28.55,Suspicious,20,2,0,396.5595,0.069500000000005,3
2026-07-21 11:00:00,Biotech Department,4.55,39.4,8.65,Normal,11,1,0,39.3575,0.042499999999996874,3
2026-08-13 00:40:00,AI Lab,6.31,22.76,3.61,Normal,0,3,0,22.779099999999996,0.019099999999994566,0
2026-08-03 19:20:00,BT Department,5.48,7.05,1.29,Normal,19,0,0,7.0692,0.01920000000000055,2
2026-07-10 11:00:00,Mechanical Lab,3.95,29.95,7.59,Normal,11,4,0,29.9805,0.03049999999999997,9
2026-08-11 15:10:00,CSE Department,3.13,3.4,1.09,Normal,15,1,0,3.4117,0.011700000000000266,4
2026-08-25 03:20:00,Mechanical Lab,12.67,377.45,29.8,Suspicious,3,1,0,377.56600000000003,0.11600000000004229,9
2026-08-18 21:00:00,AIML Department,16.38,1351.89,82.56,Critical,21,1,0,1352.3328,0.44279999999980646,1
2026-07-07 09:20:00,AIML Department,3.12,18.3,5.86,Normal,9,1,0,18.2832,0.016799999999999926,1
2026-07-28 01:40:00,Electronics Department,3.95,23.56,5.97,Normal,1,1,0,23.5815,0.02149999999999963,6
2026-08-08 07:20:00,HOD Department,3.55,8.02,2.26,Normal,7,5,1,8.023,0.0030000000000001137,7
2026-08-11 15:50:00,BT Department,5.74,40.53,7.07,Normal,15,1,0,40.5818,0.05180000000000007,2
2026-08-23 10:10:00,New Seminar Hall,4.33,17.54,4.05,Normal,10,6,1,17.5365,0.0034999999999989484,10
2026-07-21 22:10:00,Chemistry Lab,5.96,15.34,2.57,Normal,22,1,0,15.3172,0.022800000000000153,5
2026-07-24 21:10:00,BT Department,4.37,40.9,9.35,Normal,21,4,0,40.8595,0.040500000000001535,2
2026-08-07 22:30:00,Physics Lab,6.19,25.25,4.08,Normal,22,4,0,25.255200000000002,0.005200000000002092,11
2026-07-19 02:40:00,AIML Department,2.89,4.82,1.67,Normal,2,6,1,4.8263,0.006299999999999528,1
2026-08-24 16:50:00,Physics Lab,5.54,17.73,3.2,Normal,16,0,0,17.728,0.0019999999999988916,11
2026-07-19 15:10:00,New Seminar Hall,7.26,54.94,7.56,Normal,15,6,1,54.8856,0.054400000000001114,10
2026-08-06 20:00:00,Biotech Department,6.13,49.45,8.06,Normal,20,3,0,49.4078,0.042200000000001125,3
2026-07-25 20:20:00,AIML Department,3.51,32.17,9.17,Normal,20,5,1,32.186699999999995,0.016699999999993054,1
2026-07-03 22:30:00,Mechanical Lab,17.26,287.43,16.65,Suspicious,22,4,0,287.379,0.05099999999998772,9
2026-07-14 14:00:00,AI Lab,3.26,18.76,5.76,Normal,14,1,0,18.7776,0.01759999999999806,0
2026-08-01 02:10:00,BT Department,9.28,264.52,28.51,Suspicious,2,5,1,264.5728,0.05279999999999063,2
2026-08-18 10:30:00,Physics Lab,18.26,834.12,45.69,Critical,10,1,0,834.2994,0.1793999999999869,11
2026-08-18 22:40:00,IT Department,4.37,29.87,6.83,Normal,22,1,0,29.8471,0.02289999999999992,8
2026-07-29 07:10:00,AIML Department,5.7,49.63,8.7,Normal,7,2,0,49.589999999999996,0.04000000000000625,1
2026-08-15 04:50:00,AIML Department,5.48,27.03,4.94,Normal,4,5,1,27.071200000000005,0.041200000000003456,1
2026-07-12 11:20:00,Mechanical Lab,7.88,65.34,8.29,Normal,11,6,1,65.3252,0.01480000000000814,9
2026-07-09 02:20:00,CSE Department,2.28,9.33,4.1,Normal,2,3,0,9.347999999999999,0.017999999999998906,4
2026-07-26 20:50:00,Electronics Department,5.31,15.25,2.87,Normal,20,6,1,15.2397,0.010300000000000864,6
2026-07-25 13:40:00,CSE Department,4.73,30.45,6.44,Normal,13,5,1,30.461200000000005,0.011200000000005872,4
2026-08-24 07:10:00,Electronics Department,4.91,33.06,6.74,Normal,7,0,0,33.0934,0.03340000000000032,6
2026-08-12 06:30:00,Electronics Department,5.89,13.98,2.37,Normal,6,2,0,13.9593,0.02069999999999972,6
2026-07-21 21:00:00,Physics Lab,12.51,209.61,16.75,Suspicious,21,1,0,209.5425,0.06750000000002387,11
2026-07-15 04:20:00,HOD Department,4.29,6.32,1.47,Normal,4,2,0,6.3063,0.013700000000000045,7
2026-08-25 09:10:00,BT Department,9.71,150.66,15.51,Suspicious,9,1,0,150.6021,0.057899999999989404,2
2026-08-25 02:40:00,New Seminar Hall,7.05,70.01,9.93,Normal,2,1,0,70.0065,0.003500000000002501,10
2026-07-17 20:00:00,CSE Department,4.34,17.04,3.93,Normal,20,4,0,17.0562,0.016200000000001324,4
2026-08-21 04:50:00,CSE Department,4.4,17.59,4.0,Normal,4,4,0,17.6,0.010000000000001563,4
2026-07-10 15:40:00,Chemistry Lab,5.17,28.67,5.55,Normal,15,4,0,28.6935,0.023499999999998522,5
2026-07-03 13:20:00,AIML Department,4.44,8.43,1.9,Normal,13,4,0,8.436,0.006000000000000227,1
2026-07-12 13:50:00,Electronics Department,4.78,6.15,1.29,Normal,13,6,1,6.166200000000001,0.016200000000000436,6
2026-07-27 02:50:00,HOD Department,2.99,12.04,4.03,Normal,2,0,0,12.049700000000001,0.009700000000002262,7
2026-08-21 04:20:00,Mechanical Lab,6.72,45.85,6.83,Normal,4,4,0,45.8976,0.047599999999995646,9
2026-07-15 15:20:00,Physics Lab,5.19,17.18,3.31,Normal,15,2,0,17.178900000000002,0.0010999999999974364,11
2026-07-16 17:50:00,Biotech Department,4.71,43.95,9.34,Normal,17,3,0,43.9914,0.041399999999995885,3
2026-07-12 22:50:00,CSE Department,4.46,11.68,2.62,Normal,22,6,1,11.6852,0.0052000000000003155,4
2026-08-12 06:20:00,BT Department,5.13,24.47,4.77,Normal,6,2,0,24.4701,9.999999999976694e-05,2
2026-07-03 03:20:00,Electronics Department,4.55,28.37,6.24,Normal,3,4,0,28.392,0.021999999999998465,6
2026-08-19 09:50:00,Electronics Department,3.32,26.88,8.1,Normal,9,2,0,26.891999999999996,0.011999999999996902,6
2026-07-15 11:50:00,AIML Department,3.68,10.93,2.97,Normal,11,2,0,10.9296,0.00039999999999906777,1
2026-08-03 13:30:00,Chemistry Lab,4.85,31.46,6.49,Normal,13,0,0,31.476499999999998,0.016499999999997073,5
2026-07-07 14:10:00,Mechanical Lab,5.77,13.67,2.37,Normal,14,1,0,13.6749,0.004899999999999238,9
2026-07-27 08:00:00,Biotech Department,4.64,27.04,5.82,Normal,8,0,0,27.0048,0.035199999999999676,3
2026-08-14 19:00:00,AIML Department,3.37,18.36,5.45,Normal,19,4,0,18.366500000000002,0.006500000000002615,1
2026-07-15 09:40:00,Mechanical Lab,6.8,56.6,8.32,Normal,9,2,0,56.576,0.02400000000000091,9
2026-07-30 17:40:00,Biotech Department,2.53,21.97,8.67,Normal,17,3,0,21.9351,0.034900000000000375,3
2026-07-14 15:30:00,HOD Department,3.72,18.74,5.03,Normal,15,1,0,18.7116,0.02839999999999776,7
2026-07-14 00:40:00,New Seminar Hall,7.6,13.86,1.82,Normal,0,1,0,13.831999999999999,0.02800000000000047,10
2026-07-12 06:10:00,BT Department,5.9,46.13,7.81,Normal,6,6,1,46.079,0.05100000000000193,2
2026-07-31 23:50:00,IT Department,4.17,30.77,7.37,Normal,23,4,0,30.7329,0.0370999999999988,8
2026-08-03 07:30:00,AIML Department,7.22,140.67,19.49,Suspicious,7,0,0,140.71779999999998,0.04779999999999518,1
2026-08-13 14:50:00,AI Lab,5.84,31.87,5.45,Normal,14,3,0,31.828,0.04200000000000159,0
2026-08-19 02:30:00,CSE Department,19.09,1708.86,89.53,Critical,2,2,0,1709.1277,0.2677000000001044,4
2026-08-02 15:40:00,Biotech Department,2.45,16.24,6.63,Normal,15,6,1,16.2435,0.003500000000002501,3
2026-08-13 23:10:00,IT Department,5.27,34.86,6.62,Normal,23,3,0,34.8874,0.02740000000000009,8
2026-07-30 13:20:00,Chemistry Lab,4.86,11.03,2.27,Normal,13,3,0,11.032200000000001,0.002200000000001978,5
2026-08-02 11:10:00,AIML Department,4.51,8.81,1.95,Normal,11,6,1,8.7945,0.01550000000000118,1
2026-07-02 21:20:00,Mechanical Lab,6.1,36.81,6.03,Normal,21,3,0,36.783,0.027000000000001023,9
2026-07-06 08:30:00,New Seminar Hall,5.76,53.1,9.21,Normal,8,0,0,53.049600000000005,0.050399999999996226,10
2026-08-20 04:20:00,IT Department,2.13,5.32,2.5,Normal,4,3,0,5.324999999999999,0.004999999999999005,8
2026-07-09 06:10:00,AI Lab,4.78,23.66,4.95,Normal,6,3,0,23.661,0.0010000000000012221,0
2026-08-08 17:30:00,Physics Lab,6.37,28.45,4.47,Normal,17,5,1,28.4739,0.023900000000001143,11
2026-08-15 06:10:00,Physics Lab,5.39,25.64,4.76,Normal,6,5,1,25.656399999999998,0.016399999999997306,11
2026-08-10 08:40:00,HOD Department,3.13,28.52,9.1,Normal,8,0,0,28.482999999999997,0.037000000000002586,7
2026-08-22 01:10:00,Mechanical Lab,5.62,45.31,8.06,Normal,1,5,1,45.297200000000004,0.01279999999999859,9
2026-08-08 21:40:00,Chemistry Lab,5.37,26.11,4.86,Normal,21,5,1,26.098200000000002,0.011799999999997368,5
2026-08-23 00:10:00,Mechanical Lab,6.12,31.34,5.12,Normal,0,6,1,31.334400000000002,0.005599999999997607,9
2026-07-20 12:20:00,HOD Department,3.57,14.4,4.03,Normal,12,0,0,14.3871,0.012900000000000134,7
2026-07-07 05:00:00,AIML Department,8.47,226.08,26.7,Suspicious,5,1,0,226.149,0.0689999999999884,1
2026-07-31 02:50:00,Mechanical Lab,5.97,12.17,2.04,Normal,2,4,0,12.178799999999999,0.00879999999999903,9
2026-08-08 22:40:00,HOD Department,2.54,13.02,5.13,Normal,22,5,1,13.0302,0.010200000000001097,7
2026-08-16 23:30:00,New Seminar Hall,6.82,28.81,4.22,Normal,23,6,1,28.7804,0.029599999999998516,10
2026-08-05 08:20:00,New Seminar Hall,9.24,75.19,8.14,Normal,8,2,0,75.21360000000001,0.023600000000016053,10
2026-08-12 19:30:00,Mechanical Lab,7.44,47.43,6.37,Normal,19,2,0,47.3928,0.03719999999999857,9
2026-07-19 01:10:00,CSE Department,2.87,13.44,4.68,Normal,1,6,1,13.4316,0.008399999999999963,4
2026-08-10 02:10:00,Biotech Department,3.59,21.95,6.12,Normal,2,0,0,21.9708,0.020800000000001262,3
2026-07-21 16:00:00,Biotech Department,4.09,27.08,6.63,Normal,16,1,0,27.116699999999998,0.03669999999999973,3
2026-07-02 03:30:00,Physics Lab,4.69,19.85,4.23,Normal,3,3,0,19.838700000000003,0.011299999999998533,11
2026-07-05 19:30:00,Physics Lab,7.09,52.53,7.41,Normal,19,6,1,52.5369,0.0069000000000016826,11
2026-08-11 18:20:00,Chemistry Lab,5.52,30.44,5.52,Normal,18,1,0,30.470399999999994,0.0303999999999931,5
2026-07-01 08:30:00,HOD Department,2.65,11.8,4.46,Normal,8,2,0,11.818999999999999,0.01899999999999835,7
2026-07-30 07:00:00,Chemistry Lab,4.39,23.9,5.44,Normal,7,3,0,23.8816,0.01839999999999975,5
2026-08-10 23:10:00,Mechanical Lab,6.23,7.64,1.23,Normal,23,0,0,7.6629000000000005,0.02290000000000081,9
2026-07-04 13:50:00,New Seminar Hall,4.23,29.36,6.95,Normal,13,5,1,29.398500000000002,0.03850000000000264,10
2026-07-01 08:50:00,New Seminar Hall,6.28,22.98,3.66,Normal,8,2,0,22.984800000000003,0.004800000000003024,10
2026-08-07 10:20:00,Biotech Department,5.71,47.08,8.24,Normal,10,4,0,47.0504,0.029599999999994964,3
2026-07-07 17:10:00,Biotech Department,3.78,35.16,9.3,Normal,17,1,0,35.154,0.005999999999993122,3
2026-07-19 08:30:00,AI Lab,4.24,15.16,3.57,Normal,8,6,1,15.136800000000001,0.02319999999999922,0
2026-07-31 08:40:00,Physics Lab,10.46,276.15,26.41,Suspicious,8,4,0,276.2486,0.0986000000000331,11
2026-07-08 17:10:00,CSE Department,5.45,32.37,5.94,Normal,17,2,0,32.373000000000005,0.003000000000007219,4
2026-07-19 07:40:00,New Seminar Hall,2.99,27.72,9.28,Normal,7,6,1,27.7472,0.027200000000000557,10
2026-07-03 00:20:00,CSE Department,3.72,21.07,5.66,Normal,0,4,0,21.055200000000003,0.014799999999997482,4
2026-08-18 17:20:00,HOD Department,11.53,543.35,47.11,Critical,17,1,0,543.1782999999999,0.17170000000010077,7
2026-07-09 09:20:00,HOD Department,3.57,19.29,5.41,Normal,9,3,0,19.3137,0.02370000000000161,7
2026-07-21 06:20:00,AIML Department,4.36,28.31,6.49,Normal,6,1,0,28.296400000000002,0.013599999999996726,1
2026-07-27 06:30:00,CSE Department,4.77,18.5,3.88,Normal,6,0,0,18.507599999999996,0.0075999999999964984,4
2026-08-21 03:20:00,AIML Department,5.7,25.46,4.46,Normal,3,4,0,25.422,0.038000000000000256,1
2026-07-17 23:30:00,CSE Department,4.12,28.5,6.92,Normal,23,4,0,28.5104,0.010400000000000631,4
2026-07-25 18:10:00,HOD Department,16.18,1136.85,70.27,Critical,18,5,1,1136.9686,0.11860000000001492,7
2026-07-25 02:10:00,Biotech Department,2.72,12.15,4.46,Normal,2,5,1,12.131200000000002,0.018799999999998818,3
2026-07-19 03:10:00,AIML Department,2.89,10.21,3.53,Normal,3,6,1,10.2017,0.008300000000000196,1
2026-08-17 07:50:00,AIML Department,9.29,203.05,21.87,Suspicious,7,0,0,203.17229999999998,0.12229999999996721,1
2026-08-09 09:00:00,Biotech Department,5.16,31.24,6.06,Normal,9,6,1,31.2696,0.02960000000000207,3
2026-07-12 11:30:00,AI Lab,4.58,32.13,7.02,Normal,11,6,1,32.1516,0.021599999999999397,0
2026-08-23 20:30:00,Chemistry Lab,5.75,47.2,8.21,Normal,20,6,1,47.2075,0.007500000000000284,5
2026-07-17 11:20:00,Biotech Department,6.34,7.91,1.25,Normal,11,4,0,7.925,0.01499999999999968,3
2026-07-20 03:30:00,AI Lab,6.11,46.61,7.63,Normal,3,0,0,46.6193,0.009300000000003195,0
2026-08-19 03:50:00,New Seminar Hall,7.06,33.47,4.74,Normal,3,2,0,33.4644,0.00560000000000116,10
2026-07-10 10:40:00,IT Department,4.47,17.24,3.86,Normal,10,4,0,17.254199999999997,0.01419999999999888,8
2026-07-25 06:40:00,AI Lab,6.99,26.81,3.83,Normal,6,5,1,26.771700000000003,0.038299999999996004,0
2026-07-27 19:20:00,Physics Lab,6.62,53.44,8.07,Normal,19,0,0,53.4234,0.01659999999999684,11
2026-08-12 14:10:00,Mechanical Lab,7.08,20.32,2.87,Normal,14,2,0,20.3196,0.00039999999999906777,9
2026-08-21 23:40:00,Physics Lab,6.22,62.15,10.0,Normal,23,4,0,62.199999999999996,0.04999999999999716,11
2026-07-17 17:40:00,IT Department,11.42,229.81,20.13,Suspicious,17,4,0,229.88459999999998,0.07459999999997535,8
2026-07-15 01:10:00,Physics Lab,4.36,27.24,6.24,Normal,1,2,0,27.206400000000002,0.0335999999999963,11
2026-07-25 17:40:00,Mechanical Lab,6.07,24.24,3.99,Normal,17,5,1,24.219300000000004,0.02069999999999439,9
2026-07-13 13:30:00,BT Department,4.64,42.36,9.13,Normal,13,0,0,42.3632,0.0031999999999996476,2
2026-08-07 20:10:00,AIML Department,4.45,34.78,7.81,Normal,20,4,0,34.7545,0.025500000000000966,1
2026-07-20 08:30:00,Mechanical Lab,4.29,22.1,5.15,Normal,8,0,0,22.093500000000002,0.006499999999999062,9
2026-08-09 11:30:00,IT Department,2.62,3.37,1.29,Normal,11,6,1,3.3798000000000004,0.009800000000000253,8
2026-08-22 01:20:00,CSE Department,5.26,24.62,4.68,Normal,1,5,1,24.616799999999998,0.0032000000000032003,4
2026-07-18 12:00:00,Biotech Department,6.11,26.47,4.33,Normal,12,5,1,26.456300000000002,0.013699999999996493,3
2026-08-17 03:00:00,Biotech Department,5.24,36.91,7.04,Normal,3,0,0,36.8896,0.02039999999999509,3
2026-07-29 03:50:00,IT Department,4.44,17.84,4.02,Normal,3,2,0,17.8488,0.008800000000000807,8
2026-08-03 02:20:00,IT Department,3.17,12.13,3.83,Normal,2,0,0,12.1411,0.011099999999999,8
2026-08-13 05:30:00,Mechanical Lab,6.19,33.57,5.42,Normal,5,3,0,33.549800000000005,0.020199999999995555,9
2026-07-11 16:50:00,CSE Department,3.66,27.2,7.44,Normal,16,5,1,27.230400000000003,0.030400000000003757,4
2026-07-30 13:00:00,HOD Department,2.71,22.07,8.15,Normal,13,3,0,22.0865,0.016500000000000625,7
2026-08-14 13:50:00,Mechanical Lab,21.83,1910.95,87.52,Critical,13,4,0,1910.5615999999998,0.3884000000002743,9
2026-07-16 07:40:00,Chemistry Lab,10.11,273.4,27.05,Suspicious,7,3,0,273.4755,0.07550000000003365,5
2026-07-09 10:50:00,Electronics Department,16.09,1431.68,88.98,Critical,10,3,0,1431.6882,0.008199999999987995,6
2026-08-20 12:30:00,Mechanical Lab,5.21,31.93,6.13,Normal,12,3,0,31.9373,0.00730000000000075,9
2026-07-02 22:40:00,BT Department,3.83,18.01,4.7,Normal,22,3,0,18.001,0.009000000000000341,2
2026-07-01 19:00:00,IT Department,2.67,14.79,5.53,Normal,19,2,0,14.7651,0.024899999999998812,8
2026-07-12 11:10:00,BT Department,4.79,45.17,9.43,Normal,11,6,1,45.1697,0.00030000000000285354,2
2026-08-13 04:00:00,New Seminar Hall,6.43,19.84,3.09,Normal,4,3,0,19.868699999999997,0.02869999999999706,10
2026-07-24 03:10:00,HOD Department,7.38,163.39,22.14,Suspicious,3,4,0,163.3932,0.003200000000020964,7
2026-07-26 07:20:00,Mechanical Lab,6.66,61.17,9.19,Normal,7,6,1,61.2054,0.03539999999999566,9
2026-08-14 00:00:00,AI Lab,5.07,45.94,9.05,Normal,0,4,0,45.883500000000005,0.05649999999999267,0
2026-08-02 12:00:00,HOD Department,8.98,261.18,29.07,Suspicious,12,6,1,261.0486,0.13139999999998508,7
2026-07-02 04:50:00,Mechanical Lab,7.81,77.38,9.91,Normal,4,3,0,77.3971,0.017099999999999227,9
2026-08-13 14:10:00,Chemistry Lab,7.48,70.1,9.37,Normal,14,3,0,70.0876,0.012399999999999523,5
2026-08-07 11:40:00,AIML Department,3.35,14.24,4.25,Normal,11,4,0,14.2375,0.0024999999999995026,1
2026-07-10 08:00:00,AIML Department,5.54,32.75,5.91,Normal,8,4,0,32.7414,0.008600000000001273,1
2026-07-15 01:20:00,Biotech Department,4.48,28.79,6.42,Normal,1,2,0,28.7616,0.02839999999999776,3
2026-08-20 12:40:00,BT Department,6.8,42.97,6.32,Normal,12,3,0,42.976,0.006000000000000227,2
2026-08-20 03:20:00,New Seminar Hall,5.31,18.25,3.44,Normal,3,3,0,18.266399999999997,0.016399999999997306,10
2026-07-15 17:50:00,New Seminar Hall,5.32,28.74,5.4,Normal,17,2,0,28.728000000000005,0.01199999999999335,10
2026-08-02 03:20:00,AIML Department,4.19,15.33,3.66,Normal,3,6,1,15.335400000000002,0.005400000000001626,1
2026-08-10 06:20:00,CSE Department,3.69,17.46,4.73,Normal,6,0,0,17.4537,0.006299999999999528,4
2026-08-22 18:30:00,AIML Department,11.26,170.04,15.09,Suspicious,18,5,1,169.9134,0.12659999999999627,1
2026-07-22 18:20:00,Chemistry Lab,3.65,17.23,4.72,Normal,18,2,0,17.227999999999998,0.0020000000000024443,5
2026-08-18 13:30:00,Physics Lab,14.58,165.75,11.37,Suspicious,13,1,0,165.7746,0.024599999999992406,11
2026-07-24 13:30:00,AI Lab,3.38,14.21,4.2,Normal,13,4,0,14.196,0.014000000000001123,0
2026-08-19 23:10:00,Chemistry Lab,4.89,40.76,8.34,Normal,23,2,0,40.782599999999995,0.022599999999997067,5
2026-08-11 02:20:00,Electronics Department,5.09,11.87,2.33,Normal,2,1,0,11.8597,0.010299999999999088,6
2026-08-15 12:20:00,Chemistry Lab,5.67,10.16,1.79,Normal,12,5,1,10.1493,0.010699999999999932,5
2026-07-20 18:10:00,AI Lab,5.34,13.04,2.44,Normal,18,0,0,13.029599999999999,0.010400000000000631,0
2026-07-07 17:00:00,AI Lab,5.84,42.98,7.37,Normal,17,1,0,43.0408,0.06080000000000041,0
2026-07-12 18:20:00,Electronics Department,4.91,7.59,1.55,Normal,18,6,1,7.6105,0.020500000000000185,6
2026-08-05 21:40:00,AIML Department,10.26,136.19,13.27,Suspicious,21,2,0,136.15019999999998,0.039800000000013824,1
2026-08-05 22:20:00,Chemistry Lab,3.26,10.19,3.13,Normal,22,2,0,10.2038,0.013799999999999812,5
2026-08-04 21:40:00,IT Department,5.43,11.89,2.19,Normal,21,1,0,11.891699999999998,0.0016999999999978144,8
2026-08-08 01:10:00,Biotech Department,15.26,998.56,65.42,Critical,1,5,1,998.3092,0.25079999999991287,3
2026-08-17 20:20:00,Physics Lab,7.16,64.46,9.0,Normal,20,0,0,64.44,0.01999999999999602,11
2026-08-02 10:10:00,CSE Department,4.23,19.75,4.67,Normal,10,6,1,19.7541,0.004100000000001103,4
2026-08-17 14:50:00,BT Department,3.69,5.43,1.47,Normal,14,0,0,5.4243,0.005700000000000038,2
2026-07-03 20:40:00,Mechanical Lab,6.61,19.96,3.02,Normal,20,4,0,19.962200000000003,0.002200000000001978,9
2026-07-24 03:50:00,AI Lab,4.29,7.38,1.72,Normal,3,4,0,7.3788,0.0011999999999998678,0
2026-07-16 02:10:00,Chemistry Lab,7.47,9.89,1.32,Normal,2,3,0,9.8604,0.029600000000000293,5
2026-07-29 23:10:00,HOD Department,4.18,37.54,8.98,Normal,23,2,0,37.5364,0.0035999999999987153,7
2026-08-02 01:30:00,CSE Department,5.94,46.59,7.85,Normal,1,6,1,46.629,0.03899999999999437,4
2026-07-04 23:30:00,Electronics Department,4.33,39.65,9.16,Normal,23,5,1,39.662800000000004,0.012800000000005696,6
2026-08-03 19:30:00,CSE Department,3.38,21.45,6.35,Normal,19,0,0,21.462999999999997,0.012999999999998124,4
2026-07-01 17:10:00,Physics Lab,6.87,22.55,3.28,Normal,17,2,0,22.5336,0.01640000000000086,11
2026-07-05 18:20:00,New Seminar Hall,5.5,13.38,2.43,Normal,18,6,1,13.365,0.015000000000000568,10
2026-07-03 10:20:00,Electronics Department,9.19,105.56,11.49,Suspicious,10,4,0,105.59309999999999,0.03309999999999036,6
2026-07-20 13:00:00,Mechanical Lab,9.37,33.12,3.53,Normal,13,0,0,33.0761,0.043900000000000716,9
2026-08-10 16:30:00,Chemistry Lab,5.67,39.75,7.01,Normal,16,0,0,39.7467,0.0033000000000029672,5
2026-07-10 04:40:00,CSE Department,4.47,13.69,3.06,Normal,4,4,0,13.6782,0.011799999999999145,4
2026-08-22 08:30:00,HOD Department,3.15,25.79,8.2,Normal,8,5,1,25.83,0.03999999999999915,7
2026-08-03 02:40:00,Mechanical Lab,16.05,236.5,14.73,Suspicious,2,0,0,236.4165,0.08349999999998658,9
2026-07-15 14:30:00,IT Department,4.16,33.45,8.03,Normal,14,2,0,33.4048,0.04520000000000124,8
2026-08-07 16:00:00,AIML Department,3.18,8.41,2.64,Normal,16,4,0,8.3952,0.014799999999999258,1
2026-08-06 01:30:00,IT Department,7.76,128.93,16.61,Suspicious,1,3,0,128.8936,0.03640000000001464,8
2026-08-01 02:40:00,IT Department,4.6,6.79,1.48,Normal,2,5,1,6.808,0.017999999999999794,8
2026-07-26 15:20:00,Biotech Department,2.24,10.18,4.55,Normal,15,6,1,10.192,0.012000000000000455,3
2026-07-30 02:30:00,BT Department,4.52,27.84,6.16,Normal,2,3,0,27.8432,0.0031999999999996476,2
2026-07-21 07:40:00,HOD Department,10.35,139.22,13.45,Suspicious,7,1,0,139.20749999999998,0.012500000000017053,7
2026-07-30 12:20:00,AIML Department,4.6,22.58,4.91,Normal,12,3,0,22.586,0.006000000000000227,1
2026-08-15 10:10:00,New Seminar Hall,5.39,13.62,2.53,Normal,10,5,1,13.636699999999998,0.016699999999998383,10
2026-08-06 06:30:00,AI Lab,5.61,53.94,9.61,Normal,6,3,0,53.9121,0.027899999999995373,0
2026-07-17 05:00:00,AI Lab,5.08,36.94,7.27,Normal,5,4,0,36.931599999999996,0.00840000000000174,0
2026-07-17 00:50:00,AIML Department,2.71,12.66,4.68,Normal,0,4,0,12.682799999999999,0.022799999999998377,1
2026-08-06 17:20:00,CSE Department,4.18,14.72,3.52,Normal,17,3,0,14.7136,0.0064000000000010715,4
2026-08-19 18:50:00,New Seminar Hall,4.11,26.57,6.47,Normal,18,2,0,26.5917,0.021699999999999164,10
2026-07-17 06:40:00,BT Department,5.23,38.52,7.36,Normal,6,4,0,38.4928,0.027200000000000557,2
2026-08-11 12:40:00,Chemistry Lab,6.9,27.12,3.93,Normal,12,1,0,27.117,0.0030000000000001137,5
2026-07-13 12:10:00,Chemistry Lab,6.04,53.77,8.9,Normal,12,0,0,53.756,0.014000000000002899,5
2026-08-06 10:10:00,AIML Department,2.97,19.18,6.47,Normal,10,3,0,19.2159,0.0359000000000016,1
2026-07-15 00:00:00,Electronics Department,14.04,436.06,31.06,Critical,0,2,0,436.08239999999995,0.022399999999947795,6
2026-08-18 15:00:00,BT Department,4.39,21.25,4.84,Normal,15,1,0,21.2476,0.002400000000001512,2
2026-07-22 23:30:00,IT Department,4.96,46.08,9.28,Normal,23,2,0,46.0288,0.05120000000000147,8
2026-07-17 22:50:00,Physics Lab,5.97,11.36,1.9,Normal,22,4,0,11.342999999999998,0.017000000000001236,11
2026-07-04 23:10:00,HOD Department,4.16,4.72,1.13,Normal,23,5,1,4.7008,0.019199999999999662,7
2026-08-14 14:40:00,Biotech Department,3.75,16.26,4.33,Normal,14,4,0,16.2375,0.022500000000000853,3
2026-08-17 11:20:00,AI Lab,7.32,58.45,7.98,Normal,11,0,0,58.4136,0.03640000000000043,0
2026-08-08 16:40:00,Chemistry Lab,4.54,32.03,7.05,Normal,16,5,1,32.007,0.02300000000000324,5
2026-08-16 16:50:00,Mechanical Lab,5.36,48.4,9.04,Normal,16,6,1,48.4544,0.054400000000001114,9
2026-07-28 10:00:00,New Seminar Hall,5.94,40.95,6.9,Normal,10,1,0,40.986000000000004,0.036000000000001364,10
2026-08-22 02:20:00,AIML Department,2.18,14.79,6.79,Normal,2,5,1,14.802200000000001,0.012200000000001765,1
2026-08-02 23:10:00,Biotech Department,5.6,41.73,7.46,Normal,23,6,1,41.775999999999996,0.045999999999999375,3
2026-08-09 02:50:00,Physics Lab,5.13,28.01,5.46,Normal,2,6,1,28.0098,0.0002000000000030866,11
2026-08-19 09:10:00,New Seminar Hall,5.9,15.31,2.59,Normal,9,2,0,15.281,0.028999999999999915,10
2026-07-23 00:20:00,Physics Lab,6.36,15.88,2.5,Normal,0,3,0,15.9,0.019999999999999574,11
2026-08-17 09:30:00,CSE Department,4.43,39.42,8.9,Normal,9,0,0,39.427,0.006999999999997897,4
2026-07-30 04:40:00,Physics Lab,7.42,32.45,4.37,Normal,4,3,0,32.4254,0.02459999999999951,11
2026-07-15 00:10:00,Chemistry Lab,5.73,35.03,6.11,Normal,0,2,0,35.01030000000001,0.019699999999993167,5
2026-07-05 23:50:00,Mechanical Lab,14.27,281.12,19.7,Suspicious,23,6,1,281.11899999999997,0.0010000000000331966,9
2026-07-30 10:00:00,Chemistry Lab,4.57,14.06,3.08,Normal,10,3,0,14.075600000000001,0.015600000000000946,5
2026-07-05 23:00:00,New Seminar Hall,7.04,25.63,3.64,Normal,23,6,1,25.625600000000002,0.004399999999996851,10
2026-08-23 22:00:00,New Seminar Hall,5.95,9.08,1.53,Normal,22,6,1,9.1035,0.0235000000000003,10
2026-07-14 10:30:00,Electronics Department,2.64,4.76,1.8,Normal,10,1,0,4.752000000000001,0.007999999999999119,6
2026-07-24 00:20:00,Physics Lab,3.53,25.44,7.21,Normal,0,4,0,25.4513,0.011299999999998533,11
2026-07-03 06:40:00,New Seminar Hall,14.45,248.76,17.22,Suspicious,6,4,0,248.82899999999998,0.0689999999999884,10
2026-07-13 06:30:00,Mechanical Lab,7.59,33.98,4.48,Normal,6,0,0,34.0032,0.023200000000002774,9
2026-07-21 19:10:00,CSE Department,5.85,43.46,7.43,Normal,19,1,0,43.4655,0.00549999999999784,4
2026-08-01 06:30:00,Biotech Department,4.58,16.6,3.63,Normal,6,5,1,16.6254,0.025399999999997647,3
2026-07-07 13:50:00,BT Department,4.45,18.69,4.2,Normal,13,1,0,18.69,0.0,2
2026-08-12 05:10:00,Electronics Department,6.5,25.03,3.85,Normal,5,2,0,25.025000000000002,0.004999999999999005,6
2026-08-24 02:40:00,Chemistry Lab,3.41,27.55,8.07,Normal,2,0,0,27.518700000000003,0.03129999999999811,5
2026-08-12 15:00:00,New Seminar Hall,4.18,16.82,4.03,Normal,15,2,0,16.8454,0.0254000000000012,10
2026-08-19 00:40:00,Chemistry Lab,15.5,326.07,21.04,Suspicious,0,2,0,326.12,0.05000000000001137,5
2026-07-06 14:40:00,BT Department,5.68,41.38,7.28,Normal,14,0,0,41.3504,0.02960000000000207,2
2026-08-13 18:20:00,Physics Lab,5.47,8.76,1.6,Normal,18,3,0,8.752,0.007999999999999119,11
2026-07-14 13:40:00,Biotech Department,5.2,34.22,6.58,Normal,13,1,0,34.216,0.003999999999997783,3
2026-07-29 09:40:00,Biotech Department,4.29,28.3,6.6,Normal,9,2,0,28.314,0.013999999999999346,3
2026-07-27 21:10:00,AIML Department,3.41,27.72,8.13,Normal,21,0,0,27.723300000000005,0.00330000000000652,1
2026-07-30 01:40:00,Electronics Department,4.01,10.88,2.72,Normal,1,3,0,10.9072,0.02719999999999878,6
2026-07-27 20:20:00,IT Department,4.81,31.57,6.56,Normal,20,0,0,31.553599999999996,0.01640000000000441,8
2026-08-13 20:50:00,IT Department,10.01,165.82,16.57,Suspicious,20,3,0,165.8657,0.04570000000001073,8
2026-07-31 04:40:00,AI Lab,3.79,26.65,7.03,Normal,4,4,0,26.643700000000003,0.0062999999999959755,0
2026-08-09 00:10:00,Biotech Department,6.0,19.45,3.24,Normal,0,6,1,19.44,0.00999999999999801,3
2026-08-13 08:40:00,BT Department,3.85,27.41,7.11,Normal,8,3,0,27.373500000000003,0.036499999999996646,2
2026-07-19 08:10:00,IT Department,3.56,5.76,1.62,Normal,8,6,1,5.767200000000001,0.007200000000000983,8
2026-07-30 06:00:00,BT Department,4.8,12.65,2.63,Normal,6,3,0,12.623999999999999,0.026000000000001577,2
2026-07-22 09:10:00,Physics Lab,7.53,45.6,6.05,Normal,9,2,0,45.5565,0.04350000000000165,11
2026-08-11 19:10:00,New Seminar Hall,6.38,8.84,1.39,Normal,19,1,0,8.8682,0.028200000000000003,10
2026-07-26 04:30:00,New Seminar Hall,4.73,19.04,4.03,Normal,4,6,1,19.0619,0.02190000000000225,10
2026-07-21 00:00:00,New Seminar Hall,5.39,44.22,8.21,Normal,0,1,0,44.2519,0.03190000000000026,10
2026-08-08 04:10:00,AI Lab,5.75,24.67,4.29,Normal,4,5,1,24.6675,0.002500000000001279,0
2026-07-25 10:40:00,Chemistry Lab,5.44,22.07,4.06,Normal,10,5,1,22.0864,0.01640000000000086,5
2026-08-14 06:30:00,Physics Lab,6.26,60.44,9.65,Normal,6,4,0,60.409,0.030999999999998806,11
2026-07-02 06:50:00,IT Department,4.89,9.48,1.94,Normal,6,3,0,9.4866,0.006599999999998829,8
2026-08-04 07:20:00,CSE Department,8.11,175.93,21.7,Suspicious,7,1,0,175.987,0.05699999999998795,4
2026-07-16 11:20:00,CSE Department,3.34,25.93,7.77,Normal,11,3,0,25.9518,0.02179999999999893,4
2026-07-16 02:40:00,AIML Department,2.37,6.67,2.82,Normal,2,3,0,6.6834,0.013399999999999856,1
2026-07-23 09:30:00,Physics Lab,6.37,48.27,7.57,Normal,9,3,0,48.2209,0.04910000000000281,11
2026-08-04 01:00:00,Physics Lab,9.26,81.55,8.81,Normal,1,1,0,81.5806,0.030600000000006844,11
2026-08-02 12:50:00,Chemistry Lab,5.98,6.56,1.1,Normal,12,6,1,6.578000000000001,0.01800000000000157,5
2026-08-05 20:30:00,Biotech Department,5.41,30.31,5.61,Normal,20,2,0,30.3501,0.04010000000000247,3
2026-08-18 19:00:00,CSE Department,5.09,6.91,1.36,Normal,19,1,0,6.9224000000000006,0.01240000000000041,4
2026-07-30 22:10:00,HOD Department,3.17,16.55,5.23,Normal,22,3,0,16.5791,0.02909999999999968,7
2026-07-31 12:00:00,Chemistry Lab,7.72,73.84,9.56,Normal,12,4,0,73.8032,0.0367999999999995,5
2026-07-10 13:50:00,AI Lab,4.13,34.46,8.35,Normal,13,4,0,34.485499999999995,0.02549999999999386,0
2026-07-15 08:10:00,Mechanical Lab,6.58,14.13,2.15,Normal,8,2,0,14.147,0.01699999999999946,9
2026-08-01 21:00:00,AIML Department,4.63,8.85,1.91,Normal,21,5,1,8.8433,0.006700000000000372,1
2026-07-18 13:40:00,Biotech Department,5.04,19.23,3.82,Normal,13,5,1,19.2528,0.022800000000000153,3
2026-07-10 18:20:00,Electronics Department,5.05,24.04,4.76,Normal,18,4,0,24.037999999999997,0.0020000000000024443,6
2026-08-18 12:50:00,New Seminar Hall,6.64,32.07,4.83,Normal,12,1,0,32.0712,0.0011999999999972033,10
2026-08-13 16:10:00,AI Lab,1.94,10.24,5.28,Normal,16,3,0,10.2432,0.0031999999999996476,0
2026-07-10 13:30:00,HOD Department,4.09,27.42,6.7,Normal,13,4,0,27.403,0.017000000000003013,7
2026-08-25 16:50:00,HOD Department,3.75,15.77,4.21,Normal,16,1,0,15.7875,0.01750000000000007,7
2026-08-18 02:50:00,CSE Department,3.87,29.16,7.53,Normal,2,1,0,29.1411,0.018899999999998585,4
2026-08-25 00:30:00,Mechanical Lab,4.26,18.05,4.24,Normal,0,1,0,18.0624,0.012399999999999523,9
2026-07-16 06:20:00,Chemistry Lab,4.96,22.28,4.49,Normal,6,3,0,22.270400000000002,0.009599999999998943,5
2026-08-01 19:00:00,HOD Department,3.67,5.27,1.44,Normal,19,5,1,5.2848,0.014800000000000146,7
2026-07-16 01:40:00,Mechanical Lab,6.28,38.98,6.21,Normal,1,3,0,38.9988,0.018800000000005923,9
2026-08-02 18:50:00,Physics Lab,5.78,29.63,5.13,Normal,18,6,1,29.651400000000002,0.021400000000003416,11
2026-07-28 23:30:00,BT Department,5.36,17.5,3.26,Normal,23,1,0,17.4736,0.02639999999999887,2
2026-07-10 00:40:00,Mechanical Lab,14.84,166.49,11.22,Suspicious,0,4,0,166.50480000000002,0.01480000000000814,9
2026-07-24 02:20:00,Electronics Department,3.87,9.41,2.43,Normal,2,4,0,9.404100000000001,0.005899999999998684,6
2026-07-24 18:20:00,Electronics Department,3.05,26.89,8.8,Normal,18,4,0,26.84,0.05000000000000071,6
2026-07-20 21:00:00,AIML Department,4.89,9.47,1.94,Normal,21,0,0,9.4866,0.016599999999998616,1
2026-08-03 02:30:00,HOD Department,9.93,214.78,21.63,Suspicious,2,0,0,214.7859,0.005899999999996908,7
2026-08-15 18:40:00,BT Department,3.01,24.81,8.25,Normal,18,5,1,24.8325,0.022500000000000853,2
2026-07-14 04:00:00,AI Lab,6.57,14.7,2.24,Normal,4,1,0,14.716800000000003,0.01680000000000348,0
2026-08-04 01:40:00,BT Department,4.78,24.99,5.23,Normal,1,1,0,24.999400000000005,0.009400000000006514,2
2026-07-22 10:10:00,CSE Department,11.01,183.36,16.66,Suspicious,10,2,0,183.4266,0.066599999999994,4
2026-07-04 00:40:00,HOD Department,2.3,5.34,2.32,Normal,0,5,1,5.335999999999999,0.004000000000000448,7
2026-07-02 23:10:00,Biotech Department,20.1,1218.74,60.65,Critical,23,3,0,1219.065,0.3250000000000455,3
2026-07-08 19:30:00,AIML Department,5.03,17.29,3.44,Normal,19,2,0,17.3032,0.01320000000000121,1
2026-07-15 02:40:00,Biotech Department,4.51,9.86,2.19,Normal,2,2,0,9.8769,0.016899999999999693,3
2026-07-31 15:10:00,Physics Lab,4.42,7.25,1.64,Normal,15,4,0,7.248799999999999,0.001200000000000756,11
2026-07-28 20:20:00,CSE Department,5.65,24.53,4.34,Normal,20,1,0,24.521,0.009000000000000341,4
2026-07-06 16:20:00,CSE Department,2.9,7.82,2.7,Normal,16,0,0,7.83,0.009999999999999787,4
2026-07-16 08:50:00,Electronics Department,5.58,54.77,9.82,Normal,8,3,0,54.7956,0.02559999999999718,6
2026-08-01 19:30:00,Mechanical Lab,20.84,1023.01,49.1,Critical,19,5,1,1023.244,0.2340000000000373,9
2026-07-06 00:10:00,Mechanical Lab,6.55,33.13,5.06,Normal,0,0,0,33.142999999999994,0.012999999999991019,9
2026-07-03 01:30:00,Biotech Department,5.77,13.44,2.33,Normal,1,4,0,13.444099999999999,0.004099999999999326,3
2026-08-14 01:30:00,Electronics Department,3.83,13.61,3.56,Normal,1,4,0,13.6348,0.02480000000000082,6
2026-07-12 06:20:00,Chemistry Lab,5.58,31.62,5.66,Normal,6,6,1,31.582800000000002,0.03719999999999857,5
2026-08-13 15:40:00,BT Department,12.29,288.1,23.43,Suspicious,15,3,0,287.9547,0.1453000000000202,2
2026-07-25 01:50:00,BT Department,1.1,6.42,5.81,Normal,1,5,1,6.391,0.028999999999999915,2
2026-07-15 18:50:00,Mechanical Lab,5.32,38.49,7.24,Normal,18,2,0,38.5168,0.02680000000000149,9
2026-07-13 23:50:00,AIML Department,3.9,15.07,3.86,Normal,23,0,0,15.053999999999998,0.01600000000000179,1
2026-08-23 08:00:00,AI Lab,4.47,14.63,3.27,Normal,8,6,1,14.6169,0.013100000000001444,0
2026-08-23 10:00:00,New Seminar Hall,6.58,7.89,1.2,Normal,10,6,1,7.896,0.006000000000000227,10
2026-08-01 21:20:00,Biotech Department,2.96,14.53,4.91,Normal,21,5,1,14.5336,0.0036000000000004917,3
2026-08-08 23:30:00,CSE Department,5.02,14.7,2.93,Normal,23,5,1,14.708599999999999,0.008599999999999497,4
2026-07-06 07:20:00,AI Lab,6.88,10.95,1.59,Normal,7,0,0,10.9392,0.010799999999999699,0
2026-08-19 21:40:00,HOD Department,4.18,20.93,5.0,Normal,21,2,0,20.9,0.030000000000001137,7
2026-08-22 04:10:00,New Seminar Hall,6.72,10.7,1.59,Normal,4,5,1,10.684800000000001,0.015199999999998326,10
2026-07-15 13:20:00,Biotech Department,6.17,61.61,9.98,Normal,13,2,0,61.5766,0.03340000000000032,3
2026-08-11 23:30:00,Electronics Department,6.25,51.7,8.27,Normal,23,1,0,51.6875,0.012500000000002842,6
2026-08-16 04:00:00,Mechanical Lab,5.88,32.58,5.54,Normal,4,6,1,32.5752,0.004799999999995919,9
2026-08-06 21:20:00,HOD Department,3.57,17.41,4.87,Normal,21,3,0,17.3859,0.024100000000000676,7
2026-07-30 08:20:00,AI Lab,6.18,7.74,1.25,Normal,8,3,0,7.725,0.015000000000000568,0
2026-08-03 17:30:00,Mechanical Lab,5.02,48.24,9.61,Normal,17,0,0,48.24219999999999,0.0021999999999877673,9
2026-07-20 06:00:00,Chemistry Lab,4.83,11.41,2.36,Normal,6,0,0,11.3988,0.011200000000000543,5
2026-08-20 13:20:00,Electronics Department,4.46,14.35,3.22,Normal,13,3,0,14.3612,0.011200000000000543,6
2026-07-11 11:20:00,Electronics Department,4.98,46.2,9.28,Normal,11,5,1,46.2144,0.014399999999994861,6
2026-08-18 08:20:00,Electronics Department,12.01,310.66,25.86,Suspicious,8,1,0,310.5786,0.08140000000003056,6
2026-08-11 22:10:00,New Seminar Hall,4.88,31.98,6.55,Normal,22,1,0,31.964,0.01600000000000179,10
2026-07-12 22:00:00,CSE Department,5.11,39.5,7.73,Normal,22,6,1,39.5003,0.00030000000000285354,4
2026-07-20 11:20:00,AIML Department,5.58,16.77,3.01,Normal,11,0,0,16.7958,0.025800000000000267,1
2026-07-15 05:20:00,AIML Department,2.56,20.18,7.87,Normal,5,2,0,20.1472,0.032799999999998164,1
2026-08-02 01:50:00,CSE Department,3.51,5.62,1.6,Normal,1,6,1,5.616,0.004000000000000448,4
2026-08-02 08:50:00,AI Lab,4.83,21.74,4.5,Normal,8,6,1,21.735,0.004999999999999005,0
2026-08-21 22:50:00,Chemistry Lab,6.84,39.14,5.72,Normal,22,4,0,39.1248,0.015200000000000102,5
2026-07-04 03:20:00,New Seminar Hall,5.58,10.38,1.86,Normal,3,5,1,10.3788,0.001200000000000756,10
2026-07-04 00:00:00,Physics Lab,5.49,28.25,5.15,Normal,0,5,1,28.273500000000002,0.023500000000002075,11
2026-08-20 05:30:00,Physics Lab,8.13,42.46,5.22,Normal,5,3,0,42.4386,0.021399999999999864,11
2026-07-16 06:40:00,AIML Department,4.3,16.06,3.73,Normal,6,3,0,16.038999999999998,0.021000000000000796,1
2026-07-12 16:10:00,BT Department,13.35,251.92,18.87,Suspicious,16,6,1,251.9145,0.005499999999983629,2
2026-08-21 05:30:00,BT Department,4.32,24.38,5.64,Normal,5,4,0,24.3648,0.015200000000000102,2
2026-08-09 02:00:00,CSE Department,2.38,19.97,8.4,Normal,2,6,1,19.992,0.022000000000002018,4
2026-08-03 13:20:00,Chemistry Lab,6.68,7.49,1.12,Normal,13,0,0,7.4816,0.008399999999999963,5
2026-08-20 08:00:00,AIML Department,18.72,1272.92,68.0,Critical,8,3,0,1272.96,0.03999999999996362,1
2026-08-18 17:40:00,Electronics Department,5.53,32.76,5.93,Normal,17,1,0,32.7929,0.032900000000005036,6
2026-07-28 14:10:00,AIML Department,3.96,20.23,5.11,Normal,14,1,0,20.2356,0.00560000000000116,1
2026-08-07 09:20:00,Mechanical Lab,7.01,53.84,7.68,Normal,9,4,0,53.8368,0.003200000000006753,9
2026-07-30 05:00:00,Physics Lab,5.73,17.82,3.11,Normal,5,3,0,17.8203,0.0002999999999993008,11
2026-08-04 16:40:00,CSE Department,4.22,37.21,8.82,Normal,16,1,0,37.2204,0.010399999999997078,4
2026-08-11 07:00:00,AI Lab,4.76,25.39,5.34,Normal,7,1,0,25.4184,0.02839999999999776,0
2026-08-21 14:40:00,Physics Lab,11.97,186.41,15.57,Suspicious,14,4,0,186.37290000000002,0.03709999999998104,11
2026-08-07 13:00:00,HOD Department,3.97,36.23,9.12,Normal,13,4,0,36.2064,0.023599999999994736,7
2026-07-02 21:10:00,AIML Department,19.13,582.47,30.44,Critical,21,3,0,582.3172,0.1528000000000702,1
2026-07-16 13:30:00,Mechanical Lab,14.87,279.3,18.78,Suspicious,13,3,0,279.2586,0.041400000000010095,9
2026-07-23 02:40:00,Mechanical Lab,6.02,54.62,9.08,Normal,2,3,0,54.6616,0.041600000000002524,9
2026-08-01 08:50:00,Electronics Department,3.25,22.65,6.96,Normal,8,5,1,22.62,0.029999999999997584,6
2026-07-14 00:00:00,Electronics Department,6.19,13.98,2.26,Normal,0,1,0,13.9894,0.009399999999999409,6
2026-08-21 08:40:00,CSE Department,4.57,37.62,8.23,Normal,8,4,0,37.61110000000001,0.008899999999989916,4
2026-08-05 22:00:00,AI Lab,4.75,47.22,9.94,Normal,22,2,0,47.214999999999996,0.005000000000002558,0
2026-08-04 20:40:00,AI Lab,5.36,34.77,6.49,Normal,20,1,0,34.7864,0.016399999999997306,0
2026-07-06 20:50:00,BT Department,4.42,26.62,6.02,Normal,20,0,0,26.608399999999996,0.01160000000000494,2
2026-07-21 06:30:00,BT Department,10.86,193.0,17.76,Suspicious,6,1,0,192.8736,0.12639999999998963,2
2026-07-01 09:30:00,Chemistry Lab,5.97,18.36,3.08,Normal,9,2,0,18.3876,0.027599999999999625,5
2026-08-16 02:50:00,Physics Lab,6.11,30.6,5.01,Normal,2,6,1,30.6111,0.011099999999999,11
2026-07-14 20:00:00,Physics Lab,4.21,6.07,1.44,Normal,20,1,0,6.062399999999999,0.007600000000000939,11
2026-07-14 02:20:00,CSE Department,3.04,9.05,2.98,Normal,2,1,0,9.0592,0.009199999999999875,4
2026-08-03 16:40:00,New Seminar Hall,7.39,36.46,4.93,Normal,16,0,0,36.4327,0.027300000000003877,10
2026-07-03 02:30:00,Biotech Department,9.96,119.07,11.95,Suspicious,2,4,0,119.022,0.04799999999998761,3
2026-08-19 03:00:00,Mechanical Lab,5.92,29.98,5.06,Normal,3,2,0,29.955199999999998,0.024800000000002598,9
2026-08-10 00:10:00,CSE Department,9.09,146.78,16.15,Suspicious,0,0,0,146.80349999999999,0.02349999999998431,4
2026-08-01 11:30:00,Chemistry Lab,5.62,33.07,5.89,Normal,11,5,1,33.1018,0.03179999999999694,5
2026-08-20 09:30:00,Chemistry Lab,13.4,272.47,20.34,Suspicious,9,3,0,272.556,0.08599999999995589,5
2026-07-12 07:30:00,HOD Department,3.39,27.02,7.96,Normal,7,6,1,26.9844,0.035599999999998744,7
2026-07-21 20:40:00,New Seminar Hall,14.5,186.99,12.9,Suspicious,20,1,0,187.05,0.060000000000002274,10
2026-07-07 18:00:00,Electronics Department,3.36,10.42,3.1,Normal,18,1,0,10.416,0.0039999999999995595,6
2026-08-23 17:40:00,BT Department,3.34,25.96,7.77,Normal,17,6,1,25.9518,0.008200000000002206,2
2026-08-19 14:00:00,CSE Department,2.35,13.8,5.86,Normal,14,2,0,13.771,0.028999999999999915,4
2026-07-18 18:00:00,New Seminar Hall,5.44,18.56,3.41,Normal,18,5,1,18.550400000000003,0.00959999999999539,10
2026-08-12 22:00:00,Electronics Department,5.82,54.63,9.38,Normal,22,2,0,54.59160000000001,0.03839999999999577,6
2026-08-05 05:20:00,AIML Department,3.28,24.16,7.37,Normal,5,2,0,24.1736,0.013600000000000279,1
2026-08-07 06:40:00,IT Department,3.85,8.16,2.12,Normal,6,4,0,8.162,0.002000000000000668,8
2026-08-16 11:30:00,AIML Department,3.0,3.39,1.13,Normal,11,6,1,3.3899999999999997,4.440892098500626e-16,1
2026-08-12 07:00:00,BT Department,4.11,19.57,4.76,Normal,7,2,0,19.5636,0.006399999999999295,2
2026-07-27 13:10:00,New Seminar Hall,16.97,308.47,18.18,Suspicious,13,0,0,308.5146,0.044599999999945794,10
2026-08-03 21:50:00,Mechanical Lab,4.0,4.01,1.0,Normal,21,0,0,4.0,0.009999999999999787,9
2026-07-30 01:20:00,Mechanical Lab,7.18,58.74,8.18,Normal,1,3,0,58.7324,0.007600000000003604,9
2026-08-04 19:20:00,CSE Department,3.25,13.21,4.07,Normal,19,1,0,13.227500000000001,0.01750000000000007,4
2026-07-20 15:10:00,Physics Lab,6.5,26.57,4.09,Normal,15,0,0,26.585,0.015000000000000568,11
2026-07-05 01:50:00,CSE Department,2.71,14.24,5.26,Normal,1,6,1,14.2546,0.014599999999999724,4
2026-07-20 09:30:00,AIML Department,4.58,9.97,2.18,Normal,9,0,0,9.9844,0.01440000000000019,1
2026-08-20 14:00:00,Physics Lab,4.64,24.85,5.36,Normal,14,3,0,24.8704,0.02039999999999864,11
2026-08-21 02:00:00,HOD Department,3.39,31.03,9.14,Normal,2,4,0,30.984600000000004,0.04539999999999722,7
2026-08-17 16:30:00,AIML Department,3.82,31.92,8.36,Normal,16,0,0,31.9352,0.01519999999999655,1
2026-08-08 07:10:00,CSE Department,5.4,7.96,1.47,Normal,7,5,1,7.938000000000001,0.021999999999999353,4
2026-07-09 06:50:00,New Seminar Hall,7.38,62.54,8.47,Normal,6,3,0,62.5086,0.031399999999997874,10
2026-08-05 22:30:00,HOD Department,3.23,30.0,9.3,Normal,22,2,0,30.039,0.03900000000000148,7
2026-08-01 08:40:00,IT Department,4.43,27.82,6.28,Normal,8,5,1,27.8204,0.00039999999999906777,8
2026-07-05 23:10:00,AI Lab,4.73,36.82,7.78,Normal,23,6,1,36.799400000000006,0.020599999999994623,0
2026-07-22 07:10:00,Physics Lab,5.52,47.7,8.64,Normal,7,2,0,47.6928,0.007200000000004536,11
2026-07-03 19:30:00,Mechanical Lab,3.93,21.42,5.45,Normal,19,4,0,21.4185,0.0015000000000000568,9
2026-08-05 11:50:00,HOD Department,8.28,121.82,14.71,Suspicious,11,2,0,121.7988,0.021199999999993224,7
2026-07-20 23:50:00,New Seminar Hall,5.26,26.88,5.11,Normal,23,0,0,26.878600000000002,0.0013999999999967372,10
2026-07-20 15:50:00,Electronics Department,5.97,56.05,9.38,Normal,15,0,0,55.9986,0.051399999999993895,6
2026-07-10 17:30:00,CSE Department,2.92,3.22,1.1,Normal,17,4,0,3.212,0.008000000000000007,4
2026-08-05 23:10:00,Biotech Department,4.66,41.1,8.83,Normal,23,2,0,41.147800000000004,0.047800000000002285,3
2026-07-04 14:20:00,Physics Lab,4.16,38.8,9.32,Normal,14,5,1,38.7712,0.028799999999996828,11
2026-07-20 02:30:00,Mechanical Lab,11.2,302.49,27.01,Suspicious,2,0,0,302.512,0.02199999999999136,9
2026-07-24 11:00:00,Electronics Department,19.04,1710.84,89.84,Critical,11,4,0,1710.5536,0.2863999999999578,6
2026-07-26 14:10:00,Biotech Department,6.3,55.51,8.81,Normal,14,6,1,55.503,0.006999999999997897,3
2026-07-11 00:40:00,HOD Department,3.55,30.57,8.61,Normal,0,5,1,30.565499999999997,0.004500000000003723,7
2026-07-26 05:20:00,BT Department,3.2,6.92,2.16,Normal,5,6,1,6.912000000000001,0.007999999999999119,2
2026-08-20 04:30:00,AI Lab,4.11,35.29,8.58,Normal,4,3,0,35.2638,0.026199999999995782,0
2026-08-06 21:00:00,HOD Department,2.85,24.51,8.61,Normal,21,3,0,24.5385,0.028499999999997527,7
2026-08-09 12:50:00,AIML Department,9.45,108.25,11.45,Suspicious,12,6,1,108.20249999999999,0.04750000000001364,1
2026-07-24 18:40:00,Electronics Department,12.1,284.47,23.51,Suspicious,18,4,0,284.471,0.0009999999999763531,6
2026-07-10 01:20:00,HOD Department,3.61,34.89,9.67,Normal,1,4,0,34.908699999999996,0.018699999999995498,7
2026-08-13 07:40:00,AIML Department,3.8,4.7,1.24,Normal,7,3,0,4.712,0.011999999999999567,1
2026-07-25 17:20:00,Physics Lab,4.99,25.21,5.05,Normal,17,5,1,25.1995,0.010500000000000398,11
2026-08-09 13:50:00,New Seminar Hall,5.36,24.87,4.64,Normal,13,6,1,24.8704,0.00039999999999906777,10
2026-08-10 11:00:00,AI Lab,11.07,182.6,16.5,Suspicious,11,0,0,182.655,0.05500000000000682,0
2026-07-10 00:20:00,Chemistry Lab,7.74,61.94,8.0,Normal,0,4,0,61.92,0.01999999999999602,5
2026-08-10 13:50:00,IT Department,3.74,28.63,7.65,Normal,13,0,0,28.611000000000004,0.0189999999999948,8
2026-08-07 11:20:00,New Seminar Hall,27.08,2006.09,74.09,Critical,11,4,0,2006.3572,0.26720000000000255,10
2026-08-23 15:50:00,AIML Department,3.12,16.14,5.17,Normal,15,6,1,16.1304,0.009599999999998943,1
2026-07-31 04:20:00,IT Department,17.21,997.23,57.95,Critical,4,4,0,997.3195000000001,0.08950000000004366,8
2026-07-24 03:20:00,Mechanical Lab,3.6,30.11,8.36,Normal,3,4,0,30.096,0.013999999999999346,9
2026-07-21 16:50:00,New Seminar Hall,6.8,28.67,4.21,Normal,16,1,0,28.628,0.04200000000000159,10
2026-07-30 07:50:00,HOD Department,4.29,22.04,5.14,Normal,7,3,0,22.0506,0.010600000000000165,7
2026-08-06 22:00:00,HOD Department,3.35,5.35,1.6,Normal,22,3,0,5.36,0.010000000000000675,7
2026-08-04 10:20:00,IT Department,4.5,24.07,5.35,Normal,10,1,0,24.075,0.004999999999999005,8
2026-07-14 04:40:00,CSE Department,1.99,14.68,7.36,Normal,4,1,0,14.6464,0.03359999999999985,4
2026-08-14 04:40:00,Physics Lab,5.35,36.39,6.8,Normal,4,4,0,36.379999999999995,0.010000000000005116,11
2026-08-17 15:50:00,Physics Lab,4.72,20.3,4.3,Normal,15,0,0,20.296,0.004000000000001336,11
2026-08-22 07:00:00,Electronics Department,6.08,28.67,4.71,Normal,7,5,1,28.6368,0.033200000000000784,6
2026-08-24 08:10:00,AIML Department,4.47,38.55,8.63,Normal,8,0,0,38.576100000000004,0.026100000000006673,1
2026-07-15 22:50:00,Mechanical Lab,7.44,54.1,7.27,Normal,22,2,0,54.0888,0.01120000000000232,9
2026-07-02 06:10:00,Mechanical Lab,5.46,51.5,9.42,Normal,6,3,0,51.4332,0.06680000000000064,9
2026-08-06 16:40:00,CSE Department,4.73,39.33,8.32,Normal,16,3,0,39.35360000000001,0.023600000000008947,4
2026-08-05 06:10:00,AI Lab,6.44,59.65,9.27,Normal,6,2,0,59.6988,0.048799999999999955,0
2026-07-07 18:40:00,IT Department,19.27,1333.07,69.17,Critical,18,1,0,1332.9059,0.16409999999996217,8
2026-07-07 01:10:00,IT Department,4.04,35.63,8.82,Normal,1,1,0,35.6328,0.00280000000000058,8
2026-08-20 19:50:00,New Seminar Hall,6.04,45.73,7.57,Normal,19,3,0,45.7228,0.007199999999997431,10
2026-07-11 23:10:00,Biotech Department,11.14,163.22,14.65,Suspicious,23,5,1,163.20100000000002,0.018999999999977035,3
2026-07-09 18:20:00,CSE Department,12.06,834.33,69.17,Critical,18,3,0,834.1902,0.13980000000003656,4
2026-07-04 20:00:00,Physics Lab,4.83,41.88,8.67,Normal,20,5,1,41.8761,0.003900000000001569,11
2026-07-31 02:10:00,BT Department,5.99,17.94,2.99,Normal,2,4,0,17.910100000000003,0.029899999999997817,2
2026-08-15 09:50:00,BT Department,3.72,30.89,8.3,Normal,9,5,1,30.876000000000005,0.013999999999995794,2
2026-07-15 04:40:00,BT Department,5.55,32.64,5.88,Normal,4,2,0,32.634,0.006000000000000227,2
2026-08-15 16:20:00,New Seminar Hall,5.28,44.19,8.37,Normal,16,5,1,44.193599999999996,0.0035999999999987153,10
2026-07-22 16:00:00,AIML Department,6.63,30.3,4.57,Normal,16,2,0,30.299100000000003,0.0008999999999979025,1
2026-07-14 22:20:00,Biotech Department,5.92,34.82,5.89,Normal,22,1,0,34.8688,0.048799999999999955,3
2026-07-10 22:40:00,Mechanical Lab,4.23,37.24,8.81,Normal,22,4,0,37.26630000000001,0.026300000000006207,9
2026-07-07 13:00:00,AIML Department,1.98,6.91,3.49,Normal,13,1,0,6.910200000000001,0.00020000000000042206,1
2026-08-04 12:40:00,CSE Department,2.0,15.93,7.98,Normal,12,1,0,15.96,0.030000000000001137,4
2026-07-04 11:50:00,New Seminar Hall,16.35,422.72,25.85,Suspicious,11,5,1,422.64750000000004,0.0724999999999909,10
2026-08-16 07:10:00,Mechanical Lab,9.25,9.91,1.07,Normal,7,6,1,9.8975,0.01249999999999929,9
2026-08-10 11:10:00,AIML Department,5.49,33.69,6.14,Normal,11,0,0,33.7086,0.018599999999999284,1
2026-08-24 13:00:00,AIML Department,6.19,41.24,6.66,Normal,13,0,0,41.2254,0.0146000000000015,1
2026-07-27 02:10:00,Electronics Department,18.31,1321.85,72.2,Critical,2,0,0,1321.982,0.13200000000006185,6
2026-08-21 14:00:00,Mechanical Lab,5.42,17.27,3.19,Normal,14,4,0,17.2898,0.01980000000000004,9
2026-08-04 00:10:00,BT Department,3.09,13.99,4.52,Normal,0,1,0,13.966799999999997,0.023200000000002774,2
2026-08-03 07:20:00,Physics Lab,5.74,40.56,7.07,Normal,7,0,0,40.5818,0.02179999999999893,11
2026-07-30 23:20:00,Physics Lab,3.83,9.43,2.46,Normal,23,3,0,9.4218,0.00820000000000043,11
2026-07-25 19:00:00,CSE Department,1.96,17.2,8.78,Normal,19,5,1,17.2088,0.008800000000000807,4
2026-07-30 01:00:00,Mechanical Lab,4.9,30.79,6.28,Normal,1,3,0,30.772000000000002,0.01799999999999713,9
2026-07-26 08:20:00,AI Lab,2.56,18.41,7.19,Normal,8,6,1,18.4064,0.0035999999999987153,0
2026-08-24 14:10:00,Electronics Department,5.44,31.18,5.73,Normal,14,0,0,31.171200000000006,0.008799999999993702,6
2026-07-06 06:50:00,Electronics Department,3.8,26.68,7.03,Normal,6,0,0,26.714,0.03399999999999892,6
2026-07-30 09:40:00,Electronics Department,5.87,37.55,6.4,Normal,9,3,0,37.568000000000005,0.018000000000007788,6
2026-07-16 17:00:00,BT Department,13.73,980.3,71.4,Critical,17,3,0,980.3220000000001,0.02200000000016189,2
2026-08-07 03:30:00,CSE Department,3.49,20.15,5.77,Normal,3,4,0,20.1373,0.012699999999998823,4
2026-07-21 15:10:00,IT Department,4.51,20.27,4.49,Normal,15,1,0,20.2499,0.02009999999999934,8
2026-08-20 16:20:00,IT Department,4.09,15.52,3.79,Normal,16,3,0,15.5011,0.01890000000000036,8
2026-07-13 21:40:00,IT Department,3.66,27.34,7.46,Normal,21,0,0,27.3036,0.03640000000000043,8
2026-07-25 13:00:00,HOD Department,2.32,19.79,8.53,Normal,13,5,1,19.789599999999997,0.0004000000000026205,7
2026-07-23 03:30:00,HOD Department,1.83,4.08,2.23,Normal,3,3,0,4.0809,0.0008999999999996788,7
2026-07-14 00:30:00,AI Lab,3.33,6.86,2.06,Normal,0,1,0,6.8598,0.00020000000000042206,0
2026-07-09 08:30:00,Biotech Department,7.06,53.89,7.64,Normal,8,3,0,53.938399999999994,0.04839999999999378,3
2026-07-10 12:40:00,New Seminar Hall,3.51,12.08,3.44,Normal,12,4,0,12.074399999999999,0.00560000000000116,10
2026-07-31 06:40:00,Physics Lab,3.39,25.04,7.38,Normal,6,4,0,25.0182,0.02179999999999893,11
2026-07-04 21:00:00,New Seminar Hall,7.3,52.72,7.22,Normal,21,5,1,52.705999999999996,0.014000000000002899,10
2026-07-13 00:00:00,HOD Department,3.14,8.99,2.86,Normal,0,0,0,8.9804,0.009600000000000719,7
2026-07-04 19:10:00,CSE Department,3.76,20.8,5.53,Normal,19,5,1,20.7928,0.007200000000000983,4
2026-08-20 17:30:00,New Seminar Hall,6.67,52.9,7.93,Normal,17,3,0,52.8931,0.0069000000000016826,10
2026-07-14 05:20:00,AIML Department,3.38,26.15,7.72,Normal,5,1,0,26.0936,0.056400000000000006,1
2026-07-10 23:20:00,HOD Department,2.84,18.39,6.47,Normal,23,4,0,18.374799999999997,0.015200000000003655,7
2026-08-09 07:50:00,HOD Department,4.44,13.6,3.07,Normal,7,6,1,13.6308,0.03080000000000105,7
2026-07-27 03:50:00,CSE Department,8.63,106.44,12.34,Suspicious,3,0,0,106.4942,0.054200000000008686,4
2026-07-17 21:40:00,AI Lab,3.86,19.99,5.18,Normal,21,4,0,19.994799999999998,0.004799999999999471,0
2026-08-08 19:30:00,HOD Department,13.74,1016.29,73.95,Critical,19,5,1,1016.0730000000001,0.21699999999987085,7
2026-07-23 19:20:00,Biotech Department,5.73,14.07,2.46,Normal,19,3,0,14.0958,0.025800000000000267,3
2026-08-13 04:40:00,BT Department,4.95,10.94,2.21,Normal,4,3,0,10.9395,0.0004999999999988347,2
2026-07-12 00:40:00,Physics Lab,5.1,50.77,9.96,Normal,0,6,1,50.796,0.02599999999999625,11
2026-07-09 18:50:00,Physics Lab,6.04,19.5,3.23,Normal,18,3,0,19.5092,0.009199999999999875,11
2026-07-19 22:50:00,CSE Department,3.82,11.88,3.11,Normal,22,6,1,11.880199999999999,0.00019999999999775753,4
2026-08-24 14:50:00,BT Department,4.19,31.83,7.6,Normal,14,0,0,31.844,0.014000000000002899,2
2026-07-22 02:50:00,CSE Department,3.2,24.15,7.55,Normal,2,2,0,24.16,0.010000000000001563,4
2026-08-08 14:40:00,CSE Department,4.58,14.1,3.08,Normal,14,5,1,14.1064,0.0064000000000010715,4
2026-08-14 04:10:00,New Seminar Hall,15.68,257.18,16.41,Suspicious,4,4,0,257.3088,0.12880000000001246,10
2026-07-09 14:30:00,HOD Department,3.43,31.79,9.28,Normal,14,3,0,31.8304,0.04040000000000177,7
2026-08-10 10:00:00,Biotech Department,3.13,23.96,7.65,Normal,10,0,0,23.9445,0.015499999999999403,3
2026-08-07 02:10:00,BT Department,4.47,39.59,8.86,Normal,2,4,0,39.6042,0.014199999999995327,2
2026-07-12 01:00:00,New Seminar Hall,5.71,5.87,1.03,Normal,1,6,1,5.8813,0.01130000000000031,10
2026-07-24 06:10:00,AI Lab,11.76,122.16,10.39,Suspicious,6,4,0,122.1864,0.026400000000009527,0
2026-07-24 10:00:00,Electronics Department,3.73,18.35,4.92,Normal,10,4,0,18.3516,0.0015999999999998238,6
2026-08-19 08:00:00,AIML Department,3.65,13.95,3.82,Normal,8,2,0,13.943,0.006999999999999673,1
2026-07-18 23:10:00,AIML Department,6.61,14.6,2.21,Normal,23,5,1,14.6081,0.008100000000000662,1
2026-07-07 22:50:00,BT Department,4.75,37.64,7.92,Normal,22,1,0,37.62,0.020000000000003126,2
2026-08-20 04:00:00,Chemistry Lab,6.33,33.55,5.3,Normal,4,3,0,33.549,0.0009999999999976694,5
2026-08-17 01:50:00,HOD Department,3.84,18.79,4.89,Normal,1,0,0,18.7776,0.012399999999999523,7
2026-08-03 23:40:00,AI Lab,4.64,29.56,6.38,Normal,23,0,0,29.603199999999998,0.043199999999998795,0
2026-08-17 13:30:00,AIML Department,5.28,28.58,5.41,Normal,13,0,0,28.5648,0.01519999999999655,1
2026-07-31 09:40:00,Chemistry Lab,5.69,19.49,3.42,Normal,9,4,0,19.4598,0.030199999999997118,5
2026-07-06 10:00:00,Mechanical Lab,7.15,22.71,3.18,Normal,10,0,0,22.737000000000002,0.027000000000001023,9
2026-08-25 19:20:00,CSE Department,3.17,5.06,1.6,Normal,19,1,0,5.072,0.012000000000000455,4
2026-07-09 08:40:00,Biotech Department,4.88,23.67,4.85,Normal,8,3,0,23.668,0.0020000000000024443,3
2026-08-21 18:30:00,CSE Department,14.61,1294.17,88.59,Critical,18,4,0,1294.2999,0.12989999999990687,4
2026-07-24 05:00:00,IT Department,2.38,20.19,8.48,Normal,5,4,0,20.1824,0.007600000000000051,8
2026-08-15 18:10:00,AI Lab,3.04,19.23,6.33,Normal,18,5,1,19.2432,0.01320000000000121,0
2026-07-22 01:00:00,BT Department,9.62,282.9,29.42,Suspicious,1,2,0,283.0204,0.12040000000001783,2
2026-08-07 04:10:00,AIML Department,3.96,27.79,7.02,Normal,4,4,0,27.7992,0.009199999999999875,1
2026-08-06 04:10:00,Biotech Department,7.36,37.8,5.13,Normal,4,3,0,37.7568,0.043199999999998795,3
2026-07-16 07:20:00,New Seminar Hall,5.25,29.17,5.55,Normal,7,3,0,29.1375,0.032500000000002416,10
2026-07-08 17:00:00,Electronics Department,6.26,13.12,2.1,Normal,17,2,0,13.146,0.026000000000001577,6
2026-07-19 12:00:00,BT Department,18.15,1113.58,61.35,Critical,12,6,1,1113.5024999999998,0.07750000000010004,2
2026-07-09 10:30:00,IT Department,4.07,26.74,6.58,Normal,10,3,0,26.780600000000003,0.040600000000004854,8
2026-07-23 17:00:00,IT Department,3.87,7.7,1.99,Normal,17,3,0,7.7013,0.0012999999999996348,8
2026-07-26 14:00:00,CSE Department,3.71,32.74,8.83,Normal,14,6,1,32.7593,0.019300000000001205,4
2026-08-09 03:20:00,Electronics Department,3.95,35.84,9.08,Normal,3,6,1,35.866,0.02599999999999625,6
2026-07-21 17:40:00,Electronics Department,3.63,23.29,6.42,Normal,17,1,0,23.3046,0.0146000000000015,6
2026-08-19 13:50:00,CSE Department,10.85,257.65,23.74,Suspicious,13,2,0,257.57899999999995,0.07100000000002638,4
2026-08-20 06:40:00,IT Department,9.94,134.86,13.56,Suspicious,6,3,0,134.7864,0.07360000000002742,8
2026-08-01 12:30:00,Electronics Department,12.51,324.48,25.93,Suspicious,12,5,1,324.3843,0.0957000000000221,6
2026-07-23 03:20:00,AI Lab,5.05,22.5,4.46,Normal,3,3,0,22.523,0.022999999999999687,0
2026-08-04 22:00:00,BT Department,3.95,7.5,1.9,Normal,22,1,0,7.505,0.004999999999999893,2
2026-07-02 07:50:00,BT Department,14.8,1219.03,82.38,Critical,7,3,0,1219.224,0.19399999999995998,2
2026-08-25 08:10:00,BT Department,13.8,948.4,68.71,Critical,8,1,0,948.198,0.20199999999999818,2
2026-07-26 04:10:00,CSE Department,4.7,19.96,4.25,Normal,4,6,1,19.975,0.015000000000000568,4
2026-08-04 16:20:00,BT Department,4.27,13.19,3.09,Normal,16,1,0,13.194299999999998,0.00429999999999886,2
2026-07-20 15:40:00,Biotech Department,3.52,14.04,3.99,Normal,15,0,0,14.0448,0.004800000000001248,3
2026-07-06 07:30:00,CSE Department,5.83,18.89,3.24,Normal,7,0,0,18.889200000000002,0.0007999999999981355,4
2026-07-13 23:10:00,Physics Lab,5.7,28.81,5.05,Normal,23,0,0,28.785,0.02499999999999858,11
2026-07-18 17:00:00,AI Lab,6.87,16.86,2.46,Normal,17,5,1,16.9002,0.040200000000002234,0
2026-07-31 14:40:00,BT Department,4.71,19.27,4.09,Normal,14,4,0,19.2639,0.006099999999999994,2
2026-07-30 07:10:00,CSE Department,12.13,423.89,34.94,Critical,7,3,0,423.8222,0.06779999999997699,4
2026-08-16 02:00:00,HOD Department,3.99,35.87,9.0,Normal,2,6,1,35.910000000000004,0.04000000000000625,7
2026-07-04 01:50:00,Physics Lab,6.85,58.56,8.54,Normal,1,5,1,58.49899999999999,0.061000000000014154,11
2026-08-10 03:10:00,BT Department,5.72,52.3,9.15,Normal,3,0,0,52.338,0.03800000000000381,2
2026-08-14 05:20:00,AIML Department,3.82,38.17,9.98,Normal,5,4,0,38.1236,0.04639999999999844,1
2026-08-20 05:40:00,CSE Department,5.47,42.0,7.68,Normal,5,3,0,42.0096,0.009599999999998943,4
2026-08-23 23:20:00,AI Lab,4.46,18.62,4.18,Normal,23,6,1,18.642799999999998,0.0227999999999966,0
2026-08-01 12:40:00,BT Department,4.76,23.98,5.04,Normal,12,5,1,23.990399999999998,0.010399999999997078,2
2026-07-10 19:30:00,Chemistry Lab,7.06,67.15,9.52,Normal,19,4,0,67.21119999999999,0.061199999999985266,5
2026-08-20 23:20:00,Biotech Department,6.53,25.37,3.88,Normal,23,3,0,25.3364,0.03359999999999985,3
2026-08-11 23:50:00,Physics Lab,7.4,31.57,4.27,Normal,23,1,0,31.598,0.027999999999998693,11
2026-07-05 11:10:00,New Seminar Hall,5.9,27.4,4.64,Normal,11,6,1,27.376,0.023999999999997357,10
2026-08-13 10:10:00,New Seminar Hall,8.8,42.92,4.88,Normal,10,3,0,42.944,0.02400000000000091,10
2026-07-28 18:40:00,IT Department,5.46,28.2,5.16,Normal,18,1,0,28.1736,0.02639999999999887,8
2026-08-07 18:40:00,AI Lab,18.01,1336.08,74.17,Critical,18,4,0,1335.8017000000002,0.27829999999971733,0
2026-08-11 10:10:00,HOD Department,3.17,11.62,3.67,Normal,10,1,0,11.633899999999999,0.01389999999999958,7
2026-08-04 20:00:00,IT Department,3.88,24.43,6.29,Normal,20,1,0,24.4052,0.024799999999999045,8
2026-07-21 13:40:00,HOD Department,3.53,14.8,4.19,Normal,13,1,0,14.790700000000001,0.009299999999999642,7
2026-08-25 00:40:00,Electronics Department,5.05,14.1,2.79,Normal,0,1,0,14.0895,0.010500000000000398,6
2026-07-17 11:40:00,Biotech Department,4.14,8.36,2.02,Normal,11,4,0,8.3628,0.00280000000000058,3
2026-08-09 12:40:00,New Seminar Hall,6.03,20.36,3.38,Normal,12,6,1,20.3814,0.021399999999999864,10
2026-07-27 11:40:00,Electronics Department,9.66,248.47,25.72,Suspicious,11,0,0,248.4552,0.01480000000000814,6
2026-07-25 05:20:00,New Seminar Hall,4.63,45.07,9.74,Normal,5,5,1,45.0962,0.026200000000002888,10
2026-07-28 01:50:00,Biotech Department,4.18,39.14,9.37,Normal,1,1,0,39.166599999999995,0.02659999999999485,3
2026-07-30 00:40:00,AIML Department,4.48,18.86,4.21,Normal,0,3,0,18.8608,0.0008000000000016882,1
2026-08-17 14:20:00,AIML Department,2.63,18.86,7.16,Normal,14,0,0,18.8308,0.02919999999999945,1
2026-08-21 06:30:00,HOD Department,4.3,32.43,7.53,Normal,6,4,0,32.379,0.05100000000000193,7
2026-07-16 05:10:00,IT Department,3.59,34.18,9.52,Normal,5,3,0,34.1768,0.0031999999999996476,8
2026-08-21 13:30:00,Mechanical Lab,6.96,59.58,8.56,Normal,13,4,0,59.577600000000004,0.0023999999999944066,9
2026-08-05 13:30:00,Chemistry Lab,4.24,7.97,1.88,Normal,13,2,0,7.9712,0.0011999999999998678,5
2026-07-12 05:50:00,AIML Department,8.04,169.04,21.04,Suspicious,5,6,1,169.16159999999996,0.1215999999999724,1
2026-07-29 15:50:00,Physics Lab,5.47,17.37,3.18,Normal,15,2,0,17.3946,0.02459999999999951,11
2026-07-09 03:00:00,HOD Department,3.33,9.47,2.85,Normal,3,3,0,9.4905,0.020500000000000185,7
2026-07-20 16:20:00,Mechanical Lab,4.97,18.86,3.79,Normal,16,0,0,18.836299999999998,0.02370000000000161,9
2026-08-14 07:50:00,Biotech Department,5.27,51.56,9.78,Normal,7,4,0,51.54059999999999,0.01940000000001163,3
2026-07-21 22:30:00,Biotech Department,6.92,62.05,8.97,Normal,22,1,0,62.0724,0.02240000000000464,3
2026-07-18 17:20:00,CSE Department,5.06,15.1,2.98,Normal,17,5,1,15.0788,0.02120000000000033,4
2026-08-11 22:00:00,BT Department,6.05,15.32,2.53,Normal,22,1,0,15.306499999999998,0.013500000000002288,2
2026-07-25 09:30:00,Electronics Department,3.79,28.25,7.45,Normal,9,5,1,28.235500000000002,0.014499999999998181,6
2026-07-06 00:30:00,New Seminar Hall,5.21,38.51,7.39,Normal,0,0,0,38.5019,0.008099999999998886,10
2026-07-20 20:00:00,Biotech Department,4.9,16.44,3.35,Normal,20,0,0,16.415000000000003,0.02499999999999858,3
2026-08-20 02:00:00,Biotech Department,12.96,302.8,23.36,Suspicious,2,3,0,302.7456,0.0543999999999869,3
2026-07-24 14:00:00,New Seminar Hall,4.64,19.36,4.17,Normal,14,4,0,19.348799999999997,0.01120000000000232,10
2026-07-06 09:20:00,HOD Department,3.44,24.29,7.06,Normal,9,0,0,24.286399999999997,0.003600000000002268,7
2026-07-04 04:40:00,Mechanical Lab,8.48,25.66,3.03,Normal,4,5,1,25.694399999999998,0.03439999999999799,9
2026-07-23 04:20:00,Physics Lab,2.3,11.95,5.21,Normal,4,3,0,11.982999999999999,0.032999999999999474,11
2026-07-11 20:40:00,CSE Department,4.74,32.62,6.88,Normal,20,5,1,32.611200000000004,0.008799999999993702,4
2026-08-10 05:30:00,AI Lab,3.45,23.63,6.84,Normal,5,0,0,23.598,0.03200000000000003,0
2026-07-07 01:30:00,AIML Department,2.81,15.01,5.34,Normal,1,1,0,15.0054,0.0045999999999999375,1
2026-07-24 00:30:00,Chemistry Lab,5.86,46.09,7.86,Normal,0,4,0,46.0596,0.030400000000000205,5
2026-07-28 22:20:00,Chemistry Lab,8.7,9.01,1.04,Normal,22,1,0,9.048,0.038000000000000256,5
2026-07-05 14:40:00,IT Department,3.15,10.38,3.3,Normal,14,6,1,10.395,0.014999999999998792,8
2026-07-02 03:00:00,CSE Department,2.84,26.0,9.15,Normal,3,3,0,25.986,0.013999999999999346,4
2026-07-04 05:30:00,Electronics Department,3.93,28.66,7.29,Normal,5,5,1,28.649700000000003,0.010299999999997311,6
2026-07-22 15:30:00,AI Lab,3.84,35.33,9.21,Normal,15,2,0,35.3664,0.03640000000000043,0
2026-07-12 14:50:00,AI Lab,6.14,34.19,5.57,Normal,14,6,1,34.1998,0.009800000000005582,0
2026-08-19 17:30:00,HOD Department,2.58,12.44,4.82,Normal,17,2,0,12.4356,0.004399999999998627,7
2026-08-17 04:40:00,Electronics Department,4.27,32.66,7.66,Normal,4,0,0,32.7082,0.04820000000000135,6
2026-08-25 07:20:00,BT Department,5.98,51.34,8.59,Normal,7,1,0,51.3682,0.028199999999998226,2
2026-07-30 09:30:00,Electronics Department,5.53,30.91,5.59,Normal,9,3,0,30.9127,0.002700000000000813,6
2026-07-21 10:40:00,BT Department,21.7,1070.75,49.35,Critical,10,1,0,1070.895,0.1449999999999818,2
2026-08-22 04:40:00,AIML Department,3.4,32.16,9.45,Normal,4,5,1,32.129999999999995,0.030000000000001137,1
2026-07-15 19:00:00,AIML Department,4.29,11.32,2.64,Normal,19,2,0,11.325600000000001,0.00560000000000116,1
2026-07-06 13:30:00,BT Department,4.38,33.65,7.69,Normal,13,0,0,33.6822,0.032200000000003115,2
2026-07-19 00:20:00,AIML Department,4.11,14.14,3.44,Normal,0,6,1,14.1384,0.0015999999999998238,1
2026-07-28 21:30:00,Physics Lab,4.16,8.53,2.05,Normal,21,1,0,8.527999999999999,0.002000000000000668,11
2026-07-24 18:10:00,AI Lab,5.15,5.23,1.01,Normal,18,4,0,5.2015,0.028500000000000192,0
2026-08-10 02:20:00,Mechanical Lab,7.58,49.41,6.52,Normal,2,0,0,49.4216,0.011600000000001387,9
2026-07-29 20:30:00,New Seminar Hall,7.98,14.48,1.81,Normal,20,2,0,14.443800000000001,0.03619999999999912,10
2026-07-18 07:20:00,AIML Department,3.15,19.06,6.06,Normal,7,5,1,19.089,0.028999999999999915,1
2026-07-31 18:00:00,HOD Department,4.0,4.18,1.04,Normal,18,4,0,4.16,0.019999999999999574,7
2026-07-08 17:40:00,CSE Department,3.93,37.15,9.45,Normal,17,2,0,37.1385,0.011499999999998067,4
2026-07-28 12:10:00,HOD Department,3.79,37.06,9.77,Normal,12,1,0,37.0283,0.03170000000000073,7
2026-08-07 01:10:00,BT Department,11.1,251.27,22.63,Suspicious,1,4,0,251.19299999999998,0.0770000000000266,2
2026-08-08 18:40:00,Physics Lab,4.87,40.89,8.39,Normal,18,5,1,40.859300000000005,0.030699999999995953,11
2026-08-07 17:50:00,Electronics Department,3.66,18.16,4.97,Normal,17,4,0,18.1902,0.03020000000000067,6
2026-08-10 03:20:00,HOD Department,3.91,13.63,3.49,Normal,3,0,0,13.645900000000001,0.015900000000000247,7
2026-07-25 15:00:00,New Seminar Hall,4.86,14.2,2.92,Normal,15,5,1,14.1912,0.00879999999999903,10
2026-07-20 08:20:00,Biotech Department,5.81,18.51,3.19,Normal,8,0,0,18.5339,0.02389999999999759,3
2026-08-05 10:00:00,Physics Lab,8.55,84.92,9.93,Normal,10,2,0,84.9015,0.01850000000000307,11
2026-07-29 02:40:00,BT Department,5.47,30.51,5.58,Normal,2,2,0,30.5226,0.012599999999999056,2
2026-07-12 05:20:00,IT Department,3.51,24.07,6.86,Normal,5,6,1,24.078599999999998,0.00859999999999772,8
2026-07-18 04:30:00,Mechanical Lab,7.62,25.82,3.39,Normal,4,5,1,25.8318,0.01180000000000092,9
2026-07-27 08:20:00,Biotech Department,5.95,31.65,5.32,Normal,8,0,0,31.654000000000003,0.0040000000000048885,3
2026-08-17 18:50:00,Electronics Department,3.87,26.08,6.74,Normal,18,0,0,26.0838,0.003800000000001802,6
2026-08-21 19:10:00,HOD Department,3.5,18.84,5.38,Normal,19,4,0,18.83,0.010000000000001563,7
2026-07-13 01:10:00,Electronics Department,7.43,73.63,9.91,Normal,1,0,0,73.6313,0.001300000000000523,6
2026-07-07 05:50:00,Electronics Department,5.88,54.19,9.21,Normal,5,1,0,54.1548,0.03519999999999612,6
2026-07-25 23:00:00,AIML Department,2.59,8.48,3.28,Normal,23,5,1,8.495199999999999,0.015199999999998326,1
2026-08-14 02:30:00,New Seminar Hall,5.69,12.63,2.22,Normal,2,4,0,12.631800000000002,0.001800000000001134,10
2026-07-07 13:10:00,Physics Lab,6.21,24.98,4.02,Normal,13,1,0,24.964199999999998,0.015800000000002257,11
2026-08-02 05:20:00,New Seminar Hall,6.86,19.31,2.81,Normal,5,6,1,19.276600000000002,0.033399999999996766,10
2026-08-14 18:50:00,CSE Department,5.7,24.72,4.34,Normal,18,4,0,24.738,0.018000000000000682,4
2026-08-11 03:40:00,CSE Department,11.18,167.06,14.95,Suspicious,3,1,0,167.141,0.08099999999998886,4
2026-07-03 15:50:00,IT Department,3.62,14.05,3.88,Normal,15,4,0,14.0456,0.004400000000000404,8
2026-07-21 01:10:00,HOD Department,2.41,8.4,3.48,Normal,1,1,0,8.386800000000001,0.013199999999999434,7
2026-07-22 18:30:00,AI Lab,4.87,42.44,8.71,Normal,18,2,0,42.4177,0.022299999999994213,0
2026-08-02 08:30:00,BT Department,2.42,6.45,2.67,Normal,8,6,1,6.461399999999999,0.011399999999999189,2
2026-07-10 16:40:00,New Seminar Hall,7.42,54.45,7.33,Normal,16,4,0,54.3886,0.061400000000006116,10
2026-07-08 09:10:00,Mechanical Lab,11.27,198.46,17.61,Suspicious,9,2,0,198.4647,0.0046999999999854936,9
2026-07-20 21:20:00,Electronics Department,4.21,11.48,2.73,Normal,21,0,0,11.4933,0.013299999999999201,6
2026-07-12 15:50:00,Chemistry Lab,18.64,1059.58,56.84,Critical,15,6,1,1059.4976000000001,0.08239999999977954,5
2026-07-18 14:50:00,Mechanical Lab,4.43,34.83,7.86,Normal,14,5,1,34.8198,0.010199999999997544,9
2026-07-27 05:40:00,New Seminar Hall,15.23,334.06,21.93,Suspicious,5,0,0,333.9939,0.06610000000000582,10
2026-08-18 06:50:00,Electronics Department,3.52,34.07,9.69,Normal,6,1,0,34.108799999999995,0.03879999999999484,6
2026-07-23 21:50:00,Mechanical Lab,6.45,6.65,1.03,Normal,21,3,0,6.6435,0.00649999999999995,9
2026-08-21 18:10:00,IT Department,3.59,15.17,4.23,Normal,18,4,0,15.1857,0.015700000000000713,8
2026-08-20 19:10:00,AIML Department,3.33,12.36,3.71,Normal,19,3,0,12.3543,0.00569999999999915,1
2026-08-11 03:30:00,Chemistry Lab,6.17,12.63,2.05,Normal,3,1,0,12.648499999999999,0.01849999999999774,5
2026-08-16 14:50:00,Chemistry Lab,21.06,1412.05,67.05,Critical,14,6,1,1412.0729999999999,0.02299999999991087,5
2026-08-11 04:10:00,CSE Department,2.8,3.67,1.31,Normal,4,1,0,3.6679999999999997,0.002000000000000224,4
2026-07-15 17:00:00,HOD Department,3.79,5.0,1.32,Normal,17,2,0,5.002800000000001,0.00280000000000058,7
2026-08-01 06:00:00,CSE Department,3.64,23.45,6.45,Normal,6,5,1,23.478,0.028000000000002245,4
2026-08-24 12:10:00,IT Department,2.36,23.62,9.99,Normal,12,0,0,23.5764,0.043600000000001415,8
2026-08-07 21:20:00,CSE Department,4.5,32.73,7.28,Normal,21,4,0,32.76,0.030000000000001137,4
2026-07-12 16:30:00,Chemistry Lab,7.11,45.55,6.41,Normal,16,6,1,45.575100000000006,0.025100000000009004,5
2026-08-02 14:20:00,Electronics Department,5.26,39.79,7.56,Normal,14,6,1,39.7656,0.024399999999999977,6
2026-08-15 08:40:00,BT Department,4.44,5.55,1.25,Normal,8,5,1,5.550000000000001,8.881784197001252e-16,2
2026-07-18 13:10:00,AI Lab,5.61,14.43,2.57,Normal,13,5,1,14.4177,0.012299999999999756,0
2026-08-16 06:50:00,AIML Department,3.66,36.39,9.93,Normal,6,6,1,36.3438,0.04619999999999891,1
2026-07-17 01:30:00,Physics Lab,6.6,27.0,4.09,Normal,1,4,0,26.993999999999996,0.00600000000000378,11
2026-07-21 21:10:00,BT Department,5.19,14.17,2.73,Normal,21,1,0,14.168700000000001,0.0012999999999987466,2
2026-08-07 07:10:00,HOD Department,3.45,34.33,9.94,Normal,7,4,0,34.293,0.036999999999999034,7
2026-08-22 19:20:00,CSE Department,2.74,12.92,4.71,Normal,19,5,1,12.9054,0.014599999999999724,4
2026-07-22 13:50:00,New Seminar Hall,29.81,1964.67,65.92,Critical,13,2,0,1965.0752,0.4051999999999225,10
2026-08-05 10:10:00,Electronics Department,3.25,25.36,7.81,Normal,10,2,0,25.3825,0.022500000000000853,6
2026-08-11 02:10:00,Physics Lab,5.0,40.67,8.13,Normal,2,1,0,40.650000000000006,0.01999999999999602,11
2026-07-16 04:50:00,CSE Department,5.69,51.85,9.11,Normal,4,3,0,51.8359,0.014099999999999113,4
2026-08-05 18:40:00,HOD Department,5.06,48.62,9.61,Normal,18,2,0,48.626599999999996,0.006599999999998829,7
2026-07-22 23:40:00,CSE Department,5.63,37.48,6.65,Normal,23,2,0,37.4395,0.04049999999999443,4
2026-08-06 08:40:00,AIML Department,2.2,6.2,2.81,Normal,8,3,0,6.182,0.017999999999999794,1
2026-08-22 17:50:00,BT Department,1.8,17.5,9.71,Normal,17,5,1,17.478,0.021999999999998465,2
2026-07-29 10:10:00,Electronics Department,4.32,32.22,7.45,Normal,10,2,0,32.184000000000005,0.03599999999999426,6
2026-07-24 15:20:00,Electronics Department,3.16,6.64,2.1,Normal,15,4,0,6.636000000000001,0.003999999999998671,6
2026-07-20 09:20:00,AI Lab,4.99,28.78,5.77,Normal,9,0,0,28.792299999999997,0.012299999999996203,0
2026-08-20 16:50:00,CSE Department,10.32,201.69,19.55,Suspicious,16,3,0,201.756,0.0660000000000025,4
2026-08-05 16:40:00,Physics Lab,5.38,52.02,9.68,Normal,16,2,0,52.078399999999995,0.05839999999999179,11
2026-07-25 16:20:00,Mechanical Lab,4.38,14.88,3.4,Normal,16,5,1,14.892,0.011999999999998678,9
2026-07-12 23:50:00,CSE Department,2.83,22.16,7.84,Normal,23,6,1,22.1872,0.027200000000000557,4
2026-07-30 20:10:00,AIML Department,13.93,577.63,41.47,Critical,20,3,0,577.6771,0.047100000000000364,1
2026-07-23 04:30:00,Electronics Department,4.59,19.31,4.21,Normal,4,3,0,19.3239,0.01389999999999958,6
2026-07-17 06:20:00,AIML Department,3.22,26.55,8.24,Normal,6,4,0,26.5328,0.017199999999998994,1
2026-08-18 23:20:00,HOD Department,3.69,6.0,1.63,Normal,23,1,0,6.0146999999999995,0.014699999999999491,7
2026-08-18 11:30:00,Electronics Department,4.26,15.96,3.74,Normal,11,1,0,15.9324,0.0276000000000014,6
2026-07-05 08:40:00,AI Lab,13.0,279.43,21.49,Suspicious,8,6,1,279.37,0.060000000000002274,0
2026-07-11 13:00:00,Biotech Department,4.75,32.12,6.76,Normal,13,5,1,32.11,0.00999999999999801,3
2026-08-03 15:50:00,Chemistry Lab,4.21,34.53,8.21,Normal,15,0,0,34.5641,0.03410000000000224,5
2026-07-29 14:20:00,Biotech Department,4.33,18.52,4.28,Normal,14,2,0,18.532400000000003,0.012400000000003075,3
2026-08-07 04:40:00,Mechanical Lab,8.71,29.61,3.4,Normal,4,4,0,29.614,0.004000000000001336,9
2026-07-24 13:10:00,Physics Lab,5.91,6.99,1.18,Normal,13,4,0,6.9738,0.016200000000000436,11
2026-08-05 00:00:00,Electronics Department,6.05,36.09,5.96,Normal,0,2,0,36.058,0.03200000000000358,6
2026-08-02 03:50:00,Biotech Department,4.3,42.32,9.84,Normal,3,6,1,42.312,0.008000000000002672,3
2026-07-26 20:00:00,Mechanical Lab,5.17,9.6,1.86,Normal,20,6,1,9.616200000000001,0.016200000000001324,9
2026-07-05 05:10:00,HOD Department,3.23,32.02,9.91,Normal,5,6,1,32.0093,0.010699999999999932,7
2026-08-06 16:50:00,AIML Department,4.05,26.18,6.47,Normal,16,3,0,26.2035,0.023499999999998522,1
2026-08-06 13:10:00,BT Department,5.76,34.35,5.97,Normal,13,3,0,34.3872,0.03719999999999857,2
2026-07-21 02:50:00,AIML Department,8.96,135.85,15.16,Suspicious,2,1,0,135.83360000000002,0.01639999999997599,1
2026-07-04 21:20:00,Physics Lab,5.06,24.15,4.77,Normal,21,5,1,24.136199999999995,0.013800000000003365,11
2026-08-03 04:10:00,New Seminar Hall,8.64,14.51,1.68,Normal,4,0,0,14.5152,0.0052000000000003155,10
2026-07-08 20:10:00,AI Lab,3.67,19.36,5.27,Normal,20,2,0,19.340899999999998,0.01910000000000167,0
2026-07-12 21:20:00,BT Department,9.72,255.79,26.31,Suspicious,21,6,1,255.7332,0.05679999999998131,2
2026-07-08 08:40:00,Biotech Department,5.43,30.04,5.53,Normal,8,2,0,30.0279,0.012100000000000222,3
2026-07-14 17:50:00,CSE Department,3.97,26.58,6.69,Normal,17,1,0,26.559300000000004,0.02069999999999439,4
2026-07-09 07:40:00,Physics Lab,4.29,17.74,4.14,Normal,7,3,0,17.7606,0.020600000000001728,11
2026-07-21 01:00:00,Physics Lab,21.52,1194.29,55.5,Critical,1,1,0,1194.36,0.06999999999993634,11
2026-08-11 15:30:00,AIML Department,3.89,14.07,3.62,Normal,15,1,0,14.081800000000001,0.01180000000000092,1
2026-07-02 03:20:00,BT Department,4.85,31.27,6.45,Normal,3,3,0,31.2825,0.01249999999999929,2
2026-07-06 11:20:00,Physics Lab,5.86,50.74,8.67,Normal,11,0,0,50.806200000000004,0.06620000000000203,11
2026-08-23 15:10:00,AI Lab,12.24,148.81,12.16,Suspicious,15,6,1,148.8384,0.028400000000004866,0
2026-08-12 11:40:00,BT Department,19.54,1701.83,87.11,Critical,11,2,0,1702.1293999999998,0.29939999999987776,2
2026-08-06 06:50:00,IT Department,4.51,31.89,7.07,Normal,6,3,0,31.8857,0.004300000000000637,8
2026-07-26 20:30:00,New Seminar Hall,5.01,48.87,9.75,Normal,20,6,1,48.8475,0.022500000000000853,10
2026-08-11 08:20:00,AI Lab,7.09,68.68,9.69,Normal,8,1,0,68.7021,0.02209999999999468,0
2026-07-07 02:20:00,BT Department,9.62,196.47,20.43,Suspicious,2,1,0,196.5366,0.066599999999994,2
2026-07-02 03:50:00,Physics Lab,4.34,39.87,9.18,Normal,3,3,0,39.8412,0.028799999999996828,11
2026-08-03 08:00:00,Electronics Department,4.06,4.34,1.07,Normal,8,0,0,4.3442,0.0041999999999999815,6
2026-08-23 07:40:00,Chemistry Lab,25.72,1641.07,63.8,Critical,7,6,1,1640.936,0.13400000000001455,5
2026-08-22 22:00:00,Electronics Department,6.48,39.43,6.08,Normal,22,5,1,39.3984,0.03159999999999741,6
2026-08-25 05:10:00,AIML Department,4.34,8.03,1.85,Normal,5,1,0,8.029,0.0009999999999994458,1
2026-07-05 17:50:00,Physics Lab,3.95,12.77,3.23,Normal,17,6,1,12.7585,0.011499999999999844,11
2026-08-01 08:10:00,CSE Department,7.88,175.13,22.23,Suspicious,8,5,1,175.1724,0.04240000000001487,4
2026-07-31 15:20:00,Electronics Department,4.79,40.53,8.46,Normal,15,4,0,40.5234,0.006599999999998829,6
2026-08-17 13:10:00,IT Department,3.3,7.94,2.41,Normal,13,0,0,7.953,0.0129999999999999,8
2026-08-19 11:50:00,Electronics Department,5.69,16.13,2.84,Normal,11,2,0,16.1596,0.02960000000000207,6
2026-08-18 17:00:00,CSE Department,3.6,5.85,1.62,Normal,17,1,0,5.832000000000001,0.017999999999998906,4
2026-08-19 00:20:00,AIML Department,3.77,4.0,1.06,Normal,0,2,0,3.9962000000000004,0.0037999999999995815,1
2026-07-30 02:20:00,New Seminar Hall,6.32,36.58,5.79,Normal,2,3,0,36.592800000000004,0.012800000000005696,10
2026-08-19 03:10:00,AI Lab,5.7,54.99,9.65,Normal,3,2,0,55.005,0.015000000000000568,0
2026-07-08 05:10:00,BT Department,6.29,43.97,6.99,Normal,5,2,0,43.9671,0.002899999999996794,2
2026-07-07 10:00:00,Chemistry Lab,4.09,36.99,9.05,Normal,10,1,0,37.0145,0.02449999999999619,5
2026-08-04 03:30:00,New Seminar Hall,5.76,43.39,7.53,Normal,3,1,0,43.3728,0.017200000000002547,10
2026-08-07 05:50:00,HOD Department,3.34,12.59,3.77,Normal,5,4,0,12.5918,0.0017999999999993577,7
2026-08-06 14:20:00,AI Lab,4.39,21.75,4.96,Normal,14,3,0,21.7744,0.024399999999999977,0
2026-07-01 08:40:00,BT Department,3.6,5.39,1.5,Normal,8,2,0,5.4,0.010000000000000675,2
2026-07-22 12:30:00,HOD Department,2.71,21.67,7.99,Normal,12,2,0,21.6529,0.01710000000000278,7
2026-08-09 20:30:00,IT Department,6.21,40.79,6.57,Normal,20,6,1,40.7997,0.009700000000002262,8
2026-07-23 00:40:00,Electronics Department,12.72,154.99,12.18,Suspicious,0,3,0,154.9296,0.06040000000001555,6
2026-08-14 19:50:00,AI Lab,5.13,9.33,1.82,Normal,19,4,0,9.3366,0.006600000000000605,0
2026-08-19 21:20:00,Physics Lab,3.87,23.99,6.2,Normal,21,2,0,23.994,0.004000000000001336,11
2026-07-19 19:20:00,AIML Department,4.44,13.27,2.99,Normal,19,6,1,13.275600000000003,0.005600000000002936,1
2026-07-18 15:10:00,Electronics Department,5.39,17.18,3.19,Normal,15,5,1,17.1941,0.014099999999999113,6
2026-08-19 23:00:00,AIML Department,5.32,14.35,2.7,Normal,23,2,0,14.364000000000003,0.014000000000002899,1
2026-08-06 06:10:00,Physics Lab,6.22,26.34,4.23,Normal,6,3,0,26.3106,0.029399999999998983,11
2026-07-28 02:20:00,HOD Department,3.51,7.49,2.13,Normal,2,1,0,7.476299999999999,0.013700000000000934,7
2026-08-04 14:10:00,New Seminar Hall,13.44,297.97,22.17,Suspicious,14,1,0,297.9648,0.005200000000002092,10
2026-08-03 12:10:00,AI Lab,6.57,32.61,4.96,Normal,12,0,0,32.5872,0.0227999999999966,0
2026-07-13 05:50:00,Physics Lab,4.54,45.17,9.95,Normal,5,0,0,45.172999999999995,0.0029999999999930083,11
2026-08-15 02:40:00,BT Department,6.77,56.53,8.36,Normal,2,5,1,56.597199999999994,0.0671999999999926,2
2026-08-16 22:50:00,IT Department,3.06,14.57,4.77,Normal,22,6,1,14.5962,0.026199999999999335,8
2026-08-15 04:10:00,AIML Department,1.91,7.21,3.78,Normal,4,5,1,7.219799999999999,0.009799999999999365,1
2026-08-14 00:50:00,Biotech Department,4.59,8.19,1.79,Normal,0,4,0,8.216099999999999,0.026099999999999568,3
2026-07-09 07:20:00,Biotech Department,6.04,49.37,8.18,Normal,7,3,0,49.407199999999996,0.03719999999999857,3
2026-07-23 23:30:00,Electronics Department,3.41,22.03,6.46,Normal,23,3,0,22.0286,0.00140000000000029,6
2026-07-05 07:40:00,AI Lab,14.86,168.43,11.33,Suspicious,7,6,1,168.3638,0.06620000000000914,0
2026-07-27 12:10:00,Physics Lab,5.43,20.88,3.84,Normal,12,0,0,20.8512,0.02880000000000038,11
2026-07-27 06:40:00,BT Department,4.24,32.84,7.75,Normal,6,0,0,32.86,0.01999999999999602,2
2026-07-30 03:00:00,AIML Department,3.83,32.06,8.37,Normal,3,3,0,32.0571,0.0029000000000038995,1
2026-07-07 06:10:00,Biotech Department,4.16,34.5,8.29,Normal,6,1,0,34.486399999999996,0.013600000000003831,3
2026-07-15 02:20:00,Chemistry Lab,5.86,10.87,1.86,Normal,2,2,0,10.899600000000001,0.02960000000000207,5
2026-07-20 14:20:00,AI Lab,10.15,133.04,13.11,Suspicious,14,0,0,133.0665,0.026499999999998636,0
2026-08-11 10:30:00,Physics Lab,5.5,30.39,5.52,Normal,10,1,0,30.36,0.030000000000001137,11
2026-08-04 13:30:00,CSE Department,4.13,8.32,2.02,Normal,13,1,0,8.3426,0.022599999999998843,4
2026-08-06 12:30:00,AIML Department,3.89,32.93,8.46,Normal,12,3,0,32.909400000000005,0.020599999999994623,1
2026-07-09 10:20:00,Chemistry Lab,4.36,28.69,6.57,Normal,10,3,0,28.645200000000003,0.04479999999999862,5
2026-08-16 06:20:00,AIML Department,4.13,19.48,4.72,Normal,6,6,1,19.493599999999997,0.013599999999996726,1
2026-08-12 00:20:00,Chemistry Lab,15.59,350.92,22.51,Suspicious,0,2,0,350.9309,0.01089999999999236,5
2026-07-08 01:50:00,AIML Department,4.95,15.4,3.11,Normal,1,2,0,15.3945,0.005499999999999616,1
2026-07-20 02:10:00,IT Department,3.81,32.09,8.43,Normal,2,0,0,32.1183,0.02829999999999444,8
2026-08-01 13:10:00,CSE Department,9.31,198.99,21.37,Suspicious,13,5,1,198.95470000000003,0.03529999999997813,4
2026-08-16 13:10:00,IT Department,18.93,1582.03,83.55,Critical,13,6,1,1581.6015,0.42849999999998545,8
2026-07-28 01:10:00,New Seminar Hall,10.81,290.27,26.85,Suspicious,1,1,0,290.24850000000004,0.02149999999994634,10
2026-07-17 18:40:00,BT Department,4.52,28.4,6.29,Normal,18,4,0,28.430799999999998,0.030799999999999272,2
2026-07-29 21:50:00,Electronics Department,5.7,47.33,8.31,Normal,21,2,0,47.367000000000004,0.03700000000000614,6
2026-08-03 12:40:00,Chemistry Lab,4.9,29.26,5.97,Normal,12,0,0,29.253,0.0070000000000014495,5
2026-07-30 00:30:00,AIML Department,5.47,21.25,3.88,Normal,0,3,0,21.223599999999998,0.02640000000000242,1
2026-07-21 19:40:00,Electronics Department,3.38,30.81,9.11,Normal,19,1,0,30.7918,0.018200000000000216,6
2026-08-09 09:30:00,Physics Lab,10.14,137.19,13.53,Suspicious,9,6,1,137.1942,0.004199999999997317,11
2026-08-18 17:50:00,IT Department,5.75,51.29,8.92,Normal,17,1,0,51.29,0.0,8
2026-07-04 23:20:00,BT Department,4.41,31.76,7.21,Normal,23,5,1,31.7961,0.03609999999999758,2
2026-07-18 09:10:00,Electronics Department,3.92,31.96,8.15,Normal,9,5,1,31.948,0.012000000000000455,6
2026-08-05 04:00:00,Chemistry Lab,5.43,34.77,6.4,Normal,4,2,0,34.752,0.018000000000000682,5
2026-07-14 02:50:00,Mechanical Lab,6.57,36.01,5.49,Normal,2,1,0,36.069300000000005,0.05930000000000746,9
2026-08-11 21:40:00,Biotech Department,4.75,21.82,4.6,Normal,21,1,0,21.849999999999998,0.029999999999997584,3
2026-07-05 01:30:00,Mechanical Lab,25.74,1289.43,50.09,Critical,1,6,1,1289.3166,0.11339999999995598,9
2026-07-20 19:40:00,Chemistry Lab,5.35,35.02,6.54,Normal,19,0,0,34.989,0.03100000000000591,5
2026-08-10 14:50:00,IT Department,5.38,8.42,1.57,Normal,14,0,0,8.4466,0.02660000000000018,8
2026-08-09 04:40:00,HOD Department,7.24,186.5,25.75,Suspicious,4,6,1,186.43,0.06999999999999318,7
2026-08-20 09:00:00,CSE Department,2.95,21.29,7.21,Normal,9,3,0,21.2695,0.02049999999999841,4
2026-08-21 07:50:00,AI Lab,12.64,285.17,22.56,Suspicious,7,4,0,285.1584,0.01160000000004402,0
2026-07-31 11:30:00,AI Lab,5.17,10.44,2.02,Normal,11,4,0,10.4434,0.003400000000000958,0
2026-07-23 09:10:00,HOD Department,2.88,19.74,6.85,Normal,9,3,0,19.727999999999998,0.012000000000000455,7
2026-07-06 18:40:00,AIML Department,8.54,116.14,13.61,Suspicious,18,0,0,116.22939999999998,0.08939999999998349,1
2026-07-29 12:10:00,BT Department,5.74,8.87,1.55,Normal,12,2,0,8.897,0.027000000000001023,2
2026-07-11 02:50:00,BT Department,4.52,41.96,9.28,Normal,2,5,1,41.94559999999999,0.014400000000009072,2
2026-07-18 22:50:00,AIML Department,15.7,648.14,41.29,Critical,22,5,1,648.2529999999999,0.1129999999999427,1
2026-07-02 09:40:00,CSE Department,10.15,127.65,12.57,Suspicious,9,3,0,127.58550000000001,0.06449999999999534,4
2026-07-22 05:30:00,HOD Department,3.68,32.3,8.77,Normal,5,2,0,32.2736,0.026399999999995316,7
2026-07-13 01:00:00,AI Lab,12.4,129.56,10.45,Suspicious,1,0,0,129.57999999999998,0.01999999999998181,0
2026-07-21 11:30:00,AI Lab,5.98,38.67,6.47,Normal,11,1,0,38.6906,0.020600000000001728,0
2026-08-25 07:10:00,Mechanical Lab,5.07,7.4,1.46,Normal,7,1,0,7.402200000000001,0.002200000000000202,9
2026-08-22 02:30:00,Mechanical Lab,6.27,62.47,9.96,Normal,2,5,1,62.4492,0.020800000000001262,9
2026-08-03 02:50:00,CSE Department,2.51,8.49,3.38,Normal,2,0,0,8.483799999999999,0.006200000000001538,4
2026-07-28 03:50:00,CSE Department,4.59,25.05,5.46,Normal,3,1,0,25.0614,0.0113999999999983,4
2026-07-20 07:30:00,BT Department,12.98,361.12,27.83,Suspicious,7,0,0,361.2334,0.11340000000001282,2
2026-07-14 11:50:00,BT Department,9.91,236.78,23.9,Suspicious,11,1,0,236.849,0.0689999999999884,2
2026-08-08 03:00:00,IT Department,3.76,4.44,1.18,Normal,3,5,1,4.4368,0.0032000000000005357,8
2026-07-05 06:50:00,BT Department,13.31,287.13,21.58,Suspicious,6,6,1,287.2298,0.0998000000000161,2
2026-08-16 22:10:00,AI Lab,5.83,51.15,8.77,Normal,22,6,1,51.1291,0.020899999999997476,0
2026-08-10 23:40:00,New Seminar Hall,8.4,49.19,5.85,Normal,23,0,0,49.14,0.04999999999999716,10
2026-07-13 22:40:00,Biotech Department,12.58,217.89,17.32,Suspicious,22,0,0,217.8856,0.004399999999975535,3
2026-07-15 16:10:00,BT Department,6.14,54.9,8.94,Normal,16,2,0,54.8916,0.00840000000000174,2
2026-07-02 05:10:00,CSE Department,8.41,103.33,12.28,Suspicious,5,3,0,103.2748,0.05519999999999925,4
2026-07-24 21:40:00,BT Department,6.0,11.55,1.93,Normal,21,4,0,11.58,0.02999999999999936,2
2026-07-24 10:30:00,IT Department,3.72,35.66,9.58,Normal,10,4,0,35.6376,0.022399999999997533,8
2026-08-25 16:00:00,New Seminar Hall,6.41,45.62,7.12,Normal,16,1,0,45.6392,0.01920000000000499,10
2026-08-12 17:00:00,Chemistry Lab,5.0,42.1,8.43,Normal,17,2,0,42.15,0.04999999999999716,5
2026-07-21 23:50:00,IT Department,3.15,25.0,7.93,Normal,23,1,0,24.979499999999998,0.02050000000000196,8
2026-07-08 03:20:00,Physics Lab,15.28,241.39,15.8,Suspicious,3,2,0,241.424,0.034000000000020236,11
2026-07-17 07:20:00,IT Department,3.33,25.07,7.54,Normal,7,4,0,25.1082,0.03819999999999979,8
2026-07-02 15:40:00,IT Department,3.39,24.0,7.09,Normal,15,3,0,24.0351,0.03509999999999991,8
2026-07-09 05:50:00,Electronics Department,5.86,27.01,4.61,Normal,5,3,0,27.014600000000005,0.00460000000000349,6
2026-08-05 16:00:00,IT Department,5.55,13.49,2.43,Normal,16,2,0,13.486500000000001,0.0034999999999989484,8
2026-07-06 04:30:00,Biotech Department,3.96,34.93,8.82,Normal,4,0,0,34.9272,0.00280000000000058,3
2026-08-23 07:50:00,Physics Lab,4.12,22.51,5.46,Normal,7,6,1,22.4952,0.014800000000001035,11
2026-07-05 13:00:00,CSE Department,3.78,14.19,3.75,Normal,13,6,1,14.174999999999999,0.015000000000000568,4
2026-07-31 00:40:00,HOD Department,3.06,6.08,1.99,Normal,0,4,0,6.0894,0.009400000000000297,7
2026-07-03 10:10:00,IT Department,2.44,15.6,6.39,Normal,10,4,0,15.5916,0.008399999999999963,8
2026-08-16 10:40:00,AI Lab,5.67,43.17,7.61,Normal,10,6,1,43.1487,0.02130000000000365,0
2026-07-25 02:00:00,IT Department,3.49,33.57,9.62,Normal,2,5,1,33.5738,0.0037999999999982492,8
2026-08-23 18:40:00,Physics Lab,3.81,20.88,5.49,Normal,18,6,1,20.916900000000002,0.03690000000000282,11
2026-07-08 16:40:00,HOD Department,2.94,20.21,6.88,Normal,16,2,0,20.2272,0.017199999999998994,7
2026-08-24 05:00:00,BT Department,4.3,7.95,1.85,Normal,5,0,0,7.955,0.004999999999999893,2
2026-08-24 17:30:00,AIML Department,3.38,12.93,3.83,Normal,17,0,0,12.9454,0.015399999999999636,1
2026-07-19 03:30:00,AI Lab,9.98,246.95,24.74,Suspicious,3,6,1,246.9052,0.044799999999980855,0
2026-08-25 18:40:00,AIML Department,4.32,9.22,2.13,Normal,18,1,0,9.201600000000001,0.01839999999999975,1
2026-07-08 18:10:00,HOD Department,4.07,12.6,3.09,Normal,18,2,0,12.5763,0.023699999999999832,7
2026-07-18 20:40:00,Physics Lab,5.7,43.79,7.68,Normal,20,5,1,43.775999999999996,0.014000000000002899,11
2026-07-16 15:30:00,Mechanical Lab,5.13,12.85,2.5,Normal,15,3,0,12.825,0.025000000000000355,9
2026-07-09 23:10:00,AIML Department,2.02,14.8,7.32,Normal,23,3,0,14.7864,0.013600000000000279,1
2026-08-21 07:10:00,HOD Department,2.62,19.5,7.43,Normal,7,4,0,19.4666,0.03340000000000032,7
2026-07-01 10:40:00,IT Department,5.98,48.26,8.07,Normal,10,2,0,48.25860000000001,0.0013999999999896318,8
2026-07-23 00:00:00,BT Department,10.97,128.69,11.73,Suspicious,0,3,0,128.6781,0.011899999999997135,2
2026-08-25 16:30:00,BT Department,4.12,7.63,1.85,Normal,16,1,0,7.622000000000001,0.007999999999999119,2
2026-08-02 13:40:00,Electronics Department,8.76,188.99,21.58,Suspicious,13,6,1,189.0408,0.05079999999998108,6
2026-08-03 08:20:00,HOD Department,3.5,9.93,2.83,Normal,8,0,0,9.905000000000001,0.02499999999999858,7
2026-07-06 23:50:00,Mechanical Lab,5.05,32.16,6.37,Normal,23,0,0,32.1685,0.008500000000005059,9
2026-07-22 15:10:00,BT Department,2.97,26.01,8.76,Normal,15,2,0,26.017200000000003,0.007200000000000983,2
2026-08-23 09:00:00,Chemistry Lab,14.16,403.14,28.47,Suspicious,9,6,1,403.1352,0.004799999999988813,5
2026-08-09 05:20:00,Physics Lab,5.33,46.78,8.77,Normal,5,6,1,46.744099999999996,0.03590000000000515,11
2026-07-07 23:50:00,New Seminar Hall,6.18,25.28,4.09,Normal,23,1,0,25.2762,0.003800000000001802,10
2026-08-19 02:20:00,Electronics Department,5.49,12.91,2.35,Normal,2,2,0,12.9015,0.00849999999999973,6
2026-08-14 23:10:00,New Seminar Hall,6.59,48.07,7.29,Normal,23,4,0,48.0411,0.028900000000000148,10
2026-08-04 07:30:00,CSE Department,8.14,212.44,26.09,Suspicious,7,1,0,212.3726,0.06739999999999213,4
2026-08-22 00:40:00,Physics Lab,5.5,38.34,6.97,Normal,0,5,1,38.335,0.005000000000002558,11
2026-07-02 21:30:00,Biotech Department,6.62,46.62,7.05,Normal,21,3,0,46.671,0.05100000000000193,3
2026-08-13 04:20:00,BT Department,19.39,1323.29,68.24,Critical,4,3,0,1323.1735999999999,0.11640000000011241,2
2026-07-24 15:00:00,Mechanical Lab,5.81,57.23,9.86,Normal,15,4,0,57.28659999999999,0.05659999999999599,9
2026-08-11 06:30:00,Chemistry Lab,4.19,15.0,3.58,Normal,6,1,0,15.000200000000001,0.00020000000000131024,5
2026-07-18 14:10:00,HOD Department,4.48,14.89,3.33,Normal,14,5,1,14.918400000000002,0.028400000000001313,7
2026-07-05 05:40:00,Physics Lab,6.33,56.24,8.88,Normal,5,6,1,56.21040000000001,0.029599999999994964,11
2026-07-25 04:40:00,AIML Department,4.25,14.17,3.33,Normal,4,5,1,14.1525,0.01750000000000007,1
2026-08-14 14:10:00,AI Lab,6.01,29.36,4.88,Normal,14,4,0,29.328799999999998,0.031200000000001893,0
2026-08-13 06:10:00,Electronics Department,12.56,252.05,20.06,Suspicious,6,3,0,251.9536,0.09640000000001692,6
2026-07-13 02:10:00,IT Department,4.01,4.03,1.0,Normal,2,0,0,4.01,0.020000000000000462,8
2026-08-18 04:50:00,AIML Department,5.08,37.74,7.43,Normal,4,1,0,37.7444,0.004399999999996851,1
2026-07-08 14:10:00,BT Department,4.18,15.17,3.63,Normal,14,2,0,15.173399999999999,0.0033999999999991815,2
2026-07-25 06:20:00,Biotech Department,4.71,28.57,6.07,Normal,6,5,1,28.5897,0.019700000000000273,3
2026-08-02 00:50:00,Chemistry Lab,19.8,1568.53,79.23,Critical,0,6,1,1568.7540000000001,0.22400000000016007,5
2026-07-07 23:00:00,Mechanical Lab,6.67,29.3,4.39,Normal,23,1,0,29.281299999999998,0.018700000000002603,9
2026-08-25 15:50:00,CSE Department,4.98,28.77,5.77,Normal,15,1,0,28.7346,0.03539999999999921,4
2026-07-20 07:50:00,Biotech Department,5.58,6.99,1.25,Normal,7,0,0,6.975,0.015000000000000568,3
2026-08-24 18:40:00,Chemistry Lab,3.46,26.05,7.52,Normal,18,0,0,26.019199999999998,0.030800000000002825,5
2026-08-03 05:10:00,AI Lab,6.35,27.64,4.35,Normal,5,0,0,27.622499999999995,0.0175000000000054,0
2026-08-23 19:10:00,IT Department,3.89,31.94,8.21,Normal,19,6,1,31.936900000000005,0.003099999999996328,8
2026-07-09 19:00:00,Electronics Department,5.54,43.9,7.93,Normal,19,3,0,43.9322,0.032200000000003115,6
2026-08-06 19:40:00,BT Department,4.71,5.67,1.2,Normal,19,3,0,5.652,0.017999999999999794,2
2026-08-08 14:30:00,Biotech Department,3.29,25.71,7.83,Normal,14,5,1,25.7607,0.05069999999999908,3
2026-08-23 03:20:00,Biotech Department,4.48,17.45,3.89,Normal,3,6,1,17.427200000000003,0.0227999999999966,3
2026-07-11 22:30:00,CSE Department,14.59,1249.11,85.61,Critical,22,5,1,1249.0499,0.06009999999992033,4
2026-07-29 00:30:00,Chemistry Lab,12.82,350.94,27.38,Suspicious,0,2,0,351.0116,0.07159999999998945,5
2026-08-25 03:10:00,Electronics Department,2.98,28.25,9.46,Normal,3,1,0,28.190800000000003,0.05919999999999703,6
2026-07-10 08:40:00,CSE Department,4.09,26.83,6.56,Normal,8,4,0,26.830399999999997,0.00039999999999906777,4
2026-08-24 15:10:00,Chemistry Lab,16.2,417.84,25.79,Suspicious,15,0,0,417.79799999999994,0.04200000000003001,5
2026-08-18 13:20:00,Chemistry Lab,6.99,10.89,1.56,Normal,13,1,0,10.9044,0.01440000000000019,5
2026-08-09 21:50:00,New Seminar Hall,6.53,10.27,1.57,Normal,21,6,1,10.2521,0.01789999999999914,10
2026-07-02 10:40:00,Chemistry Lab,3.68,19.13,5.2,Normal,10,3,0,19.136000000000003,0.00600000000000378,5
2026-07-29 13:50:00,IT Department,4.4,23.56,5.36,Normal,13,2,0,23.584000000000003,0.024000000000004462,8
2026-08-10 14:40:00,IT Department,9.73,173.23,17.8,Suspicious,14,0,0,173.19400000000002,0.03599999999997294,8
2026-07-07 23:20:00,New Seminar Hall,3.94,32.01,8.12,Normal,23,1,0,31.992799999999995,0.017200000000002547,10
2026-07-27 15:50:00,AI Lab,4.95,38.25,7.73,Normal,15,0,0,38.2635,0.013500000000000512,0
2026-07-23 19:00:00,Biotech Department,1.86,7.01,3.76,Normal,19,3,0,6.9936,0.01639999999999997,3
2026-07-21 06:10:00,AI Lab,6.4,40.96,6.4,Normal,6,1,0,40.96000000000001,7.105427357601002e-15,0
2026-07-27 13:30:00,Chemistry Lab,7.11,25.92,3.65,Normal,13,0,0,25.9515,0.03149999999999764,5
2026-08-01 02:50:00,AI Lab,4.45,8.62,1.94,Normal,2,5,1,8.633000000000001,0.013000000000001677,0
2026-08-04 20:50:00,New Seminar Hall,5.53,54.39,9.83,Normal,20,1,0,54.3599,0.03009999999999735,10
2026-08-12 02:30:00,IT Department,4.26,24.42,5.73,Normal,2,2,0,24.4098,0.010200000000001097,8
2026-07-21 21:30:00,Electronics Department,3.53,6.45,1.83,Normal,21,1,0,6.4599,0.00990000000000002,6
2026-08-11 20:40:00,BT Department,3.57,35.73,10.0,Normal,20,1,0,35.699999999999996,0.030000000000001137,2
2026-07-16 14:40:00,IT Department,3.21,13.47,4.19,Normal,14,3,0,13.449900000000001,0.02009999999999934,8
2026-07-02 00:20:00,AI Lab,5.62,8.28,1.47,Normal,0,3,0,8.2614,0.018599999999999284,0
2026-08-24 06:50:00,BT Department,4.37,7.47,1.71,Normal,6,0,0,7.4727,0.0026999999999999247,2
2026-07-19 02:10:00,Biotech Department,14.08,250.92,17.82,Suspicious,2,6,1,250.9056,0.014399999999994861,3
2026-07-23 10:30:00,New Seminar Hall,5.03,48.16,9.57,Normal,10,3,0,48.137100000000004,0.022899999999992815,10
2026-08-21 16:20:00,IT Department,3.3,29.73,9.0,Normal,16,4,0,29.7,0.030000000000001137,8
2026-07-03 02:10:00,Mechanical Lab,4.43,40.16,9.06,Normal,2,4,0,40.135799999999996,0.024200000000000443,9
2026-07-28 13:50:00,AIML Department,2.86,12.29,4.3,Normal,13,1,0,12.297999999999998,0.007999999999999119,1
2026-07-30 11:50:00,Biotech Department,3.54,21.82,6.16,Normal,11,3,0,21.8064,0.013600000000000279,3
2026-07-11 08:50:00,Physics Lab,5.6,50.14,8.96,Normal,8,5,1,50.176,0.036000000000001364,11
2026-08-08 19:10:00,HOD Department,4.15,36.02,8.67,Normal,19,5,1,35.9805,0.039500000000003865,7
2026-07-12 18:40:00,HOD Department,6.15,8.37,1.36,Normal,18,6,1,8.364,0.005999999999998451,7
2026-08-02 20:20:00,Electronics Department,2.5,23.61,9.44,Normal,20,6,1,23.599999999999998,0.010000000000001563,6
2026-08-03 03:10:00,AI Lab,3.74,17.36,4.65,Normal,3,0,0,17.391000000000002,0.03100000000000236,0
2026-07-29 01:10:00,AI Lab,4.23,40.6,9.59,Normal,1,2,0,40.56570000000001,0.03429999999999467,0
2026-07-13 02:40:00,AI Lab,5.19,19.42,3.74,Normal,2,0,0,19.410600000000002,0.009399999999999409,0
2026-07-23 11:50:00,CSE Department,3.43,16.53,4.81,Normal,11,3,0,16.4983,0.03170000000000073,4
2026-08-13 08:50:00,Electronics Department,5.77,40.61,7.04,Normal,8,3,0,40.620799999999996,0.010799999999996146,6
2026-08-14 01:10:00,IT Department,4.64,22.11,4.77,Normal,1,4,0,22.132799999999996,0.0227999999999966,8
2026-08-01 13:50:00,CSE Department,3.83,37.32,9.73,Normal,13,5,1,37.2659,0.05409999999999826,4
2026-07-09 08:20:00,CSE Department,3.76,23.84,6.33,Normal,8,3,0,23.8008,0.03920000000000101,4
2026-07-16 23:50:00,AIML Department,2.78,8.34,3.0,Normal,23,3,0,8.34,0.0,1
2026-08-18 15:50:00,HOD Department,8.13,197.51,24.3,Suspicious,15,1,0,197.55900000000003,0.049000000000035016,7
2026-07-13 00:20:00,IT Department,4.76,15.53,3.26,Normal,0,0,0,15.517599999999998,0.012400000000001299,8
2026-07-23 08:20:00,BT Department,6.92,49.53,7.15,Normal,8,3,0,49.478,0.0519999999999996,2
2026-08-21 17:20:00,Mechanical Lab,5.79,26.66,4.61,Normal,17,4,0,26.6919,0.03190000000000026,9
2026-07-15 14:40:00,Physics Lab,14.93,385.12,25.79,Suspicious,14,2,0,385.0447,0.07530000000002701,11
2026-08-20 01:00:00,Electronics Department,5.38,40.75,7.58,Normal,1,3,0,40.7804,0.030400000000000205,6
2026-07-29 17:40:00,Physics Lab,4.37,21.27,4.87,Normal,17,2,0,21.2819,0.011900000000000688,11
2026-08-24 10:30:00,HOD Department,3.37,19.26,5.72,Normal,10,0,0,19.2764,0.016399999999997306,7
2026-07-22 22:00:00,Biotech Department,4.62,32.46,7.03,Normal,22,2,0,32.4786,0.018599999999999284,3
2026-08-01 22:00:00,HOD Department,2.88,16.89,5.87,Normal,22,5,1,16.9056,0.01559999999999917,7
2026-07-27 04:30:00,HOD Department,14.59,980.02,67.18,Critical,4,0,0,980.1562000000001,0.13620000000014443,7
2026-08-14 18:10:00,AI Lab,5.35,38.8,7.25,Normal,18,4,0,38.787499999999994,0.012500000000002842,0
2026-08-07 23:50:00,Biotech Department,6.98,22.11,3.17,Normal,23,4,0,22.1266,0.016600000000000392,3
2026-08-19 05:20:00,BT Department,2.29,5.26,2.29,Normal,5,2,0,5.2441,0.01589999999999936,2
2026-07-15 13:30:00,Mechanical Lab,6.53,17.27,2.64,Normal,13,2,0,17.2392,0.030799999999999272,9
2026-08-04 21:20:00,AIML Department,4.23,6.34,1.5,Normal,21,1,0,6.345000000000001,0.005000000000000782,1
2026-07-26 15:10:00,Mechanical Lab,6.17,19.1,3.09,Normal,15,6,1,19.0653,0.03470000000000084,9
2026-08-25 02:10:00,Mechanical Lab,6.12,8.83,1.44,Normal,2,1,0,8.8128,0.01720000000000077,9
2026-07-05 15:50:00,Electronics Department,4.05,39.83,9.84,Normal,15,6,1,39.852,0.021999999999998465,6
2026-08-15 09:30:00,AI Lab,5.81,33.12,5.7,Normal,9,5,1,33.117,0.0030000000000001137,0
2026-08-23 17:30:00,AIML Department,4.84,20.21,4.17,Normal,17,6,1,20.1828,0.027200000000000557,1
2026-08-11 04:30:00,IT Department,5.37,29.88,5.57,Normal,4,1,0,29.9109,0.030900000000002592,8
2026-07-03 03:40:00,Physics Lab,5.38,10.63,1.98,Normal,3,4,0,10.6524,0.02239999999999931,11
2026-08-10 03:00:00,Physics Lab,6.91,30.71,4.44,Normal,3,0,0,30.680400000000002,0.029599999999998516,11
2026-07-24 17:30:00,BT Department,4.14,34.42,8.32,Normal,17,4,0,34.4448,0.024799999999999045,2
2026-07-29 12:50:00,HOD Department,3.86,6.25,1.62,Normal,12,2,0,6.2532000000000005,0.0032000000000005357,7
2026-08-08 18:20:00,CSE Department,4.03,20.95,5.2,Normal,18,5,1,20.956000000000003,0.00600000000000378,4
2026-08-14 01:00:00,Chemistry Lab,6.55,44.47,6.79,Normal,1,4,0,44.4745,0.0045000000000001705,5
2026-08-12 10:50:00,AIML Department,4.95,18.41,3.72,Normal,10,2,0,18.414,0.004000000000001336,1
2026-08-16 06:40:00,Mechanical Lab,7.25,16.32,2.25,Normal,6,6,1,16.3125,0.007500000000000284,9
2026-07-13 20:20:00,Physics Lab,4.28,26.11,6.11,Normal,20,0,0,26.150800000000004,0.04080000000000439,11
2026-08-03 05:20:00,BT Department,10.56,253.15,23.97,Suspicious,5,0,0,253.1232,0.026800000000008595,2
2026-08-25 18:20:00,HOD Department,4.74,40.21,8.48,Normal,18,1,0,40.19520000000001,0.014799999999993929,7
2026-07-17 21:30:00,AI Lab,7.29,51.29,7.03,Normal,21,4,0,51.2487,0.04129999999999967,0
2026-08-16 19:40:00,Biotech Department,3.18,27.15,8.54,Normal,19,6,1,27.1572,0.007200000000000983,3
2026-08-10 07:50:00,CSE Department,4.71,36.39,7.73,Normal,7,0,0,36.408300000000004,0.018300000000003536,4
2026-07-14 22:30:00,AI Lab,6.33,52.49,8.3,Normal,22,1,0,52.53900000000001,0.049000000000006594,0
2026-07-22 00:00:00,Physics Lab,17.99,1015.11,56.43,Critical,0,2,0,1015.1756999999999,0.06569999999987886,11
2026-07-04 17:20:00,Biotech Department,7.75,20.54,2.65,Normal,17,5,1,20.537499999999998,0.002500000000001279,3
2026-07-14 03:10:00,BT Department,6.42,36.96,5.75,Normal,3,1,0,36.915,0.045000000000001705,2
2026-07-13 09:00:00,Biotech Department,4.65,28.47,6.13,Normal,9,0,0,28.5045,0.03450000000000131,3
2026-07-21 13:10:00,New Seminar Hall,5.27,8.47,1.61,Normal,13,1,0,8.4847,0.014699999999999491,10
2026-07-23 16:30:00,Chemistry Lab,19.96,1541.84,77.25,Critical,16,3,0,1541.91,0.07000000000016371,5
2026-07-02 08:20:00,New Seminar Hall,4.99,19.34,3.87,Normal,8,3,0,19.311300000000003,0.02869999999999706,10
2026-08-09 10:20:00,IT Department,3.43,28.52,8.32,Normal,10,6,1,28.5376,0.017600000000001614,8
2026-07-15 03:00:00,New Seminar Hall,6.51,16.82,2.58,Normal,3,2,0,16.7958,0.024200000000000443,10
2026-07-10 20:10:00,New Seminar Hall,4.59,43.6,9.51,Normal,20,4,0,43.6509,0.05089999999999861,10
2026-08-15 19:00:00,BT Department,11.92,124.23,10.42,Suspicious,19,5,1,124.2064,0.02360000000000184,2
2026-08-12 08:30:00,New Seminar Hall,6.91,63.86,9.24,Normal,8,2,0,63.848400000000005,0.011599999999994282,10
2026-08-19 15:00:00,Chemistry Lab,12.94,161.11,12.45,Suspicious,15,2,0,161.10299999999998,0.007000000000033424,5
2026-07-20 20:30:00,Biotech Department,5.79,20.86,3.6,Normal,20,0,0,20.844,0.015999999999998238,3
2026-07-05 21:50:00,Biotech Department,5.27,23.79,4.51,Normal,21,6,1,23.767699999999998,0.02230000000000132,3
2026-07-13 19:00:00,CSE Department,4.41,36.76,8.34,Normal,19,0,0,36.7794,0.019400000000004525,4
2026-08-22 12:40:00,HOD Department,3.41,20.19,5.92,Normal,12,5,1,20.1872,0.00280000000000058,7
2026-07-18 18:30:00,AIML Department,4.4,30.95,7.03,Normal,18,5,1,30.932000000000002,0.01799999999999713,1
2026-07-24 22:10:00,CSE Department,4.44,31.47,7.08,Normal,22,4,0,31.435200000000002,0.034799999999997056,4
2026-07-31 01:40:00,HOD Department,2.38,16.66,7.01,Normal,1,4,0,16.683799999999998,0.023799999999997823,7
2026-07-09 07:10:00,Electronics Department,2.73,11.41,4.18,Normal,7,3,0,11.411399999999999,0.0013999999999985135,6
2026-07-24 01:20:00,BT Department,3.96,28.34,7.16,Normal,1,4,0,28.3536,0.013600000000000279,2
2026-07-05 13:20:00,Mechanical Lab,5.53,53.25,9.62,Normal,13,6,1,53.1986,0.051400000000001,9
2026-08-13 23:50:00,Mechanical Lab,7.63,58.26,7.64,Normal,23,3,0,58.2932,0.033200000000000784,9
2026-08-18 05:10:00,Biotech Department,4.08,24.56,6.02,Normal,5,1,0,24.5616,0.0015999999999998238,3
2026-07-26 05:00:00,Biotech Department,5.27,39.17,7.43,Normal,5,6,1,39.156099999999995,0.013900000000006685,3
2026-07-14 17:40:00,Mechanical Lab,6.43,39.98,6.22,Normal,17,1,0,39.9946,0.0146000000000015,9
2026-08-19 19:30:00,New Seminar Hall,7.21,65.17,9.03,Normal,19,2,0,65.10629999999999,0.06370000000001141,10
2026-07-02 16:50:00,CSE Department,9.54,100.57,10.54,Suspicious,16,3,0,100.55159999999998,0.01840000000001396,4
2026-07-21 16:30:00,IT Department,2.05,6.22,3.03,Normal,16,1,0,6.211499999999999,0.008500000000000618,8
2026-07-17 11:50:00,CSE Department,3.62,25.74,7.12,Normal,11,4,0,25.7744,0.03440000000000154,4
2026-07-31 19:30:00,IT Department,4.45,39.27,8.82,Normal,19,4,0,39.249,0.021000000000000796,8
2026-07-06 15:40:00,Chemistry Lab,5.38,38.16,7.1,Normal,15,0,0,38.198,0.03800000000000381,5
2026-08-01 13:20:00,Mechanical Lab,7.26,49.63,6.84,Normal,13,5,1,49.6584,0.02839999999999776,9
2026-07-30 15:00:00,AI Lab,5.03,49.34,9.82,Normal,15,3,0,49.394600000000004,0.05460000000000065,0
2026-07-23 22:30:00,Mechanical Lab,5.19,21.67,4.18,Normal,22,3,0,21.6942,0.02419999999999689,9
2026-07-02 17:40:00,Chemistry Lab,17.68,1270.07,71.83,Critical,17,3,0,1269.9543999999999,0.11560000000008586,5
2026-07-25 17:00:00,Mechanical Lab,5.43,49.19,9.05,Normal,17,5,1,49.1415,0.0484999999999971,9
2026-08-04 13:50:00,CSE Department,2.41,21.15,8.79,Normal,13,1,0,21.183899999999998,0.03389999999999915,4
2026-08-14 17:00:00,Chemistry Lab,6.15,15.56,2.53,Normal,17,4,0,15.5595,0.0005000000000006111,5
2026-08-08 18:30:00,CSE Department,2.28,18.58,8.16,Normal,18,5,1,18.604799999999997,0.024799999999999045,4
2026-07-13 08:50:00,CSE Department,3.92,26.03,6.65,Normal,8,0,0,26.068,0.038000000000000256,4
2026-08-10 13:10:00,AI Lab,5.92,25.65,4.33,Normal,13,0,0,25.6336,0.016399999999997306,0
2026-07-20 14:50:00,Chemistry Lab,6.18,37.35,6.05,Normal,14,0,0,37.388999999999996,0.03899999999999437,5
2026-07-13 04:30:00,Chemistry Lab,4.32,28.22,6.54,Normal,4,0,0,28.2528,0.03280000000000172,5
2026-08-06 06:00:00,BT Department,5.84,46.94,8.04,Normal,6,3,0,46.953599999999994,0.013599999999996726,2
2026-08-06 18:50:00,IT Department,6.12,56.21,9.18,Normal,18,3,0,56.181599999999996,0.028400000000004866,8
2026-08-10 07:30:00,Biotech Department,4.85,44.82,9.24,Normal,7,0,0,44.814,0.006000000000000227,3
2026-07-25 11:00:00,Mechanical Lab,8.04,71.02,8.83,Normal,11,5,1,70.99319999999999,0.026800000000008595,9
2026-08-15 16:00:00,Physics Lab,6.82,25.37,3.72,Normal,16,5,1,25.370400000000004,0.0004000000000026205,11
2026-08-24 03:30:00,BT Department,4.2,30.84,7.35,Normal,3,0,0,30.87,0.030000000000001137,2
2026-08-10 23:50:00,BT Department,6.06,41.1,6.78,Normal,23,0,0,41.0868,0.013200000000004763,2
2026-07-07 06:20:00,CSE Department,3.88,37.11,9.57,Normal,6,1,0,37.1316,0.021599999999999397,4
2026-08-09 19:30:00,BT Department,6.33,9.86,1.56,Normal,19,6,1,9.8748,0.014800000000001035,2
2026-08-14 12:30:00,Physics Lab,14.5,264.76,18.26,Suspicious,12,4,0,264.77000000000004,0.010000000000047748,11
2026-08-03 05:30:00,Chemistry Lab,5.92,9.54,1.61,Normal,5,0,0,9.5312,0.00879999999999903,5
2026-07-29 18:50:00,AI Lab,5.91,16.65,2.82,Normal,18,2,0,16.6662,0.016200000000001324,0
2026-07-16 08:00:00,New Seminar Hall,17.38,333.9,19.21,Suspicious,8,3,0,333.8698,0.030199999999979354,10
2026-07-06 04:20:00,CSE Department,5.53,19.54,3.53,Normal,4,0,0,19.5209,0.01909999999999812,4
2026-08-25 06:40:00,Mechanical Lab,5.11,47.06,9.21,Normal,6,1,0,47.063100000000006,0.0031000000000034333,9
2026-07-22 03:50:00,Biotech Department,5.02,7.13,1.42,Normal,3,2,0,7.128399999999999,0.001600000000000712,3
2026-07-27 00:00:00,IT Department,3.37,24.9,7.38,Normal,0,0,0,24.8706,0.029399999999998983,8
2026-07-12 16:40:00,Mechanical Lab,17.73,399.66,22.54,Suspicious,16,6,1,399.6342,0.02580000000000382,9
2026-08-20 21:20:00,AI Lab,6.24,40.64,6.51,Normal,21,3,0,40.6224,0.017600000000001614,0
2026-08-22 19:00:00,AIML Department,3.98,10.02,2.52,Normal,19,5,1,10.0296,0.009600000000000719,1
2026-07-25 08:10:00,Mechanical Lab,6.24,10.2,1.63,Normal,8,5,1,10.171199999999999,0.02880000000000038,9
2026-07-26 04:50:00,AI Lab,2.6,20.14,7.74,Normal,4,6,1,20.124000000000002,0.015999999999998238,0
2026-07-10 07:10:00,HOD Department,4.3,37.98,8.84,Normal,7,4,0,38.012,0.03200000000000358,7
2026-08-02 16:30:00,AI Lab,6.02,44.6,7.4,Normal,16,6,1,44.548,0.0519999999999996,0
2026-08-16 01:30:00,AIML Department,4.83,11.89,2.46,Normal,1,6,1,11.8818,0.00820000000000043,1
2026-08-09 08:00:00,New Seminar Hall,7.59,63.15,8.32,Normal,8,6,1,63.1488,0.0011999999999972033,10
2026-07-14 04:50:00,Physics Lab,3.41,29.87,8.76,Normal,4,1,0,29.8716,0.0015999999999998238,11
2026-08-06 16:00:00,Mechanical Lab,16.15,343.57,21.27,Suspicious,16,3,0,343.5105,0.0595000000000141,9
2026-07-27 11:10:00,Physics Lab,9.96,243.16,24.42,Suspicious,11,0,0,243.22320000000005,0.06320000000005166,11
2026-07-24 06:40:00,Electronics Department,3.77,7.94,2.11,Normal,6,4,0,7.9547,0.014699999999999491,6
2026-08-24 22:10:00,HOD Department,3.55,7.18,2.02,Normal,22,0,0,7.170999999999999,0.009000000000000341,7
2026-08-10 02:30:00,Physics Lab,6.79,15.12,2.23,Normal,2,0,0,15.1417,0.02170000000000094,11
2026-07-27 07:50:00,Chemistry Lab,5.79,17.96,3.1,Normal,7,0,0,17.949,0.010999999999999233,5
2026-07-25 06:10:00,Biotech Department,3.7,27.79,7.51,Normal,6,5,1,27.787,0.0030000000000001137,3
2026-07-15 05:00:00,IT Department,3.13,14.52,4.64,Normal,5,2,0,14.5232,0.0031999999999996476,8
2026-07-05 22:30:00,Biotech Department,6.74,9.04,1.34,Normal,22,6,1,9.031600000000001,0.008399999999998187,3
2026-08-03 12:30:00,HOD Department,4.15,23.67,5.7,Normal,12,0,0,23.655,0.015000000000000568,7
2026-08-07 12:10:00,Mechanical Lab,11.99,204.7,17.08,Suspicious,12,4,0,204.7892,0.08920000000000528,9
2026-08-24 06:20:00,Mechanical Lab,5.55,6.32,1.14,Normal,6,0,0,6.326999999999999,0.006999999999998785,9
2026-07-27 08:40:00,Biotech Department,12.06,161.14,13.36,Suspicious,8,0,0,161.1216,0.01839999999998554,3
2026-07-31 23:30:00,BT Department,5.81,55.01,9.48,Normal,23,4,0,55.0788,0.06880000000000308,2
2026-08-03 06:40:00,CSE Department,3.85,23.13,6.01,Normal,6,0,0,23.1385,0.008500000000001506,4
2026-08-08 17:40:00,IT Department,4.61,15.19,3.29,Normal,17,5,1,15.166900000000002,0.023099999999997678,8
2026-08-09 01:10:00,IT Department,2.5,2.73,1.09,Normal,1,6,1,2.725,0.004999999999999893,8
2026-07-06 06:10:00,BT Department,2.59,15.4,5.96,Normal,6,0,0,15.436399999999999,0.036399999999998656,2
2026-08-22 14:20:00,New Seminar Hall,6.34,51.26,8.09,Normal,14,5,1,51.2906,0.03059999999999974,10
2026-07-10 05:40:00,CSE Department,4.65,45.97,9.88,Normal,5,4,0,45.94200000000001,0.027999999999991587,4
2026-08-11 01:20:00,AIML Department,5.21,24.06,4.62,Normal,1,1,0,24.0702,0.010200000000001097,1
2026-08-05 12:40:00,Chemistry Lab,5.95,32.87,5.53,Normal,12,2,0,32.9035,0.03350000000000364,5
2026-07-19 21:50:00,HOD Department,4.26,16.24,3.81,Normal,21,6,1,16.2306,0.009399999999999409,7
2026-08-17 09:20:00,AIML Department,4.36,21.71,4.98,Normal,9,0,0,21.712800000000005,0.0028000000000041325,1
2026-07-29 07:30:00,HOD Department,3.73,29.01,7.79,Normal,7,2,0,29.0567,0.04669999999999774,7
2026-07-10 09:40:00,HOD Department,3.58,14.33,4.0,Normal,9,4,0,14.32,0.009999999999999787,7
2026-08-08 12:00:00,CSE Department,2.39,23.47,9.82,Normal,12,5,1,23.469800000000003,0.00019999999999598117,4
2026-08-08 13:20:00,BT Department,4.97,7.33,1.48,Normal,13,5,1,7.3556,0.025599999999999845,2
2026-08-21 16:00:00,AIML Department,3.05,6.74,2.21,Normal,16,4,0,6.7405,0.0004999999999997229,1
2026-07-16 20:50:00,Mechanical Lab,6.05,9.14,1.51,Normal,20,3,0,9.1355,0.0045000000000001705,9
2026-07-24 06:20:00,BT Department,5.09,39.6,7.78,Normal,6,4,0,39.6002,0.00019999999999953388,2
2026-08-09 04:00:00,Physics Lab,4.29,17.57,4.09,Normal,4,6,1,17.5461,0.023900000000001143,11
2026-08-22 12:30:00,BT Department,17.66,623.87,35.32,Critical,12,5,1,623.7512,0.11879999999996471,2
2026-07-15 11:40:00,Electronics Department,3.13,18.77,6.0,Normal,11,2,0,18.78,0.010000000000001563,6
2026-07-11 22:50:00,BT Department,3.83,27.72,7.23,Normal,22,5,1,27.690900000000003,0.02909999999999613,2
2026-07-12 21:10:00,Biotech Department,4.73,39.69,8.39,Normal,21,6,1,39.68470000000001,0.005299999999991201,3
2026-08-08 04:20:00,AI Lab,5.71,21.44,3.76,Normal,4,5,1,21.4696,0.029599999999998516,0
2026-08-25 03:40:00,New Seminar Hall,5.57,52.34,9.4,Normal,3,1,0,52.358000000000004,0.018000000000000682,10
2026-08-25 08:30:00,Physics Lab,10.38,225.77,21.75,Suspicious,8,1,0,225.76500000000001,0.0049999999999954525,11
2026-07-26 12:30:00,Physics Lab,5.87,35.57,6.06,Normal,12,6,1,35.572199999999995,0.0021999999999948727,11
2026-08-10 04:30:00,New Seminar Hall,6.56,19.38,2.95,Normal,4,0,0,19.352,0.027999999999998693,10
2026-08-06 01:50:00,IT Department,5.51,46.93,8.51,Normal,1,3,0,46.8901,0.03990000000000293,8
2026-08-04 07:10:00,Biotech Department,4.77,24.16,5.06,Normal,7,1,0,24.136199999999995,0.02380000000000493,3
2026-07-20 00:50:00,Chemistry Lab,6.66,22.36,3.36,Normal,0,0,0,22.3776,0.017600000000001614,5
2026-07-22 14:00:00,Physics Lab,6.59,58.67,8.9,Normal,14,2,0,58.651,0.01899999999999835,11
2026-07-12 10:10:00,AIML Department,3.35,6.4,1.91,Normal,10,6,1,6.3985,0.0015000000000000568,1
2026-08-16 20:40:00,Mechanical Lab,25.68,1804.06,70.24,Critical,20,6,1,1803.7631999999999,0.29680000000007567,9
2026-07-20 06:50:00,Mechanical Lab,16.55,351.38,21.23,Suspicious,6,0,0,351.35650000000004,0.02349999999995589,9
2026-07-19 13:30:00,Biotech Department,12.16,285.16,23.45,Suspicious,13,6,1,285.152,0.008000000000038199,3
2026-08-11 09:50:00,Mechanical Lab,6.1,24.79,4.06,Normal,9,1,0,24.765999999999995,0.024000000000004462,9
2026-07-23 06:10:00,IT Department,3.89,4.03,1.04,Normal,6,3,0,4.0456,0.015600000000000058,8
2026-07-24 08:20:00,CSE Department,3.2,16.76,5.24,Normal,8,4,0,16.768,0.007999999999999119,4
2026-07-13 07:00:00,CSE Department,3.47,25.25,7.28,Normal,7,0,0,25.2616,0.011600000000001387,4
2026-08-06 23:50:00,Chemistry Lab,5.47,43.22,7.9,Normal,23,3,0,43.213,0.006999999999997897,5
2026-08-16 15:20:00,New Seminar Hall,6.76,35.45,5.24,Normal,15,6,1,35.4224,0.027599999999999625,10
2026-07-08 16:30:00,AIML Department,3.2,19.0,5.95,Normal,16,2,0,19.040000000000003,0.0400000000000027,1
2026-08-02 12:40:00,Physics Lab,5.74,26.92,4.69,Normal,12,6,1,26.920600000000004,0.0006000000000021544,11
2026-07-23 20:20:00,AIML Department,3.09,17.88,5.79,Normal,20,3,0,17.891099999999998,0.011099999999999,1
2026-07-12 23:40:00,AIML Department,4.35,29.44,6.77,Normal,23,6,1,29.449499999999997,0.009499999999995623,1
2026-08-18 04:40:00,IT Department,4.3,42.07,9.78,Normal,4,1,0,42.053999999999995,0.016000000000005343,8
2026-08-14 14:20:00,Physics Lab,5.53,37.33,6.76,Normal,14,4,0,37.3828,0.05280000000000484,11
2026-08-22 22:20:00,BT Department,4.88,21.86,4.48,Normal,22,5,1,21.8624,0.002400000000001512,2
2026-08-16 08:40:00,Mechanical Lab,4.83,19.88,4.11,Normal,8,6,1,19.851300000000002,0.02869999999999706,9
2026-07-13 12:50:00,New Seminar Hall,7.37,24.8,3.37,Normal,12,0,0,24.8369,0.03689999999999927,10
2026-08-12 03:10:00,Biotech Department,7.58,26.3,3.47,Normal,3,2,0,26.3026,0.002600000000001046,3
2026-07-30 10:30:00,CSE Department,13.79,618.03,44.83,Critical,10,3,0,618.2057,0.17570000000000618,4
2026-08-05 20:40:00,Biotech Department,4.09,20.37,4.98,Normal,20,2,0,20.3682,0.0017999999999993577,3
2026-07-05 05:50:00,AIML Department,4.15,29.43,7.09,Normal,5,6,1,29.4235,0.006499999999999062,1
2026-08-21 18:40:00,New Seminar Hall,6.59,47.15,7.16,Normal,18,4,0,47.1844,0.03439999999999799,10
2026-07-20 17:00:00,BT Department,19.03,785.59,41.28,Critical,17,0,0,785.5584000000001,0.03159999999991214,2
2026-07-07 07:50:00,Physics Lab,5.48,13.16,2.4,Normal,7,1,0,13.152000000000001,0.007999999999999119,11
2026-08-24 02:20:00,CSE Department,9.4,123.89,13.18,Suspicious,2,0,0,123.892,0.001999999999995339,4
2026-07-11 15:20:00,Chemistry Lab,4.64,10.91,2.35,Normal,15,5,1,10.904,0.006000000000000227,5
2026-08-19 04:30:00,HOD Department,4.37,15.02,3.43,Normal,4,2,0,14.9891,0.03089999999999904,7
2026-08-23 22:50:00,New Seminar Hall,5.76,10.36,1.8,Normal,22,6,1,10.368,0.008000000000000895,10
2026-08-11 20:10:00,CSE Department,15.46,1151.88,74.5,Critical,20,1,0,1151.77,0.11000000000012733,4
2026-08-05 23:40:00,HOD Department,3.19,18.55,5.81,Normal,23,2,0,18.5339,0.016100000000001558,7
2026-07-02 18:20:00,Electronics Department,4.21,39.45,9.37,Normal,18,3,0,39.4477,0.002300000000005298,6
2026-08-01 12:00:00,Biotech Department,5.35,10.49,1.96,Normal,12,5,1,10.485999999999999,0.004000000000001336,3
2026-08-18 12:20:00,New Seminar Hall,6.46,14.81,2.29,Normal,12,1,0,14.7934,0.016600000000000392,10
2026-07-07 09:00:00,HOD Department,3.06,19.97,6.54,Normal,9,1,0,20.0124,0.04240000000000066,7
2026-08-01 12:50:00,IT Department,13.52,824.38,60.97,Critical,12,5,1,824.3144,0.06560000000001764,8
2026-08-18 07:40:00,New Seminar Hall,12.74,378.38,29.7,Suspicious,7,1,0,378.378,0.0020000000000095497,10
2026-07-04 19:40:00,Mechanical Lab,13.76,303.26,22.04,Suspicious,19,5,1,303.2704,0.010400000000004184,9
2026-08-21 14:50:00,Electronics Department,3.92,6.99,1.79,Normal,14,4,0,7.0168,0.026799999999999713,6
2026-07-08 11:20:00,Physics Lab,5.96,55.66,9.34,Normal,11,2,0,55.666399999999996,0.006399999999999295,11
2026-07-28 00:00:00,Mechanical Lab,5.57,21.2,3.81,Normal,0,1,0,21.221700000000002,0.021700000000002717,9
2026-07-20 00:20:00,New Seminar Hall,6.94,29.63,4.27,Normal,0,0,0,29.633799999999997,0.0037999999999982492,10
2026-08-09 02:10:00,Chemistry Lab,5.46,33.66,6.16,Normal,2,6,1,33.6336,0.026399999999995316,5
2026-08-17 06:00:00,AIML Department,2.31,16.68,7.21,Normal,6,0,0,16.6551,0.024899999999998812,1
2026-08-05 10:40:00,BT Department,3.37,23.16,6.87,Normal,10,2,0,23.1519,0.008099999999998886,2
2026-07-12 05:40:00,Mechanical Lab,7.76,31.67,4.08,Normal,5,6,1,31.6608,0.009200000000003428,9
2026-07-20 14:10:00,New Seminar Hall,29.98,1148.82,38.32,Critical,14,0,0,1148.8336,0.013599999999996726,10
2026-08-11 22:30:00,New Seminar Hall,6.04,39.06,6.47,Normal,22,1,0,39.0788,0.018799999999998818,10
2026-07-20 07:10:00,Chemistry Lab,4.25,16.5,3.88,Normal,7,0,0,16.49,0.010000000000001563,5
2026-08-13 16:20:00,HOD Department,4.39,15.66,3.57,Normal,16,3,0,15.672299999999998,0.01229999999999798,7
2026-07-06 22:00:00,IT Department,2.21,6.64,3.01,Normal,22,0,0,6.652099999999999,0.012099999999999334,8
2026-08-10 22:30:00,AIML Department,3.28,5.84,1.78,Normal,22,0,0,5.8384,0.0015999999999998238,1
2026-07-26 15:30:00,CSE Department,2.63,8.71,3.31,Normal,15,6,1,8.7053,0.004700000000001481,4
2026-07-18 09:00:00,Physics Lab,4.42,11.8,2.67,Normal,9,5,1,11.8014,0.0013999999999985135,11
2026-08-02 06:20:00,Electronics Department,2.77,17.31,6.24,Normal,6,6,1,17.2848,0.025199999999998113,6
2026-08-20 10:30:00,HOD Department,4.7,37.3,7.94,Normal,10,3,0,37.318000000000005,0.018000000000007788,7
2026-07-22 21:20:00,Physics Lab,5.08,19.13,3.77,Normal,21,2,0,19.151600000000002,0.02160000000000295,11
2026-08-19 10:50:00,BT Department,4.77,28.47,5.97,Normal,10,2,0,28.476899999999997,0.00689999999999813,2
2026-08-04 04:30:00,Biotech Department,4.49,11.23,2.5,Normal,4,1,0,11.225000000000001,0.004999999999999005,3
2026-08-11 17:10:00,Mechanical Lab,4.51,18.95,4.2,Normal,17,1,0,18.942,0.007999999999999119,9
2026-07-02 17:20:00,Mechanical Lab,4.81,16.2,3.37,Normal,17,3,0,16.209699999999998,0.00969999999999871,9
2026-08-13 22:20:00,AI Lab,3.86,16.26,4.22,Normal,22,3,0,16.289199999999997,0.029199999999995896,0
2026-07-22 20:30:00,BT Department,5.52,11.56,2.09,Normal,20,2,0,11.536799999999998,0.023200000000002774,2
2026-08-13 06:40:00,Electronics Department,3.26,10.51,3.22,Normal,6,3,0,10.4972,0.012800000000000367,6
2026-08-20 01:30:00,Biotech Department,4.68,27.54,5.88,Normal,1,3,0,27.518399999999996,0.02160000000000295,3
2026-07-17 03:40:00,Chemistry Lab,6.8,63.76,9.38,Normal,3,4,0,63.784000000000006,0.024000000000008015,5
2026-07-26 01:30:00,BT Department,5.45,34.61,6.35,Normal,1,6,1,34.6075,0.0024999999999977263,2
2026-08-11 06:00:00,Biotech Department,6.15,14.25,2.32,Normal,6,1,0,14.268,0.018000000000000682,3
2026-08-01 09:40:00,HOD Department,4.72,20.99,4.44,Normal,9,5,1,20.9568,0.03319999999999723,7
2026-08-15 00:00:00,HOD Department,7.9,132.16,16.73,Suspicious,0,5,1,132.167,0.007000000000005002,7
2026-08-01 16:20:00,New Seminar Hall,6.78,65.88,9.72,Normal,16,5,1,65.9016,0.021600000000006503,10
2026-08-10 13:40:00,New Seminar Hall,14.58,387.54,26.59,Suspicious,13,0,0,387.6822,0.14220000000000255,10
2026-07-04 01:10:00,Biotech Department,4.08,18.9,4.64,Normal,1,5,1,18.9312,0.031200000000001893,3
2026-08-17 02:40:00,Electronics Department,4.04,13.92,3.44,Normal,2,0,0,13.8976,0.02239999999999931,6
2026-08-09 08:20:00,AIML Department,15.84,782.8,49.42,Critical,8,6,1,782.8128,0.012800000000083855,1
2026-08-06 20:20:00,Electronics Department,11.78,192.99,16.38,Suspicious,20,3,0,192.95639999999997,0.03360000000003538,6
2026-08-20 13:00:00,Mechanical Lab,7.45,11.44,1.54,Normal,13,3,0,11.473,0.03300000000000125,9
2026-07-11 17:10:00,AI Lab,4.45,38.96,8.75,Normal,17,5,1,38.9375,0.022500000000000853,0
2026-07-20 01:10:00,HOD Department,2.3,8.1,3.53,Normal,1,0,0,8.119,0.019000000000000128,7
2026-07-15 09:50:00,Electronics Department,4.43,17.63,3.98,Normal,9,2,0,17.6314,0.00140000000000029,6
2026-08-06 18:40:00,Biotech Department,5.68,12.74,2.24,Normal,18,3,0,12.7232,0.016799999999999926,3
2026-08-08 06:30:00,Biotech Department,5.42,21.24,3.92,Normal,6,5,1,21.246399999999998,0.006399999999999295,3
2026-07-19 04:00:00,Mechanical Lab,10.54,35.5,3.37,Normal,4,6,1,35.5198,0.019799999999996487,9
2026-07-01 18:40:00,Mechanical Lab,6.36,33.01,5.19,Normal,18,2,0,33.0084,0.001599999999996271,9
2026-07-28 07:20:00,New Seminar Hall,5.74,30.9,5.39,Normal,7,1,0,30.9386,0.03860000000000241,10
2026-07-15 15:40:00,AIML Department,4.05,37.71,9.31,Normal,15,2,0,37.7055,0.0045000000000001705,1
2026-08-06 23:20:00,New Seminar Hall,28.45,1171.49,41.18,Critical,23,3,0,1171.571,0.0809999999999036,10
2026-08-20 09:20:00,CSE Department,4.48,4.77,1.06,Normal,9,3,0,4.748800000000001,0.021199999999998553,4
2026-07-04 18:00:00,Physics Lab,4.83,19.93,4.13,Normal,18,5,1,19.9479,0.017900000000000915,11
2026-07-03 23:10:00,New Seminar Hall,5.52,46.71,8.46,Normal,23,4,0,46.6992,0.010800000000003251,10
2026-08-14 07:10:00,HOD Department,8.84,115.58,13.07,Suspicious,7,4,0,115.5388,0.041200000000003456,7
2026-08-04 01:50:00,AI Lab,6.14,24.28,3.95,Normal,1,1,0,24.253,0.027000000000001023,0
2026-08-14 12:00:00,Chemistry Lab,1.07,5.3,4.94,Normal,12,4,0,5.285800000000001,0.01419999999999888,5
2026-07-29 01:30:00,Electronics Department,5.51,21.5,3.9,Normal,1,2,0,21.488999999999997,0.011000000000002785,6
2026-08-04 06:30:00,Biotech Department,5.58,40.71,7.29,Normal,6,1,0,40.678200000000004,0.03179999999999694,3
2026-07-08 19:20:00,Mechanical Lab,6.14,53.53,8.71,Normal,19,2,0,53.479400000000005,0.05059999999999576,9
2026-07-07 10:20:00,Chemistry Lab,6.45,10.23,1.59,Normal,10,1,0,10.255500000000001,0.025500000000000966,5
2026-07-03 16:10:00,CSE Department,3.09,20.57,6.66,Normal,16,4,0,20.5794,0.009399999999999409,4
2026-08-17 23:50:00,Biotech Department,23.16,948.3,40.94,Critical,23,0,0,948.1704,0.12959999999998217,3
2026-08-15 01:10:00,Chemistry Lab,6.67,9.22,1.38,Normal,1,5,1,9.2046,0.015400000000001413,5
2026-08-24 23:30:00,CSE Department,2.33,14.28,6.14,Normal,23,0,0,14.3062,0.02620000000000111,4
2026-07-08 09:20:00,Chemistry Lab,4.27,15.66,3.67,Normal,9,2,0,15.670899999999998,0.01089999999999769,5
2026-07-10 04:30:00,AI Lab,6.78,26.71,3.94,Normal,4,4,0,26.7132,0.0031999999999996476,0
2026-07-27 17:00:00,HOD Department,7.52,196.61,26.14,Suspicious,17,0,0,196.5728,0.03720000000001278,7
2026-08-23 07:30:00,Physics Lab,7.47,36.78,4.92,Normal,7,6,1,36.7524,0.027599999999999625,11
2026-08-01 22:30:00,New Seminar Hall,4.57,6.95,1.52,Normal,22,5,1,6.946400000000001,0.0035999999999996035,10
2026-07-24 13:00:00,IT Department,5.11,5.61,1.1,Normal,13,4,0,5.621,0.01100000000000012,8
2026-08-04 10:30:00,Biotech Department,4.71,5.94,1.26,Normal,10,1,0,5.9346,0.0054000000000007375,3
2026-08-14 20:50:00,CSE Department,13.76,557.89,40.55,Critical,20,4,0,557.968,0.07799999999997453,4
2026-07-08 05:50:00,Biotech Department,4.38,34.63,7.9,Normal,5,2,0,34.602000000000004,0.027999999999998693,3
2026-07-15 02:10:00,Physics Lab,5.99,20.08,3.35,Normal,2,2,0,20.0665,0.013499999999996959,11
2026-07-31 04:10:00,AIML Department,3.65,23.08,6.33,Normal,4,4,0,23.104499999999998,0.024499999999999744,1
2026-07-02 10:50:00,Electronics Department,5.63,28.35,5.04,Normal,10,3,0,28.3752,0.025199999999998113,6
2026-08-09 17:50:00,Physics Lab,6.3,40.93,6.5,Normal,17,6,1,40.949999999999996,0.01999999999999602,11
2026-08-18 01:30:00,IT Department,15.68,923.45,58.9,Critical,1,1,0,923.5519999999999,0.10199999999986176,8
2026-08-15 18:50:00,New Seminar Hall,7.13,40.58,5.69,Normal,18,5,1,40.569700000000005,0.010299999999993759,10
2026-08-03 15:40:00,Biotech Department,5.51,39.61,7.19,Normal,15,0,0,39.6169,0.0069000000000016826,3
2026-07-11 18:00:00,New Seminar Hall,12.03,285.36,23.73,Suspicious,18,5,1,285.4719,0.11189999999999145,10
2026-07-28 00:30:00,Electronics Department,4.52,28.68,6.35,Normal,0,1,0,28.701999999999995,0.021999999999994913,6
2026-08-06 14:50:00,Biotech Department,4.96,6.83,1.37,Normal,14,3,0,6.7952,0.03479999999999972,3
2026-07-19 11:30:00,Biotech Department,3.73,13.72,3.68,Normal,11,6,1,13.7264,0.006399999999999295,3
2026-07-25 08:50:00,CSE Department,3.03,23.84,7.87,Normal,8,5,1,23.8461,0.006099999999999994,4
2026-07-08 10:10:00,HOD Department,4.97,10.81,2.17,Normal,10,2,0,10.784899999999999,0.0251000000000019,7
2026-07-22 16:10:00,BT Department,5.85,30.29,5.18,Normal,16,2,0,30.302999999999997,0.012999999999998124,2
2026-08-22 19:10:00,Mechanical Lab,5.0,33.35,6.67,Normal,19,5,1,33.35,0.0,9
2026-07-28 17:10:00,Biotech Department,6.27,14.97,2.39,Normal,17,1,0,14.9853,0.01529999999999987,3
2026-07-12 08:10:00,AI Lab,5.54,10.21,1.84,Normal,8,6,1,10.1936,0.01640000000000086,0
2026-07-14 21:50:00,Chemistry Lab,15.89,189.55,11.93,Suspicious,21,1,0,189.5677,0.017699999999990723,5
2026-07-23 05:20:00,New Seminar Hall,8.66,35.2,4.06,Normal,5,3,0,35.1596,0.04040000000000532,10
2026-08-14 10:10:00,BT Department,6.73,63.78,9.47,Normal,10,4,0,63.73310000000001,0.046899999999993724,2
2026-07-01 13:40:00,Chemistry Lab,5.93,24.83,4.19,Normal,13,2,0,24.846700000000002,0.016700000000003712,5
2026-07-29 05:00:00,BT Department,3.51,12.63,3.6,Normal,5,2,0,12.636,0.005999999999998451,2
2026-07-06 17:10:00,Chemistry Lab,6.81,16.06,2.36,Normal,17,0,0,16.071599999999997,0.011599999999997834,5
2026-07-19 02:00:00,AI Lab,5.49,37.48,6.83,Normal,2,6,1,37.496700000000004,0.016700000000007265,0
2026-08-23 01:50:00,Biotech Department,5.99,37.75,6.31,Normal,1,6,1,37.7969,0.04690000000000083,3
2026-07-11 14:20:00,IT Department,5.2,27.09,5.21,Normal,14,5,1,27.092000000000002,0.0020000000000024443,8
2026-08-19 15:10:00,Chemistry Lab,4.78,27.06,5.66,Normal,15,2,0,27.054800000000004,0.005199999999994986,5
2026-08-08 10:20:00,Biotech Department,3.86,15.34,3.97,Normal,10,5,1,15.3242,0.01580000000000048,3
2026-08-13 15:10:00,AI Lab,4.82,22.26,4.62,Normal,15,3,0,22.268400000000003,0.00840000000000174,0
2026-07-10 19:10:00,BT Department,4.58,38.62,8.43,Normal,19,4,0,38.6094,0.010599999999996612,2
2026-08-19 05:30:00,AI Lab,18.55,1296.56,69.91,Critical,5,2,0,1296.8305,0.2705000000000837,0
2026-07-19 11:20:00,Mechanical Lab,5.52,28.6,5.18,Normal,11,6,1,28.593599999999995,0.006400000000006401,9
2026-08-22 12:10:00,CSE Department,6.27,53.93,8.61,Normal,12,5,1,53.98469999999999,0.05469999999998976,4
2026-07-20 22:40:00,Chemistry Lab,5.6,18.22,3.26,Normal,22,0,0,18.255999999999997,0.03599999999999781,5
2026-07-15 12:10:00,Electronics Department,3.08,18.94,6.16,Normal,12,2,0,18.9728,0.032799999999998164,6
2026-07-03 00:10:00,Chemistry Lab,5.37,32.88,6.12,Normal,0,4,0,32.8644,0.01559999999999917,5
2026-07-15 15:30:00,Mechanical Lab,6.97,42.91,6.15,Normal,15,2,0,42.865500000000004,0.04449999999999221,9
2026-07-17 17:50:00,Electronics Department,4.92,20.88,4.24,Normal,17,4,0,20.8608,0.019199999999997885,6
2026-07-05 12:00:00,CSE Department,3.3,29.45,8.92,Normal,12,6,1,29.436,0.013999999999999346,4
2026-07-18 05:50:00,Biotech Department,3.85,10.62,2.76,Normal,5,5,1,10.626,0.006000000000000227,3
2026-08-07 18:50:00,Mechanical Lab,7.31,18.09,2.47,Normal,18,4,0,18.0557,0.03429999999999822,9
2026-08-14 03:40:00,New Seminar Hall,6.67,50.9,7.63,Normal,3,4,0,50.8921,0.007899999999999352,10
2026-07-21 09:20:00,IT Department,2.81,5.13,1.82,Normal,9,1,0,5.1142,0.015799999999999592,8
2026-08-13 03:20:00,Mechanical Lab,6.17,46.59,7.55,Normal,3,3,0,46.5835,0.006500000000002615,9
2026-07-05 19:40:00,Mechanical Lab,3.84,22.43,5.84,Normal,19,6,1,22.4256,0.004400000000000404,9
2026-07-28 08:20:00,BT Department,4.93,15.65,3.17,Normal,8,1,0,15.628099999999998,0.02190000000000225,2
2026-07-26 00:40:00,Mechanical Lab,5.42,43.36,8.0,Normal,0,6,1,43.36,0.0,9
2026-07-23 13:40:00,Biotech Department,5.14,20.08,3.91,Normal,13,3,0,20.0974,0.01740000000000208,3
2026-07-11 22:40:00,New Seminar Hall,6.83,34.82,5.1,Normal,22,5,1,34.833,0.012999999999998124,10
2026-08-18 18:30:00,HOD Department,6.76,195.18,28.86,Suspicious,18,1,0,195.09359999999998,0.08640000000002601,7
2026-07-10 03:10:00,Physics Lab,4.27,4.74,1.11,Normal,3,4,0,4.7397,0.000300000000000189,11
2026-08-24 01:00:00,HOD Department,3.52,22.66,6.44,Normal,1,0,0,22.6688,0.008800000000000807,7
2026-07-14 12:30:00,HOD Department,3.55,11.07,3.12,Normal,12,1,0,11.076,0.006000000000000227,7
2026-08-02 16:20:00,Physics Lab,5.43,12.42,2.29,Normal,16,6,1,12.4347,0.014699999999999491,11
2026-07-22 04:50:00,HOD Department,2.88,19.99,6.95,Normal,4,2,0,20.016,0.0259999999999998,7
2026-07-20 07:40:00,BT Department,5.05,31.05,6.15,Normal,7,0,0,31.0575,0.007500000000000284,2
2026-08-19 15:30:00,Mechanical Lab,6.15,52.01,8.46,Normal,15,2,0,52.02900000000001,0.019000000000012562,9
2026-07-02 15:30:00,AI Lab,4.54,28.12,6.2,Normal,15,3,0,28.148,0.027999999999998693,0
2026-07-13 21:00:00,AIML Department,4.26,28.24,6.62,Normal,21,0,0,28.2012,0.03879999999999839,1
2026-07-08 02:30:00,HOD Department,3.76,30.41,8.08,Normal,2,2,0,30.380799999999997,0.029200000000003,7
2026-07-20 09:50:00,IT Department,3.7,29.86,8.06,Normal,9,0,0,29.822000000000003,0.0379999999999967,8
2026-08-23 09:50:00,HOD Department,3.86,24.63,6.39,Normal,9,6,1,24.665399999999998,0.03539999999999921,7
2026-07-15 13:10:00,Physics Lab,3.61,19.78,5.47,Normal,13,2,0,19.746699999999997,0.033300000000004104,11
2026-08-24 20:10:00,New Seminar Hall,3.97,13.2,3.32,Normal,20,0,0,13.1804,0.01959999999999873,10
2026-07-19 02:20:00,AI Lab,6.79,11.97,1.76,Normal,2,6,1,11.9504,0.019600000000000506,0
2026-07-08 20:20:00,AIML Department,5.37,7.25,1.35,Normal,20,2,0,7.2495,0.0004999999999997229,1
2026-07-04 15:00:00,Mechanical Lab,7.84,61.61,7.86,Normal,15,5,1,61.6224,0.012399999999999523,9
2026-08-24 00:00:00,Physics Lab,6.12,28.99,4.73,Normal,0,0,0,28.947600000000005,0.042399999999993554,11
2026-07-21 12:00:00,New Seminar Hall,6.31,43.12,6.83,Normal,12,1,0,43.0973,0.022700000000000387,10
2026-08-03 23:10:00,Physics Lab,6.24,21.92,3.51,Normal,23,0,0,21.9024,0.017600000000001614,11
2026-08-14 18:00:00,New Seminar Hall,5.75,53.83,9.35,Normal,18,4,0,53.762499999999996,0.06750000000000256,10
2026-07-29 22:10:00,AI Lab,5.14,11.19,2.18,Normal,22,2,0,11.2052,0.015200000000000102,0
2026-07-24 20:10:00,CSE Department,4.45,17.48,3.93,Normal,20,4,0,17.488500000000002,0.008500000000001506,4
2026-08-01 23:10:00,IT Department,4.29,24.91,5.81,Normal,23,5,1,24.924899999999997,0.014899999999997249,8
2026-07-09 13:20:00,Chemistry Lab,11.3,131.21,11.61,Suspicious,13,3,0,131.193,0.016999999999995907,5
2026-08-14 22:00:00,CSE Department,4.0,33.94,8.49,Normal,22,4,0,33.96,0.020000000000003126,4
2026-08-05 09:50:00,BT Department,4.37,18.77,4.3,Normal,9,2,0,18.791,0.021000000000000796,2
2026-08-07 05:10:00,Chemistry Lab,5.06,45.71,9.03,Normal,5,4,0,45.69179999999999,0.01820000000000732,5
2026-07-18 05:30:00,AIML Department,10.94,273.3,24.97,Suspicious,5,5,1,273.17179999999996,0.12820000000004939,1
2026-08-18 14:10:00,IT Department,5.0,31.09,6.22,Normal,14,1,0,31.099999999999998,0.00999999999999801,8
2026-08-22 23:30:00,AIML Department,4.72,16.36,3.47,Normal,23,5,1,16.3784,0.01839999999999975,1
2026-08-09 07:10:00,Chemistry Lab,5.63,54.66,9.71,Normal,7,6,1,54.667300000000004,0.007300000000007856,5
2026-07-17 22:30:00,AIML Department,1.35,11.54,8.54,Normal,22,4,0,11.529,0.010999999999999233,1
2026-07-06 16:10:00,HOD Department,4.36,4.71,1.08,Normal,16,0,0,4.708800000000001,0.0011999999999989797,7
2026-08-22 06:00:00,AIML Department,7.86,82.15,10.46,Suspicious,6,5,1,82.21560000000001,0.06560000000000343,1
2026-07-13 00:50:00,AI Lab,4.41,21.68,4.91,Normal,0,0,0,21.653100000000002,0.026899999999997704,0
2026-07-02 05:40:00,HOD Department,3.69,26.06,7.06,Normal,5,3,0,26.051399999999997,0.008600000000001273,7
2026-08-24 17:10:00,Electronics Department,5.12,12.16,2.38,Normal,17,0,0,12.185599999999999,0.025599999999998957,6
2026-07-21 14:30:00,Mechanical Lab,4.9,42.72,8.72,Normal,14,1,0,42.72800000000001,0.008000000000009777,9
2026-07-23 08:30:00,BT Department,2.79,4.34,1.56,Normal,8,3,0,4.3524,0.01240000000000041,2
2026-07-25 06:00:00,New Seminar Hall,5.69,10.54,1.85,Normal,6,5,1,10.5265,0.013499999999998735,10
2026-08-13 14:30:00,IT Department,3.6,7.82,2.17,Normal,14,3,0,7.812,0.008000000000000007,8
2026-08-09 01:40:00,Biotech Department,4.61,13.13,2.85,Normal,1,6,1,13.1385,0.00849999999999973,3
2026-08-01 01:40:00,New Seminar Hall,5.67,29.87,5.27,Normal,1,5,1,29.880899999999997,0.010899999999995913,10
2026-08-07 09:00:00,Physics Lab,5.4,17.49,3.24,Normal,9,4,0,17.496000000000002,0.00600000000000378,11
2026-07-04 13:40:00,Physics Lab,25.13,1439.61,57.28,Critical,13,5,1,1439.4464,0.1635999999998603,11
2026-08-13 20:10:00,Biotech Department,4.37,30.27,6.93,Normal,20,3,0,30.2841,0.014099999999999113,3
2026-08-10 03:40:00,New Seminar Hall,5.29,49.06,9.27,Normal,3,0,0,49.0383,0.021700000000002717,10
2026-07-22 19:20:00,AIML Department,9.78,244.24,24.98,Suspicious,19,2,0,244.3044,0.06439999999997781,1
2026-07-27 12:40:00,Chemistry Lab,4.19,30.27,7.22,Normal,12,0,0,30.251800000000003,0.018199999999996663,5
2026-08-06 09:10:00,BT Department,17.44,1185.31,67.95,Critical,9,3,0,1185.0480000000002,0.26199999999971624,2
2026-08-06 15:00:00,IT Department,5.73,13.73,2.4,Normal,15,3,0,13.752,0.02200000000000024,8
2026-08-07 18:20:00,BT Department,5.23,30.54,5.84,Normal,18,4,0,30.543200000000002,0.0032000000000032003,2
2026-07-07 07:20:00,CSE Department,3.82,8.23,2.16,Normal,7,1,0,8.2512,0.02120000000000033,4
2026-08-23 03:10:00,Physics Lab,4.6,33.48,7.28,Normal,3,6,1,33.488,0.008000000000002672,11
2026-08-20 19:40:00,CSE Department,2.91,10.23,3.52,Normal,19,3,0,10.2432,0.013199999999999434,4
