timestamp,zone,flow_rate_lpm,consumption_liters,duration_min,scenario
2026-07-16 17:10:00,AI Lab,4.76,5.38,1.13,Normal
2026-07-19 06:20:00,AIML Department,4.06,22.92,5.64,Normal
2026-07-12 21:00:00,HOD Department,3.56,20.34,5.71,Normal
2026-07-22 08:30:00,HOD Department,3.17,12.23,3.86,Normal
2026-07-31 11:50:00,BT Department,3.15,17.44,5.54,Normal
2026-07-19 22:40:00,Mechanical Lab,6.33,27.33,4.32,Normal
2026-07-13 14:10:00,AIML Department,4.35,26.17,6.01,Normal
2026-07-09 03:10:00,HOD Department,4.63,40.52,8.76,Normal
2026-07-29 11:40:00,Physics Lab,4.65,20.97,4.51,Normal
2026-07-27 10:50:00,IT Department,4.11,21.36,5.2,Normal
2026-07-11 23:50:00,AI Lab,4.87,21.39,4.4,Normal
2026-07-21 18:40:00,AI Lab,6.41,42.28,6.59,Normal
2026-07-22 01:50:00,Physics Lab,4.98,12.54,2.52,Normal
2026-07-31 03:10:00,Electronics Department,3.5,31.46,8.98,Normal
2026-07-31 11:40:00,Electronics Department,4.72,13.73,2.91,Normal
2026-08-01 01:20:00,AI Lab,24.81,1482.62,59.77,Critical
2026-08-25 11:30:00,BT Department,22.42,1015.45,45.29,Critical
2026-08-05 00:50:00,AIML Department,4.95,36.2,7.32,Normal
2026-07-20 10:00:00,CSE Department,11.21,174.04,15.53,Suspicious
2026-07-17 07:40:00,Physics Lab,15.15,201.05,13.27,Suspicious
2026-07-28 15:20:00,Physics Lab,5.65,27.15,4.81,Normal
2026-08-11 16:40:00,Mechanical Lab,5.33,23.92,4.48,Normal
2026-08-12 21:50:00,AI Lab,4.5,24.09,5.35,Normal
2026-08-23 02:00:00,Biotech Department,4.69,40.58,8.65,Normal
2026-07-06 20:20:00,BT Department,13.26,359.79,27.13,Suspicious
2026-07-23 07:10:00,Physics Lab,11.16,212.45,19.04,Suspicious
2026-08-25 11:20:00,New Seminar Hall,5.73,40.02,6.99,Normal
2026-07-23 10:10:00,Mechanical Lab,3.54,10.69,3.02,Normal
2026-07-06 15:10:00,Physics Lab,13.48,219.52,16.28,Suspicious
2026-07-22 17:00:00,Biotech Department,7.08,21.38,3.02,Normal
2026-07-06 23:10:00,CSE Department,18.32,675.41,36.87,Critical
2026-08-20 17:50:00,Chemistry Lab,5.86,49.12,8.39,Normal
2026-08-18 11:10:00,Physics Lab,2.75,23.14,8.42,Normal
2026-07-12 13:40:00,AIML Department,14.11,820.61,58.18,Critical
2026-08-17 17:40:00,AI Lab,7.06,14.14,2.0,Normal
2026-07-08 13:40:00,CSE Department,5.21,24.05,4.61,Normal
2026-08-07 06:20:00,BT Department,17.92,1612.53,89.98,Critical
2026-08-03 15:00:00,BT Department,13.36,285.98,21.41,Suspicious
2026-07-04 17:10:00,BT Department,6.76,24.23,3.59,Normal
2026-07-08 09:30:00,Electronics Department,4.29,26.31,6.13,Normal
2026-07-20 21:10:00,BT Department,4.97,19.88,4.0,Normal
2026-07-20 04:40:00,HOD Department,3.6,8.88,2.47,Normal
2026-08-07 13:50:00,CSE Department,2.94,25.52,8.67,Normal
2026-07-21 16:10:00,BT Department,2.76,22.61,8.18,Normal
2026-07-24 16:20:00,CSE Department,4.03,36.79,9.13,Normal
2026-08-06 04:50:00,Electronics Department,3.99,16.29,4.08,Normal
2026-07-08 19:10:00,Mechanical Lab,6.65,20.56,3.09,Normal
2026-08-14 18:20:00,Physics Lab,5.95,33.56,5.64,Normal
2026-08-04 22:10:00,AI Lab,11.59,133.44,11.51,Suspicious
2026-08-13 14:00:00,HOD Department,4.29,7.5,1.75,Normal
2026-07-21 14:50:00,IT Department,5.55,5.61,1.01,Normal
2026-07-29 05:50:00,Biotech Department,5.82,51.81,8.91,Normal
2026-07-31 09:50:00,Chemistry Lab,16.01,252.89,15.8,Suspicious
2026-08-18 22:30:00,Electronics Department,5.16,35.6,6.9,Normal
2026-07-10 12:20:00,CSE Department,4.1,34.59,8.43,Normal
2026-08-24 00:30:00,BT Department,4.46,5.75,1.29,Normal
2026-07-16 23:20:00,IT Department,3.27,14.91,4.55,Normal
2026-08-16 13:00:00,IT Department,3.37,27.98,8.3,Normal
2026-08-20 15:20:00,Electronics Department,3.28,19.17,5.84,Normal
2026-07-07 08:20:00,Physics Lab,12.51,363.94,29.08,Suspicious
2026-08-09 03:50:00,IT Department,4.98,15.67,3.15,Normal
2026-07-18 10:50:00,HOD Department,2.65,4.82,1.82,Normal
2026-07-04 13:30:00,Mechanical Lab,5.41,10.05,1.86,Normal
2026-07-21 08:20:00,Electronics Department,9.38,201.68,21.51,Suspicious
2026-08-04 18:50:00,AI Lab,11.58,297.85,25.72,Suspicious
2026-08-19 05:40:00,HOD Department,3.23,24.53,7.6,Normal
2026-08-13 16:00:00,Chemistry Lab,5.77,25.86,4.49,Normal
2026-08-08 03:50:00,BT Department,3.52,23.88,6.78,Normal
2026-07-11 18:20:00,IT Department,3.7,29.18,7.88,Normal
2026-07-28 12:30:00,Electronics Department,5.18,22.36,4.32,Normal
2026-07-23 23:40:00,AIML Department,5.83,41.75,7.16,Normal
2026-07-03 03:50:00,IT Department,10.2,256.83,25.17,Suspicious
2026-07-27 18:20:00,Biotech Department,5.54,5.83,1.05,Normal
2026-07-29 16:40:00,Electronics Department,12.08,284.36,23.55,Suspicious
2026-08-24 18:30:00,Chemistry Lab,5.38,11.75,2.18,Normal
2026-07-13 21:50:00,Electronics Department,3.4,10.07,2.96,Normal
2026-07-09 06:40:00,Chemistry Lab,5.36,13.23,2.47,Normal
2026-08-10 19:10:00,IT Department,5.59,36.44,6.51,Normal
2026-07-16 06:10:00,HOD Department,4.49,44.12,9.83,Normal
2026-07-28 14:50:00,CSE Department,4.11,6.42,1.56,Normal
2026-08-14 05:10:00,Biotech Department,5.17,19.18,3.71,Normal
2026-07-24 04:20:00,CSE Department,3.87,21.41,5.53,Normal
2026-07-06 01:40:00,AIML Department,8.23,180.12,21.87,Suspicious
2026-07-21 01:20:00,CSE Department,2.63,25.81,9.83,Normal
2026-07-08 07:00:00,HOD Department,2.72,7.23,2.66,Normal
2026-08-17 05:50:00,AI Lab,6.5,53.42,8.21,Normal
2026-08-05 22:50:00,New Seminar Hall,7.55,73.15,9.69,Normal
2026-07-31 03:00:00,Physics Lab,6.34,34.05,5.37,Normal
2026-07-16 10:10:00,CSE Department,3.23,27.47,8.51,Normal
2026-07-04 16:30:00,HOD Department,3.76,18.75,4.99,Normal
2026-07-27 19:30:00,BT Department,4.98,18.89,3.79,Normal
2026-07-31 23:40:00,Electronics Department,5.18,23.54,4.54,Normal
2026-07-04 22:20:00,Physics Lab,4.0,12.81,3.2,Normal
2026-08-18 20:40:00,BT Department,9.95,136.33,13.71,Suspicious
2026-07-10 16:10:00,BT Department,3.87,13.9,3.59,Normal
2026-07-06 04:00:00,AI Lab,4.42,4.99,1.13,Normal
2026-07-08 08:10:00,BT Department,2.66,24.44,9.2,Normal
2026-08-14 04:50:00,Chemistry Lab,4.83,5.59,1.16,Normal
2026-08-16 03:10:00,HOD Department,3.7,18.45,4.99,Normal
2026-07-20 13:40:00,CSE Department,3.51,28.84,8.21,Normal
2026-07-08 19:00:00,BT Department,4.72,34.74,7.36,Normal
2026-07-10 15:10:00,IT Department,4.58,32.74,7.14,Normal
2026-07-22 01:40:00,Biotech Department,5.96,38.37,6.44,Normal
2026-08-23 20:50:00,Mechanical Lab,4.48,31.85,7.11,Normal
2026-08-17 04:30:00,New Seminar Hall,7.17,22.52,3.14,Normal
2026-08-01 00:50:00,Biotech Department,4.86,35.9,7.39,Normal
2026-07-24 21:20:00,BT Department,5.3,21.3,4.02,Normal
2026-07-11 15:10:00,Chemistry Lab,6.26,20.63,3.29,Normal
2026-08-04 02:10:00,IT Department,4.51,33.98,7.53,Normal
2026-07-14 18:20:00,CSE Department,5.14,16.11,3.13,Normal
2026-07-08 12:20:00,Biotech Department,3.32,29.04,8.75,Normal
2026-08-08 10:00:00,New Seminar Hall,11.83,325.39,27.51,Suspicious
2026-07-18 13:00:00,CSE Department,4.01,20.46,5.11,Normal
2026-07-03 18:10:00,Chemistry Lab,6.6,17.65,2.67,Normal
2026-07-31 20:10:00,New Seminar Hall,7.8,22.61,2.9,Normal
2026-07-31 13:20:00,IT Department,8.21,114.95,13.99,Suspicious
2026-08-22 19:30:00,Physics Lab,5.25,16.24,3.09,Normal
2026-07-08 16:50:00,AIML Department,4.87,17.61,3.62,Normal
2026-07-07 10:30:00,IT Department,3.13,30.3,9.67,Normal
2026-08-09 05:40:00,HOD Department,3.16,25.61,8.11,Normal
2026-07-18 23:40:00,Electronics Department,4.94,39.01,7.9,Normal
2026-08-14 22:30:00,Biotech Department,3.72,18.26,4.91,Normal
2026-08-17 04:00:00,Physics Lab,16.2,419.05,25.86,Suspicious
2026-07-14 04:20:00,IT Department,19.92,1471.04,73.84,Critical
2026-08-07 20:20:00,New Seminar Hall,6.76,30.0,4.44,Normal
2026-07-12 23:30:00,AIML Department,5.77,51.49,8.92,Normal
2026-07-14 01:50:00,Chemistry Lab,6.97,9.4,1.35,Normal
2026-08-19 17:10:00,Physics Lab,3.36,16.06,4.79,Normal
2026-08-04 17:20:00,Chemistry Lab,4.57,33.14,7.26,Normal
2026-08-03 00:00:00,Chemistry Lab,27.05,2368.67,87.57,Critical
2026-08-06 10:30:00,Biotech Department,1.74,9.83,5.65,Normal
2026-07-04 12:10:00,Electronics Department,5.3,26.45,4.99,Normal
2026-08-02 14:30:00,Mechanical Lab,4.6,30.7,6.67,Normal
2026-08-15 12:30:00,AIML Department,3.42,31.5,9.22,Normal
2026-07-23 10:20:00,AIML Department,10.89,214.77,19.72,Suspicious
2026-08-07 09:30:00,CSE Department,5.3,19.23,3.63,Normal
2026-07-14 20:10:00,Physics Lab,5.08,31.36,6.18,Normal
2026-08-12 20:40:00,HOD Department,3.28,31.21,9.5,Normal
2026-07-23 23:50:00,AI Lab,8.2,11.48,1.4,Normal
2026-08-15 15:00:00,AIML Department,19.73,816.65,41.38,Critical
2026-08-15 14:50:00,CSE Department,3.04,30.14,9.91,Normal
2026-08-16 21:00:00,New Seminar Hall,26.95,970.53,36.01,Critical
2026-07-22 02:00:00,Electronics Department,5.23,47.67,9.11,Normal
2026-08-19 02:00:00,HOD Department,7.83,206.88,26.43,Suspicious
2026-07-12 02:20:00,BT Department,2.32,18.08,7.79,Normal
2026-07-16 08:40:00,New Seminar Hall,8.37,8.44,1.01,Normal
2026-07-05 09:40:00,AIML Department,9.0,248.86,27.64,Suspicious
2026-07-18 00:50:00,Biotech Department,7.39,9.12,1.23,Normal
2026-08-17 13:20:00,CSE Department,4.51,6.49,1.44,Normal
2026-07-25 03:20:00,Mechanical Lab,7.83,66.75,8.52,Normal
2026-07-19 10:50:00,Electronics Department,3.65,30.74,8.41,Normal
2026-07-26 17:20:00,Physics Lab,5.48,7.7,1.41,Normal
2026-07-23 15:40:00,Mechanical Lab,7.75,10.49,1.35,Normal
2026-07-25 21:00:00,HOD Department,4.01,37.25,9.3,Normal
2026-07-24 03:40:00,Biotech Department,5.72,53.73,9.4,Normal
2026-07-15 18:40:00,AI Lab,4.5,33.23,7.39,Normal
2026-08-18 15:10:00,Biotech Department,3.01,29.68,9.85,Normal
2026-08-15 09:10:00,Chemistry Lab,5.02,6.21,1.24,Normal
2026-07-05 19:50:00,CSE Department,3.91,37.17,9.5,Normal
2026-07-02 21:00:00,AIML Department,3.3,8.87,2.69,Normal
2026-08-18 04:10:00,Biotech Department,6.29,21.39,3.4,Normal
2026-08-23 15:40:00,IT Department,13.37,1202.22,89.89,Critical
2026-07-01 11:50:00,AIML Department,4.9,43.53,8.89,Normal
2026-07-14 13:30:00,AIML Department,3.18,17.21,5.42,Normal
2026-07-29 15:40:00,Electronics Department,5.66,15.52,2.74,Normal
2026-07-12 03:00:00,HOD Department,4.34,32.12,7.39,Normal
2026-08-10 01:50:00,Chemistry Lab,4.35,28.4,6.53,Normal
2026-08-06 11:20:00,AI Lab,5.31,23.19,4.36,Normal
2026-08-23 19:20:00,Physics Lab,6.42,20.93,3.26,Normal
2026-08-10 21:20:00,New Seminar Hall,3.68,32.96,8.95,Normal
2026-08-04 16:10:00,New Seminar Hall,7.92,73.16,9.24,Normal
2026-07-11 02:30:00,AIML Department,9.04,200.74,22.2,Suspicious
2026-07-01 18:50:00,HOD Department,1.99,19.88,10.0,Normal
2026-08-14 08:40:00,Electronics Department,11.58,183.99,15.89,Suspicious
2026-07-08 14:00:00,Biotech Department,5.57,7.68,1.38,Normal
2026-08-16 18:40:00,AIML Department,9.13,205.23,22.48,Suspicious
2026-08-25 08:40:00,Physics Lab,13.65,282.19,20.67,Suspicious
2026-08-03 06:30:00,Physics Lab,4.17,18.26,4.38,Normal
2026-07-15 10:30:00,CSE Department,6.11,36.46,5.96,Normal
2026-08-10 18:40:00,Physics Lab,4.73,21.63,4.57,Normal
2026-08-06 18:00:00,Mechanical Lab,6.17,38.56,6.25,Normal
2026-08-05 07:20:00,CSE Department,5.72,19.5,3.41,Normal
2026-07-05 04:20:00,AIML Department,2.98,14.59,4.9,Normal
2026-08-21 02:30:00,Mechanical Lab,5.27,49.93,9.47,Normal
2026-07-31 20:20:00,BT Department,4.39,25.57,5.83,Normal
2026-08-07 19:00:00,Mechanical Lab,13.28,309.78,23.33,Suspicious
2026-07-25 21:10:00,Electronics Department,5.96,14.67,2.46,Normal
2026-07-13 03:10:00,AIML Department,4.74,33.23,7.01,Normal
2026-08-17 01:00:00,Chemistry Lab,4.62,44.89,9.72,Normal
2026-07-08 15:50:00,BT Department,4.94,12.16,2.46,Normal
2026-07-11 02:20:00,Physics Lab,5.27,44.16,8.38,Normal
2026-07-27 11:50:00,Biotech Department,6.93,21.58,3.11,Normal
2026-07-05 12:10:00,Electronics Department,4.71,6.9,1.46,Normal
2026-07-10 22:30:00,Biotech Department,4.69,20.97,4.47,Normal
2026-07-24 11:20:00,AI Lab,12.78,129.03,10.09,Suspicious
2026-07-16 01:00:00,CSE Department,3.69,6.88,1.86,Normal
2026-07-31 07:50:00,AIML Department,2.92,28.16,9.65,Normal
2026-07-14 14:40:00,AI Lab,5.08,11.97,2.36,Normal
2026-07-26 22:00:00,CSE Department,5.33,33.51,6.29,Normal
2026-08-22 23:40:00,BT Department,3.55,18.32,5.16,Normal
2026-08-03 18:10:00,Biotech Department,5.3,34.37,6.49,Normal
2026-07-13 10:00:00,Chemistry Lab,6.17,44.99,7.29,Normal
2026-08-05 07:50:00,IT Department,5.7,44.63,7.83,Normal
2026-07-07 18:30:00,CSE Department,3.53,19.37,5.49,Normal
2026-08-06 00:20:00,Biotech Department,5.9,17.22,2.92,Normal
2026-07-26 04:20:00,AI Lab,5.83,52.12,8.94,Normal
2026-08-01 04:20:00,BT Department,4.25,11.43,2.69,Normal
2026-08-22 05:20:00,IT Department,1.96,16.35,8.36,Normal
2026-08-19 20:00:00,Physics Lab,10.99,260.97,23.75,Suspicious
2026-07-02 23:50:00,Chemistry Lab,5.51,6.21,1.13,Normal
2026-07-21 22:20:00,CSE Department,17.01,905.34,53.23,Critical
2026-07-25 22:20:00,New Seminar Hall,3.77,16.49,4.37,Normal
2026-08-13 10:20:00,New Seminar Hall,5.11,10.9,2.14,Normal
2026-07-23 15:00:00,BT Department,4.31,34.65,8.03,Normal
2026-07-02 00:50:00,New Seminar Hall,7.79,35.63,4.57,Normal
2026-07-03 13:00:00,IT Department,4.17,20.37,4.89,Normal
2026-08-02 03:30:00,AI Lab,6.38,36.64,5.74,Normal
2026-07-23 11:10:00,AIML Department,2.73,18.84,6.91,Normal
2026-07-05 00:50:00,HOD Department,4.35,21.58,4.96,Normal
2026-07-06 10:50:00,Electronics Department,4.02,36.17,9.0,Normal
2026-07-09 23:20:00,New Seminar Hall,23.27,1099.8,47.27,Critical
2026-07-09 06:20:00,CSE Department,3.39,4.84,1.43,Normal
2026-07-31 12:30:00,BT Department,4.65,14.08,3.03,Normal
2026-08-20 22:30:00,Chemistry Lab,6.46,48.16,7.46,Normal
2026-08-15 15:40:00,Mechanical Lab,5.46,13.77,2.52,Normal
2026-07-10 13:20:00,Chemistry Lab,6.64,49.4,7.44,Normal
2026-08-19 14:50:00,Chemistry Lab,3.9,8.12,2.08,Normal
2026-08-16 06:10:00,AI Lab,5.96,13.19,2.21,Normal
2026-07-14 17:20:00,HOD Department,9.6,143.03,14.9,Suspicious
2026-08-05 02:00:00,IT Department,6.21,27.22,4.38,Normal
2026-07-04 18:40:00,AI Lab,3.91,32.2,8.23,Normal
2026-08-22 17:20:00,Physics Lab,4.89,37.94,7.76,Normal
2026-07-20 13:50:00,HOD Department,2.94,19.9,6.77,Normal
2026-07-04 14:40:00,New Seminar Hall,6.57,52.42,7.98,Normal
2026-08-05 09:40:00,IT Department,7.88,139.39,17.7,Suspicious
2026-07-29 15:20:00,Chemistry Lab,4.79,39.16,8.18,Normal
2026-07-28 12:40:00,Chemistry Lab,6.23,43.15,6.93,Normal
2026-07-05 02:40:00,IT Department,2.95,28.64,9.72,Normal
2026-07-30 08:00:00,Biotech Department,4.67,17.25,3.69,Normal
2026-07-09 23:00:00,Biotech Department,5.16,45.48,8.82,Normal
2026-08-21 05:40:00,Chemistry Lab,5.24,27.06,5.17,Normal
2026-08-08 19:00:00,BT Department,3.64,13.41,3.68,Normal
2026-07-03 15:40:00,New Seminar Hall,5.46,5.47,1.0,Normal
2026-08-19 20:40:00,IT Department,4.11,39.81,9.7,Normal
2026-07-10 11:10:00,CSE Department,2.35,9.98,4.25,Normal
2026-07-14 15:50:00,CSE Department,3.51,21.53,6.13,Normal
2026-07-16 12:00:00,Chemistry Lab,5.62,24.74,4.4,Normal
2026-07-28 03:30:00,AIML Department,2.93,15.51,5.29,Normal
2026-08-21 18:50:00,Physics Lab,5.38,45.67,8.49,Normal
2026-08-02 14:10:00,Biotech Department,4.02,22.66,5.64,Normal
2026-07-02 06:00:00,IT Department,4.33,20.6,4.76,Normal
2026-07-28 20:00:00,IT Department,16.04,600.75,37.44,Critical
2026-08-14 10:30:00,HOD Department,2.49,10.87,4.37,Normal
2026-07-16 22:10:00,CSE Department,6.1,35.28,5.78,Normal
2026-07-05 02:00:00,IT Department,5.09,43.91,8.62,Normal
2026-08-13 00:20:00,AI Lab,17.52,1368.86,78.15,Critical
2026-07-15 10:10:00,HOD Department,5.12,42.73,8.34,Normal
2026-07-01 14:10:00,Mechanical Lab,12.28,140.35,11.43,Suspicious
2026-08-23 08:40:00,Physics Lab,5.18,45.03,8.69,Normal
2026-08-22 22:10:00,Physics Lab,11.42,128.54,11.25,Suspicious
2026-07-15 08:20:00,CSE Department,3.62,22.68,6.27,Normal
2026-07-15 23:50:00,AI Lab,5.2,21.91,4.21,Normal
2026-07-18 00:20:00,IT Department,4.58,13.09,2.86,Normal
2026-07-06 12:40:00,Chemistry Lab,7.27,43.19,5.94,Normal
2026-08-22 21:10:00,HOD Department,3.32,17.74,5.34,Normal
2026-07-18 09:20:00,BT Department,12.37,359.25,29.05,Suspicious
2026-08-22 12:00:00,Biotech Department,17.72,977.28,55.15,Critical
2026-07-17 14:40:00,AI Lab,5.64,47.02,8.34,Normal
2026-07-01 23:50:00,Mechanical Lab,6.81,50.78,7.46,Normal
2026-08-13 17:50:00,HOD Department,3.34,32.01,9.59,Normal
2026-08-24 22:40:00,IT Department,2.12,2.82,1.33,Normal
2026-08-06 14:30:00,Biotech Department,5.8,54.31,9.36,Normal
2026-07-16 00:20:00,BT Department,4.6,26.8,5.83,Normal
2026-07-19 07:00:00,Chemistry Lab,2.55,24.47,9.6,Normal
2026-08-06 10:20:00,Electronics Department,8.21,114.54,13.96,Suspicious
2026-07-25 05:10:00,Chemistry Lab,11.76,138.39,11.77,Suspicious
2026-07-26 00:20:00,AI Lab,6.59,20.94,3.18,Normal
2026-07-04 11:30:00,Electronics Department,3.92,33.73,8.61,Normal
2026-08-16 01:20:00,Biotech Department,6.37,33.71,5.3,Normal
2026-07-20 20:40:00,Mechanical Lab,4.76,34.03,7.15,Normal
2026-07-21 00:40:00,HOD Department,4.82,32.44,6.72,Normal
2026-07-03 01:50:00,CSE Department,3.95,19.59,4.96,Normal
2026-08-16 09:50:00,HOD Department,4.16,18.34,4.41,Normal
2026-07-08 10:20:00,Biotech Department,5.38,36.34,6.75,Normal
2026-08-23 10:30:00,CSE Department,5.4,6.89,1.28,Normal
2026-07-08 08:20:00,Electronics Department,4.5,20.62,4.59,Normal
2026-08-02 14:50:00,Electronics Department,5.76,15.3,2.66,Normal
2026-08-12 00:10:00,BT Department,5.69,17.97,3.16,Normal
2026-07-12 22:40:00,Physics Lab,4.25,27.28,6.42,Normal
2026-07-05 16:10:00,BT Department,5.99,20.79,3.47,Normal
2026-08-24 10:50:00,IT Department,4.23,10.69,2.52,Normal
2026-07-15 23:40:00,Mechanical Lab,8.36,78.51,9.4,Normal
2026-07-11 12:10:00,IT Department,4.72,16.14,3.42,Normal
2026-08-22 14:50:00,Biotech Department,11.1,122.08,11.0,Suspicious
2026-08-03 05:00:00,CSE Department,2.03,3.14,1.55,Normal
2026-07-30 23:00:00,AI Lab,4.09,27.4,6.71,Normal
2026-07-22 19:10:00,CSE Department,6.17,41.52,6.73,Normal
2026-08-18 18:00:00,Chemistry Lab,6.4,50.87,7.95,Normal
2026-07-14 10:40:00,Electronics Department,7.2,13.83,1.92,Normal
2026-07-12 12:00:00,AI Lab,5.53,19.63,3.55,Normal
2026-07-13 10:40:00,AI Lab,4.78,13.24,2.77,Normal
2026-07-02 10:10:00,BT Department,4.2,24.42,5.81,Normal
2026-07-18 06:30:00,Biotech Department,5.89,44.39,7.53,Normal
2026-07-16 14:30:00,CSE Department,3.9,27.0,6.93,Normal
2026-07-22 19:40:00,Biotech Department,4.61,29.66,6.43,Normal
2026-08-13 11:30:00,BT Department,3.82,14.86,3.89,Normal
2026-07-04 19:50:00,Physics Lab,5.25,35.23,6.71,Normal
2026-08-13 07:00:00,AI Lab,3.84,20.89,5.43,Normal
2026-07-03 12:30:00,Electronics Department,15.22,749.56,49.26,Critical
2026-07-06 06:20:00,Electronics Department,4.85,9.86,2.03,Normal
2026-07-28 21:20:00,CSE Department,1.64,5.87,3.58,Normal
2026-07-30 07:40:00,Biotech Department,21.86,1399.83,64.02,Critical
2026-07-27 03:30:00,Electronics Department,4.54,10.76,2.37,Normal
2026-08-19 12:20:00,Biotech Department,6.09,38.4,6.3,Normal
2026-07-07 06:40:00,Mechanical Lab,5.45,34.0,6.24,Normal
2026-07-24 09:40:00,HOD Department,3.6,29.27,8.13,Normal
2026-08-05 01:40:00,Physics Lab,5.1,6.93,1.36,Normal
2026-07-19 18:40:00,New Seminar Hall,3.33,13.3,3.99,Normal
2026-07-03 13:10:00,AI Lab,4.62,27.57,5.97,Normal
2026-07-04 07:30:00,AI Lab,5.39,7.47,1.39,Normal
2026-07-08 09:40:00,Biotech Department,4.4,36.26,8.24,Normal
2026-07-11 05:40:00,BT Department,5.06,19.2,3.8,Normal
2026-08-25 11:40:00,BT Department,4.05,21.3,5.26,Normal
2026-07-27 01:10:00,BT Department,4.35,35.38,8.12,Normal
2026-08-15 18:30:00,Biotech Department,5.61,45.84,8.18,Normal
2026-07-15 23:10:00,AI Lab,6.05,16.36,2.71,Normal
2026-08-19 22:50:00,Electronics Department,4.12,4.6,1.12,Normal
2026-08-16 04:50:00,AI Lab,5.03,18.84,3.75,Normal
2026-08-22 15:00:00,Mechanical Lab,16.2,244.47,15.09,Suspicious
2026-08-25 17:40:00,Biotech Department,6.84,32.24,4.71,Normal
2026-08-25 12:00:00,AI Lab,13.35,172.78,12.94,Suspicious
2026-07-09 14:50:00,Chemistry Lab,4.98,7.93,1.59,Normal
2026-08-14 11:30:00,Electronics Department,4.84,19.89,4.11,Normal
2026-07-29 21:30:00,Electronics Department,15.51,1358.47,87.61,Critical
2026-08-10 04:40:00,Biotech Department,1.91,14.47,7.59,Normal
2026-07-14 02:40:00,HOD Department,3.38,17.02,5.04,Normal
2026-07-18 22:20:00,AI Lab,3.8,21.11,5.56,Normal
2026-07-14 06:20:00,AIML Department,3.27,3.46,1.06,Normal
2026-08-10 20:40:00,New Seminar Hall,8.2,15.69,1.91,Normal
2026-08-24 07:30:00,Mechanical Lab,5.4,46.84,8.67,Normal
2026-08-16 20:30:00,HOD Department,3.98,29.35,7.37,Normal
2026-07-22 11:30:00,HOD Department,4.49,28.82,6.42,Normal
2026-07-19 14:00:00,AIML Department,4.3,7.05,1.64,Normal
2026-07-30 16:40:00,BT Department,3.98,35.89,9.03,Normal
2026-08-12 10:00:00,AIML Department,2.69,6.07,2.25,Normal
2026-07-30 16:50:00,AI Lab,14.81,429.1,28.97,Suspicious
2026-07-10 05:30:00,HOD Department,4.83,42.24,8.74,Normal
2026-08-24 02:00:00,BT Department,5.04,36.89,7.31,Normal
2026-08-20 22:40:00,New Seminar Hall,14.05,379.62,27.03,Suspicious
2026-08-08 13:00:00,Physics Lab,24.36,808.03,33.16,Critical
2026-07-30 15:20:00,IT Department,3.42,27.65,8.08,Normal
2026-08-01 21:30:00,IT Department,3.9,11.84,3.03,Normal
2026-08-23 19:00:00,IT Department,5.53,16.94,3.07,Normal
2026-07-06 11:50:00,Mechanical Lab,4.75,27.56,5.8,Normal
2026-08-08 17:20:00,HOD Department,5.99,19.25,3.21,Normal
2026-07-16 20:10:00,New Seminar Hall,5.08,7.86,1.55,Normal
2026-08-01 14:40:00,AIML Department,2.65,18.33,6.9,Normal
2026-08-13 17:00:00,Mechanical Lab,15.65,445.72,28.48,Suspicious
2026-08-12 16:00:00,IT Department,5.1,25.65,5.03,Normal
2026-08-24 07:00:00,Biotech Department,5.17,49.02,9.48,Normal
2026-08-06 23:30:00,Chemistry Lab,4.81,40.03,8.33,Normal
2026-07-26 10:30:00,AIML Department,4.85,16.39,3.38,Normal
2026-08-03 14:10:00,HOD Department,2.93,5.86,2.0,Normal
2026-08-22 09:20:00,Chemistry Lab,5.78,46.36,8.02,Normal
2026-07-20 01:30:00,CSE Department,5.06,48.93,9.67,Normal
2026-07-13 03:30:00,Physics Lab,5.06,7.09,1.4,Normal
2026-07-08 06:00:00,BT Department,4.38,34.87,7.97,Normal
2026-07-29 09:00:00,Mechanical Lab,4.13,34.02,8.23,Normal
2026-08-02 16:10:00,Chemistry Lab,4.39,9.85,2.24,Normal
2026-08-25 05:40:00,AIML Department,3.3,22.27,6.75,Normal
2026-08-03 02:10:00,Physics Lab,8.55,19.14,2.24,Normal
2026-08-03 01:50:00,AI Lab,4.63,36.56,7.9,Normal
2026-07-25 12:20:00,Chemistry Lab,5.98,47.72,7.98,Normal
2026-08-14 13:30:00,New Seminar Hall,7.08,42.25,5.97,Normal
2026-08-11 06:10:00,New Seminar Hall,4.91,46.51,9.47,Normal
2026-08-06 01:40:00,Chemistry Lab,5.33,16.05,3.01,Normal
2026-07-08 20:40:00,IT Department,4.05,10.61,2.62,Normal
2026-07-17 01:40:00,AI Lab,5.71,53.58,9.38,Normal
2026-07-14 16:20:00,Biotech Department,12.69,347.17,27.36,Suspicious
2026-08-20 11:50:00,AI Lab,18.21,679.28,37.31,Critical
2026-07-08 14:20:00,Chemistry Lab,2.82,17.97,6.38,Normal
2026-07-10 16:20:00,Biotech Department,5.66,55.71,9.85,Normal
2026-08-11 11:00:00,Physics Lab,6.26,50.54,8.07,Normal
2026-07-09 12:00:00,Chemistry Lab,4.19,8.4,2.01,Normal
2026-08-13 23:00:00,Biotech Department,2.5,18.81,7.53,Normal
2026-08-19 04:40:00,Chemistry Lab,3.22,8.23,2.56,Normal
2026-08-12 13:50:00,CSE Department,5.25,13.55,2.58,Normal
2026-08-11 09:40:00,AI Lab,4.56,14.68,3.22,Normal
2026-08-03 22:20:00,HOD Department,7.89,224.71,28.49,Suspicious
2026-07-11 04:50:00,AI Lab,6.59,24.44,3.71,Normal
2026-08-12 12:30:00,New Seminar Hall,7.41,37.23,5.02,Normal
2026-07-30 03:30:00,Biotech Department,4.22,8.78,2.08,Normal
2026-08-10 10:30:00,Physics Lab,6.71,17.08,2.55,Normal
2026-07-07 15:20:00,AI Lab,8.63,45.79,5.3,Normal
2026-07-21 13:30:00,Electronics Department,2.89,17.37,6.01,Normal
2026-08-17 21:50:00,Physics Lab,6.82,47.17,6.92,Normal
2026-07-15 00:40:00,Electronics Department,4.89,11.59,2.37,Normal
2026-08-15 15:50:00,Biotech Department,3.45,14.64,4.24,Normal
2026-08-25 07:40:00,Chemistry Lab,3.94,21.6,5.49,Normal
2026-07-27 06:10:00,Mechanical Lab,5.37,23.46,4.37,Normal
2026-07-04 01:30:00,AIML Department,4.08,27.14,6.66,Normal
2026-07-06 01:50:00,Mechanical Lab,6.45,10.35,1.6,Normal
2026-07-02 22:20:00,IT Department,3.92,29.6,7.55,Normal
2026-08-25 12:30:00,Physics Lab,4.1,29.25,7.13,Normal
2026-07-11 06:20:00,Chemistry Lab,6.14,26.42,4.3,Normal
2026-07-06 00:40:00,Chemistry Lab,3.63,20.36,5.61,Normal
2026-08-15 05:10:00,BT Department,4.26,37.81,8.87,Normal
2026-07-16 04:20:00,BT Department,5.58,45.49,8.15,Normal
2026-08-18 10:20:00,IT Department,2.6,16.86,6.48,Normal
2026-07-01 13:30:00,Chemistry Lab,7.8,56.51,7.25,Normal
2026-07-20 19:50:00,Biotech Department,5.64,50.88,9.02,Normal
2026-07-07 23:30:00,AI Lab,4.07,27.96,6.87,Normal
2026-08-24 23:50:00,Physics Lab,5.15,51.53,10.0,Normal
2026-08-14 09:00:00,Mechanical Lab,19.87,757.1,38.11,Critical
2026-07-12 16:00:00,Physics Lab,14.02,179.25,12.78,Suspicious
2026-08-21 20:10:00,Electronics Department,5.02,48.68,9.7,Normal
2026-07-30 22:20:00,AIML Department,4.09,24.83,6.08,Normal
2026-07-16 18:30:00,Biotech Department,4.35,31.13,7.15,Normal
2026-07-24 19:00:00,HOD Department,4.08,21.17,5.19,Normal
2026-08-20 01:10:00,HOD Department,3.5,23.11,6.6,Normal
2026-07-01 18:10:00,Mechanical Lab,4.76,19.64,4.12,Normal
2026-08-02 01:40:00,Biotech Department,6.99,37.87,5.42,Normal
2026-07-13 21:10:00,Mechanical Lab,19.4,1478.98,76.22,Critical
2026-07-10 04:50:00,Electronics Department,10.36,269.65,26.03,Suspicious
2026-08-22 15:40:00,Physics Lab,12.73,243.45,19.13,Suspicious
2026-07-25 17:50:00,Physics Lab,4.97,6.54,1.31,Normal
2026-07-03 15:20:00,HOD Department,2.46,14.13,5.75,Normal
2026-08-12 12:00:00,HOD Department,3.39,29.85,8.8,Normal
2026-07-17 19:50:00,BT Department,3.12,16.23,5.2,Normal
2026-08-20 03:10:00,AI Lab,5.66,9.92,1.75,Normal
2026-07-10 02:10:00,BT Department,3.05,29.83,9.77,Normal
2026-08-09 06:30:00,AIML Department,7.25,129.22,17.83,Suspicious
2026-08-07 03:50:00,IT Department,5.55,31.9,5.75,Normal
2026-08-09 09:50:00,HOD Department,3.92,6.83,1.74,Normal
2026-07-06 10:40:00,Mechanical Lab,4.27,30.09,7.04,Normal
2026-08-14 21:10:00,Mechanical Lab,5.61,47.66,8.5,Normal
2026-08-12 14:40:00,BT Department,2.19,10.02,4.58,Normal
2026-07-21 10:50:00,Physics Lab,5.43,26.27,4.83,Normal
2026-07-23 20:40:00,Mechanical Lab,22.26,1615.92,72.6,Critical
2026-08-07 14:00:00,CSE Department,8.19,190.19,23.24,Suspicious
2026-07-24 04:00:00,Electronics Department,5.24,21.48,4.1,Normal
2026-08-15 04:30:00,Mechanical Lab,4.95,46.09,9.31,Normal
2026-08-20 22:00:00,IT Department,16.74,754.3,45.05,Critical
2026-08-15 02:50:00,CSE Department,4.87,21.77,4.47,Normal
2026-07-24 05:50:00,BT Department,5.9,46.62,7.9,Normal
2026-07-18 12:10:00,BT Department,7.49,67.98,9.07,Normal
2026-07-17 08:20:00,CSE Department,7.11,24.4,3.43,Normal
2026-07-10 21:00:00,BT Department,10.57,133.85,12.67,Suspicious
2026-08-13 04:30:00,Physics Lab,4.3,4.97,1.16,Normal
2026-08-24 02:10:00,Biotech Department,13.61,273.73,20.11,Suspicious
2026-08-25 03:30:00,Physics Lab,7.03,48.08,6.83,Normal
2026-07-19 09:00:00,New Seminar Hall,6.16,28.77,4.67,Normal
2026-07-25 03:30:00,Mechanical Lab,6.04,51.12,8.47,Normal
2026-07-19 09:50:00,New Seminar Hall,5.92,58.99,9.96,Normal
2026-07-28 06:10:00,IT Department,12.04,272.93,22.66,Suspicious
2026-08-24 22:30:00,HOD Department,3.97,18.84,4.74,Normal
2026-08-15 23:50:00,HOD Department,11.81,671.48,56.85,Critical
2026-08-19 18:10:00,Biotech Department,5.53,44.89,8.12,Normal
2026-07-08 19:40:00,BT Department,4.99,7.16,1.44,Normal
2026-07-25 18:40:00,New Seminar Hall,7.68,34.2,4.45,Normal
2026-07-09 09:50:00,Electronics Department,4.02,16.33,4.06,Normal
2026-08-16 00:10:00,IT Department,4.25,12.56,2.96,Normal
2026-07-27 22:40:00,Electronics Department,3.14,12.91,4.11,Normal
2026-08-08 02:50:00,Physics Lab,4.19,11.17,2.67,Normal
2026-07-01 21:10:00,Physics Lab,5.54,7.16,1.29,Normal
2026-07-19 06:50:00,AIML Department,5.42,38.71,7.14,Normal
2026-08-18 07:00:00,AI Lab,4.47,27.71,6.2,Normal
2026-08-17 16:00:00,Physics Lab,26.19,2043.52,78.03,Critical
2026-08-01 15:30:00,IT Department,16.47,575.46,34.95,Critical
2026-08-20 02:10:00,CSE Department,2.04,6.17,3.03,Normal
2026-08-11 11:30:00,AI Lab,5.81,17.81,3.06,Normal
2026-08-02 05:50:00,IT Department,4.74,38.75,8.17,Normal
2026-07-13 18:20:00,Electronics Department,1.67,6.14,3.69,Normal
2026-07-13 17:40:00,BT Department,5.43,10.8,1.99,Normal
2026-07-12 05:30:00,Mechanical Lab,6.19,33.42,5.4,Normal
2026-07-13 09:30:00,HOD Department,4.71,45.52,9.67,Normal
2026-07-16 23:10:00,Chemistry Lab,5.26,41.47,7.88,Normal
2026-08-04 06:40:00,Mechanical Lab,5.75,24.16,4.2,Normal
2026-07-08 10:50:00,AIML Department,4.03,20.54,5.1,Normal
2026-07-14 21:40:00,IT Department,3.49,9.75,2.79,Normal
2026-07-26 10:00:00,CSE Department,3.43,30.03,8.76,Normal
2026-07-12 04:20:00,AIML Department,4.05,28.93,7.15,Normal
2026-08-10 10:50:00,New Seminar Hall,7.0,14.39,2.06,Normal
2026-08-14 00:10:00,Biotech Department,2.53,22.57,8.92,Normal
2026-08-22 04:20:00,CSE Department,4.61,34.3,7.44,Normal
2026-07-10 13:40:00,Biotech Department,7.02,57.82,8.23,Normal
2026-08-17 07:00:00,Chemistry Lab,4.26,40.22,9.44,Normal
2026-08-25 01:00:00,Biotech Department,10.72,141.87,13.24,Suspicious
2026-08-10 01:40:00,Physics Lab,10.71,195.53,18.26,Suspicious
2026-07-15 08:40:00,Physics Lab,5.92,15.29,2.58,Normal
2026-07-02 08:50:00,Physics Lab,8.89,29.25,3.29,Normal
2026-08-07 07:50:00,HOD Department,4.25,5.12,1.2,Normal
2026-08-06 03:10:00,Biotech Department,6.61,10.5,1.59,Normal
2026-08-24 09:30:00,Electronics Department,4.84,25.83,5.33,Normal
2026-07-13 08:40:00,Chemistry Lab,4.87,47.19,9.68,Normal
2026-07-08 01:40:00,AI Lab,4.78,31.51,6.59,Normal
2026-07-17 13:40:00,AI Lab,6.68,32.32,4.84,Normal
2026-07-10 02:30:00,CSE Department,4.33,16.28,3.76,Normal
2026-07-02 12:10:00,AI Lab,5.88,5.94,1.01,Normal
2026-08-01 22:20:00,HOD Department,3.58,25.47,7.12,Normal
2026-07-11 20:30:00,Chemistry Lab,6.1,26.38,4.32,Normal
2026-07-21 04:30:00,AI Lab,5.32,38.05,7.15,Normal
2026-07-11 14:30:00,IT Department,4.13,19.5,4.72,Normal
2026-07-12 13:10:00,CSE Department,11.27,150.98,13.4,Suspicious
2026-07-19 05:00:00,Chemistry Lab,6.34,41.01,6.47,Normal
2026-08-10 15:00:00,Electronics Department,12.24,302.19,24.68,Suspicious
2026-08-04 09:30:00,Mechanical Lab,4.29,11.96,2.79,Normal
2026-07-19 05:50:00,IT Department,3.67,12.04,3.28,Normal
2026-07-30 20:00:00,AIML Department,4.64,40.82,8.8,Normal
2026-07-25 05:00:00,AIML Department,3.69,7.1,1.92,Normal
2026-07-02 22:50:00,Mechanical Lab,6.83,43.76,6.41,Normal
2026-07-03 18:50:00,CSE Department,3.94,10.16,2.58,Normal
2026-07-16 19:30:00,Chemistry Lab,5.92,12.63,2.13,Normal
2026-08-02 12:10:00,Physics Lab,6.02,14.8,2.46,Normal
2026-08-01 16:10:00,AIML Department,3.6,24.61,6.84,Normal
2026-07-21 07:30:00,Biotech Department,6.25,24.75,3.96,Normal
2026-08-10 16:20:00,New Seminar Hall,7.4,54.83,7.41,Normal
2026-07-21 02:30:00,IT Department,2.23,22.13,9.92,Normal
2026-07-24 01:40:00,Chemistry Lab,6.1,14.98,2.45,Normal
2026-07-27 21:40:00,CSE Department,3.98,7.95,2.0,Normal
2026-08-04 12:00:00,IT Department,4.04,21.36,5.29,Normal
2026-07-09 19:30:00,AI Lab,5.4,6.89,1.28,Normal
2026-08-02 21:30:00,New Seminar Hall,5.16,23.3,4.51,Normal
2026-07-04 20:50:00,BT Department,11.72,128.84,10.99,Suspicious
2026-07-08 06:10:00,Biotech Department,5.81,30.41,5.23,Normal
2026-08-08 23:20:00,Chemistry Lab,6.11,8.65,1.41,Normal
2026-08-01 15:50:00,Physics Lab,5.1,45.81,8.99,Normal
2026-08-19 15:20:00,CSE Department,3.92,32.02,8.16,Normal
2026-08-18 10:10:00,Electronics Department,5.17,23.07,4.46,Normal
2026-08-02 21:00:00,CSE Department,5.87,30.82,5.25,Normal
2026-08-17 11:40:00,IT Department,3.67,17.07,4.65,Normal
2026-08-20 16:30:00,AIML Department,4.09,36.5,8.93,Normal
2026-08-07 04:20:00,AIML Department,8.24,202.13,24.52,Suspicious
2026-07-05 01:40:00,CSE Department,5.78,53.63,9.28,Normal
2026-08-25 00:20:00,Electronics Department,4.15,24.16,5.82,Normal
2026-07-28 05:00:00,AIML Department,7.49,137.54,18.36,Suspicious
2026-08-08 05:00:00,New Seminar Hall,8.45,32.67,3.87,Normal
2026-07-28 17:40:00,AI Lab,4.49,33.28,7.42,Normal
2026-08-21 12:50:00,Electronics Department,6.23,59.48,9.55,Normal
2026-07-14 02:30:00,Mechanical Lab,15.08,445.5,29.53,Suspicious
2026-07-13 03:50:00,HOD Department,3.94,22.8,5.79,Normal
2026-08-18 01:20:00,Physics Lab,3.46,24.51,7.08,Normal
2026-08-03 05:40:00,AIML Department,9.05,144.04,15.91,Suspicious
2026-08-16 16:20:00,New Seminar Hall,7.71,31.05,4.03,Normal
2026-08-25 13:00:00,HOD Department,4.86,10.38,2.13,Normal
2026-07-19 18:10:00,Chemistry Lab,5.55,41.42,7.47,Normal
2026-08-04 17:00:00,Chemistry Lab,25.25,1436.69,56.9,Critical
2026-07-25 02:20:00,Electronics Department,4.41,30.15,6.83,Normal
2026-07-21 23:00:00,Chemistry Lab,4.77,43.46,9.11,Normal
2026-07-30 09:20:00,BT Department,3.28,18.7,5.7,Normal
2026-08-14 02:40:00,Chemistry Lab,6.8,52.17,7.67,Normal
2026-07-15 09:00:00,Electronics Department,4.48,30.87,6.9,Normal
2026-08-23 04:00:00,Biotech Department,6.81,55.24,8.11,Normal
2026-08-10 09:30:00,HOD Department,17.04,1229.62,72.16,Critical
2026-07-08 07:30:00,New Seminar Hall,7.18,65.0,9.06,Normal
2026-08-12 12:40:00,BT Department,3.29,20.96,6.36,Normal
2026-07-10 12:00:00,New Seminar Hall,8.15,35.52,4.36,Normal
2026-08-10 08:10:00,CSE Department,4.99,22.05,4.41,Normal
2026-08-11 05:50:00,Electronics Department,3.29,13.11,3.99,Normal
2026-07-20 11:10:00,New Seminar Hall,4.42,11.92,2.7,Normal
2026-08-22 03:00:00,Mechanical Lab,6.56,62.63,9.55,Normal
2026-07-04 04:00:00,IT Department,4.03,23.39,5.8,Normal
2026-07-09 15:30:00,Electronics Department,2.72,8.12,2.99,Normal
2026-08-24 23:40:00,Mechanical Lab,5.68,51.39,9.05,Normal
2026-08-23 21:00:00,AIML Department,5.59,54.77,9.8,Normal
2026-08-25 01:20:00,Biotech Department,6.27,34.16,5.44,Normal
2026-07-10 12:30:00,AI Lab,6.0,56.35,9.39,Normal
2026-07-08 16:00:00,New Seminar Hall,29.83,1725.7,57.85,Critical
2026-08-02 18:10:00,CSE Department,3.29,3.41,1.04,Normal
2026-07-27 17:10:00,IT Department,4.49,20.1,4.48,Normal
2026-07-22 06:00:00,Biotech Department,3.79,8.9,2.35,Normal
2026-07-12 22:20:00,IT Department,5.17,40.38,7.81,Normal
2026-07-07 20:40:00,IT Department,4.12,5.64,1.37,Normal
2026-07-24 06:50:00,Electronics Department,4.23,24.35,5.76,Normal
2026-08-20 03:30:00,Mechanical Lab,6.78,37.36,5.51,Normal
2026-08-08 11:10:00,AIML Department,4.58,37.54,8.19,Normal
2026-07-20 14:40:00,HOD Department,4.38,21.44,4.9,Normal
2026-07-05 08:00:00,AI Lab,5.78,41.1,7.11,Normal
2026-07-25 01:40:00,HOD Department,6.44,161.07,25.0,Suspicious
2026-07-13 10:10:00,Chemistry Lab,5.05,14.02,2.77,Normal
2026-07-12 22:10:00,AI Lab,4.65,32.12,6.91,Normal
2026-08-07 12:40:00,Physics Lab,4.33,35.36,8.16,Normal
2026-07-21 15:00:00,CSE Department,2.59,13.59,5.25,Normal
2026-08-05 09:00:00,Biotech Department,5.12,41.59,8.13,Normal
2026-07-02 13:30:00,Chemistry Lab,5.07,24.1,4.75,Normal
2026-08-20 11:20:00,Physics Lab,4.83,35.06,7.26,Normal
2026-07-13 22:50:00,IT Department,6.12,33.28,5.44,Normal
2026-08-16 07:20:00,AI Lab,4.44,27.21,6.12,Normal
2026-07-13 08:00:00,HOD Department,2.09,9.19,4.41,Normal
2026-08-11 11:10:00,New Seminar Hall,7.27,44.92,6.18,Normal
2026-08-08 20:20:00,BT Department,4.52,45.11,9.99,Normal
2026-07-28 15:40:00,AIML Department,3.23,12.81,3.96,Normal
2026-07-03 14:40:00,Electronics Department,4.04,34.61,8.57,Normal
2026-07-19 01:40:00,IT Department,3.13,3.77,1.2,Normal
2026-07-16 02:00:00,Mechanical Lab,8.09,27.38,3.38,Normal
2026-08-10 11:40:00,Physics Lab,22.4,722.49,32.25,Critical
2026-08-14 16:10:00,HOD Department,2.36,23.2,9.81,Normal
2026-08-21 07:30:00,AI Lab,5.06,41.63,8.23,Normal
2026-07-21 10:00:00,BT Department,2.91,14.07,4.84,Normal
2026-08-12 10:20:00,Electronics Department,14.83,1179.01,79.51,Critical
2026-08-01 00:10:00,Biotech Department,2.45,23.29,9.51,Normal
2026-07-23 22:50:00,Physics Lab,5.04,18.43,3.65,Normal
2026-08-09 16:00:00,BT Department,3.02,4.34,1.43,Normal
2026-07-29 02:50:00,Biotech Department,12.96,141.18,10.9,Suspicious
2026-08-20 01:40:00,HOD Department,2.8,18.45,6.59,Normal
2026-07-10 08:10:00,AIML Department,2.33,7.46,3.2,Normal
2026-08-01 19:20:00,IT Department,4.04,34.57,8.56,Normal
2026-08-01 17:00:00,IT Department,5.85,52.99,9.06,Normal
2026-08-06 09:00:00,Mechanical Lab,5.46,45.85,8.4,Normal
2026-08-16 13:50:00,Biotech Department,4.82,28.94,6.01,Normal
2026-08-24 10:10:00,HOD Department,8.89,228.38,25.7,Suspicious
2026-08-23 09:30:00,AI Lab,11.58,262.95,22.71,Suspicious
2026-07-02 14:10:00,AI Lab,5.93,16.93,2.86,Normal
2026-07-31 04:00:00,Chemistry Lab,5.06,39.87,7.87,Normal
2026-08-01 19:50:00,Chemistry Lab,6.56,65.45,9.97,Normal
2026-08-22 00:20:00,Electronics Department,3.49,19.51,5.59,Normal
2026-07-10 07:50:00,IT Department,3.18,9.79,3.08,Normal
2026-08-04 18:40:00,Mechanical Lab,6.29,12.23,1.95,Normal
2026-08-10 19:00:00,AIML Department,3.57,8.69,2.43,Normal
2026-07-06 11:40:00,AIML Department,3.58,18.24,5.1,Normal
2026-07-16 16:00:00,Biotech Department,4.51,20.1,4.45,Normal
2026-08-17 11:30:00,AIML Department,8.49,95.14,11.2,Suspicious
2026-07-09 13:10:00,Physics Lab,4.71,8.28,1.76,Normal
2026-08-25 19:10:00,IT Department,1.81,8.25,4.56,Normal
2026-07-24 22:00:00,Mechanical Lab,5.58,45.2,8.1,Normal
2026-07-23 00:30:00,Electronics Department,10.47,134.37,12.84,Suspicious
2026-07-01 14:50:00,Electronics Department,4.6,34.87,7.57,Normal
2026-08-14 22:50:00,Electronics Department,9.17,107.19,11.69,Suspicious
2026-07-31 15:40:00,Electronics Department,3.76,20.17,5.37,Normal
2026-07-28 11:40:00,Mechanical Lab,4.32,41.32,9.56,Normal
2026-08-17 22:50:00,Mechanical Lab,5.79,11.86,2.05,Normal
2026-07-02 20:10:00,CSE Department,3.75,31.38,8.36,Normal
2026-07-02 14:50:00,AI Lab,3.88,23.06,5.95,Normal
2026-07-23 03:10:00,AIML Department,6.34,49.84,7.86,Normal
2026-08-08 06:40:00,Electronics Department,3.7,30.34,8.19,Normal
2026-07-26 02:30:00,CSE Department,9.62,123.57,12.84,Suspicious
2026-08-18 20:10:00,Chemistry Lab,6.3,35.02,5.56,Normal
2026-08-01 03:40:00,HOD Department,3.81,7.94,2.08,Normal
2026-07-06 06:40:00,IT Department,4.46,17.54,3.93,Normal
2026-07-11 03:40:00,Physics Lab,7.16,63.52,8.87,Normal
2026-07-20 19:00:00,HOD Department,4.85,10.65,2.19,Normal
2026-07-01 22:30:00,AI Lab,5.2,38.01,7.31,Normal
2026-08-11 04:00:00,Electronics Department,3.41,14.55,4.26,Normal
2026-08-15 21:40:00,Mechanical Lab,7.7,35.82,4.65,Normal
2026-08-19 01:30:00,IT Department,4.72,45.99,9.75,Normal
2026-08-16 05:00:00,Electronics Department,5.41,30.32,5.6,Normal
2026-07-08 11:10:00,HOD Department,8.53,132.0,15.47,Suspicious
2026-07-19 01:00:00,Electronics Department,5.44,22.58,4.15,Normal
2026-07-16 00:00:00,Chemistry Lab,5.43,12.26,2.26,Normal
2026-07-03 02:50:00,Electronics Department,5.47,27.67,5.06,Normal
2026-08-24 10:40:00,BT Department,11.21,262.28,23.4,Suspicious
2026-07-23 21:00:00,BT Department,4.23,21.69,5.13,Normal
2026-08-23 17:00:00,CSE Department,17.89,1449.11,80.98,Critical
2026-08-02 18:30:00,Physics Lab,5.12,14.18,2.77,Normal
2026-07-27 14:20:00,IT Department,3.67,11.59,3.15,Normal
2026-07-06 05:40:00,BT Department,2.56,11.66,4.55,Normal
2026-07-18 08:50:00,Mechanical Lab,4.42,42.17,9.55,Normal
2026-07-12 20:00:00,AI Lab,6.24,20.06,3.21,Normal
2026-08-03 23:30:00,HOD Department,2.0,5.92,2.96,Normal
2026-08-11 01:50:00,AI Lab,4.12,7.59,1.84,Normal
2026-07-25 11:10:00,CSE Department,5.48,33.7,6.15,Normal
2026-07-05 02:30:00,Mechanical Lab,6.35,58.49,9.21,Normal
2026-07-17 15:50:00,BT Department,3.24,10.08,3.11,Normal
2026-07-20 17:50:00,CSE Department,3.45,27.1,7.85,Normal
2026-08-02 22:30:00,Physics Lab,7.42,14.33,1.93,Normal
2026-08-08 03:20:00,Mechanical Lab,5.98,32.14,5.38,Normal
2026-08-19 05:10:00,CSE Department,16.43,1093.63,66.55,Critical
2026-07-17 05:10:00,Electronics Department,8.55,92.41,10.81,Suspicious
2026-07-08 15:30:00,HOD Department,10.46,167.77,16.04,Suspicious
2026-08-08 23:00:00,New Seminar Hall,8.0,77.33,9.66,Normal
2026-08-12 08:50:00,IT Department,3.12,23.33,7.48,Normal
2026-07-03 23:30:00,IT Department,4.26,21.82,5.12,Normal
2026-07-01 17:20:00,AI Lab,7.87,12.52,1.59,Normal
2026-07-01 19:30:00,AIML Department,5.01,40.81,8.14,Normal
2026-07-23 14:30:00,New Seminar Hall,18.89,1510.83,79.96,Critical
2026-07-20 10:30:00,AI Lab,5.34,22.81,4.27,Normal
2026-07-11 06:10:00,BT Department,3.41,18.54,5.43,Normal
2026-07-12 01:30:00,Physics Lab,5.82,25.33,4.35,Normal
2026-07-09 03:50:00,Biotech Department,4.49,39.37,8.77,Normal
2026-07-24 09:20:00,Chemistry Lab,6.46,23.14,3.59,Normal
2026-08-16 05:50:00,BT Department,5.78,53.45,9.24,Normal
2026-07-18 14:30:00,CSE Department,3.38,5.4,1.6,Normal
2026-08-24 09:00:00,Chemistry Lab,6.86,8.04,1.17,Normal
2026-07-22 05:10:00,Electronics Department,4.69,16.62,3.55,Normal
2026-07-04 10:10:00,BT Department,5.84,29.02,4.97,Normal
2026-08-22 20:40:00,Mechanical Lab,3.7,6.4,1.73,Normal
2026-08-15 13:10:00,Physics Lab,3.57,19.23,5.38,Normal
2026-08-04 05:30:00,CSE Department,2.99,20.45,6.84,Normal
2026-07-06 21:20:00,BT Department,3.65,12.25,3.35,Normal
2026-07-26 01:00:00,Electronics Department,4.39,17.36,3.96,Normal
2026-07-23 14:20:00,Chemistry Lab,6.04,48.1,7.97,Normal
2026-08-16 14:40:00,IT Department,4.07,6.17,1.52,Normal
2026-08-23 00:30:00,New Seminar Hall,4.49,4.88,1.09,Normal
2026-07-17 14:50:00,Physics Lab,13.7,138.28,10.09,Suspicious
2026-08-21 17:00:00,IT Department,5.86,27.38,4.67,Normal
2026-08-15 07:00:00,HOD Department,3.55,19.98,5.63,Normal
2026-07-01 11:10:00,AIML Department,4.46,42.23,9.46,Normal
2026-08-21 14:30:00,IT Department,3.71,31.41,8.46,Normal
2026-08-07 08:50:00,Mechanical Lab,2.76,10.09,3.65,Normal
2026-08-15 16:40:00,BT Department,3.83,29.26,7.64,Normal
2026-07-11 19:50:00,IT Department,4.58,27.3,5.96,Normal
2026-07-07 02:00:00,Biotech Department,5.65,44.7,7.91,Normal
2026-08-21 22:30:00,New Seminar Hall,3.13,4.07,1.3,Normal
2026-08-20 00:10:00,Physics Lab,5.9,34.83,5.9,Normal
2026-08-02 18:40:00,AI Lab,13.93,161.77,11.61,Suspicious
2026-08-15 17:20:00,Mechanical Lab,6.58,31.49,4.79,Normal
2026-07-04 15:20:00,CSE Department,4.04,27.54,6.81,Normal
2026-08-09 16:40:00,Physics Lab,9.99,212.38,21.27,Suspicious
2026-08-15 23:30:00,BT Department,5.19,20.59,3.97,Normal
2026-07-19 22:00:00,AI Lab,4.8,6.63,1.38,Normal
2026-07-04 14:00:00,Physics Lab,5.46,32.55,5.96,Normal
2026-08-21 20:00:00,New Seminar Hall,4.64,21.07,4.55,Normal
2026-07-03 11:20:00,Electronics Department,4.6,33.18,7.22,Normal
2026-08-21 22:00:00,Mechanical Lab,6.02,41.47,6.89,Normal
2026-07-21 15:30:00,HOD Department,4.05,10.89,2.69,Normal
2026-07-12 19:00:00,Biotech Department,2.39,9.26,3.87,Normal
2026-07-29 16:50:00,New Seminar Hall,6.05,55.2,9.12,Normal
2026-08-07 07:30:00,HOD Department,2.98,25.57,8.58,Normal
2026-08-08 00:40:00,IT Department,3.04,19.61,6.46,Normal
2026-07-14 23:40:00,AIML Department,4.09,10.82,2.64,Normal
2026-08-10 22:10:00,Biotech Department,5.13,18.9,3.68,Normal
2026-08-10 10:20:00,Biotech Department,5.48,43.48,7.93,Normal
2026-08-20 21:40:00,New Seminar Hall,4.42,29.31,6.64,Normal
2026-08-12 07:20:00,Physics Lab,5.78,20.92,3.62,Normal
2026-08-02 11:00:00,Physics Lab,5.63,6.64,1.18,Normal
2026-07-01 21:20:00,Mechanical Lab,3.7,25.26,6.82,Normal
2026-07-16 03:20:00,Physics Lab,4.64,9.08,1.96,Normal
2026-07-05 18:50:00,AIML Department,4.66,16.18,3.47,Normal
2026-07-21 10:20:00,HOD Department,2.57,10.7,4.16,Normal
2026-07-18 06:00:00,Mechanical Lab,6.69,21.43,3.2,Normal
2026-07-28 08:10:00,AI Lab,5.33,18.57,3.49,Normal
2026-07-26 19:00:00,BT Department,2.77,7.73,2.79,Normal
2026-07-11 19:30:00,AIML Department,4.07,33.82,8.32,Normal
2026-08-23 23:40:00,BT Department,5.16,30.85,5.98,Normal
2026-07-09 10:40:00,IT Department,5.48,20.07,3.66,Normal
2026-07-30 11:40:00,BT Department,5.48,22.92,4.19,Normal
2026-07-11 02:10:00,Physics Lab,4.03,16.57,4.11,Normal
2026-08-03 04:30:00,BT Department,5.37,44.49,8.29,Normal
2026-07-16 18:10:00,Biotech Department,5.9,9.32,1.58,Normal
2026-07-21 23:30:00,IT Department,3.09,6.16,1.99,Normal
2026-08-12 03:40:00,Electronics Department,4.37,42.07,9.62,Normal
2026-08-04 13:10:00,IT Department,4.99,26.75,5.36,Normal
2026-08-16 17:50:00,Electronics Department,10.92,178.13,16.31,Suspicious
2026-08-06 02:40:00,Chemistry Lab,5.96,45.35,7.6,Normal
2026-07-02 03:40:00,New Seminar Hall,11.21,255.59,22.79,Suspicious
2026-07-23 04:10:00,CSE Department,4.1,29.84,7.28,Normal
2026-07-22 08:10:00,AI Lab,5.36,52.26,9.76,Normal
2026-08-02 18:00:00,Electronics Department,4.13,15.57,3.77,Normal
2026-08-11 12:50:00,BT Department,4.24,37.49,8.84,Normal
2026-08-02 10:00:00,Chemistry Lab,12.85,368.67,28.69,Suspicious
2026-07-29 21:00:00,Mechanical Lab,4.48,15.67,3.5,Normal
2026-08-04 14:30:00,Physics Lab,25.63,1846.85,72.07,Critical
2026-07-30 23:10:00,BT Department,4.56,16.33,3.58,Normal
2026-08-01 18:20:00,CSE Department,4.2,10.53,2.51,Normal
2026-07-27 14:40:00,Chemistry Lab,3.23,25.92,8.03,Normal
2026-08-24 16:40:00,Mechanical Lab,4.75,45.64,9.62,Normal
2026-08-23 17:10:00,Mechanical Lab,3.87,35.9,9.29,Normal
2026-07-13 08:10:00,HOD Department,4.02,29.88,7.43,Normal
2026-07-19 20:00:00,HOD Department,16.62,1444.91,86.96,Critical
2026-07-15 21:40:00,Mechanical Lab,15.71,393.26,25.03,Suspicious
2026-07-21 08:40:00,Electronics Department,2.8,17.78,6.35,Normal
2026-07-22 02:30:00,AIML Department,3.52,27.3,7.75,Normal
2026-08-14 04:20:00,Chemistry Lab,6.87,58.87,8.56,Normal
2026-08-23 02:20:00,Mechanical Lab,5.7,57.02,9.99,Normal
2026-07-19 04:40:00,Mechanical Lab,5.1,39.16,7.68,Normal
2026-08-24 04:50:00,HOD Department,3.77,9.87,2.62,Normal
2026-07-08 16:10:00,Physics Lab,3.92,25.02,6.38,Normal
2026-07-27 18:10:00,AIML Department,5.08,45.67,9.0,Normal
2026-08-10 20:10:00,New Seminar Hall,6.73,14.02,2.08,Normal
2026-08-09 11:00:00,Physics Lab,4.37,15.7,3.6,Normal
2026-08-13 16:50:00,Electronics Department,4.36,39.02,8.94,Normal
2026-08-25 04:30:00,Mechanical Lab,13.46,362.52,26.92,Suspicious
2026-08-11 02:30:00,Biotech Department,4.92,42.56,8.65,Normal
2026-07-24 08:00:00,AIML Department,4.15,18.74,4.52,Normal
2026-07-18 11:50:00,HOD Department,3.76,28.44,7.57,Normal
2026-08-05 14:40:00,Physics Lab,5.57,14.91,2.68,Normal
2026-07-29 03:20:00,AI Lab,5.71,19.7,3.45,Normal
2026-07-29 00:10:00,HOD Department,2.93,13.46,4.6,Normal
2026-08-25 19:00:00,AI Lab,5.06,37.17,7.34,Normal
2026-08-14 18:40:00,Biotech Department,5.23,19.8,3.79,Normal
2026-08-22 06:30:00,AIML Department,4.32,41.5,9.61,Normal
2026-07-06 16:50:00,AIML Department,3.73,24.9,6.67,Normal
2026-08-25 20:00:00,BT Department,9.85,217.39,22.07,Suspicious
2026-08-17 09:10:00,IT Department,3.52,9.05,2.57,Normal
2026-08-20 16:00:00,Physics Lab,5.17,27.08,5.24,Normal
2026-07-28 10:10:00,Physics Lab,5.46,31.03,5.69,Normal
2026-07-01 16:20:00,AIML Department,3.46,26.16,7.57,Normal
2026-08-08 12:30:00,Electronics Department,13.66,724.19,53.03,Critical
2026-07-06 10:10:00,BT Department,11.0,198.35,18.04,Suspicious
2026-07-03 00:50:00,BT Department,3.82,12.88,3.38,Normal
2026-08-10 23:00:00,New Seminar Hall,4.87,13.39,2.75,Normal
2026-07-02 13:50:00,New Seminar Hall,4.81,9.13,1.9,Normal
2026-08-19 04:00:00,New Seminar Hall,6.54,37.87,5.79,Normal
2026-07-01 10:50:00,Biotech Department,6.35,19.65,3.09,Normal
2026-07-16 11:40:00,New Seminar Hall,18.48,1304.27,70.57,Critical
2026-08-11 12:20:00,IT Department,4.4,38.7,8.79,Normal
2026-07-28 14:30:00,AI Lab,24.22,1162.28,48.0,Critical
2026-08-24 13:20:00,Electronics Department,6.17,57.79,9.37,Normal
2026-08-13 12:00:00,New Seminar Hall,7.23,26.98,3.73,Normal
2026-07-30 23:40:00,BT Department,4.33,13.61,3.14,Normal
2026-08-25 10:30:00,BT Department,5.17,47.4,9.17,Normal
2026-08-02 08:00:00,AIML Department,2.95,24.2,8.21,Normal
2026-07-21 17:50:00,CSE Department,3.04,19.46,6.4,Normal
2026-07-31 10:40:00,CSE Department,5.19,23.08,4.45,Normal
2026-07-26 17:40:00,Biotech Department,5.35,12.04,2.25,Normal
2026-07-10 20:50:00,BT Department,4.05,8.5,2.1,Normal
2026-07-08 21:10:00,HOD Department,2.67,22.76,8.53,Normal
2026-07-03 13:30:00,AIML Department,11.68,142.63,12.21,Suspicious
2026-07-16 02:30:00,AIML Department,15.94,1006.38,63.14,Critical
2026-08-02 16:40:00,CSE Department,4.26,21.17,4.97,Normal
2026-07-11 15:50:00,Physics Lab,15.6,247.4,15.86,Suspicious
2026-07-31 16:00:00,AI Lab,7.56,23.27,3.08,Normal
2026-08-04 03:50:00,Mechanical Lab,5.7,54.95,9.64,Normal
2026-08-05 17:10:00,New Seminar Hall,6.47,32.34,5.0,Normal
2026-08-17 17:30:00,HOD Department,4.45,13.75,3.09,Normal
2026-07-08 00:50:00,Electronics Department,4.95,45.92,9.27,Normal
2026-08-25 00:10:00,Chemistry Lab,6.58,47.8,7.27,Normal
2026-08-19 21:10:00,AIML Department,4.83,36.55,7.56,Normal
2026-08-12 06:10:00,AIML Department,4.04,25.7,6.35,Normal
2026-08-12 11:50:00,Chemistry Lab,6.82,32.3,4.73,Normal
2026-07-12 21:30:00,BT Department,3.54,34.67,9.8,Normal
2026-08-01 17:10:00,Biotech Department,5.28,46.3,8.76,Normal
2026-07-13 18:50:00,Chemistry Lab,3.52,4.68,1.33,Normal
2026-08-05 07:40:00,BT Department,4.11,10.65,2.59,Normal
2026-08-08 08:10:00,New Seminar Hall,4.8,5.69,1.19,Normal
2026-07-29 07:50:00,New Seminar Hall,7.28,24.0,3.29,Normal
2026-07-31 07:20:00,Electronics Department,4.24,13.64,3.21,Normal
2026-08-24 00:20:00,AI Lab,7.16,63.54,8.87,Normal
2026-08-14 14:00:00,Chemistry Lab,3.05,3.93,1.29,Normal
2026-08-09 13:30:00,Electronics Department,4.55,17.87,3.92,Normal
2026-07-16 11:30:00,New Seminar Hall,8.22,63.1,7.67,Normal
2026-08-10 12:20:00,Chemistry Lab,6.07,13.07,2.15,Normal
2026-08-25 04:20:00,New Seminar Hall,6.63,8.68,1.31,Normal
2026-08-03 15:20:00,AIML Department,1.97,14.57,7.38,Normal
2026-08-01 05:30:00,Chemistry Lab,5.75,27.49,4.78,Normal
2026-08-10 18:10:00,Chemistry Lab,6.33,36.99,5.85,Normal
2026-08-07 20:00:00,IT Department,1.87,5.75,3.07,Normal
2026-07-18 20:20:00,Mechanical Lab,5.79,10.3,1.78,Normal
2026-08-06 19:30:00,AIML Department,4.43,25.07,5.66,Normal
2026-08-06 00:10:00,Biotech Department,6.16,29.17,4.73,Normal
2026-07-29 06:40:00,CSE Department,4.1,40.91,9.97,Normal
2026-07-09 11:20:00,Chemistry Lab,5.43,12.44,2.29,Normal
2026-08-14 21:40:00,AIML Department,7.5,113.7,15.15,Suspicious
2026-07-25 08:20:00,Physics Lab,5.35,48.78,9.12,Normal
2026-08-16 15:40:00,Biotech Department,9.97,120.13,12.05,Suspicious
2026-07-21 17:30:00,AIML Department,3.58,22.25,6.21,Normal
2026-07-04 08:30:00,CSE Department,4.73,28.75,6.07,Normal
2026-07-25 17:30:00,New Seminar Hall,5.86,32.11,5.48,Normal
2026-07-11 16:10:00,BT Department,3.8,4.55,1.2,Normal
2026-07-25 10:20:00,CSE Department,6.23,55.39,8.89,Normal
2026-08-04 13:20:00,Biotech Department,2.91,11.66,4.0,Normal
2026-08-09 15:40:00,Electronics Department,4.98,45.65,9.17,Normal
2026-07-12 03:30:00,New Seminar Hall,4.84,22.27,4.6,Normal
2026-07-08 05:40:00,BT Department,3.77,17.17,4.55,Normal
2026-07-07 07:00:00,Physics Lab,3.61,25.38,7.04,Normal
2026-07-20 11:40:00,BT Department,2.04,16.89,8.27,Normal
2026-07-11 23:30:00,AI Lab,5.25,43.17,8.23,Normal
2026-07-29 05:30:00,AI Lab,2.09,12.24,5.84,Normal
2026-07-24 13:50:00,Electronics Department,3.53,31.06,8.79,Normal
2026-07-23 18:30:00,Mechanical Lab,18.49,1634.55,88.41,Critical
2026-08-05 18:30:00,Biotech Department,23.3,1154.68,49.57,Critical
2026-08-17 06:50:00,Biotech Department,2.88,11.39,3.96,Normal
2026-08-08 11:40:00,BT Department,3.02,25.19,8.35,Normal
2026-08-22 10:30:00,Chemistry Lab,5.96,36.99,6.2,Normal
2026-07-25 04:50:00,HOD Department,2.98,20.62,6.92,Normal
2026-07-04 17:00:00,New Seminar Hall,7.15,15.74,2.2,Normal
2026-07-22 19:50:00,AIML Department,3.73,18.07,4.84,Normal
2026-07-02 17:10:00,Physics Lab,7.33,66.33,9.04,Normal
2026-08-13 21:50:00,Mechanical Lab,5.14,19.47,3.79,Normal
2026-07-15 14:50:00,HOD Department,3.12,28.83,9.24,Normal
2026-08-09 11:10:00,Chemistry Lab,5.65,55.65,9.85,Normal
2026-08-24 14:40:00,AI Lab,3.41,12.8,3.76,Normal
2026-07-18 09:40:00,New Seminar Hall,7.42,13.38,1.8,Normal
2026-07-08 03:40:00,BT Department,5.14,7.97,1.55,Normal
2026-08-23 13:20:00,Physics Lab,14.62,307.68,21.04,Suspicious
2026-07-25 04:20:00,Biotech Department,6.51,54.2,8.32,Normal
2026-08-22 20:00:00,HOD Department,4.85,5.83,1.2,Normal
2026-07-19 08:00:00,AI Lab,4.04,34.8,8.62,Normal
2026-08-08 07:50:00,AIML Department,4.22,22.66,5.37,Normal
2026-08-06 04:20:00,HOD Department,3.91,32.97,8.43,Normal
2026-07-31 13:50:00,New Seminar Hall,5.02,47.61,9.48,Normal
2026-08-05 14:50:00,New Seminar Hall,29.91,2349.85,78.56,Critical
2026-08-15 17:10:00,New Seminar Hall,7.99,36.74,4.6,Normal
2026-08-14 23:20:00,AIML Department,8.69,206.07,23.71,Suspicious
2026-07-16 19:00:00,AI Lab,4.06,24.53,6.04,Normal
2026-07-29 16:00:00,Mechanical Lab,5.49,19.63,3.58,Normal
2026-08-04 21:30:00,AI Lab,4.26,8.68,2.04,Normal
2026-07-11 18:10:00,IT Department,4.23,21.46,5.07,Normal
2026-07-06 06:30:00,IT Department,4.08,37.94,9.31,Normal
2026-07-03 19:00:00,Mechanical Lab,11.82,147.91,12.52,Suspicious
2026-07-20 18:00:00,Mechanical Lab,5.26,8.57,1.63,Normal
2026-07-29 12:30:00,BT Department,4.2,7.72,1.84,Normal
2026-07-01 16:00:00,AI Lab,4.43,24.04,5.42,Normal
2026-07-22 09:20:00,Chemistry Lab,6.46,10.53,1.63,Normal
2026-07-05 19:00:00,Mechanical Lab,26.13,844.2,32.31,Critical
2026-07-29 23:40:00,Chemistry Lab,7.37,58.01,7.87,Normal
2026-08-17 13:00:00,Physics Lab,3.92,5.33,1.36,Normal
2026-07-02 13:20:00,Electronics Department,3.34,18.68,5.6,Normal
2026-07-14 07:50:00,Chemistry Lab,16.39,231.26,14.11,Suspicious
2026-07-17 10:00:00,HOD Department,4.3,14.55,3.38,Normal
2026-07-06 19:00:00,IT Department,5.26,27.68,5.27,Normal
2026-08-03 14:50:00,Chemistry Lab,4.94,15.27,3.09,Normal
2026-07-23 22:20:00,BT Department,3.71,27.88,7.52,Normal
2026-08-22 08:00:00,Biotech Department,5.01,37.8,7.55,Normal
2026-07-13 20:30:00,HOD Department,4.93,29.02,5.89,Normal
2026-07-30 11:20:00,Physics Lab,17.01,1101.88,64.79,Critical
2026-07-30 14:40:00,Mechanical Lab,6.11,9.65,1.58,Normal
2026-07-07 19:20:00,Physics Lab,5.05,9.75,1.93,Normal
2026-07-01 23:10:00,BT Department,4.26,41.98,9.86,Normal
2026-07-10 09:00:00,Biotech Department,10.08,187.97,18.65,Suspicious
2026-07-15 15:50:00,New Seminar Hall,8.1,73.27,9.05,Normal
2026-07-11 01:20:00,AI Lab,3.64,34.44,9.45,Normal
2026-08-11 01:00:00,Biotech Department,5.61,50.5,9.0,Normal
2026-08-23 16:10:00,IT Department,3.2,16.12,5.03,Normal
2026-08-10 21:00:00,Mechanical Lab,6.78,30.29,4.47,Normal
2026-07-05 00:20:00,Mechanical Lab,7.55,39.42,5.22,Normal
2026-07-26 03:10:00,Chemistry Lab,7.68,32.07,4.17,Normal
2026-08-15 20:00:00,New Seminar Hall,4.34,40.74,9.38,Normal
2026-08-04 17:30:00,IT Department,4.28,17.66,4.12,Normal
2026-07-14 19:20:00,New Seminar Hall,4.63,11.67,2.52,Normal
2026-07-23 13:10:00,BT Department,16.5,877.77,53.2,Critical
2026-08-07 21:50:00,Biotech Department,2.92,12.27,4.2,Normal
2026-07-29 01:20:00,BT Department,17.78,1333.48,74.99,Critical
2026-07-02 01:40:00,HOD Department,2.84,12.96,4.56,Normal
2026-08-09 19:40:00,Mechanical Lab,6.87,8.96,1.3,Normal
2026-07-26 06:40:00,BT Department,4.44,22.87,5.15,Normal
2026-07-21 14:20:00,IT Department,3.74,12.12,3.24,Normal
2026-08-10 06:50:00,IT Department,4.46,27.75,6.22,Normal
2026-07-24 23:20:00,AIML Department,5.76,9.31,1.62,Normal
2026-07-02 05:50:00,BT Department,3.92,34.71,8.85,Normal
2026-08-12 23:30:00,Mechanical Lab,6.35,32.25,5.08,Normal
2026-07-13 07:40:00,Physics Lab,6.38,14.72,2.31,Normal
2026-08-21 00:30:00,BT Department,5.1,23.51,4.61,Normal
2026-07-23 02:00:00,Chemistry Lab,3.99,27.95,7.01,Normal
2026-08-13 21:00:00,Mechanical Lab,5.73,18.06,3.15,Normal
2026-08-01 12:10:00,Biotech Department,5.32,32.02,6.02,Normal
2026-07-23 01:00:00,HOD Department,3.02,10.57,3.5,Normal
2026-08-13 07:10:00,CSE Department,4.49,31.42,7.0,Normal
2026-08-06 08:10:00,New Seminar Hall,7.84,8.0,1.02,Normal
2026-08-20 11:30:00,Chemistry Lab,3.86,16.31,4.22,Normal
2026-07-18 03:00:00,Biotech Department,10.7,313.94,29.34,Suspicious
2026-07-12 13:30:00,HOD Department,2.06,20.19,9.8,Normal
2026-07-11 03:20:00,AIML Department,4.43,19.61,4.43,Normal
2026-08-08 06:00:00,Electronics Department,3.62,4.01,1.11,Normal
2026-08-22 03:50:00,AI Lab,3.96,10.1,2.55,Normal
2026-08-24 19:40:00,Physics Lab,7.34,40.5,5.52,Normal
2026-08-06 15:50:00,HOD Department,3.36,29.09,8.66,Normal
2026-07-20 05:40:00,Physics Lab,10.68,195.51,18.3,Suspicious
2026-07-06 03:40:00,Mechanical Lab,7.57,67.82,8.95,Normal
2026-08-11 17:40:00,New Seminar Hall,5.72,14.83,2.59,Normal
2026-07-18 14:40:00,BT Department,3.94,4.27,1.08,Normal
2026-08-08 14:00:00,AI Lab,4.02,5.68,1.41,Normal
2026-07-08 23:50:00,AI Lab,3.19,17.89,5.61,Normal
2026-07-02 11:50:00,AIML Department,5.88,45.99,7.82,Normal
2026-07-01 23:30:00,Physics Lab,5.19,23.0,4.43,Normal
2026-07-03 21:10:00,IT Department,5.86,57.15,9.76,Normal
2026-07-24 14:40:00,New Seminar Hall,14.23,327.07,22.99,Suspicious
2026-08-16 18:30:00,IT Department,11.66,162.88,13.97,Suspicious
2026-08-15 05:30:00,CSE Department,5.33,29.06,5.46,Normal
2026-08-21 09:40:00,Chemistry Lab,3.7,31.29,8.46,Normal
2026-07-07 03:10:00,BT Department,5.56,44.88,8.06,Normal
2026-08-08 19:40:00,Biotech Department,15.05,588.77,39.11,Critical
2026-08-13 03:30:00,BT Department,21.59,1752.49,81.17,Critical
2026-08-17 22:20:00,Mechanical Lab,6.91,10.55,1.53,Normal
2026-07-24 11:30:00,HOD Department,8.84,167.41,18.94,Suspicious
2026-08-11 10:50:00,AI Lab,18.32,1271.13,69.38,Critical
2026-08-15 03:50:00,Biotech Department,2.91,5.96,2.05,Normal
2026-08-03 08:10:00,Chemistry Lab,4.0,38.78,9.69,Normal
2026-08-17 21:30:00,IT Department,5.49,17.7,3.22,Normal
2026-08-19 06:50:00,AIML Department,5.18,9.13,1.76,Normal
2026-08-06 18:30:00,Electronics Department,9.96,159.22,15.98,Suspicious
2026-08-21 21:10:00,Physics Lab,8.38,64.2,7.66,Normal
2026-07-14 09:20:00,Physics Lab,12.73,333.27,26.18,Suspicious
2026-08-06 09:50:00,BT Department,11.36,168.51,14.83,Suspicious
2026-07-20 03:00:00,BT Department,4.27,15.14,3.54,Normal
2026-08-08 20:40:00,Biotech Department,24.64,763.45,30.98,Critical
2026-08-02 16:00:00,Biotech Department,5.03,30.4,6.04,Normal
2026-07-18 03:20:00,New Seminar Hall,6.21,6.22,1.0,Normal
2026-08-11 04:20:00,AI Lab,5.94,57.27,9.63,Normal
2026-07-19 12:30:00,New Seminar Hall,6.22,24.86,4.0,Normal
2026-07-31 22:00:00,Biotech Department,6.13,57.86,9.43,Normal
2026-07-14 15:10:00,Biotech Department,5.34,7.89,1.48,Normal
2026-08-16 09:10:00,AI Lab,3.68,27.87,7.57,Normal
2026-08-01 05:40:00,AIML Department,7.48,216.46,28.94,Suspicious
2026-08-06 21:40:00,Biotech Department,4.51,33.79,7.49,Normal
2026-08-08 02:40:00,IT Department,4.5,43.2,9.59,Normal
2026-07-13 08:20:00,AIML Department,2.73,5.23,1.92,Normal
2026-07-04 21:10:00,Physics Lab,9.0,15.28,1.7,Normal
2026-07-06 19:30:00,New Seminar Hall,4.14,20.79,5.02,Normal
2026-08-13 02:50:00,AIML Department,18.16,1327.79,73.1,Critical
2026-08-24 06:30:00,AI Lab,24.11,1701.84,70.59,Critical
2026-08-25 18:10:00,BT Department,4.47,26.08,5.83,Normal
2026-07-14 15:20:00,IT Department,3.25,5.54,1.71,Normal
2026-07-12 17:50:00,AI Lab,7.03,21.16,3.01,Normal
2026-08-23 00:50:00,HOD Department,3.66,9.23,2.52,Normal
2026-07-21 19:20:00,CSE Department,4.81,15.5,3.23,Normal
2026-07-30 11:10:00,AIML Department,4.89,26.77,5.47,Normal
2026-08-18 03:30:00,New Seminar Hall,6.3,16.7,2.65,Normal
2026-07-20 12:40:00,Biotech Department,5.08,44.04,8.68,Normal
2026-08-16 14:10:00,HOD Department,3.56,18.19,5.11,Normal
2026-07-19 16:40:00,BT Department,12.05,320.89,26.63,Suspicious
2026-08-12 09:50:00,BT Department,5.1,41.98,8.24,Normal
2026-07-12 03:50:00,Electronics Department,3.56,15.2,4.27,Normal
2026-08-07 00:50:00,IT Department,4.19,8.32,1.99,Normal
2026-07-23 20:50:00,AI Lab,4.53,11.82,2.61,Normal
2026-08-04 20:20:00,IT Department,3.17,19.9,6.27,Normal
2026-08-19 07:00:00,Physics Lab,5.11,14.84,2.9,Normal
2026-08-12 00:30:00,New Seminar Hall,4.4,28.56,6.49,Normal
2026-08-05 21:30:00,HOD Department,1.71,5.43,3.18,Normal
2026-07-27 20:00:00,AI Lab,7.09,62.97,8.88,Normal
2026-08-10 17:30:00,Physics Lab,7.4,27.57,3.72,Normal
2026-07-20 00:40:00,HOD Department,2.47,4.32,1.75,Normal
2026-08-18 03:20:00,Physics Lab,4.86,29.28,6.02,Normal
2026-08-10 17:20:00,Biotech Department,4.52,34.66,7.66,Normal
2026-07-31 15:00:00,New Seminar Hall,4.41,34.11,7.73,Normal
2026-08-17 08:30:00,BT Department,4.67,22.97,4.92,Normal
2026-08-24 13:40:00,New Seminar Hall,5.19,14.09,2.72,Normal
2026-08-14 20:10:00,AIML Department,5.44,13.15,2.42,Normal
2026-08-09 17:40:00,AI Lab,5.13,32.54,6.35,Normal
2026-07-14 09:50:00,AI Lab,12.81,261.12,20.38,Suspicious
2026-07-01 20:10:00,Biotech Department,4.03,38.33,9.5,Normal
2026-07-25 13:50:00,HOD Department,4.13,11.9,2.88,Normal
2026-07-10 01:50:00,Electronics Department,6.28,18.0,2.86,Normal
2026-07-10 14:30:00,CSE Department,4.8,33.91,7.06,Normal
2026-08-14 09:20:00,Biotech Department,5.34,11.28,2.11,Normal
2026-08-01 13:40:00,CSE Department,3.31,16.77,5.07,Normal
2026-07-18 18:50:00,Biotech Department,4.52,31.88,7.05,Normal
2026-08-21 09:00:00,BT Department,4.84,45.33,9.37,Normal
2026-07-24 23:30:00,HOD Department,3.81,4.31,1.13,Normal
2026-08-09 08:10:00,AI Lab,9.83,194.24,19.75,Suspicious
2026-07-18 16:20:00,AI Lab,2.93,3.54,1.21,Normal
2026-07-12 14:30:00,CSE Department,4.41,29.05,6.58,Normal
2026-07-17 08:00:00,AIML Department,8.94,104.6,11.7,Suspicious
2026-07-25 23:40:00,AIML Department,10.36,168.34,16.24,Suspicious
2026-07-11 04:10:00,Biotech Department,5.88,10.25,1.74,Normal
2026-07-01 13:10:00,AI Lab,6.88,44.62,6.49,Normal
2026-07-21 18:30:00,Chemistry Lab,15.45,286.44,18.54,Suspicious
2026-07-22 16:50:00,New Seminar Hall,8.11,10.76,1.33,Normal
2026-08-14 05:50:00,Biotech Department,6.71,51.27,7.64,Normal
2026-07-02 12:00:00,Physics Lab,3.56,12.08,3.39,Normal
2026-08-12 16:30:00,HOD Department,1.98,15.02,7.57,Normal
2026-08-17 08:50:00,CSE Department,1.89,1.99,1.06,Normal
2026-08-09 07:00:00,Mechanical Lab,6.19,37.42,6.04,Normal
2026-08-22 10:10:00,Chemistry Lab,8.12,71.1,8.76,Normal
2026-07-14 17:00:00,CSE Department,18.79,754.45,40.15,Critical
2026-07-15 20:00:00,Mechanical Lab,4.55,42.42,9.32,Normal
2026-08-15 20:10:00,Physics Lab,6.14,35.29,5.75,Normal
2026-07-18 15:50:00,New Seminar Hall,13.7,401.91,29.33,Suspicious
2026-08-11 21:50:00,Mechanical Lab,5.55,27.18,4.9,Normal
2026-07-24 05:10:00,Electronics Department,4.32,34.09,7.89,Normal
2026-07-11 01:40:00,Biotech Department,5.22,19.79,3.79,Normal
2026-07-31 08:30:00,CSE Department,4.4,14.29,3.25,Normal
2026-08-03 01:00:00,BT Department,20.12,1013.23,50.37,Critical
2026-07-11 19:10:00,IT Department,6.17,40.71,6.59,Normal
2026-07-01 12:20:00,CSE Department,2.78,16.61,5.98,Normal
2026-08-03 07:40:00,Biotech Department,5.53,15.51,2.8,Normal
2026-08-20 03:40:00,IT Department,10.95,150.15,13.71,Suspicious
2026-07-18 01:00:00,Physics Lab,4.18,19.42,4.64,Normal
2026-07-15 16:50:00,Mechanical Lab,5.76,18.3,3.18,Normal
2026-07-28 17:00:00,AI Lab,2.51,12.91,5.14,Normal
2026-07-16 13:10:00,HOD Department,3.6,22.99,6.39,Normal
2026-07-04 19:20:00,Electronics Department,4.28,28.86,6.75,Normal
2026-08-14 03:30:00,IT Department,6.31,17.85,2.83,Normal
2026-07-04 08:50:00,Physics Lab,14.46,414.76,28.69,Suspicious
2026-08-04 22:30:00,AIML Department,5.22,51.19,9.82,Normal
2026-07-11 04:40:00,BT Department,4.7,43.93,9.34,Normal
2026-07-28 02:50:00,AIML Department,4.63,8.38,1.81,Normal
2026-08-25 11:10:00,CSE Department,3.25,14.53,4.47,Normal
2026-07-15 01:40:00,IT Department,3.65,11.65,3.19,Normal
2026-08-11 22:40:00,Electronics Department,5.35,14.81,2.77,Normal
2026-07-18 20:30:00,CSE Department,3.06,11.55,3.77,Normal
2026-08-13 11:00:00,Biotech Department,5.23,15.48,2.96,Normal
2026-08-10 00:40:00,IT Department,1.79,7.23,4.04,Normal
2026-08-13 20:00:00,Electronics Department,5.72,19.62,3.43,Normal
2026-07-27 20:10:00,HOD Department,2.86,4.18,1.46,Normal
2026-07-09 12:40:00,Biotech Department,4.6,6.68,1.45,Normal
2026-07-24 15:10:00,IT Department,4.32,4.65,1.08,Normal
2026-07-21 20:20:00,Mechanical Lab,6.01,20.72,3.44,Normal
2026-08-24 00:40:00,AIML Department,4.26,23.28,5.47,Normal
2026-08-08 15:30:00,AI Lab,5.67,26.19,4.62,Normal
2026-08-23 09:10:00,New Seminar Hall,17.61,485.26,27.55,Suspicious
2026-08-11 05:10:00,Biotech Department,4.07,14.7,3.61,Normal
2026-07-13 13:00:00,Physics Lab,4.64,39.77,8.57,Normal
2026-07-05 01:00:00,Mechanical Lab,7.37,16.82,2.28,Normal
2026-07-26 03:00:00,IT Department,4.64,8.41,1.81,Normal
2026-07-05 09:30:00,Electronics Department,3.68,12.55,3.41,Normal
2026-08-13 07:50:00,Biotech Department,4.25,11.02,2.59,Normal
2026-08-01 22:40:00,IT Department,13.19,1083.96,82.18,Critical
2026-07-09 16:30:00,CSE Department,3.18,28.65,9.01,Normal
2026-07-12 11:40:00,HOD Department,2.63,24.86,9.45,Normal
2026-08-16 10:30:00,BT Department,3.55,24.31,6.84,Normal
2026-07-24 06:30:00,BT Department,22.25,921.43,41.41,Critical
2026-07-04 17:50:00,Mechanical Lab,3.0,16.28,5.43,Normal
2026-08-06 07:20:00,Physics Lab,5.0,48.64,9.72,Normal
2026-07-25 19:20:00,AIML Department,3.9,9.27,2.37,Normal
2026-07-25 08:40:00,AI Lab,24.06,1090.79,45.34,Critical
2026-08-12 08:10:00,AI Lab,6.28,49.83,7.93,Normal
2026-08-20 16:10:00,Biotech Department,5.13,8.74,1.71,Normal
2026-08-17 05:30:00,CSE Department,1.45,12.95,8.93,Normal
2026-07-07 06:00:00,AI Lab,4.51,33.43,7.41,Normal
2026-08-22 13:00:00,AI Lab,5.89,56.37,9.57,Normal
2026-08-06 12:10:00,New Seminar Hall,6.83,13.07,1.91,Normal
2026-07-15 21:00:00,IT Department,3.87,5.11,1.32,Normal
2026-07-18 21:50:00,IT Department,4.51,35.46,7.86,Normal
2026-08-08 09:00:00,Chemistry Lab,3.71,28.51,7.69,Normal
2026-07-04 02:10:00,Physics Lab,6.67,48.01,7.19,Normal
2026-08-12 09:10:00,IT Department,5.21,19.08,3.66,Normal
2026-07-12 18:50:00,Electronics Department,5.24,44.23,8.43,Normal
2026-07-04 02:50:00,AI Lab,3.4,21.2,6.24,Normal
2026-08-23 04:40:00,HOD Department,3.71,11.43,3.08,Normal
2026-08-25 05:50:00,Electronics Department,5.82,29.76,5.12,Normal
2026-08-23 18:30:00,BT Department,3.76,26.61,7.08,Normal
2026-07-25 22:40:00,AI Lab,5.21,22.36,4.29,Normal
2026-08-09 10:40:00,BT Department,9.78,182.55,18.66,Suspicious
2026-08-11 07:50:00,AIML Department,5.76,13.92,2.42,Normal
2026-08-11 13:00:00,BT Department,2.99,11.29,3.78,Normal
2026-08-02 17:20:00,Electronics Department,4.84,48.04,9.92,Normal
2026-07-05 07:30:00,Electronics Department,5.06,5.99,1.19,Normal
2026-07-17 12:00:00,Mechanical Lab,4.86,27.84,5.73,Normal
2026-07-21 20:30:00,Chemistry Lab,4.22,27.22,6.46,Normal
2026-07-18 00:40:00,Physics Lab,14.73,199.46,13.54,Suspicious
2026-08-20 12:20:00,New Seminar Hall,3.82,14.73,3.85,Normal
2026-07-05 01:10:00,AIML Department,10.28,261.59,25.46,Suspicious
2026-07-26 03:40:00,Physics Lab,6.49,7.07,1.09,Normal
2026-07-17 19:30:00,CSE Department,4.15,14.15,3.41,Normal
2026-08-22 05:40:00,Mechanical Lab,6.98,19.87,2.85,Normal
2026-07-26 18:00:00,Chemistry Lab,6.33,54.6,8.63,Normal
2026-07-24 19:50:00,HOD Department,3.16,12.52,3.96,Normal
2026-08-11 00:40:00,Electronics Department,3.82,36.9,9.67,Normal
2026-07-04 14:50:00,AI Lab,5.36,5.87,1.09,Normal
2026-08-08 21:10:00,CSE Department,3.97,39.45,9.94,Normal
2026-08-12 08:00:00,Physics Lab,13.28,378.81,28.51,Suspicious
2026-07-07 10:50:00,New Seminar Hall,7.37,72.63,9.85,Normal
2026-08-04 00:00:00,New Seminar Hall,4.97,45.97,9.24,Normal
2026-07-24 13:40:00,Mechanical Lab,4.35,5.99,1.38,Normal
2026-08-03 08:40:00,Physics Lab,4.51,14.26,3.16,Normal
2026-07-20 09:40:00,AIML Department,4.37,38.05,8.7,Normal
2026-07-04 14:10:00,BT Department,3.83,24.42,6.37,Normal
2026-07-19 09:40:00,Electronics Department,15.58,633.54,40.66,Critical
2026-08-19 10:00:00,IT Department,3.2,17.34,5.41,Normal
2026-07-03 01:10:00,AIML Department,2.39,13.29,5.57,Normal
2026-07-17 03:20:00,AIML Department,5.86,13.0,2.22,Normal
2026-08-12 05:30:00,Electronics Department,3.13,16.33,5.21,Normal
2026-07-07 08:10:00,CSE Department,3.73,17.48,4.68,Normal
2026-07-06 14:50:00,AI Lab,3.64,33.92,9.32,Normal
2026-08-14 12:50:00,Mechanical Lab,5.43,40.63,7.48,Normal
2026-08-01 07:40:00,BT Department,5.42,17.38,3.21,Normal
2026-07-18 23:20:00,IT Department,3.56,31.78,8.93,Normal
2026-07-10 06:30:00,Chemistry Lab,5.15,43.79,8.5,Normal
2026-07-29 08:20:00,IT Department,5.18,13.5,2.61,Normal
2026-07-04 06:50:00,AIML Department,4.52,14.13,3.12,Normal
2026-08-10 04:20:00,CSE Department,3.6,9.03,2.51,Normal
2026-07-23 12:10:00,CSE Department,4.25,11.65,2.74,Normal
2026-08-10 19:40:00,HOD Department,4.74,31.44,6.64,Normal
2026-07-02 22:00:00,CSE Department,7.33,217.06,29.59,Suspicious
2026-08-01 16:30:00,Electronics Department,4.39,41.35,9.42,Normal
2026-08-25 01:40:00,AI Lab,5.48,29.97,5.47,Normal
2026-07-06 03:30:00,AI Lab,10.5,129.03,12.29,Suspicious
2026-07-08 13:30:00,Mechanical Lab,8.32,28.68,3.45,Normal
2026-07-22 20:00:00,CSE Department,3.42,16.18,4.73,Normal
2026-07-22 12:20:00,Mechanical Lab,5.75,8.98,1.56,Normal
2026-07-12 09:50:00,Chemistry Lab,6.12,55.28,9.03,Normal
2026-07-19 00:50:00,CSE Department,2.78,15.89,5.71,Normal
2026-08-23 05:30:00,BT Department,2.86,15.9,5.56,Normal
2026-08-25 20:10:00,IT Department,5.4,6.05,1.12,Normal
2026-08-12 10:10:00,Chemistry Lab,7.46,57.62,7.72,Normal
2026-08-05 22:10:00,HOD Department,4.69,21.0,4.48,Normal
2026-07-09 04:00:00,Biotech Department,4.51,24.74,5.48,Normal
2026-08-08 11:30:00,BT Department,6.96,67.93,9.75,Normal
2026-07-25 10:50:00,Electronics Department,4.66,10.75,2.31,Normal
2026-08-05 23:20:00,AIML Department,3.45,20.32,5.89,Normal
2026-07-01 17:40:00,BT Department,6.2,22.48,3.63,Normal
2026-08-10 06:40:00,Biotech Department,5.96,6.84,1.15,Normal
2026-07-31 06:50:00,CSE Department,4.76,15.42,3.24,Normal
2026-07-09 15:50:00,HOD Department,8.49,173.33,20.41,Suspicious
2026-07-26 22:40:00,BT Department,4.68,26.08,5.57,Normal
2026-08-04 07:40:00,Chemistry Lab,4.19,37.02,8.83,Normal
2026-07-02 00:00:00,Mechanical Lab,5.61,11.24,2.0,Normal
2026-08-10 02:50:00,New Seminar Hall,6.28,56.58,9.01,Normal
2026-07-08 00:00:00,Biotech Department,4.86,21.81,4.49,Normal
2026-07-12 16:20:00,BT Department,5.15,43.16,8.38,Normal
2026-08-24 08:30:00,New Seminar Hall,6.55,49.0,7.48,Normal
2026-07-07 10:10:00,Chemistry Lab,7.45,64.2,8.62,Normal
2026-08-16 13:20:00,New Seminar Hall,4.62,5.53,1.2,Normal
2026-07-02 10:00:00,Electronics Department,4.65,24.83,5.34,Normal
2026-07-15 19:50:00,HOD Department,3.82,23.41,6.13,Normal
2026-08-11 17:00:00,Physics Lab,5.91,10.71,1.81,Normal
2026-07-05 13:50:00,Mechanical Lab,15.3,235.4,15.39,Suspicious
2026-08-11 12:10:00,Physics Lab,4.83,37.88,7.84,Normal
2026-07-15 01:50:00,AI Lab,4.87,23.93,4.91,Normal
2026-07-09 14:00:00,AIML Department,3.68,13.97,3.8,Normal
2026-07-30 17:30:00,New Seminar Hall,6.44,10.81,1.68,Normal
2026-07-04 10:30:00,Mechanical Lab,6.79,34.78,5.12,Normal
2026-08-19 17:40:00,CSE Department,3.55,18.09,5.09,Normal
2026-07-17 16:50:00,Mechanical Lab,4.73,19.65,4.16,Normal
2026-07-29 22:30:00,HOD Department,4.43,29.5,6.66,Normal
2026-07-05 10:40:00,Mechanical Lab,18.35,575.91,31.39,Critical
2026-08-25 09:40:00,Physics Lab,3.83,4.99,1.3,Normal
2026-08-25 13:40:00,Electronics Department,5.05,30.49,6.04,Normal
2026-08-20 05:00:00,CSE Department,4.96,26.98,5.44,Normal
2026-08-15 19:40:00,Physics Lab,3.01,22.52,7.47,Normal
2026-07-31 05:40:00,BT Department,8.72,180.77,20.72,Suspicious
2026-07-29 23:50:00,Electronics Department,3.98,32.06,8.05,Normal
2026-07-07 05:10:00,AIML Department,2.83,27.56,9.74,Normal
2026-08-13 14:40:00,BT Department,4.99,42.68,8.56,Normal
2026-07-05 16:00:00,Chemistry Lab,7.07,29.04,4.11,Normal
2026-07-28 11:20:00,AIML Department,3.54,30.53,8.63,Normal
2026-07-23 19:40:00,Mechanical Lab,6.1,15.51,2.54,Normal
2026-07-17 02:40:00,Electronics Department,2.41,13.13,5.46,Normal
2026-08-12 20:30:00,CSE Department,3.86,9.18,2.38,Normal
2026-07-27 09:30:00,CSE Department,5.37,6.26,1.17,Normal
2026-07-06 14:00:00,IT Department,3.02,23.95,7.93,Normal
2026-08-09 23:10:00,Chemistry Lab,2.89,6.7,2.32,Normal
2026-07-11 14:40:00,Electronics Department,2.94,12.28,4.18,Normal
2026-07-27 12:30:00,Biotech Department,5.16,38.55,7.47,Normal
2026-07-19 16:10:00,BT Department,5.41,6.38,1.18,Normal
2026-07-24 11:40:00,HOD Department,14.21,890.16,62.63,Critical
2026-08-18 21:50:00,CSE Department,3.47,28.11,8.11,Normal
2026-08-23 12:00:00,IT Department,10.97,217.65,19.84,Suspicious
2026-08-05 04:20:00,Chemistry Lab,5.99,58.04,9.69,Normal
2026-08-09 23:00:00,HOD Department,3.09,6.96,2.25,Normal
2026-08-02 00:20:00,CSE Department,3.2,21.13,6.6,Normal
2026-07-22 05:00:00,AI Lab,5.88,26.64,4.53,Normal
2026-07-06 15:20:00,HOD Department,7.44,170.5,22.92,Suspicious
2026-07-28 22:50:00,New Seminar Hall,11.98,342.59,28.6,Suspicious
2026-08-09 11:20:00,CSE Department,10.05,159.02,15.83,Suspicious
2026-07-15 00:30:00,Chemistry Lab,5.66,29.33,5.18,Normal
2026-07-20 05:00:00,BT Department,4.82,30.41,6.31,Normal
2026-08-19 17:20:00,HOD Department,3.07,23.6,7.69,Normal
2026-07-28 09:40:00,CSE Department,4.0,22.13,5.53,Normal
2026-08-25 14:00:00,CSE Department,5.48,36.19,6.61,Normal
2026-07-08 10:40:00,AI Lab,4.98,34.46,6.92,Normal
2026-07-20 23:30:00,Biotech Department,4.78,44.26,9.27,Normal
2026-07-06 13:20:00,CSE Department,3.67,10.22,2.78,Normal
2026-07-03 18:30:00,AIML Department,1.33,2.59,1.95,Normal
2026-08-18 20:50:00,CSE Department,8.06,174.87,21.71,Suspicious
2026-07-10 10:50:00,AIML Department,3.75,23.93,6.38,Normal
2026-08-16 02:10:00,CSE Department,3.61,15.55,4.31,Normal
2026-07-27 07:40:00,AIML Department,4.48,15.25,3.41,Normal
2026-08-22 11:20:00,BT Department,1.69,6.11,3.62,Normal
2026-08-08 18:00:00,New Seminar Hall,4.74,44.94,9.48,Normal
2026-07-22 14:50:00,IT Department,3.94,26.65,6.76,Normal
2026-07-05 05:30:00,Physics Lab,5.22,45.05,8.63,Normal
2026-07-18 10:40:00,Mechanical Lab,5.53,49.45,8.95,Normal
2026-07-30 23:50:00,Mechanical Lab,4.31,22.59,5.24,Normal
2026-07-31 08:00:00,Electronics Department,3.92,12.57,3.2,Normal
2026-08-18 06:20:00,IT Department,2.35,13.51,5.76,Normal
2026-08-03 18:40:00,CSE Department,10.45,275.37,26.36,Suspicious
2026-08-23 17:50:00,AI Lab,4.01,5.23,1.31,Normal
2026-07-08 14:30:00,Electronics Department,11.97,226.87,18.95,Suspicious
2026-07-22 21:10:00,AIML Department,2.83,24.13,8.54,Normal
2026-07-10 22:50:00,HOD Department,2.67,15.37,5.76,Normal
2026-07-04 05:00:00,New Seminar Hall,5.43,27.66,5.1,Normal
2026-07-29 03:00:00,New Seminar Hall,7.25,18.1,2.5,Normal
2026-07-19 04:20:00,Electronics Department,4.43,34.28,7.74,Normal
2026-07-15 05:40:00,AIML Department,4.53,27.62,6.1,Normal
2026-08-11 14:40:00,Biotech Department,13.01,326.44,25.09,Suspicious
2026-07-22 23:00:00,Chemistry Lab,3.89,34.02,8.75,Normal
2026-08-22 04:50:00,Electronics Department,3.03,21.44,7.07,Normal
2026-07-19 19:40:00,Mechanical Lab,6.83,65.47,9.59,Normal
2026-07-30 01:50:00,Physics Lab,5.0,9.64,1.93,Normal
2026-08-15 00:40:00,Electronics Department,4.8,6.07,1.27,Normal
2026-08-18 14:30:00,Biotech Department,5.31,47.96,9.04,Normal
2026-07-22 03:20:00,Electronics Department,3.97,34.26,8.62,Normal
2026-07-07 04:20:00,Mechanical Lab,6.18,22.39,3.63,Normal
2026-07-09 07:00:00,CSE Department,3.18,22.73,7.14,Normal
2026-07-14 01:20:00,AIML Department,3.23,26.43,8.18,Normal
2026-07-18 07:50:00,IT Department,3.67,7.67,2.09,Normal
2026-08-15 13:50:00,Physics Lab,4.34,38.71,8.92,Normal
2026-07-10 00:50:00,Chemistry Lab,4.97,25.95,5.23,Normal
2026-08-07 19:10:00,Biotech Department,3.99,17.6,4.41,Normal
2026-08-01 08:00:00,Biotech Department,5.32,15.1,2.84,Normal
2026-08-14 08:50:00,AI Lab,4.84,15.55,3.21,Normal
2026-08-15 10:00:00,Mechanical Lab,12.58,345.07,27.43,Suspicious
2026-08-11 05:30:00,Biotech Department,6.4,26.97,4.21,Normal
2026-08-09 17:00:00,Electronics Department,13.04,282.78,21.69,Suspicious
2026-07-03 23:00:00,BT Department,3.99,22.67,5.69,Normal
2026-08-10 16:50:00,CSE Department,4.05,37.73,9.32,Normal
2026-08-17 17:50:00,AI Lab,6.53,30.23,4.63,Normal
2026-08-16 12:00:00,AIML Department,3.22,27.9,8.67,Normal
2026-07-31 03:40:00,HOD Department,3.97,39.49,9.95,Normal
2026-08-04 02:00:00,Biotech Department,4.79,27.42,5.73,Normal
2026-07-13 08:30:00,HOD Department,3.0,22.69,7.56,Normal
2026-08-01 07:50:00,BT Department,4.73,28.63,6.05,Normal
2026-07-15 09:20:00,Electronics Department,3.44,8.43,2.45,Normal
2026-07-22 11:20:00,Electronics Department,5.09,27.8,5.46,Normal
2026-07-28 03:10:00,Chemistry Lab,6.3,18.4,2.92,Normal
2026-08-11 22:50:00,Mechanical Lab,7.17,7.21,1.01,Normal
2026-07-31 16:20:00,New Seminar Hall,7.39,15.51,2.1,Normal
2026-08-06 13:50:00,AI Lab,4.48,4.66,1.04,Normal
2026-07-27 12:00:00,New Seminar Hall,6.52,51.51,7.9,Normal
2026-07-20 10:50:00,AI Lab,11.1,316.67,28.54,Suspicious
2026-08-07 18:10:00,Chemistry Lab,11.61,264.01,22.73,Suspicious
2026-07-31 02:40:00,IT Department,10.01,220.18,22.0,Suspicious
2026-08-14 07:40:00,Electronics Department,5.08,11.13,2.19,Normal
2026-07-25 07:50:00,HOD Department,3.22,23.79,7.39,Normal
2026-07-11 10:20:00,IT Department,4.47,9.07,2.03,Normal
2026-07-23 04:50:00,Biotech Department,4.19,37.66,8.98,Normal
2026-07-24 05:40:00,Biotech Department,4.68,26.66,5.7,Normal
2026-08-02 23:30:00,CSE Department,17.87,1020.37,57.1,Critical
2026-07-24 23:40:00,CSE Department,3.89,35.08,9.02,Normal
2026-07-09 11:50:00,Electronics Department,2.51,19.24,7.68,Normal
2026-07-29 15:00:00,Electronics Department,4.29,11.91,2.77,Normal
2026-07-11 07:40:00,BT Department,2.96,18.47,6.24,Normal
2026-07-16 16:20:00,CSE Department,10.46,180.92,17.29,Suspicious
2026-07-15 04:30:00,New Seminar Hall,7.22,24.79,3.43,Normal
2026-07-27 22:50:00,AI Lab,2.71,12.66,4.68,Normal
2026-08-01 08:20:00,CSE Department,8.27,188.5,22.78,Suspicious
2026-08-16 14:00:00,Mechanical Lab,4.59,15.76,3.43,Normal
2026-07-05 03:10:00,HOD Department,2.73,23.54,8.64,Normal
2026-08-11 19:00:00,New Seminar Hall,4.26,26.63,6.24,Normal
2026-07-24 15:30:00,HOD Department,2.17,19.86,9.15,Normal
2026-07-23 10:50:00,IT Department,4.46,9.01,2.02,Normal
2026-07-12 04:10:00,IT Department,2.62,15.58,5.94,Normal
2026-07-02 12:40:00,Mechanical Lab,4.43,17.07,3.85,Normal
2026-08-04 14:50:00,New Seminar Hall,6.32,36.67,5.8,Normal
2026-07-26 10:20:00,New Seminar Hall,5.9,40.27,6.82,Normal
2026-07-25 18:30:00,Chemistry Lab,3.76,11.09,2.95,Normal
2026-08-05 03:10:00,Chemistry Lab,17.34,1180.89,68.11,Critical
2026-07-12 09:30:00,Physics Lab,11.82,225.53,19.09,Suspicious
2026-08-08 02:00:00,New Seminar Hall,5.59,52.31,9.35,Normal
2026-07-14 09:40:00,Electronics Department,5.7,35.79,6.28,Normal
2026-08-25 19:30:00,CSE Department,3.93,36.83,9.37,Normal
2026-08-24 22:20:00,New Seminar Hall,8.23,24.61,2.99,Normal
2026-08-03 16:00:00,Physics Lab,4.65,8.39,1.8,Normal
2026-08-16 10:10:00,HOD Department,5.44,7.37,1.35,Normal
2026-08-07 02:20:00,Electronics Department,3.17,25.23,7.96,Normal
2026-08-16 11:50:00,New Seminar Hall,4.59,41.29,8.99,Normal
2026-08-20 20:10:00,New Seminar Hall,2.45,13.54,5.53,Normal
2026-07-08 13:00:00,CSE Department,4.48,12.72,2.84,Normal
2026-07-03 13:50:00,Biotech Department,6.45,21.84,3.39,Normal
2026-07-29 16:10:00,Physics Lab,4.98,41.5,8.33,Normal
2026-08-04 17:10:00,AI Lab,6.35,51.72,8.14,Normal
2026-08-03 10:30:00,Biotech Department,5.62,37.66,6.7,Normal
2026-07-07 12:50:00,Chemistry Lab,5.21,6.15,1.18,Normal
2026-07-17 10:10:00,CSE Department,4.54,44.12,9.73,Normal
2026-08-05 18:00:00,Electronics Department,8.51,244.12,28.67,Suspicious
2026-07-03 14:00:00,IT Department,5.35,21.28,3.97,Normal
2026-07-09 18:30:00,BT Department,3.52,24.43,6.94,Normal
2026-08-20 08:50:00,BT Department,4.17,15.76,3.78,Normal
2026-07-29 02:10:00,BT Department,6.37,22.93,3.6,Normal
2026-08-01 20:30:00,Electronics Department,5.84,6.85,1.17,Normal
2026-08-20 21:30:00,AI Lab,4.81,5.14,1.07,Normal
2026-08-24 14:20:00,BT Department,5.09,49.29,9.69,Normal
2026-07-09 04:10:00,IT Department,14.67,1046.03,71.32,Critical
2026-08-06 13:20:00,Mechanical Lab,6.8,17.31,2.55,Normal
2026-08-11 16:30:00,AI Lab,5.9,41.75,7.07,Normal
2026-08-19 07:10:00,CSE Department,3.37,32.24,9.57,Normal
2026-07-05 22:40:00,Electronics Department,3.54,14.47,4.09,Normal
2026-07-24 10:40:00,IT Department,15.22,739.11,48.57,Critical
2026-08-17 12:50:00,CSE Department,3.56,17.6,4.94,Normal
2026-07-02 18:40:00,CSE Department,4.47,34.46,7.71,Normal
2026-08-19 09:20:00,AI Lab,3.64,30.37,8.34,Normal
2026-07-06 12:30:00,Electronics Department,6.54,34.65,5.3,Normal
2026-07-13 09:50:00,CSE Department,5.05,33.5,6.64,Normal
2026-07-06 21:00:00,New Seminar Hall,4.59,23.04,5.01,Normal
2026-07-01 22:40:00,HOD Department,6.81,187.27,27.49,Suspicious
2026-07-06 10:20:00,HOD Department,10.24,226.85,22.15,Suspicious
2026-08-10 03:30:00,AIML Department,3.63,22.51,6.2,Normal
2026-07-26 16:10:00,BT Department,5.21,28.53,5.48,Normal
2026-07-20 00:10:00,Chemistry Lab,4.71,46.23,9.82,Normal
2026-07-09 11:40:00,BT Department,5.71,41.89,7.34,Normal
2026-07-23 03:40:00,IT Department,5.01,38.97,7.77,Normal
2026-08-06 08:30:00,Chemistry Lab,11.41,145.81,12.78,Suspicious
2026-07-09 08:10:00,Physics Lab,20.27,1291.82,63.72,Critical
2026-07-02 17:00:00,IT Department,3.38,19.55,5.78,Normal
2026-08-24 23:00:00,AIML Department,18.77,1165.15,62.08,Critical
2026-08-22 01:40:00,Physics Lab,4.99,46.78,9.37,Normal
2026-07-08 22:50:00,BT Department,5.53,42.61,7.7,Normal
2026-07-05 03:20:00,Physics Lab,2.75,21.55,7.83,Normal
2026-08-25 08:50:00,AI Lab,5.88,58.01,9.87,Normal
2026-08-18 03:50:00,Physics Lab,7.4,69.66,9.42,Normal
2026-08-17 00:00:00,New Seminar Hall,7.07,35.38,5.01,Normal
2026-08-04 12:10:00,Physics Lab,10.21,112.96,11.06,Suspicious
2026-07-10 12:10:00,HOD Department,2.94,26.11,8.88,Normal
2026-07-30 04:50:00,AI Lab,6.02,29.33,4.87,Normal
2026-08-17 23:40:00,AIML Department,1.34,5.72,4.28,Normal
2026-07-19 17:40:00,IT Department,4.56,36.31,7.97,Normal
2026-08-07 10:50:00,Biotech Department,3.91,32.0,8.18,Normal
2026-08-04 05:50:00,HOD Department,6.91,185.77,26.89,Suspicious
2026-08-06 16:20:00,Biotech Department,17.59,1025.05,58.28,Critical
2026-08-16 01:40:00,AI Lab,6.0,56.28,9.38,Normal
2026-08-24 09:50:00,CSE Department,4.45,35.9,8.08,Normal
2026-08-06 05:30:00,IT Department,3.97,21.95,5.53,Normal
2026-08-21 00:40:00,Mechanical Lab,6.67,45.02,6.75,Normal
2026-08-17 01:10:00,Mechanical Lab,7.08,39.62,5.59,Normal
2026-07-17 02:00:00,BT Department,3.79,18.68,4.93,Normal
2026-07-12 22:30:00,Electronics Department,3.94,7.79,1.98,Normal
2026-07-07 20:10:00,Physics Lab,4.44,8.12,1.83,Normal
2026-08-19 05:00:00,AIML Department,3.18,24.53,7.72,Normal
2026-07-19 21:00:00,BT Department,4.65,26.12,5.61,Normal
2026-07-20 15:00:00,Mechanical Lab,6.2,17.83,2.88,Normal
2026-07-23 07:20:00,HOD Department,3.92,37.08,9.46,Normal
2026-08-02 22:00:00,Electronics Department,4.23,6.59,1.56,Normal
2026-08-05 08:40:00,AI Lab,2.99,4.76,1.59,Normal
2026-08-03 11:10:00,CSE Department,2.05,10.29,5.01,Normal
2026-07-31 17:20:00,IT Department,7.61,177.88,23.39,Suspicious
2026-08-03 10:20:00,AI Lab,4.75,6.64,1.4,Normal
2026-07-31 04:50:00,New Seminar Hall,5.07,46.85,9.23,Normal
2026-08-05 01:10:00,Biotech Department,5.6,28.1,5.02,Normal
2026-07-25 20:00:00,CSE Department,4.35,32.05,7.38,Normal
2026-08-17 13:50:00,HOD Department,6.76,74.58,11.04,Suspicious
2026-07-05 15:20:00,IT Department,17.08,1152.43,67.49,Critical
2026-07-11 10:00:00,BT Department,5.0,43.18,8.63,Normal
2026-08-22 14:40:00,Mechanical Lab,8.51,74.38,8.74,Normal
2026-07-29 21:20:00,BT Department,5.67,35.55,6.27,Normal
2026-08-04 01:30:00,CSE Department,3.52,32.97,9.36,Normal
2026-07-04 15:40:00,Physics Lab,5.14,14.73,2.87,Normal
2026-07-10 17:20:00,New Seminar Hall,7.07,55.73,7.89,Normal
2026-08-01 14:00:00,IT Department,3.2,10.93,3.42,Normal
2026-07-14 11:40:00,Biotech Department,4.89,7.0,1.43,Normal
2026-08-10 06:00:00,Physics Lab,3.45,27.49,7.96,Normal
2026-07-13 06:20:00,BT Department,5.55,22.08,3.98,Normal
2026-07-25 15:30:00,Chemistry Lab,6.28,23.77,3.79,Normal
2026-07-13 14:40:00,AIML Department,3.53,16.25,4.6,Normal
2026-07-08 12:10:00,Physics Lab,5.47,11.01,2.01,Normal
2026-07-25 00:50:00,AI Lab,4.51,36.52,8.1,Normal
2026-07-03 07:40:00,AI Lab,6.31,25.5,4.04,Normal
2026-07-05 03:40:00,Mechanical Lab,7.55,31.19,4.13,Normal
2026-08-24 17:20:00,BT Department,3.91,24.94,6.38,Normal
2026-08-16 21:40:00,HOD Department,2.67,25.67,9.62,Normal
2026-08-01 23:30:00,AIML Department,4.97,48.41,9.74,Normal
2026-08-08 15:20:00,AIML Department,5.9,45.2,7.67,Normal
2026-07-21 01:40:00,BT Department,5.36,10.35,1.93,Normal
2026-07-13 17:10:00,AIML Department,3.78,9.97,2.64,Normal
2026-07-11 05:30:00,New Seminar Hall,5.07,8.47,1.67,Normal
2026-08-16 10:00:00,Biotech Department,4.75,32.67,6.88,Normal
2026-07-19 07:30:00,AI Lab,6.54,64.89,9.92,Normal
2026-08-06 09:40:00,IT Department,4.86,44.58,9.17,Normal
2026-08-05 03:20:00,Mechanical Lab,5.26,8.63,1.64,Normal
2026-08-18 09:00:00,AI Lab,4.46,21.59,4.85,Normal
2026-08-11 13:30:00,New Seminar Hall,4.97,21.64,4.35,Normal
2026-07-12 13:20:00,IT Department,5.37,19.05,3.55,Normal
2026-08-11 09:20:00,Electronics Department,4.83,19.1,3.95,Normal
2026-08-15 10:40:00,BT Department,3.44,8.31,2.41,Normal
2026-08-19 20:50:00,New Seminar Hall,6.12,17.5,2.86,Normal
2026-07-18 13:30:00,Electronics Department,6.54,22.09,3.38,Normal
2026-07-19 17:50:00,CSE Department,4.43,5.3,1.2,Normal
2026-07-22 21:30:00,AIML Department,4.98,39.69,7.96,Normal
2026-07-13 17:20:00,Mechanical Lab,5.07,48.88,9.65,Normal
2026-07-12 06:30:00,HOD Department,2.62,15.15,5.78,Normal
2026-08-04 06:20:00,BT Department,4.64,35.05,7.55,Normal
2026-08-02 13:10:00,New Seminar Hall,7.73,15.05,1.95,Normal
2026-07-06 04:50:00,Biotech Department,10.69,227.51,21.29,Suspicious
2026-08-02 12:30:00,Biotech Department,6.37,46.34,7.27,Normal
2026-08-03 23:00:00,BT Department,5.68,40.73,7.17,Normal
2026-08-13 11:50:00,Electronics Department,3.44,10.65,3.1,Normal
2026-07-30 19:40:00,Chemistry Lab,3.28,25.22,7.69,Normal
2026-08-18 16:00:00,IT Department,3.84,34.77,9.06,Normal
2026-07-18 20:10:00,Physics Lab,6.82,41.57,6.09,Normal
2026-08-06 06:20:00,IT Department,4.27,36.08,8.45,Normal
2026-07-17 16:20:00,HOD Department,3.21,7.14,2.22,Normal
2026-08-03 05:50:00,HOD Department,2.49,15.98,6.42,Normal
2026-07-07 02:50:00,CSE Department,7.42,104.37,14.07,Suspicious
2026-07-16 18:50:00,AIML Department,1.34,10.01,7.47,Normal
2026-08-10 22:50:00,BT Department,5.35,32.53,6.08,Normal
2026-07-05 03:30:00,Chemistry Lab,3.5,9.38,2.68,Normal
2026-07-08 10:00:00,CSE Department,6.07,8.49,1.4,Normal
2026-07-03 01:20:00,Biotech Department,6.34,46.93,7.4,Normal
2026-07-17 01:20:00,BT Department,8.7,217.62,25.02,Suspicious
2026-07-27 01:50:00,Chemistry Lab,6.59,23.42,3.55,Normal
2026-07-03 09:20:00,New Seminar Hall,8.4,23.63,2.81,Normal
2026-07-19 19:50:00,AIML Department,5.45,40.49,7.42,Normal
2026-07-22 04:00:00,Mechanical Lab,6.58,65.59,9.97,Normal
2026-08-14 08:20:00,Chemistry Lab,4.88,5.38,1.1,Normal
2026-07-17 10:20:00,Physics Lab,5.22,18.61,3.57,Normal
2026-08-21 04:10:00,New Seminar Hall,7.45,28.38,3.81,Normal
2026-07-02 00:40:00,AI Lab,7.01,9.13,1.3,Normal
2026-08-02 11:30:00,IT Department,17.34,1418.56,81.83,Critical
2026-08-03 11:30:00,Mechanical Lab,7.96,64.2,8.06,Normal
2026-07-27 23:40:00,HOD Department,4.52,21.8,4.82,Normal
2026-07-21 04:20:00,AI Lab,4.7,9.65,2.05,Normal
2026-07-17 05:50:00,BT Department,5.69,14.06,2.47,Normal
2026-07-05 00:40:00,Electronics Department,1.8,9.34,5.19,Normal
2026-08-02 22:10:00,IT Department,4.32,25.95,6.01,Normal
2026-08-05 09:30:00,New Seminar Hall,6.61,23.75,3.59,Normal
2026-07-24 17:40:00,IT Department,4.18,22.44,5.36,Normal
2026-07-10 20:20:00,New Seminar Hall,4.02,11.49,2.85,Normal
2026-08-16 08:20:00,HOD Department,3.91,6.85,1.75,Normal
2026-07-03 17:40:00,IT Department,2.41,11.2,4.65,Normal
2026-08-23 05:40:00,AI Lab,5.75,41.58,7.23,Normal
2026-07-28 05:20:00,Physics Lab,14.44,326.56,22.61,Suspicious
2026-07-28 02:40:00,Mechanical Lab,5.13,44.09,8.6,Normal
2026-08-13 19:40:00,CSE Department,4.0,11.3,2.82,Normal
2026-07-06 01:30:00,IT Department,4.89,18.78,3.84,Normal
2026-08-17 17:10:00,AI Lab,2.92,8.51,2.91,Normal
2026-07-24 15:40:00,Biotech Department,5.86,27.27,4.66,Normal
2026-08-23 03:30:00,CSE Department,3.5,27.98,8.0,Normal
2026-08-14 17:50:00,Biotech Department,2.62,4.89,1.86,Normal
2026-08-15 09:00:00,Biotech Department,7.14,44.6,6.25,Normal
2026-07-12 05:00:00,CSE Department,3.58,13.59,3.79,Normal
2026-07-30 15:40:00,HOD Department,2.15,15.96,7.44,Normal
2026-08-16 19:10:00,Biotech Department,6.83,13.47,1.97,Normal
2026-08-07 15:20:00,AIML Department,4.81,37.55,7.81,Normal
2026-08-16 16:40:00,Mechanical Lab,10.88,233.85,21.49,Suspicious
2026-08-05 12:00:00,HOD Department,3.23,10.38,3.21,Normal
2026-08-16 08:30:00,Electronics Department,3.97,21.02,5.29,Normal
2026-07-09 12:50:00,HOD Department,7.03,89.87,12.79,Suspicious
2026-07-10 21:10:00,Biotech Department,3.19,18.22,5.71,Normal
2026-08-22 07:30:00,Mechanical Lab,6.94,38.6,5.56,Normal
2026-07-12 01:20:00,New Seminar Hall,6.28,20.31,3.23,Normal
2026-07-15 04:00:00,New Seminar Hall,8.23,54.88,6.66,Normal
2026-08-14 22:10:00,Electronics Department,3.28,32.47,9.89,Normal
2026-07-30 06:50:00,Chemistry Lab,4.67,18.44,3.95,Normal
2026-07-27 09:50:00,Electronics Department,3.68,23.57,6.41,Normal
2026-08-11 08:40:00,New Seminar Hall,7.64,35.08,4.59,Normal
2026-08-06 16:30:00,AIML Department,5.58,13.96,2.5,Normal
2026-08-16 07:00:00,Chemistry Lab,5.56,30.2,5.43,Normal
2026-07-01 22:00:00,HOD Department,3.01,8.28,2.75,Normal
2026-08-11 00:00:00,Biotech Department,7.39,69.9,9.46,Normal
2026-07-12 03:40:00,AIML Department,5.4,14.1,2.61,Normal
2026-07-27 04:10:00,Mechanical Lab,7.63,48.23,6.32,Normal
2026-07-26 11:20:00,Electronics Department,4.54,8.05,1.77,Normal
2026-07-19 13:50:00,New Seminar Hall,25.36,840.18,33.13,Critical
2026-08-16 01:00:00,New Seminar Hall,17.9,366.79,20.49,Suspicious
2026-07-04 05:40:00,CSE Department,4.06,23.75,5.84,Normal
2026-08-09 06:40:00,Electronics Department,3.31,30.31,9.16,Normal
2026-07-13 17:00:00,AI Lab,5.35,23.26,4.35,Normal
2026-07-23 21:20:00,AIML Department,4.62,16.65,3.6,Normal
2026-08-16 17:00:00,Chemistry Lab,4.91,47.24,9.62,Normal
2026-08-04 19:00:00,HOD Department,2.17,2.71,1.25,Normal
2026-08-25 12:10:00,CSE Department,10.83,260.06,24.0,Suspicious
2026-07-03 08:50:00,BT Department,5.71,49.0,8.57,Normal
2026-08-10 22:40:00,BT Department,6.07,48.31,7.96,Normal
2026-07-26 15:50:00,CSE Department,3.11,9.26,2.98,Normal
2026-08-19 03:40:00,Biotech Department,5.21,27.05,5.19,Normal
2026-08-16 01:50:00,Biotech Department,5.29,40.84,7.71,Normal
2026-08-10 14:20:00,IT Department,4.16,10.09,2.43,Normal
2026-08-22 16:30:00,IT Department,5.63,21.12,3.75,Normal
2026-07-19 23:20:00,Physics Lab,4.91,23.56,4.79,Normal
2026-07-09 07:30:00,AIML Department,4.29,19.02,4.43,Normal
2026-07-13 12:30:00,AI Lab,4.84,10.78,2.23,Normal
2026-08-17 14:40:00,Biotech Department,5.3,22.31,4.21,Normal
2026-07-13 06:50:00,BT Department,3.14,29.7,9.45,Normal
2026-08-14 22:20:00,Chemistry Lab,4.21,30.0,7.13,Normal
2026-08-12 08:20:00,Physics Lab,5.84,54.34,9.3,Normal
2026-07-19 23:30:00,Mechanical Lab,3.06,12.07,3.94,Normal
2026-07-25 19:50:00,Electronics Department,4.91,27.23,5.55,Normal
2026-07-19 04:30:00,AIML Department,4.66,31.76,6.81,Normal
2026-07-17 15:20:00,CSE Department,3.85,33.11,8.59,Normal
2026-08-09 23:30:00,BT Department,14.0,687.21,49.1,Critical
2026-08-01 06:20:00,Physics Lab,6.3,57.43,9.11,Normal
2026-07-17 09:20:00,Mechanical Lab,5.48,42.56,7.76,Normal
2026-08-19 05:50:00,Electronics Department,6.66,19.27,2.89,Normal
2026-08-24 09:20:00,Biotech Department,4.43,35.21,7.96,Normal
2026-08-06 02:10:00,IT Department,2.41,8.33,3.45,Normal
2026-08-16 09:00:00,Electronics Department,4.53,6.8,1.5,Normal
2026-07-29 19:40:00,BT Department,4.69,16.21,3.46,Normal
2026-08-17 15:20:00,AI Lab,5.55,8.26,1.49,Normal
2026-08-04 10:00:00,New Seminar Hall,5.17,28.66,5.54,Normal
2026-07-03 22:10:00,BT Department,5.57,40.64,7.3,Normal
2026-08-13 22:30:00,New Seminar Hall,4.88,23.5,4.82,Normal
2026-08-10 11:50:00,Electronics Department,4.77,14.22,2.98,Normal
2026-07-14 07:10:00,AI Lab,6.16,33.98,5.52,Normal
2026-08-17 02:20:00,New Seminar Hall,6.87,8.57,1.25,Normal
2026-07-31 20:00:00,CSE Department,5.03,35.92,7.13,Normal
2026-08-08 05:50:00,CSE Department,4.55,30.47,6.69,Normal
2026-07-13 11:00:00,Physics Lab,12.08,235.47,19.49,Suspicious
2026-07-18 06:50:00,AIML Department,10.28,262.52,25.55,Suspicious
2026-08-03 13:40:00,Mechanical Lab,5.9,38.2,6.48,Normal
2026-07-31 11:00:00,Biotech Department,3.7,15.2,4.1,Normal
2026-07-30 20:30:00,HOD Department,2.76,5.14,1.86,Normal
2026-07-17 05:20:00,Chemistry Lab,19.35,939.48,48.55,Critical
2026-07-22 09:30:00,AI Lab,5.41,19.79,3.66,Normal
2026-07-19 15:40:00,New Seminar Hall,13.22,255.46,19.33,Suspicious
2026-07-11 00:10:00,IT Department,3.63,19.96,5.49,Normal
2026-07-06 23:20:00,CSE Department,3.13,6.5,2.08,Normal
2026-08-05 11:20:00,Physics Lab,5.23,12.65,2.42,Normal
2026-07-14 05:40:00,CSE Department,4.6,38.68,8.41,Normal
2026-07-14 07:30:00,BT Department,3.57,34.44,9.65,Normal
2026-08-12 18:20:00,AIML Department,4.6,25.85,5.63,Normal
2026-07-21 07:00:00,Chemistry Lab,5.47,37.91,6.93,Normal
2026-07-31 19:10:00,Physics Lab,4.94,43.86,8.89,Normal
2026-08-03 10:50:00,AI Lab,3.54,3.79,1.07,Normal
2026-08-14 12:40:00,Chemistry Lab,5.71,38.85,6.8,Normal
2026-08-20 17:00:00,New Seminar Hall,6.61,31.09,4.7,Normal
2026-07-17 04:30:00,New Seminar Hall,8.48,24.11,2.84,Normal
2026-07-13 06:40:00,Mechanical Lab,6.29,9.75,1.55,Normal
2026-08-02 04:40:00,Electronics Department,10.26,116.67,11.37,Suspicious
2026-07-25 20:40:00,IT Department,4.53,39.71,8.76,Normal
2026-08-20 18:50:00,AI Lab,1.9,8.46,4.45,Normal
2026-07-07 17:30:00,Chemistry Lab,7.24,41.26,5.7,Normal
2026-07-03 13:40:00,AIML Department,4.48,30.07,6.71,Normal
2026-08-20 10:10:00,Chemistry Lab,4.02,24.01,5.98,Normal
2026-08-18 08:10:00,Biotech Department,3.89,29.74,7.65,Normal
2026-08-13 07:20:00,Electronics Department,8.94,99.22,11.1,Suspicious
2026-07-25 10:10:00,CSE Department,4.67,32.43,6.95,Normal
2026-08-07 14:20:00,Physics Lab,4.27,15.11,3.54,Normal
2026-08-25 09:50:00,Biotech Department,3.98,20.65,5.19,Normal
2026-08-23 12:20:00,Biotech Department,4.63,9.56,2.06,Normal
2026-08-05 00:10:00,Mechanical Lab,5.18,47.77,9.21,Normal
2026-07-02 22:30:00,AIML Department,3.93,33.31,8.48,Normal
2026-07-14 19:30:00,AIML Department,6.29,25.01,3.98,Normal
2026-08-18 02:40:00,New Seminar Hall,6.11,37.98,6.22,Normal
2026-08-20 14:50:00,Biotech Department,3.75,7.61,2.03,Normal
2026-07-08 19:50:00,HOD Department,4.72,21.94,4.65,Normal
2026-08-25 17:50:00,AI Lab,4.51,15.67,3.47,Normal
2026-07-09 01:50:00,CSE Department,17.6,556.81,31.64,Critical
2026-08-12 15:30:00,HOD Department,5.01,34.89,6.96,Normal
2026-08-17 18:40:00,AI Lab,3.91,37.11,9.49,Normal
2026-07-11 12:30:00,AIML Department,4.51,8.44,1.87,Normal
2026-08-10 09:20:00,BT Department,3.64,7.13,1.96,Normal
2026-08-10 00:20:00,HOD Department,3.67,6.63,1.81,Normal
2026-07-12 07:00:00,New Seminar Hall,8.12,65.74,8.1,Normal
2026-08-18 15:40:00,Chemistry Lab,6.87,41.05,5.98,Normal
2026-08-17 23:30:00,New Seminar Hall,5.17,12.24,2.37,Normal
2026-07-16 02:20:00,Electronics Department,17.85,1455.9,81.58,Critical
2026-08-13 09:40:00,Biotech Department,3.14,6.94,2.21,Normal
2026-07-11 09:40:00,CSE Department,2.46,11.83,4.82,Normal
2026-08-05 12:30:00,HOD Department,3.32,21.76,6.55,Normal
2026-07-22 12:10:00,Physics Lab,5.07,49.72,9.81,Normal
2026-08-05 02:30:00,HOD Department,3.52,21.97,6.24,Normal
2026-08-07 08:00:00,New Seminar Hall,5.42,52.82,9.75,Normal
2026-08-23 02:50:00,Physics Lab,2.15,20.51,9.52,Normal
2026-08-12 21:20:00,BT Department,6.06,21.8,3.6,Normal
2026-08-24 16:00:00,AI Lab,3.07,20.41,6.65,Normal
2026-08-07 19:30:00,Mechanical Lab,7.74,24.98,3.23,Normal
2026-07-11 16:00:00,AIML Department,4.29,21.66,5.05,Normal
2026-08-20 21:00:00,AIML Department,3.71,34.59,9.32,Normal
2026-08-08 10:40:00,CSE Department,5.33,25.73,4.83,Normal
2026-08-06 23:00:00,New Seminar Hall,17.5,178.24,10.19,Suspicious
2026-08-24 16:30:00,AIML Department,3.69,5.53,1.5,Normal
2026-08-09 13:20:00,New Seminar Hall,5.89,50.21,8.53,Normal
2026-07-20 22:50:00,BT Department,6.82,48.15,7.06,Normal
2026-07-11 20:20:00,Chemistry Lab,5.78,32.69,5.66,Normal
2026-07-03 04:10:00,Electronics Department,4.21,32.44,7.71,Normal
2026-07-01 08:00:00,New Seminar Hall,7.46,10.05,1.35,Normal
2026-07-11 09:50:00,IT Department,2.64,8.38,3.18,Normal
2026-07-26 09:20:00,AI Lab,4.01,39.08,9.74,Normal
2026-08-04 22:20:00,HOD Department,3.09,28.41,9.19,Normal
2026-07-21 11:10:00,Electronics Department,4.87,15.45,3.17,Normal
2026-08-24 13:50:00,Mechanical Lab,6.41,35.76,5.58,Normal
2026-07-07 03:40:00,Chemistry Lab,6.5,11.72,1.8,Normal
2026-07-01 10:20:00,HOD Department,10.06,231.86,23.04,Suspicious
2026-07-28 13:00:00,HOD Department,3.45,11.59,3.36,Normal
2026-08-02 09:30:00,Electronics Department,9.86,136.94,13.89,Suspicious
2026-08-21 13:20:00,Chemistry Lab,5.25,31.17,5.94,Normal
2026-08-18 16:50:00,AI Lab,6.02,23.94,3.98,Normal
2026-07-01 09:20:00,New Seminar Hall,4.49,42.27,9.41,Normal
2026-08-15 12:00:00,IT Department,1.82,4.39,2.42,Normal
2026-07-21 12:10:00,New Seminar Hall,4.28,38.91,9.09,Normal
2026-07-16 22:50:00,Biotech Department,3.94,19.83,5.03,Normal
2026-07-08 13:10:00,Electronics Department,10.35,215.3,20.81,Suspicious
2026-07-28 10:50:00,Biotech Department,3.05,18.03,5.92,Normal
2026-08-12 05:40:00,AI Lab,13.59,365.68,26.91,Suspicious
2026-07-26 10:40:00,HOD Department,3.7,23.04,6.23,Normal
2026-08-23 19:30:00,HOD Department,3.5,31.62,9.03,Normal
2026-07-26 21:20:00,AI Lab,12.06,238.87,19.81,Suspicious
2026-07-03 16:30:00,Chemistry Lab,6.51,40.21,6.18,Normal
2026-07-02 04:10:00,Mechanical Lab,6.72,41.78,6.22,Normal
2026-08-08 05:40:00,AIML Department,9.3,175.77,18.9,Suspicious
2026-08-14 18:30:00,New Seminar Hall,6.18,51.59,8.34,Normal
2026-07-08 21:40:00,HOD Department,8.9,207.33,23.31,Suspicious
2026-08-14 20:30:00,Chemistry Lab,3.26,30.93,9.49,Normal
2026-07-10 20:40:00,Electronics Department,4.43,40.91,9.24,Normal
2026-08-12 03:30:00,Biotech Department,16.64,500.15,30.05,Critical
2026-07-10 11:30:00,New Seminar Hall,4.5,17.25,3.83,Normal
2026-07-05 15:40:00,AI Lab,5.3,50.98,9.61,Normal
2026-07-11 04:30:00,CSE Department,4.93,26.43,5.36,Normal
2026-08-12 11:10:00,HOD Department,2.54,22.89,9.0,Normal
2026-08-25 07:00:00,AI Lab,4.2,8.59,2.05,Normal
2026-07-18 16:30:00,BT Department,4.73,21.87,4.62,Normal
2026-07-31 09:20:00,New Seminar Hall,16.69,243.01,14.56,Suspicious
2026-07-27 04:00:00,IT Department,3.48,29.52,8.48,Normal
2026-08-05 01:00:00,AIML Department,4.6,13.3,2.89,Normal
2026-07-23 03:50:00,HOD Department,7.47,129.59,17.36,Suspicious
2026-07-11 03:00:00,Chemistry Lab,3.91,8.24,2.11,Normal
2026-08-01 11:00:00,AI Lab,4.01,7.47,1.86,Normal
2026-07-20 22:10:00,HOD Department,4.09,25.14,6.15,Normal
2026-07-07 12:10:00,HOD Department,2.79,12.35,4.43,Normal
2026-08-13 18:00:00,Chemistry Lab,7.28,71.88,9.87,Normal
2026-08-19 16:40:00,AIML Department,3.36,9.72,2.89,Normal
2026-08-19 18:00:00,AIML Department,4.81,33.68,7.0,Normal
2026-08-22 16:00:00,CSE Department,2.31,15.03,6.5,Normal
2026-08-25 01:10:00,CSE Department,4.34,36.91,8.51,Normal
2026-08-03 19:00:00,Biotech Department,4.19,36.17,8.63,Normal
2026-07-02 16:40:00,BT Department,3.41,29.81,8.75,Normal
2026-08-15 01:00:00,Chemistry Lab,17.71,1326.25,74.89,Critical
2026-07-29 11:50:00,BT Department,11.59,181.6,15.67,Suspicious
2026-07-04 05:10:00,AI Lab,6.25,7.82,1.25,Normal
2026-07-23 16:10:00,Chemistry Lab,4.95,30.85,6.23,Normal
2026-08-20 10:00:00,Mechanical Lab,5.6,27.49,4.91,Normal
2026-08-02 17:10:00,Chemistry Lab,13.97,411.57,29.45,Suspicious
2026-07-04 08:00:00,Physics Lab,13.19,367.38,27.86,Suspicious
2026-08-13 08:00:00,IT Department,4.35,17.91,4.12,Normal
2026-07-28 16:30:00,HOD Department,3.62,32.18,8.9,Normal
2026-07-25 07:40:00,Chemistry Lab,4.38,27.7,6.33,Normal
2026-08-22 17:40:00,Physics Lab,12.23,314.2,25.7,Suspicious
2026-07-27 06:20:00,BT Department,4.87,13.87,2.85,Normal
2026-07-16 07:30:00,HOD Department,15.75,655.22,41.59,Critical
2026-08-08 01:00:00,IT Department,11.88,296.08,24.91,Suspicious
2026-07-09 00:40:00,HOD Department,9.99,209.54,20.97,Suspicious
2026-08-09 10:00:00,Physics Lab,4.69,28.76,6.13,Normal
2026-08-24 15:30:00,AI Lab,5.82,14.38,2.47,Normal
2026-07-17 04:00:00,BT Department,3.55,3.92,1.1,Normal
2026-08-16 22:40:00,New Seminar Hall,6.39,57.37,8.98,Normal
2026-08-20 12:10:00,New Seminar Hall,6.11,44.15,7.22,Normal
2026-07-22 15:50:00,CSE Department,4.61,20.93,4.54,Normal
2026-07-09 15:10:00,Mechanical Lab,4.25,40.84,9.61,Normal
2026-07-25 12:10:00,Physics Lab,7.23,64.82,8.97,Normal
2026-08-10 06:30:00,Biotech Department,5.19,42.34,8.16,Normal
2026-07-05 12:40:00,Chemistry Lab,5.6,21.11,3.77,Normal
2026-07-22 21:50:00,New Seminar Hall,7.18,31.92,4.45,Normal
2026-07-07 10:40:00,AI Lab,11.09,295.51,26.64,Suspicious
2026-07-09 19:10:00,Biotech Department,4.76,40.0,8.4,Normal
2026-07-19 17:20:00,Electronics Department,6.87,53.35,7.76,Normal
2026-07-18 09:30:00,AI Lab,3.7,34.22,9.25,Normal
2026-08-14 13:00:00,Biotech Department,3.64,5.65,1.55,Normal
2026-08-10 11:20:00,Physics Lab,5.99,46.68,7.79,Normal
2026-08-05 21:50:00,Biotech Department,7.15,25.4,3.55,Normal
2026-07-31 08:50:00,Physics Lab,4.6,8.34,1.81,Normal
2026-08-17 22:00:00,Electronics Department,4.95,18.27,3.69,Normal
2026-08-07 12:50:00,HOD Department,3.17,5.48,1.73,Normal
2026-07-14 12:10:00,AIML Department,4.55,43.68,9.6,Normal
2026-07-29 00:00:00,CSE Department,5.39,24.29,4.5,Normal
2026-07-13 04:20:00,Chemistry Lab,23.44,897.48,38.28,Critical
2026-07-09 09:00:00,HOD Department,2.65,5.94,2.24,Normal
2026-08-19 06:20:00,Biotech Department,12.64,245.83,19.45,Suspicious
2026-07-29 17:00:00,Mechanical Lab,8.32,51.49,6.19,Normal
2026-08-13 23:40:00,Chemistry Lab,4.99,34.21,6.86,Normal
2026-07-31 16:50:00,Chemistry Lab,14.53,398.27,27.41,Suspicious
2026-07-19 14:10:00,Chemistry Lab,4.68,29.73,6.36,Normal
2026-08-24 12:40:00,Biotech Department,4.82,31.43,6.52,Normal
2026-08-07 01:20:00,Physics Lab,16.43,465.79,28.35,Suspicious
2026-07-31 18:20:00,HOD Department,3.15,25.58,8.11,Normal
2026-07-14 07:40:00,HOD Department,4.67,18.36,3.93,Normal
2026-08-10 17:00:00,IT Department,2.55,10.46,4.1,Normal
2026-07-14 06:40:00,Chemistry Lab,12.66,328.04,25.92,Suspicious
2026-08-01 20:10:00,AI Lab,6.24,39.75,6.37,Normal
2026-08-22 00:30:00,Electronics Department,5.82,54.36,9.34,Normal
2026-07-22 03:30:00,Biotech Department,5.63,8.56,1.52,Normal
2026-07-07 14:40:00,BT Department,19.53,747.26,38.27,Critical
2026-07-11 09:00:00,AIML Department,4.26,35.22,8.27,Normal
2026-08-22 10:40:00,IT Department,3.02,7.25,2.4,Normal
2026-08-03 21:00:00,IT Department,3.59,24.41,6.8,Normal
2026-07-14 10:20:00,Mechanical Lab,6.67,41.62,6.24,Normal
2026-08-24 12:20:00,Physics Lab,4.56,32.64,7.15,Normal
2026-08-11 12:00:00,AIML Department,6.17,54.99,8.92,Normal
2026-08-06 12:20:00,Biotech Department,3.5,25.56,7.31,Normal
2026-07-12 04:50:00,New Seminar Hall,5.85,20.66,3.53,Normal
2026-07-27 16:30:00,CSE Department,3.87,28.39,7.33,Normal
2026-08-22 15:30:00,AI Lab,4.19,29.54,7.06,Normal
2026-07-30 13:30:00,Mechanical Lab,8.13,34.59,4.26,Normal
2026-07-17 22:00:00,IT Department,2.32,16.82,7.24,Normal
2026-08-12 23:10:00,AI Lab,4.23,34.61,8.17,Normal
2026-07-23 16:50:00,AI Lab,5.94,26.32,4.43,Normal
2026-07-24 05:20:00,Physics Lab,4.48,7.76,1.73,Normal
2026-07-19 13:10:00,New Seminar Hall,8.01,31.16,3.89,Normal
2026-08-02 00:10:00,CSE Department,17.7,1308.17,73.91,Critical
2026-07-17 23:50:00,New Seminar Hall,7.82,72.09,9.22,Normal
2026-08-06 20:10:00,AIML Department,2.36,13.43,5.69,Normal
2026-07-17 07:50:00,Electronics Department,5.14,9.77,1.9,Normal
2026-08-04 10:50:00,HOD Department,3.67,16.97,4.63,Normal
2026-08-06 09:30:00,BT Department,2.68,4.97,1.86,Normal
2026-07-31 05:00:00,CSE Department,2.71,8.22,3.04,Normal
2026-08-13 01:30:00,AIML Department,4.81,5.67,1.18,Normal
2026-08-02 09:10:00,AIML Department,4.9,14.33,2.93,Normal
2026-07-03 02:20:00,Chemistry Lab,3.81,17.07,4.48,Normal
2026-08-07 00:10:00,New Seminar Hall,8.27,10.28,1.24,Normal
2026-07-09 01:30:00,CSE Department,4.74,32.44,6.84,Normal
2026-07-17 00:40:00,HOD Department,8.61,214.18,24.89,Suspicious
2026-07-02 20:50:00,CSE Department,4.06,9.27,2.28,Normal
2026-07-03 04:30:00,Electronics Department,4.97,37.84,7.61,Normal
2026-07-02 01:50:00,HOD Department,4.12,14.7,3.57,Normal
2026-08-03 03:50:00,Electronics Department,5.22,23.97,4.59,Normal
2026-07-09 20:20:00,HOD Department,3.03,27.56,9.11,Normal
2026-07-21 00:30:00,BT Department,6.91,64.22,9.3,Normal
2026-08-09 23:50:00,Chemistry Lab,5.81,54.45,9.38,Normal
2026-08-20 23:40:00,Physics Lab,4.35,12.17,2.8,Normal
2026-08-09 00:20:00,Mechanical Lab,4.28,39.73,9.28,Normal
2026-07-11 20:00:00,BT Department,4.09,40.28,9.86,Normal
2026-08-05 07:10:00,Electronics Department,1.77,17.18,9.71,Normal
2026-07-23 13:50:00,IT Department,6.6,18.77,2.84,Normal
2026-07-03 10:30:00,HOD Department,3.52,4.18,1.19,Normal
2026-08-01 02:00:00,AIML Department,4.27,39.51,9.26,Normal
2026-07-29 19:30:00,New Seminar Hall,3.55,29.04,8.18,Normal
2026-07-26 23:30:00,BT Department,5.45,14.18,2.6,Normal
2026-08-04 15:40:00,New Seminar Hall,4.61,43.61,9.45,Normal
2026-08-21 10:50:00,CSE Department,13.41,783.29,58.39,Critical
2026-07-09 17:40:00,AI Lab,17.92,1029.1,57.44,Critical
2026-08-07 04:30:00,New Seminar Hall,5.58,9.66,1.73,Normal
2026-07-21 20:50:00,AI Lab,5.96,57.58,9.67,Normal
2026-08-18 09:10:00,Biotech Department,6.01,16.39,2.73,Normal
2026-07-11 07:20:00,Mechanical Lab,4.04,21.15,5.24,Normal
2026-08-11 20:30:00,Electronics Department,6.37,28.51,4.48,Normal
2026-08-24 04:10:00,HOD Department,3.56,22.71,6.37,Normal
2026-08-08 11:20:00,Chemistry Lab,5.62,54.04,9.62,Normal
2026-07-03 22:40:00,CSE Department,5.57,52.96,9.5,Normal
2026-07-20 00:00:00,Mechanical Lab,4.22,20.23,4.79,Normal
2026-07-16 00:30:00,Mechanical Lab,9.25,11.26,1.22,Normal
2026-08-20 11:10:00,Electronics Department,4.47,32.75,7.33,Normal
2026-07-06 13:50:00,Mechanical Lab,7.16,68.89,9.62,Normal
2026-07-03 08:30:00,CSE Department,3.14,26.76,8.53,Normal
2026-07-22 03:10:00,AI Lab,5.73,41.0,7.15,Normal
2026-07-29 12:20:00,Physics Lab,5.82,51.37,8.82,Normal
2026-07-12 01:10:00,CSE Department,5.22,46.28,8.87,Normal
2026-07-30 05:20:00,Physics Lab,4.73,16.4,3.47,Normal
2026-07-02 15:20:00,Electronics Department,5.89,51.5,8.74,Normal
2026-08-04 12:50:00,AIML Department,5.01,44.93,8.96,Normal
2026-07-09 16:10:00,HOD Department,2.86,27.25,9.52,Normal
2026-08-22 06:20:00,IT Department,5.06,12.92,2.55,Normal
2026-08-15 21:00:00,Physics Lab,2.32,17.43,7.51,Normal
2026-07-12 00:00:00,Mechanical Lab,6.85,26.58,3.88,Normal
2026-08-23 01:20:00,AI Lab,13.38,181.84,13.59,Suspicious
2026-08-02 06:10:00,HOD Department,2.79,10.78,3.86,Normal
2026-07-04 19:30:00,BT Department,4.75,27.51,5.79,Normal
2026-08-02 19:50:00,Chemistry Lab,6.74,29.47,4.37,Normal
2026-07-22 21:40:00,IT Department,4.5,42.03,9.35,Normal
2026-07-19 17:10:00,BT Department,5.62,54.07,9.63,Normal
2026-07-12 00:30:00,AI Lab,4.33,12.16,2.81,Normal
2026-07-28 23:20:00,BT Department,5.03,45.94,9.14,Normal
2026-08-01 09:50:00,New Seminar Hall,4.24,30.5,7.19,Normal
2026-08-03 00:50:00,Chemistry Lab,5.55,35.39,6.37,Normal
2026-08-17 19:10:00,New Seminar Hall,5.96,24.82,4.17,Normal
2026-08-21 18:20:00,Chemistry Lab,4.98,22.94,4.61,Normal
2026-07-06 00:00:00,IT Department,4.69,42.29,9.01,Normal
2026-08-18 06:40:00,AI Lab,5.11,9.28,1.82,Normal
2026-08-16 16:00:00,AIML Department,3.6,4.65,1.29,Normal
2026-08-18 19:30:00,New Seminar Hall,12.2,251.9,20.64,Suspicious
2026-07-18 12:40:00,HOD Department,3.1,28.95,9.33,Normal
2026-07-30 12:40:00,IT Department,4.79,28.1,5.87,Normal
2026-08-18 19:20:00,Biotech Department,3.8,32.5,8.55,Normal
2026-08-14 19:30:00,Physics Lab,5.77,13.32,2.31,Normal
2026-08-23 05:10:00,HOD Department,3.65,28.6,7.84,Normal
2026-08-13 22:00:00,Electronics Department,9.75,215.52,22.1,Suspicious
2026-07-09 14:40:00,Mechanical Lab,21.52,1062.31,49.37,Critical
2026-08-17 16:40:00,Mechanical Lab,3.88,11.42,2.95,Normal
2026-08-25 15:00:00,Physics Lab,5.75,43.98,7.64,Normal
2026-08-14 23:30:00,AI Lab,3.17,12.97,4.09,Normal
2026-08-20 09:10:00,IT Department,3.63,30.2,8.31,Normal
2026-07-11 20:10:00,Mechanical Lab,5.38,24.51,4.55,Normal
2026-07-02 20:00:00,BT Department,5.74,21.87,3.81,Normal
2026-08-02 07:20:00,HOD Department,3.86,25.83,6.7,Normal
2026-08-08 00:10:00,HOD Department,3.19,31.58,9.91,Normal
2026-07-04 06:10:00,IT Department,4.41,33.71,7.64,Normal
2026-07-04 20:10:00,BT Department,13.46,354.42,26.33,Suspicious
2026-08-07 06:00:00,Physics Lab,6.98,19.0,2.72,Normal
2026-08-19 17:50:00,HOD Department,2.26,8.29,3.67,Normal
2026-08-01 07:00:00,Electronics Department,1.97,17.69,8.96,Normal
2026-07-22 15:40:00,AI Lab,4.59,31.15,6.79,Normal
2026-07-12 07:40:00,CSE Department,7.53,211.88,28.16,Suspicious
2026-07-04 20:20:00,New Seminar Hall,5.77,50.05,8.67,Normal
2026-07-16 10:50:00,BT Department,8.84,91.54,10.35,Suspicious
2026-08-23 16:50:00,Biotech Department,4.6,39.06,8.49,Normal
2026-08-18 23:00:00,CSE Department,4.38,28.68,6.55,Normal
2026-08-03 23:20:00,Electronics Department,9.0,171.74,19.09,Suspicious
2026-08-15 07:40:00,AIML Department,5.06,45.84,9.06,Normal
2026-08-22 01:50:00,Mechanical Lab,7.19,51.22,7.12,Normal
2026-07-14 23:30:00,HOD Department,7.77,215.37,27.7,Suspicious
2026-07-30 02:00:00,HOD Department,5.13,44.07,8.59,Normal
2026-07-26 09:50:00,Mechanical Lab,5.81,40.87,7.03,Normal
2026-07-29 19:00:00,AIML Department,5.68,55.27,9.73,Normal
2026-07-24 14:20:00,Chemistry Lab,17.83,1594.15,89.42,Critical
2026-08-15 06:00:00,New Seminar Hall,20.96,892.36,42.57,Critical
2026-08-05 23:00:00,HOD Department,3.37,9.46,2.81,Normal
2026-07-19 05:30:00,New Seminar Hall,7.21,70.83,9.83,Normal
2026-07-03 17:50:00,Biotech Department,6.32,15.22,2.41,Normal
2026-08-19 09:30:00,BT Department,6.02,33.64,5.59,Normal
2026-08-16 23:10:00,Chemistry Lab,7.37,44.86,6.09,Normal
2026-07-03 15:30:00,HOD Department,4.04,26.1,6.47,Normal
2026-08-03 20:30:00,IT Department,5.75,39.35,6.85,Normal
2026-08-18 13:40:00,IT Department,3.26,20.5,6.28,Normal
2026-08-25 13:50:00,AIML Department,3.49,34.46,9.89,Normal
2026-07-24 21:30:00,Electronics Department,12.21,354.25,29.02,Suspicious
2026-08-16 02:20:00,BT Department,4.73,42.4,8.97,Normal
2026-08-18 22:50:00,Electronics Department,5.03,16.9,3.36,Normal
2026-08-13 04:50:00,AIML Department,10.69,269.15,25.19,Suspicious
2026-08-22 08:40:00,New Seminar Hall,5.33,20.17,3.79,Normal
2026-07-26 11:30:00,BT Department,3.46,33.21,9.6,Normal
2026-08-08 16:00:00,AI Lab,4.82,25.31,5.25,Normal
2026-07-06 12:20:00,AI Lab,10.9,302.61,27.77,Suspicious
2026-07-12 04:30:00,Chemistry Lab,6.89,11.55,1.68,Normal
2026-08-25 08:20:00,New Seminar Hall,4.02,10.51,2.62,Normal
2026-07-22 10:20:00,Chemistry Lab,3.8,4.33,1.14,Normal
2026-07-24 07:10:00,CSE Department,3.69,21.05,5.7,Normal
2026-08-02 09:40:00,AI Lab,2.6,8.0,3.08,Normal
2026-08-15 00:20:00,Electronics Department,3.2,10.26,3.21,Normal
2026-07-17 03:10:00,Biotech Department,6.17,9.43,1.53,Normal
2026-08-18 01:00:00,BT Department,5.82,56.81,9.76,Normal
2026-07-17 12:50:00,Biotech Department,4.39,38.38,8.74,Normal
2026-07-22 02:40:00,IT Department,5.21,36.59,7.02,Normal
2026-08-11 06:40:00,Physics Lab,5.33,13.12,2.46,Normal
2026-08-14 16:20:00,AI Lab,6.19,35.41,5.72,Normal
2026-08-21 16:50:00,Physics Lab,4.71,43.5,9.23,Normal
2026-07-21 15:50:00,Physics Lab,5.73,42.89,7.49,Normal
2026-07-03 03:10:00,Chemistry Lab,6.77,48.9,7.22,Normal
2026-08-21 05:20:00,AI Lab,4.68,37.98,8.11,Normal
2026-08-09 22:40:00,New Seminar Hall,5.24,38.47,7.35,Normal
2026-08-07 05:20:00,Electronics Department,5.2,48.59,9.35,Normal
2026-08-17 11:10:00,AIML Department,4.82,38.97,8.09,Normal
2026-07-03 23:20:00,CSE Department,4.28,18.35,4.29,Normal
2026-08-06 05:20:00,Physics Lab,5.77,19.63,3.4,Normal
2026-07-19 04:10:00,Mechanical Lab,8.33,58.0,6.97,Normal
2026-07-16 19:10:00,New Seminar Hall,5.98,15.45,2.58,Normal
2026-07-05 11:50:00,CSE Department,4.39,12.67,2.88,Normal
2026-07-14 03:20:00,Chemistry Lab,3.85,16.99,4.41,Normal
2026-07-01 15:30:00,IT Department,3.77,22.8,6.04,Normal
2026-07-11 08:40:00,Mechanical Lab,6.95,64.58,9.29,Normal
2026-07-12 19:20:00,IT Department,3.74,10.93,2.92,Normal
2026-07-12 08:20:00,AIML Department,2.65,7.48,2.82,Normal
2026-08-05 20:50:00,BT Department,12.08,216.35,17.91,Suspicious
2026-07-14 11:30:00,Biotech Department,18.93,1362.86,71.98,Critical
2026-08-07 07:20:00,HOD Department,2.94,17.35,5.9,Normal
2026-08-09 01:00:00,BT Department,5.51,50.99,9.26,Normal
2026-08-05 23:30:00,AIML Department,3.07,20.26,6.59,Normal
2026-08-07 07:00:00,AI Lab,14.7,231.94,15.78,Suspicious
2026-07-31 18:10:00,Chemistry Lab,5.76,46.51,8.07,Normal
2026-08-23 11:10:00,CSE Department,4.09,29.35,7.18,Normal
2026-07-20 00:30:00,AIML Department,4.0,30.1,7.53,Normal
2026-07-17 09:00:00,Chemistry Lab,22.06,1081.11,49.01,Critical
2026-07-27 15:40:00,IT Department,2.52,16.92,6.7,Normal
2026-08-19 01:40:00,AI Lab,5.91,42.08,7.12,Normal
2026-08-13 13:40:00,Biotech Department,4.46,24.95,5.6,Normal
2026-07-24 19:10:00,AIML Department,3.43,31.74,9.27,Normal
2026-07-29 05:10:00,Electronics Department,6.04,59.06,9.79,Normal
2026-07-12 10:40:00,New Seminar Hall,5.64,31.53,5.59,Normal
2026-08-16 09:40:00,Physics Lab,3.36,13.08,3.9,Normal
2026-08-09 20:00:00,Biotech Department,4.58,44.98,9.83,Normal
2026-07-24 16:00:00,Electronics Department,3.07,3.6,1.17,Normal
2026-08-13 21:40:00,Mechanical Lab,15.45,168.36,10.9,Suspicious
2026-07-21 03:10:00,AI Lab,4.46,19.45,4.36,Normal
2026-08-01 05:00:00,New Seminar Hall,6.71,42.56,6.35,Normal
2026-08-10 17:50:00,Electronics Department,5.33,45.18,8.48,Normal
2026-07-10 08:20:00,Biotech Department,5.13,10.82,2.11,Normal
2026-07-04 07:00:00,New Seminar Hall,4.51,7.46,1.66,Normal
2026-07-25 05:30:00,AI Lab,6.0,58.49,9.74,Normal
2026-07-06 22:10:00,CSE Department,3.2,21.67,6.78,Normal
2026-07-17 02:50:00,Chemistry Lab,15.92,353.09,22.17,Suspicious
2026-07-04 04:20:00,AI Lab,3.72,30.48,8.2,Normal
2026-08-16 19:30:00,Mechanical Lab,5.34,11.91,2.23,Normal
2026-07-05 22:50:00,CSE Department,4.31,30.51,7.08,Normal
2026-07-18 10:20:00,Mechanical Lab,4.67,39.1,8.37,Normal
2026-07-04 09:00:00,Biotech Department,5.24,38.91,7.43,Normal
2026-08-08 16:50:00,Mechanical Lab,5.33,6.56,1.23,Normal
2026-08-19 20:20:00,Physics Lab,12.97,137.67,10.62,Suspicious
2026-07-04 08:20:00,Biotech Department,5.41,45.26,8.37,Normal
2026-08-06 21:30:00,Chemistry Lab,7.28,25.63,3.52,Normal
2026-07-06 13:10:00,AI Lab,3.69,32.34,8.76,Normal
2026-07-14 21:20:00,HOD Department,8.71,259.19,29.77,Suspicious
2026-07-16 03:30:00,CSE Department,11.23,279.65,24.9,Suspicious
2026-08-05 03:30:00,Electronics Department,5.61,40.59,7.23,Normal
2026-07-23 06:30:00,IT Department,3.92,6.65,1.7,Normal
2026-08-03 11:50:00,Biotech Department,5.74,42.44,7.4,Normal
2026-08-24 17:50:00,CSE Department,3.28,4.04,1.23,Normal
2026-08-15 07:10:00,Biotech Department,2.38,23.62,9.93,Normal
2026-07-23 02:30:00,Physics Lab,5.86,48.88,8.34,Normal
2026-07-08 14:50:00,IT Department,5.28,34.83,6.6,Normal
2026-07-05 16:20:00,Electronics Department,11.87,155.02,13.06,Suspicious
2026-07-13 15:50:00,Mechanical Lab,6.89,46.06,6.68,Normal
2026-07-22 10:30:00,New Seminar Hall,5.83,21.03,3.61,Normal
2026-07-16 11:00:00,Biotech Department,6.05,22.67,3.75,Normal
2026-07-09 19:50:00,Biotech Department,3.62,27.6,7.63,Normal
2026-07-02 19:00:00,Electronics Department,8.15,87.45,10.73,Suspicious
2026-08-12 22:20:00,Chemistry Lab,11.18,188.74,16.88,Suspicious
2026-07-28 20:10:00,IT Department,3.57,7.63,2.14,Normal
2026-08-17 17:00:00,Electronics Department,4.21,4.57,1.09,Normal
2026-07-02 02:20:00,CSE Department,5.73,57.08,9.96,Normal
2026-07-01 16:30:00,Electronics Department,5.88,16.83,2.86,Normal
2026-07-11 17:50:00,AI Lab,7.99,52.34,6.55,Normal
2026-07-09 00:50:00,New Seminar Hall,7.54,26.9,3.57,Normal
2026-07-11 12:00:00,HOD Department,2.88,16.49,5.72,Normal
2026-08-24 07:50:00,IT Department,4.2,30.98,7.37,Normal
2026-07-15 11:20:00,BT Department,10.56,111.68,10.57,Suspicious
2026-07-05 20:40:00,AI Lab,3.83,17.11,4.47,Normal
2026-07-17 13:30:00,Mechanical Lab,7.04,57.79,8.2,Normal
2026-07-20 06:20:00,IT Department,2.58,14.45,5.6,Normal
2026-08-09 04:50:00,Chemistry Lab,6.79,35.81,5.27,Normal
2026-08-03 11:40:00,CSE Department,4.75,32.54,6.85,Normal
2026-07-28 02:30:00,IT Department,19.67,1238.29,62.94,Critical
2026-08-20 10:40:00,Physics Lab,5.77,47.51,8.23,Normal
2026-07-13 19:10:00,Mechanical Lab,5.54,29.35,5.29,Normal
2026-07-13 03:40:00,AI Lab,4.89,17.65,3.61,Normal
2026-08-15 01:20:00,AI Lab,3.42,12.53,3.66,Normal
2026-07-19 20:50:00,Physics Lab,4.07,35.11,8.63,Normal
2026-08-02 05:10:00,Biotech Department,4.17,14.42,3.46,Normal
2026-07-27 15:10:00,IT Department,3.23,31.73,9.83,Normal
2026-08-06 03:30:00,Mechanical Lab,5.63,33.93,6.03,Normal
2026-07-21 18:50:00,Mechanical Lab,5.77,15.09,2.61,Normal
2026-07-11 17:40:00,Physics Lab,26.85,1723.26,64.18,Critical
2026-07-21 18:10:00,Mechanical Lab,7.06,14.37,2.03,Normal
2026-08-18 10:00:00,Mechanical Lab,5.5,10.85,1.97,Normal
2026-08-15 08:20:00,CSE Department,2.58,11.48,4.46,Normal
2026-08-13 12:10:00,HOD Department,3.54,8.57,2.42,Normal
2026-08-13 20:20:00,HOD Department,4.12,18.37,4.46,Normal
2026-08-03 20:00:00,BT Department,4.65,4.97,1.07,Normal
2026-08-11 03:20:00,Chemistry Lab,5.75,26.88,4.67,Normal
2026-08-11 18:10:00,Physics Lab,5.46,43.92,8.04,Normal
2026-07-28 22:30:00,AI Lab,4.98,36.58,7.35,Normal
2026-08-06 11:00:00,Electronics Department,5.09,30.22,5.94,Normal
2026-07-18 18:20:00,Electronics Department,7.1,30.8,4.34,Normal
2026-07-15 19:10:00,IT Department,4.43,39.92,9.0,Normal
2026-07-06 05:30:00,Biotech Department,6.75,62.63,9.27,Normal
2026-07-14 08:00:00,AIML Department,3.69,33.12,8.97,Normal
2026-07-18 19:20:00,Chemistry Lab,10.67,309.07,28.97,Suspicious
2026-08-09 01:50:00,Physics Lab,8.06,59.94,7.44,Normal
2026-08-02 17:50:00,AIML Department,3.58,20.0,5.58,Normal
2026-07-01 17:30:00,Physics Lab,5.35,39.32,7.35,Normal
2026-07-14 15:40:00,AI Lab,5.33,51.81,9.72,Normal
2026-08-25 05:00:00,CSE Department,2.73,26.42,9.68,Normal
2026-07-27 05:20:00,IT Department,4.45,42.97,9.66,Normal
2026-07-27 23:20:00,BT Department,5.38,21.9,4.07,Normal
2026-08-14 20:00:00,New Seminar Hall,14.99,423.5,28.24,Suspicious
2026-08-03 22:40:00,New Seminar Hall,8.1,48.92,6.04,Normal
2026-07-04 23:50:00,New Seminar Hall,13.52,367.57,27.18,Suspicious
2026-08-12 17:30:00,IT Department,10.53,292.59,27.79,Suspicious
2026-08-15 08:30:00,Physics Lab,4.67,24.64,5.28,Normal
2026-07-23 14:50:00,New Seminar Hall,6.37,55.95,8.78,Normal
2026-08-12 11:00:00,Mechanical Lab,5.63,7.43,1.32,Normal
2026-08-08 22:50:00,IT Department,3.95,16.35,4.14,Normal
2026-07-05 06:10:00,AI Lab,5.75,27.26,4.74,Normal
2026-08-22 11:40:00,AI Lab,6.37,35.23,5.53,Normal
2026-07-21 05:00:00,Biotech Department,4.4,43.29,9.84,Normal
2026-08-22 16:20:00,IT Department,2.68,11.02,4.12,Normal
2026-07-16 11:50:00,Physics Lab,5.9,57.27,9.7,Normal
2026-08-14 20:40:00,Electronics Department,6.01,18.13,3.02,Normal
2026-07-15 11:00:00,Electronics Department,4.98,47.64,9.57,Normal
2026-07-05 18:40:00,Chemistry Lab,6.13,33.59,5.48,Normal
2026-07-18 07:30:00,Biotech Department,6.31,58.07,9.2,Normal
2026-07-18 02:00:00,Electronics Department,4.88,18.22,3.74,Normal
2026-07-29 03:10:00,Mechanical Lab,7.12,17.87,2.51,Normal
2026-07-06 09:40:00,Mechanical Lab,5.48,12.03,2.19,Normal
2026-08-10 12:50:00,Electronics Department,4.45,29.73,6.67,Normal
2026-08-04 16:30:00,CSE Department,5.04,17.39,3.45,Normal
2026-07-14 23:20:00,HOD Department,3.49,11.42,3.28,Normal
2026-08-07 02:40:00,New Seminar Hall,4.4,31.15,7.07,Normal
2026-07-25 11:50:00,BT Department,6.28,21.95,3.5,Normal
2026-07-16 09:00:00,AIML Department,4.47,12.31,2.75,Normal
2026-08-18 12:40:00,AI Lab,4.45,35.18,7.9,Normal
2026-08-23 08:20:00,Physics Lab,6.23,11.44,1.84,Normal
2026-07-03 14:10:00,AI Lab,3.33,3.94,1.18,Normal
2026-07-13 23:20:00,New Seminar Hall,4.29,22.07,5.15,Normal
2026-08-05 04:50:00,AI Lab,5.49,42.71,7.78,Normal
2026-08-06 03:50:00,IT Department,2.76,4.73,1.72,Normal
2026-07-03 08:20:00,AIML Department,4.11,7.79,1.9,Normal
2026-07-13 11:10:00,Electronics Department,8.47,93.67,11.05,Suspicious
2026-07-23 09:20:00,AIML Department,3.44,29.62,8.62,Normal
2026-08-19 03:30:00,AIML Department,5.34,23.28,4.36,Normal
2026-07-20 10:20:00,Electronics Department,3.47,11.53,3.33,Normal
2026-07-17 19:20:00,AIML Department,3.53,18.79,5.32,Normal
2026-08-01 10:10:00,Biotech Department,6.26,54.39,8.69,Normal
2026-08-24 04:00:00,New Seminar Hall,16.14,418.78,25.95,Suspicious
2026-07-22 21:00:00,AI Lab,4.5,14.14,3.14,Normal
2026-08-07 02:00:00,HOD Department,3.23,19.75,6.11,Normal
2026-07-25 09:20:00,IT Department,5.21,48.66,9.33,Normal
2026-07-31 16:40:00,AI Lab,3.92,9.47,2.42,Normal
2026-08-22 10:00:00,New Seminar Hall,17.3,514.73,29.76,Suspicious
2026-08-16 23:00:00,New Seminar Hall,7.39,32.47,4.39,Normal
2026-08-16 14:30:00,CSE Department,4.99,44.53,8.92,Normal
2026-08-05 16:30:00,BT Department,6.25,37.59,6.01,Normal
2026-07-07 08:00:00,HOD Department,3.62,29.53,8.16,Normal
2026-08-22 21:30:00,Chemistry Lab,5.95,58.58,9.84,Normal
2026-08-17 09:40:00,Electronics Department,15.59,1014.43,65.05,Critical
2026-07-27 02:00:00,New Seminar Hall,6.17,29.55,4.79,Normal
2026-08-25 10:40:00,HOD Department,3.32,14.23,4.28,Normal
2026-07-03 21:50:00,HOD Department,3.45,29.54,8.56,Normal
2026-07-25 11:30:00,New Seminar Hall,5.93,19.94,3.36,Normal
2026-07-17 22:10:00,New Seminar Hall,6.54,9.18,1.4,Normal
2026-08-14 05:00:00,Chemistry Lab,6.84,11.39,1.66,Normal
2026-08-13 23:20:00,Biotech Department,5.29,46.98,8.87,Normal
2026-08-09 15:50:00,Biotech Department,6.89,22.02,3.2,Normal
2026-08-01 11:50:00,AI Lab,2.89,22.28,7.71,Normal
2026-08-23 14:10:00,AIML Department,3.88,5.87,1.51,Normal
2026-07-10 18:40:00,AIML Department,6.1,29.92,4.91,Normal
2026-07-07 15:50:00,AIML Department,4.04,13.65,3.38,Normal
2026-08-06 00:50:00,Mechanical Lab,6.72,17.32,2.58,Normal
2026-07-31 03:50:00,New Seminar Hall,6.08,37.12,6.11,Normal
2026-08-25 17:20:00,Electronics Department,4.01,19.84,4.95,Normal
2026-08-02 07:00:00,AI Lab,10.68,295.92,27.7,Suspicious
2026-07-08 00:40:00,CSE Department,3.23,8.49,2.63,Normal
2026-07-11 05:10:00,Physics Lab,7.2,16.92,2.35,Normal
2026-07-02 04:20:00,New Seminar Hall,6.42,20.69,3.22,Normal
2026-07-04 15:50:00,CSE Department,3.54,7.43,2.1,Normal
2026-07-05 22:20:00,CSE Department,4.35,13.33,3.07,Normal
2026-08-16 19:20:00,New Seminar Hall,9.68,42.11,4.35,Normal
2026-07-16 12:50:00,Physics Lab,6.3,10.66,1.69,Normal
2026-08-06 13:00:00,Chemistry Lab,7.81,68.33,8.75,Normal
2026-07-16 03:10:00,Electronics Department,4.34,39.95,9.2,Normal
2026-07-04 09:10:00,Biotech Department,4.87,40.38,8.29,Normal
2026-07-10 21:50:00,Mechanical Lab,8.47,72.91,8.6,Normal
2026-07-11 08:30:00,BT Department,2.78,15.83,5.7,Normal
2026-07-31 17:50:00,IT Department,3.7,10.96,2.97,Normal
2026-07-31 10:30:00,Physics Lab,5.22,11.46,2.2,Normal
2026-07-11 14:10:00,Electronics Department,3.05,8.21,2.69,Normal
2026-08-17 04:50:00,BT Department,4.98,15.98,3.21,Normal
2026-07-09 11:30:00,Chemistry Lab,3.28,7.25,2.21,Normal
2026-08-01 19:40:00,Chemistry Lab,6.75,46.72,6.92,Normal
2026-08-07 21:30:00,CSE Department,3.88,34.65,8.93,Normal
2026-07-18 07:40:00,CSE Department,5.9,30.62,5.19,Normal
2026-07-28 18:00:00,Chemistry Lab,21.44,1824.38,85.09,Critical
2026-07-22 18:10:00,Physics Lab,13.4,140.93,10.52,Suspicious
2026-07-03 06:30:00,AIML Department,3.17,13.55,4.27,Normal
2026-07-19 06:00:00,BT Department,4.79,26.6,5.55,Normal
2026-08-02 10:50:00,IT Department,4.09,38.42,9.4,Normal
2026-07-08 23:30:00,Physics Lab,5.8,11.13,1.92,Normal
2026-08-13 13:20:00,Mechanical Lab,4.42,33.38,7.55,Normal
2026-07-13 02:20:00,Chemistry Lab,5.96,44.92,7.54,Normal
2026-07-16 05:00:00,CSE Department,3.62,33.53,9.27,Normal
2026-07-24 08:50:00,Chemistry Lab,5.64,37.72,6.69,Normal
2026-07-18 03:50:00,Mechanical Lab,5.38,32.22,5.99,Normal
2026-08-13 23:30:00,Chemistry Lab,11.9,150.4,12.64,Suspicious
2026-08-05 13:00:00,Mechanical Lab,24.77,1795.91,72.51,Critical
2026-07-05 08:10:00,Electronics Department,4.33,17.0,3.93,Normal
2026-07-01 17:50:00,AIML Department,6.6,41.96,6.35,Normal
2026-07-06 19:10:00,CSE Department,4.21,39.33,9.35,Normal
2026-07-18 23:50:00,AIML Department,4.78,18.3,3.83,Normal
2026-08-10 19:50:00,Chemistry Lab,15.19,374.1,24.63,Suspicious
2026-08-05 19:20:00,Electronics Department,3.59,21.17,5.9,Normal
2026-07-31 05:20:00,Electronics Department,3.64,23.18,6.37,Normal
2026-08-19 12:40:00,New Seminar Hall,5.49,24.31,4.43,Normal
2026-08-07 13:20:00,Mechanical Lab,4.66,13.53,2.9,Normal
2026-08-22 11:50:00,IT Department,8.55,148.67,17.38,Suspicious
2026-08-22 18:50:00,IT Department,17.91,1023.16,57.11,Critical
2026-07-28 11:10:00,Electronics Department,5.06,26.75,5.28,Normal
2026-08-22 09:30:00,BT Department,5.63,21.61,3.84,Normal
2026-08-14 19:10:00,CSE Department,10.3,193.24,18.76,Suspicious
2026-08-06 04:30:00,AIML Department,2.37,17.26,7.27,Normal
2026-08-17 12:10:00,AI Lab,3.0,10.13,3.38,Normal
2026-07-02 14:40:00,CSE Department,4.42,35.64,8.07,Normal
2026-07-18 11:40:00,IT Department,3.25,4.86,1.49,Normal
2026-07-18 19:10:00,Biotech Department,4.94,9.91,2.0,Normal
2026-07-04 06:00:00,Mechanical Lab,12.58,184.06,14.63,Suspicious
2026-07-05 04:10:00,IT Department,2.96,26.48,8.95,Normal
2026-07-11 00:50:00,AIML Department,3.27,15.25,4.66,Normal
2026-08-20 00:40:00,IT Department,4.53,5.14,1.14,Normal
2026-07-18 01:10:00,New Seminar Hall,6.19,53.14,8.59,Normal
2026-08-17 18:00:00,Physics Lab,5.71,32.56,5.7,Normal
2026-07-13 13:20:00,Chemistry Lab,4.77,8.09,1.7,Normal
2026-08-22 13:30:00,HOD Department,3.57,30.88,8.64,Normal
2026-07-03 09:30:00,AI Lab,4.65,19.5,4.19,Normal
2026-07-04 09:50:00,CSE Department,3.54,22.46,6.34,Normal
2026-07-25 21:40:00,Mechanical Lab,5.34,25.01,4.69,Normal
2026-07-09 02:30:00,New Seminar Hall,6.92,52.18,7.54,Normal
2026-07-19 21:30:00,AI Lab,4.14,9.36,2.26,Normal
2026-07-19 10:10:00,CSE Department,5.48,32.46,5.92,Normal
2026-07-14 16:10:00,AI Lab,4.45,33.77,7.6,Normal
2026-07-05 21:10:00,Physics Lab,6.69,25.29,3.78,Normal
2026-08-03 00:40:00,Electronics Department,8.9,157.28,17.67,Suspicious
2026-08-08 17:50:00,Chemistry Lab,3.21,21.14,6.59,Normal
2026-07-22 11:10:00,Chemistry Lab,4.71,32.17,6.83,Normal
2026-07-30 18:30:00,Electronics Department,4.5,35.91,7.98,Normal
2026-08-13 09:50:00,Mechanical Lab,5.76,25.19,4.37,Normal
2026-07-29 11:00:00,AI Lab,4.04,37.13,9.2,Normal
2026-08-16 21:20:00,BT Department,3.69,30.4,8.23,Normal
2026-08-13 12:40:00,CSE Department,5.92,9.61,1.62,Normal
2026-07-05 05:00:00,Physics Lab,10.64,242.61,22.81,Suspicious
2026-08-17 03:10:00,Chemistry Lab,24.46,779.62,31.87,Critical
2026-07-10 20:30:00,Mechanical Lab,5.6,44.07,7.87,Normal
2026-07-07 15:10:00,BT Department,4.94,32.75,6.63,Normal
2026-07-29 04:20:00,Mechanical Lab,3.83,18.42,4.81,Normal
2026-07-11 06:50:00,Chemistry Lab,26.46,1658.81,62.69,Critical
2026-08-24 11:40:00,BT Department,12.95,171.09,13.21,Suspicious
2026-07-31 23:20:00,Biotech Department,4.32,16.89,3.91,Normal
2026-08-05 06:00:00,HOD Department,4.29,14.25,3.32,Normal
2026-08-11 18:00:00,AIML Department,4.51,35.08,7.78,Normal
2026-07-07 18:20:00,HOD Department,7.21,88.95,12.34,Suspicious
2026-07-23 12:40:00,BT Department,5.93,51.5,8.68,Normal
2026-07-01 10:30:00,HOD Department,4.48,26.15,5.83,Normal
2026-08-20 14:40:00,Mechanical Lab,4.73,11.13,2.35,Normal
2026-08-20 22:20:00,AIML Department,4.78,24.98,5.23,Normal
2026-08-09 22:20:00,Physics Lab,6.64,14.98,2.25,Normal
2026-07-09 09:30:00,HOD Department,2.42,7.72,3.19,Normal
2026-07-26 06:20:00,New Seminar Hall,14.4,420.51,29.21,Suspicious
2026-07-30 19:50:00,BT Department,3.73,10.55,2.83,Normal
2026-08-21 04:30:00,Biotech Department,10.59,252.16,23.81,Suspicious
2026-08-04 14:20:00,HOD Department,3.67,12.39,3.37,Normal
2026-08-09 03:10:00,AI Lab,4.75,44.3,9.33,Normal
2026-07-28 13:40:00,AIML Department,11.51,222.19,19.3,Suspicious
2026-07-10 19:00:00,CSE Department,3.75,12.86,3.43,Normal
2026-07-09 18:00:00,Chemistry Lab,4.92,32.48,6.6,Normal
2026-07-14 08:40:00,Mechanical Lab,3.64,28.12,7.72,Normal
2026-07-18 19:30:00,Biotech Department,5.71,18.39,3.22,Normal
2026-07-22 09:40:00,BT Department,3.82,26.83,7.02,Normal
2026-08-13 12:50:00,BT Department,6.21,52.95,8.53,Normal
2026-08-21 06:10:00,AI Lab,4.65,16.1,3.46,Normal
2026-07-09 11:00:00,Electronics Department,2.31,3.18,1.38,Normal
2026-08-14 06:50:00,CSE Department,3.92,28.5,7.27,Normal
2026-08-15 14:30:00,AIML Department,10.94,122.1,11.17,Suspicious
2026-07-28 08:40:00,IT Department,4.59,22.74,4.95,Normal
2026-07-14 01:30:00,Electronics Department,5.2,14.09,2.71,Normal
2026-08-04 23:50:00,HOD Department,3.15,24.06,7.64,Normal
2026-07-14 05:50:00,AI Lab,11.88,233.13,19.63,Suspicious
2026-07-23 14:00:00,AI Lab,5.81,16.98,2.92,Normal
2026-07-29 04:40:00,AI Lab,6.52,40.56,6.22,Normal
2026-07-30 10:20:00,Biotech Department,4.53,12.65,2.79,Normal
2026-07-27 03:10:00,AIML Department,2.98,8.58,2.88,Normal
2026-08-10 01:10:00,Mechanical Lab,4.45,11.18,2.51,Normal
2026-07-04 00:30:00,IT Department,3.5,10.85,3.1,Normal
2026-08-05 19:50:00,Mechanical Lab,6.95,22.25,3.2,Normal
2026-07-08 12:00:00,Biotech Department,2.24,19.99,8.93,Normal
2026-08-08 09:40:00,Mechanical Lab,8.0,27.04,3.38,Normal
2026-08-14 16:00:00,Electronics Department,3.83,21.36,5.58,Normal
2026-07-27 23:00:00,BT Department,3.36,11.2,3.33,Normal
2026-08-06 12:40:00,HOD Department,4.47,35.89,8.03,Normal
2026-07-07 19:10:00,Biotech Department,5.36,22.55,4.21,Normal
2026-07-30 17:50:00,Biotech Department,7.0,50.02,7.14,Normal
2026-07-06 03:10:00,IT Department,3.34,26.3,7.87,Normal
2026-07-14 11:10:00,AI Lab,5.93,27.67,4.66,Normal
2026-07-27 10:10:00,Physics Lab,5.16,40.51,7.85,Normal
2026-07-31 10:00:00,AI Lab,4.05,18.58,4.59,Normal
2026-08-14 12:10:00,CSE Department,5.12,6.4,1.25,Normal
2026-07-18 15:20:00,AIML Department,5.18,32.93,6.36,Normal
2026-08-17 08:10:00,IT Department,5.01,46.67,9.31,Normal
2026-07-01 15:20:00,BT Department,4.11,29.5,7.17,Normal
2026-08-07 13:40:00,New Seminar Hall,5.49,37.13,6.77,Normal
2026-07-17 01:10:00,Mechanical Lab,29.74,1254.44,42.18,Critical
2026-08-19 08:10:00,Electronics Department,10.96,170.61,15.57,Suspicious
2026-07-24 21:50:00,IT Department,5.32,28.02,5.27,Normal
2026-08-05 08:00:00,Mechanical Lab,28.98,2492.35,86.0,Critical
2026-07-22 06:20:00,New Seminar Hall,12.98,276.36,21.3,Suspicious
2026-07-13 00:30:00,Biotech Department,6.09,14.92,2.45,Normal
2026-08-11 19:40:00,Mechanical Lab,7.39,27.62,3.74,Normal
2026-08-24 20:40:00,CSE Department,10.52,115.46,10.97,Suspicious
2026-07-01 18:30:00,New Seminar Hall,14.01,154.65,11.04,Suspicious
2026-07-25 08:30:00,CSE Department,3.53,22.76,6.45,Normal
2026-08-03 16:30:00,Biotech Department,6.16,24.21,3.93,Normal
2026-07-25 02:40:00,IT Department,3.17,16.4,5.17,Normal
2026-07-02 21:50:00,BT Department,12.17,175.55,14.42,Suspicious
2026-07-29 23:30:00,Biotech Department,4.04,8.35,2.07,Normal
2026-08-05 03:40:00,Chemistry Lab,20.23,909.37,44.95,Critical
2026-08-07 18:00:00,Physics Lab,5.38,37.81,7.03,Normal
2026-08-21 08:50:00,CSE Department,5.97,15.48,2.59,Normal
2026-07-08 01:30:00,IT Department,2.82,10.54,3.73,Normal
2026-07-13 20:50:00,AIML Department,7.9,81.27,10.29,Suspicious
2026-07-30 13:40:00,CSE Department,2.93,18.25,6.22,Normal
2026-07-25 00:40:00,Mechanical Lab,7.38,7.76,1.05,Normal
2026-07-30 19:30:00,Chemistry Lab,4.19,29.56,7.06,Normal
2026-08-09 18:50:00,New Seminar Hall,14.24,268.43,18.84,Suspicious
2026-07-20 01:40:00,Mechanical Lab,5.38,50.62,9.42,Normal
2026-08-17 14:00:00,New Seminar Hall,4.89,9.46,1.93,Normal
2026-07-14 06:00:00,HOD Department,4.35,31.24,7.18,Normal
2026-07-28 23:00:00,Physics Lab,6.8,61.39,9.02,Normal
2026-08-05 22:40:00,HOD Department,2.86,20.9,7.3,Normal
2026-08-25 10:50:00,CSE Department,4.83,14.79,3.06,Normal
2026-07-21 00:10:00,Mechanical Lab,12.9,261.19,20.25,Suspicious
2026-07-03 02:00:00,AI Lab,6.0,45.09,7.52,Normal
2026-07-27 19:50:00,AIML Department,3.83,12.81,3.34,Normal
2026-08-25 20:20:00,AI Lab,5.12,46.04,8.99,Normal
2026-07-13 18:10:00,Electronics Department,4.33,42.78,9.88,Normal
2026-08-16 05:30:00,Chemistry Lab,14.21,304.56,21.43,Suspicious
2026-07-15 15:10:00,New Seminar Hall,5.21,34.11,6.55,Normal
2026-08-18 05:50:00,Biotech Department,4.96,38.37,7.74,Normal
2026-07-21 03:50:00,Chemistry Lab,6.22,13.84,2.22,Normal
2026-08-10 11:30:00,BT Department,8.63,237.99,27.56,Suspicious
2026-07-14 13:00:00,HOD Department,3.69,13.49,3.66,Normal
2026-07-16 01:10:00,HOD Department,4.0,12.93,3.23,Normal
2026-08-11 08:10:00,Chemistry Lab,7.35,51.78,7.04,Normal
2026-07-19 23:10:00,AIML Department,4.61,21.99,4.77,Normal
2026-08-17 10:50:00,Mechanical Lab,2.95,12.89,4.37,Normal
2026-08-08 17:10:00,Chemistry Lab,3.13,24.25,7.75,Normal
2026-08-02 01:10:00,Chemistry Lab,8.36,55.69,6.66,Normal
2026-07-01 20:30:00,Physics Lab,4.69,41.46,8.84,Normal
2026-08-18 15:20:00,HOD Department,3.66,24.77,6.77,Normal
2026-07-04 07:40:00,Physics Lab,4.29,20.95,4.88,Normal
2026-07-29 17:10:00,CSE Department,5.96,50.63,8.5,Normal
2026-08-01 03:00:00,Chemistry Lab,5.34,12.17,2.28,Normal
2026-08-24 13:10:00,HOD Department,5.67,18.17,3.2,Normal
2026-07-27 02:20:00,IT Department,5.27,38.22,7.26,Normal
2026-08-09 23:40:00,AI Lab,12.37,223.31,18.05,Suspicious
2026-08-07 10:00:00,BT Department,3.17,10.85,3.42,Normal
2026-08-16 02:30:00,Mechanical Lab,5.75,10.98,1.91,Normal
2026-07-17 07:30:00,HOD Department,3.39,13.66,4.03,Normal
2026-08-05 04:30:00,AIML Department,5.22,51.26,9.82,Normal
2026-07-03 00:00:00,HOD Department,1.83,16.74,9.14,Normal
2026-07-06 18:30:00,CSE Department,2.9,8.77,3.02,Normal
2026-07-10 17:40:00,New Seminar Hall,5.45,35.92,6.59,Normal
2026-08-01 06:40:00,AI Lab,4.78,25.6,5.36,Normal
2026-07-08 02:50:00,CSE Department,3.71,25.1,6.76,Normal
2026-07-06 22:50:00,IT Department,4.52,31.46,6.96,Normal
2026-07-16 09:20:00,Mechanical Lab,25.03,1934.43,77.28,Critical
2026-07-12 10:30:00,Chemistry Lab,12.49,346.4,27.73,Suspicious
2026-08-17 14:30:00,AI Lab,5.01,23.91,4.77,Normal
2026-07-23 01:10:00,HOD Department,5.41,25.06,4.64,Normal
2026-07-12 14:00:00,AIML Department,5.27,48.06,9.13,Normal
2026-07-20 21:40:00,AIML Department,5.16,39.49,7.65,Normal
2026-07-11 15:00:00,CSE Department,5.75,40.62,7.06,Normal
2026-08-08 18:50:00,BT Department,5.38,14.08,2.62,Normal
2026-07-13 20:10:00,Biotech Department,6.48,61.23,9.46,Normal
2026-07-15 21:10:00,Biotech Department,4.2,9.83,2.34,Normal
2026-08-19 02:40:00,CSE Department,3.81,5.66,1.49,Normal
2026-07-10 18:10:00,IT Department,3.49,3.91,1.12,Normal
2026-08-07 01:00:00,Electronics Department,5.24,27.22,5.2,Normal
2026-08-02 19:00:00,BT Department,11.07,193.95,17.52,Suspicious
2026-07-21 07:50:00,IT Department,3.94,12.52,3.18,Normal
2026-07-28 03:40:00,HOD Department,3.31,10.07,3.04,Normal
2026-07-23 10:40:00,IT Department,4.87,39.23,8.05,Normal
2026-08-16 18:20:00,Physics Lab,5.71,46.33,8.11,Normal
2026-07-23 05:40:00,Chemistry Lab,6.94,19.74,2.84,Normal
2026-08-12 11:30:00,New Seminar Hall,12.97,388.4,29.94,Suspicious
2026-07-23 23:20:00,IT Department,4.38,6.6,1.51,Normal
2026-08-25 11:50:00,CSE Department,2.68,17.41,6.49,Normal
2026-07-01 12:50:00,Biotech Department,7.06,30.64,4.34,Normal
2026-08-23 05:50:00,New Seminar Hall,4.6,10.5,2.28,Normal
2026-07-22 20:20:00,BT Department,11.25,250.79,22.3,Suspicious
2026-07-08 22:00:00,AI Lab,4.28,38.45,8.99,Normal
2026-07-02 04:40:00,HOD Department,3.23,24.89,7.72,Normal
2026-07-30 17:10:00,IT Department,6.43,33.19,5.16,Normal
2026-08-10 22:00:00,Physics Lab,6.12,13.83,2.26,Normal
2026-07-22 06:40:00,New Seminar Hall,7.06,20.82,2.95,Normal
2026-08-04 08:10:00,Physics Lab,6.62,36.81,5.56,Normal
2026-07-17 07:00:00,Chemistry Lab,5.12,46.81,9.14,Normal
2026-08-05 16:50:00,Chemistry Lab,6.96,49.55,7.11,Normal
2026-07-12 02:50:00,IT Department,9.42,132.82,14.1,Suspicious
2026-08-17 15:10:00,Biotech Department,5.74,50.12,8.73,Normal
2026-07-05 11:40:00,AI Lab,4.6,40.87,8.88,Normal
2026-08-06 05:10:00,Chemistry Lab,4.88,20.82,4.27,Normal
2026-07-11 04:00:00,AI Lab,5.69,26.19,4.6,Normal
2026-07-26 22:20:00,Electronics Department,3.09,26.95,8.72,Normal
2026-07-30 00:00:00,HOD Department,15.69,710.21,45.25,Critical
2026-08-03 00:20:00,AIML Department,5.13,10.86,2.12,Normal
2026-08-09 00:50:00,New Seminar Hall,5.95,22.5,3.78,Normal
2026-07-16 14:10:00,Electronics Department,6.73,32.81,4.88,Normal
2026-07-28 06:40:00,HOD Department,3.78,10.17,2.69,Normal
2026-08-01 16:40:00,HOD Department,4.58,31.57,6.89,Normal
2026-08-22 03:30:00,AIML Department,4.58,33.57,7.33,Normal
2026-07-06 22:40:00,CSE Department,3.91,26.79,6.86,Normal
2026-08-23 22:40:00,Mechanical Lab,11.89,254.66,21.42,Suspicious
2026-07-07 23:40:00,CSE Department,4.12,23.62,5.74,Normal
2026-08-04 22:40:00,IT Department,10.98,307.66,28.03,Suspicious
2026-08-03 07:10:00,New Seminar Hall,6.72,52.29,7.79,Normal
2026-07-06 23:00:00,Electronics Department,2.84,26.69,9.4,Normal
2026-07-07 03:00:00,New Seminar Hall,5.25,31.71,6.04,Normal
2026-08-12 20:00:00,Mechanical Lab,6.61,53.37,8.08,Normal
2026-07-19 05:20:00,Mechanical Lab,4.77,35.02,7.35,Normal
2026-07-09 21:50:00,Physics Lab,6.58,27.38,4.16,Normal
2026-07-09 20:10:00,IT Department,5.05,50.36,9.96,Normal
2026-08-06 15:30:00,Electronics Department,2.44,11.46,4.69,Normal
2026-08-24 21:50:00,CSE Department,3.47,10.06,2.9,Normal
2026-07-22 04:10:00,Mechanical Lab,6.96,20.31,2.92,Normal
2026-08-19 21:50:00,Biotech Department,7.87,58.21,7.39,Normal
2026-08-13 10:30:00,Mechanical Lab,5.03,11.14,2.21,Normal
2026-08-04 08:40:00,IT Department,4.33,7.68,1.77,Normal
2026-07-21 12:40:00,HOD Department,3.27,20.79,6.37,Normal
2026-08-03 23:50:00,New Seminar Hall,6.8,22.93,3.37,Normal
2026-07-12 20:10:00,Physics Lab,6.01,57.82,9.62,Normal
2026-08-17 17:20:00,Electronics Department,4.19,28.2,6.73,Normal
2026-07-04 11:20:00,Biotech Department,5.73,36.01,6.28,Normal
2026-08-12 16:40:00,AIML Department,3.83,30.23,7.89,Normal
2026-07-24 08:40:00,Chemistry Lab,13.74,370.36,26.95,Suspicious
2026-07-04 06:20:00,New Seminar Hall,4.58,26.77,5.84,Normal
2026-07-09 19:20:00,New Seminar Hall,5.9,22.33,3.79,Normal
2026-08-18 22:20:00,IT Department,4.17,25.15,6.03,Normal
2026-08-06 08:20:00,HOD Department,3.59,25.08,6.98,Normal
2026-08-22 03:20:00,HOD Department,13.13,841.86,64.12,Critical
2026-07-31 17:30:00,BT Department,9.75,186.03,19.09,Suspicious
2026-07-02 01:00:00,AI Lab,6.87,26.42,3.85,Normal
2026-08-04 11:00:00,HOD Department,4.65,40.28,8.66,Normal
2026-07-23 05:10:00,Electronics Department,4.15,4.22,1.02,Normal
2026-07-12 07:20:00,New Seminar Hall,4.99,10.45,2.09,Normal
2026-08-12 18:30:00,CSE Department,3.84,37.4,9.73,Normal
2026-07-16 15:40:00,AIML Department,4.68,5.51,1.18,Normal
2026-07-02 12:20:00,BT Department,4.49,40.62,9.05,Normal
2026-08-20 18:40:00,Chemistry Lab,5.76,21.17,3.68,Normal
2026-07-02 06:30:00,Biotech Department,7.75,56.96,7.35,Normal
2026-08-25 17:00:00,New Seminar Hall,6.49,46.74,7.2,Normal
2026-08-01 17:20:00,AI Lab,9.93,196.18,19.76,Suspicious
2026-07-10 10:20:00,Physics Lab,6.85,67.34,9.84,Normal
2026-08-20 07:40:00,AIML Department,4.51,15.11,3.35,Normal
2026-07-17 04:40:00,BT Department,3.69,20.28,5.49,Normal
2026-08-10 04:10:00,Mechanical Lab,5.77,9.01,1.56,Normal
2026-08-19 12:00:00,Biotech Department,4.92,23.18,4.71,Normal
2026-08-02 07:50:00,CSE Department,4.72,11.0,2.33,Normal
2026-08-19 04:10:00,AI Lab,7.49,8.06,1.08,Normal
2026-07-14 18:30:00,AI Lab,5.45,16.3,2.99,Normal
2026-08-13 10:00:00,CSE Department,6.52,11.54,1.77,Normal
2026-08-21 05:10:00,Physics Lab,7.31,12.87,1.76,Normal
2026-07-20 06:40:00,IT Department,4.88,11.48,2.35,Normal
2026-07-06 22:30:00,AI Lab,6.05,54.91,9.08,Normal
2026-07-15 12:50:00,IT Department,2.66,24.75,9.31,Normal
2026-07-31 18:50:00,HOD Department,3.3,18.09,5.48,Normal
2026-07-04 13:00:00,CSE Department,4.56,43.05,9.44,Normal
2026-07-14 22:00:00,Biotech Department,14.14,191.7,13.56,Suspicious
2026-08-04 04:50:00,BT Department,5.04,43.01,8.53,Normal
2026-07-06 21:10:00,BT Department,4.47,23.34,5.22,Normal
2026-08-06 10:00:00,Mechanical Lab,3.42,25.01,7.31,Normal
2026-07-08 18:50:00,CSE Department,17.23,694.16,40.3,Critical
2026-07-02 08:00:00,Physics Lab,6.31,37.39,5.92,Normal
2026-07-10 15:20:00,HOD Department,4.61,40.37,8.75,Normal
2026-07-31 11:10:00,AIML Department,4.65,16.25,3.49,Normal
2026-07-23 02:10:00,AI Lab,4.27,39.36,9.22,Normal
2026-07-15 20:30:00,New Seminar Hall,5.07,27.52,5.43,Normal
2026-08-04 21:10:00,IT Department,5.12,40.53,7.92,Normal
2026-08-07 06:10:00,Electronics Department,4.0,30.1,7.53,Normal
2026-07-21 22:40:00,Biotech Department,3.0,13.85,4.62,Normal
2026-08-01 10:20:00,CSE Department,3.87,34.47,8.9,Normal
2026-08-03 10:10:00,CSE Department,3.48,12.65,3.63,Normal
2026-07-20 22:00:00,New Seminar Hall,5.65,32.97,5.84,Normal
2026-07-08 07:10:00,New Seminar Hall,6.3,60.45,9.59,Normal
2026-08-03 12:50:00,BT Department,2.33,6.81,2.92,Normal
2026-08-19 20:30:00,Electronics Department,5.94,40.56,6.82,Normal
2026-07-05 04:30:00,IT Department,5.49,12.56,2.29,Normal
2026-08-17 03:50:00,BT Department,6.14,60.16,9.79,Normal
2026-07-11 15:30:00,AIML Department,4.82,20.01,4.15,Normal
2026-08-10 00:50:00,Chemistry Lab,6.7,12.69,1.89,Normal
2026-07-10 04:00:00,New Seminar Hall,5.57,8.39,1.51,Normal
2026-07-11 03:10:00,Biotech Department,6.0,14.08,2.35,Normal
2026-08-19 08:20:00,BT Department,5.08,42.79,8.42,Normal
2026-08-21 02:40:00,CSE Department,3.11,4.64,1.49,Normal
2026-07-11 13:10:00,Biotech Department,5.37,34.74,6.47,Normal
2026-08-13 19:20:00,BT Department,16.4,1408.2,85.89,Critical
2026-08-14 15:40:00,CSE Department,6.2,37.97,6.13,Normal
2026-08-17 06:40:00,AI Lab,5.02,12.07,2.41,Normal
2026-08-02 10:30:00,New Seminar Hall,4.32,29.02,6.72,Normal
2026-08-24 18:50:00,HOD Department,2.66,20.38,7.67,Normal
2026-07-27 01:20:00,Mechanical Lab,6.67,43.58,6.53,Normal
2026-07-08 03:30:00,AI Lab,7.32,72.62,9.92,Normal
2026-08-17 12:20:00,Biotech Department,6.88,42.24,6.14,Normal
2026-07-21 05:20:00,Physics Lab,5.47,38.03,6.95,Normal
2026-08-19 09:00:00,CSE Department,3.65,31.21,8.56,Normal
2026-07-10 03:20:00,Mechanical Lab,11.76,317.4,26.99,Suspicious
2026-08-24 11:00:00,Physics Lab,6.45,16.19,2.51,Normal
2026-07-03 04:40:00,AI Lab,4.9,7.62,1.56,Normal
2026-07-05 21:00:00,Chemistry Lab,5.57,32.5,5.83,Normal
2026-07-19 11:40:00,New Seminar Hall,16.02,452.62,28.25,Suspicious
2026-07-21 02:10:00,Electronics Department,20.76,1158.86,55.82,Critical
2026-07-21 14:10:00,AIML Department,4.21,20.79,4.94,Normal
2026-08-09 04:20:00,IT Department,3.43,14.85,4.32,Normal
2026-07-25 13:10:00,BT Department,5.2,12.84,2.47,Normal
2026-07-05 10:10:00,HOD Department,2.16,20.67,9.56,Normal
2026-08-01 21:40:00,AI Lab,6.57,59.36,9.03,Normal
2026-08-14 21:00:00,CSE Department,2.83,13.89,4.91,Normal
2026-08-09 06:20:00,HOD Department,3.89,22.95,5.9,Normal
2026-08-23 18:50:00,Biotech Department,12.84,159.07,12.39,Suspicious
2026-07-28 15:30:00,Physics Lab,5.15,12.66,2.46,Normal
2026-08-18 05:00:00,Chemistry Lab,5.69,6.57,1.15,Normal
2026-08-09 16:50:00,Physics Lab,3.37,31.36,9.31,Normal
2026-07-13 21:20:00,Electronics Department,4.27,17.81,4.17,Normal
2026-08-24 11:30:00,Biotech Department,4.05,37.57,9.27,Normal
2026-08-09 22:10:00,BT Department,2.89,25.22,8.73,Normal
2026-07-26 03:30:00,New Seminar Hall,5.15,5.26,1.02,Normal
2026-07-06 00:50:00,Physics Lab,5.65,34.35,6.08,Normal
2026-07-25 20:10:00,Electronics Department,5.16,29.25,5.67,Normal
2026-08-07 16:40:00,CSE Department,3.29,25.22,7.67,Normal
2026-07-24 14:50:00,AI Lab,4.57,21.21,4.64,Normal
2026-07-22 04:20:00,Mechanical Lab,6.7,13.05,1.95,Normal
2026-08-02 19:30:00,IT Department,4.34,20.36,4.69,Normal
2026-08-18 13:10:00,HOD Department,4.09,36.44,8.91,Normal
2026-07-18 05:20:00,HOD Department,9.49,179.18,18.88,Suspicious
2026-07-30 05:30:00,Chemistry Lab,3.23,15.56,4.81,Normal
2026-08-21 16:40:00,CSE Department,3.53,28.04,7.95,Normal
2026-08-08 13:50:00,CSE Department,3.88,7.18,1.85,Normal
2026-07-29 19:50:00,AI Lab,21.16,911.46,43.08,Critical
2026-07-21 16:40:00,Electronics Department,9.27,202.0,21.78,Suspicious
2026-08-11 00:30:00,Mechanical Lab,4.97,7.05,1.42,Normal
2026-07-12 12:30:00,New Seminar Hall,6.57,43.45,6.61,Normal
2026-07-31 01:20:00,AIML Department,3.89,26.7,6.86,Normal
2026-08-10 03:50:00,Electronics Department,5.28,41.84,7.93,Normal
2026-08-24 05:40:00,Mechanical Lab,15.84,423.52,26.74,Suspicious
2026-07-31 12:40:00,IT Department,5.88,21.21,3.61,Normal
2026-08-09 18:30:00,Chemistry Lab,5.61,29.96,5.34,Normal
2026-07-27 23:30:00,HOD Department,4.03,38.78,9.62,Normal
2026-07-05 12:50:00,IT Department,17.3,1487.08,85.96,Critical
2026-07-23 01:50:00,Mechanical Lab,6.22,40.13,6.45,Normal
2026-08-09 21:30:00,CSE Department,2.62,5.08,1.94,Normal
2026-07-11 12:40:00,New Seminar Hall,4.24,22.04,5.2,Normal
2026-08-11 07:20:00,Mechanical Lab,7.35,39.86,5.43,Normal
2026-07-27 20:50:00,IT Department,6.27,18.8,3.0,Normal
2026-07-27 08:50:00,Chemistry Lab,4.49,34.02,7.58,Normal
2026-08-11 07:40:00,CSE Department,4.21,29.51,7.02,Normal
2026-08-22 05:00:00,Electronics Department,5.51,39.03,7.08,Normal
2026-07-27 14:00:00,AIML Department,4.13,27.47,6.65,Normal
2026-07-16 07:10:00,AI Lab,12.22,341.63,27.96,Suspicious
2026-07-20 20:10:00,Chemistry Lab,10.8,213.5,19.76,Suspicious
2026-08-23 12:30:00,AIML Department,4.71,31.05,6.59,Normal
2026-07-15 18:10:00,CSE Department,3.57,20.51,5.75,Normal
2026-08-20 02:20:00,CSE Department,2.31,12.87,5.56,Normal
2026-08-18 00:30:00,New Seminar Hall,4.65,32.61,7.01,Normal
2026-08-16 00:30:00,Mechanical Lab,6.56,30.73,4.68,Normal
2026-08-03 11:20:00,Mechanical Lab,4.6,22.33,4.85,Normal
2026-07-05 09:20:00,IT Department,5.01,5.81,1.16,Normal
2026-08-10 16:40:00,AIML Department,2.15,5.88,2.74,Normal
2026-07-20 01:50:00,New Seminar Hall,8.17,80.04,9.8,Normal
2026-08-12 12:10:00,CSE Department,5.01,10.9,2.18,Normal
2026-07-20 18:30:00,BT Department,4.31,26.07,6.05,Normal
2026-08-13 09:30:00,New Seminar Hall,5.34,14.79,2.77,Normal
2026-08-05 20:10:00,CSE Department,3.56,34.64,9.72,Normal
2026-08-19 22:20:00,CSE Department,7.51,157.03,20.91,Suspicious
2026-08-12 17:40:00,Physics Lab,6.59,9.89,1.5,Normal
2026-07-18 14:00:00,AIML Department,3.08,21.66,7.02,Normal
2026-08-13 15:20:00,Biotech Department,4.58,31.86,6.96,Normal
2026-08-23 19:40:00,Chemistry Lab,4.79,40.13,8.37,Normal
2026-08-09 12:10:00,Mechanical Lab,5.31,39.13,7.37,Normal
2026-07-03 17:20:00,Biotech Department,8.41,61.51,7.32,Normal
2026-07-22 04:30:00,AI Lab,6.87,46.28,6.74,Normal
2026-08-02 13:00:00,New Seminar Hall,5.46,38.4,7.04,Normal
2026-07-24 02:30:00,AIML Department,2.56,20.98,8.18,Normal
2026-08-22 11:00:00,BT Department,2.14,14.04,6.56,Normal
2026-07-28 17:30:00,Mechanical Lab,25.32,1516.68,59.9,Critical
2026-08-13 09:20:00,IT Department,3.63,35.36,9.73,Normal
2026-08-18 05:30:00,BT Department,3.01,10.08,3.35,Normal
2026-08-11 20:50:00,HOD Department,3.62,8.34,2.31,Normal
2026-07-01 23:00:00,AIML Department,2.96,28.78,9.72,Normal
2026-07-27 14:10:00,CSE Department,3.51,32.7,9.32,Normal
2026-08-10 08:20:00,Biotech Department,6.16,29.66,4.81,Normal
2026-08-04 19:10:00,HOD Department,3.22,12.3,3.82,Normal
2026-07-25 05:50:00,HOD Department,4.69,11.19,2.38,Normal
2026-07-16 00:50:00,CSE Department,2.91,10.64,3.66,Normal
2026-07-30 18:10:00,Physics Lab,3.34,22.14,6.63,Normal
2026-08-12 13:30:00,Mechanical Lab,8.09,31.81,3.93,Normal
2026-08-02 04:20:00,AIML Department,9.36,220.17,23.52,Suspicious
2026-08-19 15:50:00,AI Lab,4.36,18.59,4.26,Normal
2026-07-07 21:50:00,Physics Lab,5.44,52.36,9.63,Normal
2026-08-21 08:10:00,HOD Department,5.11,27.5,5.38,Normal
2026-07-31 04:30:00,CSE Department,17.8,1450.49,81.48,Critical
2026-07-30 18:50:00,IT Department,3.76,35.34,9.39,Normal
2026-07-07 11:10:00,Chemistry Lab,10.96,229.58,20.95,Suspicious
2026-08-18 17:30:00,Biotech Department,5.13,19.97,3.89,Normal
2026-08-01 16:00:00,CSE Department,5.2,20.48,3.94,Normal
2026-08-16 15:50:00,IT Department,4.64,15.69,3.38,Normal
2026-08-05 05:30:00,HOD Department,4.28,31.23,7.3,Normal
2026-08-19 20:10:00,AIML Department,15.38,1317.77,85.71,Critical
2026-08-21 06:40:00,HOD Department,9.07,228.54,25.2,Suspicious
2026-08-11 09:00:00,IT Department,5.7,20.75,3.64,Normal
2026-08-07 11:10:00,HOD Department,4.39,43.78,9.98,Normal
2026-08-03 12:20:00,AIML Department,3.78,21.35,5.65,Normal
2026-08-07 08:40:00,HOD Department,3.3,23.12,7.01,Normal
2026-08-15 23:20:00,IT Department,3.65,34.33,9.41,Normal
2026-08-09 07:40:00,Mechanical Lab,16.78,253.04,15.08,Suspicious
2026-07-18 02:30:00,HOD Department,3.76,18.63,4.96,Normal
2026-08-05 12:10:00,Chemistry Lab,5.72,49.79,8.71,Normal
2026-08-21 20:20:00,HOD Department,3.66,6.64,1.82,Normal
2026-07-28 13:30:00,New Seminar Hall,8.74,21.11,2.42,Normal
2026-08-07 16:10:00,IT Department,3.19,21.08,6.62,Normal
2026-08-14 06:00:00,Electronics Department,4.65,33.59,7.23,Normal
2026-07-23 00:50:00,Biotech Department,6.41,44.17,6.89,Normal
2026-07-17 23:40:00,Chemistry Lab,7.5,42.06,5.6,Normal
2026-08-02 09:50:00,CSE Department,3.83,34.13,8.91,Normal
2026-07-13 05:00:00,Mechanical Lab,5.65,5.96,1.06,Normal
2026-08-07 15:40:00,Biotech Department,6.38,7.51,1.18,Normal
2026-08-03 00:30:00,IT Department,1.75,14.52,8.28,Normal
2026-07-09 13:40:00,Physics Lab,7.51,22.47,2.99,Normal
2026-07-31 17:00:00,Electronics Department,4.14,28.04,6.77,Normal
2026-08-23 16:30:00,New Seminar Hall,3.72,36.95,9.92,Normal
2026-08-10 07:20:00,CSE Department,4.08,15.4,3.78,Normal
2026-08-12 15:10:00,AIML Department,4.52,14.02,3.1,Normal
2026-08-24 15:50:00,AIML Department,4.61,25.25,5.47,Normal
2026-07-02 09:10:00,Mechanical Lab,7.9,61.82,7.82,Normal
2026-07-07 16:30:00,AI Lab,4.84,41.31,8.53,Normal
2026-07-10 09:30:00,CSE Department,2.39,19.36,8.1,Normal
2026-07-28 01:30:00,AIML Department,4.5,22.61,5.03,Normal
2026-08-21 00:00:00,Physics Lab,6.07,39.66,6.53,Normal
2026-08-03 01:40:00,Chemistry Lab,4.32,11.49,2.66,Normal
2026-08-07 00:20:00,HOD Department,9.01,235.23,26.11,Suspicious
2026-07-11 01:00:00,AI Lab,13.7,366.13,26.73,Suspicious
2026-07-18 19:50:00,BT Department,3.91,9.5,2.43,Normal
2026-07-02 14:30:00,CSE Department,2.93,13.91,4.74,Normal
2026-08-22 17:10:00,Electronics Department,17.51,1236.35,70.62,Critical
2026-08-13 22:10:00,Electronics Department,3.24,26.71,8.25,Normal
2026-07-22 07:50:00,Biotech Department,3.41,27.6,8.1,Normal
2026-07-18 02:50:00,Chemistry Lab,6.28,57.38,9.13,Normal
2026-07-04 14:30:00,BT Department,4.26,32.44,7.62,Normal
2026-07-08 01:10:00,Electronics Department,3.55,27.58,7.76,Normal
2026-08-07 09:40:00,Electronics Department,3.52,9.5,2.7,Normal
2026-08-06 22:50:00,Electronics Department,3.85,11.0,2.86,Normal
2026-07-02 18:50:00,Physics Lab,5.58,48.26,8.66,Normal
2026-07-14 22:50:00,AI Lab,6.59,58.24,8.84,Normal
2026-07-07 13:20:00,IT Department,17.97,744.59,41.44,Critical
2026-08-12 11:20:00,CSE Department,3.85,21.11,5.48,Normal
2026-07-19 05:40:00,IT Department,4.28,32.57,7.61,Normal
2026-08-04 08:00:00,IT Department,3.99,16.34,4.1,Normal
2026-07-13 15:30:00,HOD Department,5.04,28.01,5.56,Normal
2026-08-10 16:10:00,CSE Department,2.98,27.67,9.28,Normal
2026-07-17 07:10:00,Mechanical Lab,6.67,61.28,9.19,Normal
2026-07-09 17:30:00,HOD Department,3.16,22.34,7.06,Normal
2026-08-04 11:40:00,CSE Department,4.65,25.04,5.38,Normal
2026-08-02 01:20:00,Mechanical Lab,16.63,419.77,25.24,Suspicious
2026-07-28 23:10:00,New Seminar Hall,5.16,21.25,4.12,Normal
2026-07-10 00:30:00,Chemistry Lab,14.68,352.56,24.01,Suspicious
2026-08-02 06:50:00,Physics Lab,25.79,1165.78,45.2,Critical
2026-07-23 07:30:00,HOD Department,3.15,27.22,8.64,Normal
2026-08-11 00:20:00,Physics Lab,5.13,33.3,6.49,Normal
2026-08-03 20:10:00,AIML Department,5.82,9.92,1.7,Normal
2026-07-30 17:00:00,AIML Department,3.33,9.13,2.74,Normal
2026-07-03 08:40:00,Mechanical Lab,5.68,33.84,5.95,Normal
2026-08-20 12:00:00,Chemistry Lab,4.0,33.87,8.47,Normal
2026-07-08 15:10:00,Biotech Department,4.92,22.78,4.63,Normal
2026-08-07 21:40:00,BT Department,3.95,9.68,2.45,Normal
2026-07-24 03:00:00,HOD Department,3.99,15.54,3.89,Normal
2026-07-03 05:20:00,AIML Department,4.83,17.26,3.57,Normal
2026-07-15 12:20:00,Biotech Department,6.89,61.36,8.9,Normal
2026-07-31 05:50:00,IT Department,2.71,15.21,5.6,Normal
2026-07-19 17:00:00,AIML Department,2.0,4.47,2.24,Normal
2026-08-10 13:00:00,CSE Department,17.57,939.47,53.48,Critical
2026-08-08 21:50:00,HOD Department,4.08,31.42,7.7,Normal
2026-07-08 21:00:00,CSE Department,4.44,31.56,7.11,Normal
2026-08-09 05:10:00,CSE Department,4.0,37.28,9.31,Normal
2026-08-23 04:30:00,Physics Lab,6.1,50.82,8.33,Normal
2026-08-08 20:30:00,IT Department,1.91,10.83,5.67,Normal
2026-08-25 19:50:00,Physics Lab,5.89,11.27,1.91,Normal
2026-07-22 08:20:00,Electronics Department,12.29,170.85,13.9,Suspicious
2026-07-25 22:30:00,AIML Department,11.68,199.05,17.04,Suspicious
2026-08-05 15:40:00,IT Department,4.45,30.46,6.85,Normal
2026-08-13 13:00:00,IT Department,4.49,33.47,7.46,Normal
2026-07-24 12:50:00,IT Department,4.33,31.0,7.16,Normal
2026-07-21 21:20:00,AI Lab,4.34,42.73,9.84,Normal
2026-07-20 17:40:00,New Seminar Hall,6.19,35.06,5.67,Normal
2026-07-29 08:00:00,Electronics Department,4.75,36.28,7.63,Normal
2026-07-05 14:10:00,New Seminar Hall,5.51,14.09,2.56,Normal
2026-08-09 19:20:00,AIML Department,9.08,219.85,24.21,Suspicious
2026-07-27 14:30:00,BT Department,4.98,45.32,9.1,Normal
2026-07-24 18:50:00,Mechanical Lab,4.77,16.86,3.54,Normal
2026-08-01 09:10:00,AI Lab,22.9,796.31,34.77,Critical
2026-08-02 20:50:00,Mechanical Lab,6.04,37.17,6.15,Normal
2026-07-13 11:20:00,Chemistry Lab,4.26,8.77,2.06,Normal
2026-08-20 11:00:00,CSE Department,3.69,30.42,8.23,Normal
2026-08-12 21:00:00,Biotech Department,4.64,31.06,6.7,Normal
2026-07-23 08:40:00,HOD Department,8.27,126.8,15.33,Suspicious
2026-07-27 07:10:00,IT Department,12.53,352.35,28.12,Suspicious
2026-08-05 01:30:00,Chemistry Lab,6.69,32.72,4.89,Normal
2026-07-23 04:40:00,IT Department,2.82,10.19,3.62,Normal
2026-07-31 02:30:00,AI Lab,3.83,14.64,3.82,Normal
2026-07-16 07:00:00,AIML Department,2.01,14.9,7.4,Normal
2026-07-10 16:00:00,Electronics Department,5.63,30.73,5.46,Normal
2026-08-24 00:50:00,Physics Lab,26.01,1070.31,41.15,Critical
2026-08-12 02:10:00,Biotech Department,6.43,44.21,6.88,Normal
2026-08-24 08:50:00,Physics Lab,4.46,7.92,1.78,Normal
2026-07-07 22:40:00,New Seminar Hall,6.46,19.74,3.05,Normal
2026-08-18 06:00:00,Chemistry Lab,5.82,8.8,1.51,Normal
2026-07-11 18:40:00,BT Department,4.52,34.98,7.74,Normal
2026-07-24 07:30:00,AI Lab,5.61,14.25,2.54,Normal
2026-08-25 13:20:00,Chemistry Lab,7.09,45.3,6.39,Normal
2026-07-22 16:40:00,AI Lab,3.45,5.22,1.52,Normal
2026-07-09 02:50:00,BT Department,5.33,18.65,3.5,Normal
2026-08-01 18:10:00,BT Department,12.12,137.5,11.35,Suspicious
2026-08-03 19:10:00,BT Department,3.45,15.25,4.42,Normal
2026-07-31 14:30:00,BT Department,4.13,15.66,3.79,Normal
2026-07-22 22:50:00,Mechanical Lab,5.0,43.42,8.68,Normal
2026-08-22 12:50:00,BT Department,6.08,38.67,6.36,Normal
2026-07-22 12:50:00,BT Department,5.22,47.9,9.17,Normal
2026-07-04 05:20:00,Electronics Department,5.84,49.05,8.39,Normal
2026-08-03 06:10:00,AIML Department,3.57,12.39,3.48,Normal
2026-07-18 05:10:00,Biotech Department,4.52,18.22,4.03,Normal
2026-07-21 11:50:00,CSE Department,2.56,18.43,7.2,Normal
2026-07-05 06:00:00,IT Department,3.06,6.27,2.05,Normal
2026-07-18 21:00:00,AIML Department,4.4,34.28,7.8,Normal
2026-07-09 20:00:00,New Seminar Hall,4.61,34.85,7.56,Normal
2026-07-02 07:40:00,CSE Department,1.88,18.26,9.71,Normal
2026-07-11 16:20:00,AI Lab,3.5,33.52,9.58,Normal
2026-08-14 09:10:00,Physics Lab,7.88,39.99,5.07,Normal
2026-08-17 00:10:00,CSE Department,4.79,47.09,9.84,Normal
2026-07-15 06:00:00,Biotech Department,16.91,1436.03,84.94,Critical
2026-07-09 15:00:00,Mechanical Lab,15.23,410.93,26.98,Suspicious
2026-08-23 02:40:00,Mechanical Lab,11.93,250.44,20.99,Suspicious
2026-07-21 08:50:00,Physics Lab,4.69,21.5,4.59,Normal
2026-07-13 12:40:00,IT Department,4.04,12.73,3.15,Normal
2026-07-04 18:50:00,Mechanical Lab,5.56,47.45,8.53,Normal
2026-07-21 06:00:00,CSE Department,6.01,15.85,2.64,Normal
2026-08-24 15:00:00,AIML Department,3.09,25.12,8.12,Normal
2026-07-07 16:00:00,CSE Department,3.12,25.06,8.04,Normal
2026-07-06 08:10:00,Biotech Department,3.04,27.88,9.18,Normal
2026-08-10 19:20:00,Biotech Department,23.31,1404.07,60.23,Critical
2026-08-22 09:40:00,Chemistry Lab,3.92,19.81,5.06,Normal
2026-07-11 17:20:00,Chemistry Lab,4.81,15.77,3.28,Normal
2026-07-22 08:00:00,Mechanical Lab,7.05,64.48,9.15,Normal
2026-07-11 21:20:00,New Seminar Hall,4.68,13.37,2.86,Normal
2026-08-05 20:20:00,BT Department,4.59,20.78,4.53,Normal
2026-07-31 03:20:00,AI Lab,12.83,372.83,29.07,Suspicious
2026-07-28 07:40:00,New Seminar Hall,6.57,50.81,7.73,Normal
2026-08-04 12:30:00,Physics Lab,11.88,216.18,18.19,Suspicious
2026-08-15 03:00:00,New Seminar Hall,6.64,47.56,7.16,Normal
2026-07-02 02:00:00,Chemistry Lab,7.3,50.24,6.88,Normal
2026-07-13 12:20:00,Physics Lab,4.26,18.73,4.4,Normal
2026-08-13 21:30:00,Chemistry Lab,7.54,49.13,6.51,Normal
2026-07-10 17:10:00,Physics Lab,3.58,32.19,9.0,Normal
2026-08-15 18:00:00,CSE Department,4.38,33.53,7.66,Normal
2026-08-09 04:30:00,HOD Department,2.92,23.38,8.0,Normal
2026-07-25 16:00:00,Mechanical Lab,5.85,20.26,3.47,Normal
2026-07-15 00:50:00,Electronics Department,3.27,15.0,4.59,Normal
2026-07-03 16:00:00,CSE Department,5.05,22.44,4.45,Normal
2026-08-15 21:10:00,Mechanical Lab,5.26,17.08,3.25,Normal
2026-08-17 18:10:00,Electronics Department,4.69,42.81,9.13,Normal
2026-07-26 14:30:00,HOD Department,3.63,26.89,7.41,Normal
2026-07-22 06:50:00,Mechanical Lab,15.17,304.32,20.07,Suspicious
2026-08-09 20:10:00,HOD Department,7.2,194.17,26.96,Suspicious
2026-07-24 08:30:00,Biotech Department,5.38,37.35,6.95,Normal
2026-07-06 08:40:00,AI Lab,5.61,23.58,4.2,Normal
2026-07-06 15:30:00,AIML Department,4.16,19.36,4.65,Normal
2026-08-01 03:50:00,Biotech Department,5.91,12.96,2.19,Normal
2026-08-07 16:30:00,HOD Department,3.11,22.55,7.26,Normal
2026-08-01 14:30:00,Electronics Department,9.2,118.99,12.93,Suspicious
2026-07-03 11:10:00,HOD Department,3.96,19.75,4.98,Normal
2026-07-10 05:00:00,Biotech Department,6.32,36.98,5.85,Normal
2026-08-18 18:10:00,IT Department,4.78,33.8,7.06,Normal
2026-07-27 08:10:00,Mechanical Lab,5.3,44.99,8.49,Normal
2026-08-13 15:00:00,Biotech Department,5.07,22.15,4.37,Normal
2026-08-04 09:50:00,New Seminar Hall,4.0,11.14,2.79,Normal
2026-08-20 17:10:00,New Seminar Hall,5.13,29.66,5.78,Normal
2026-07-13 18:30:00,AIML Department,2.63,13.66,5.2,Normal
2026-07-30 05:40:00,IT Department,3.49,6.79,1.95,Normal
2026-08-21 17:30:00,CSE Department,3.96,15.94,4.03,Normal
2026-08-12 19:50:00,Physics Lab,2.9,16.62,5.72,Normal
2026-07-15 14:10:00,BT Department,3.51,18.57,5.29,Normal
2026-08-01 11:10:00,CSE Department,3.27,3.69,1.13,Normal
2026-08-06 14:00:00,Chemistry Lab,6.86,48.95,7.13,Normal
2026-07-01 19:50:00,Electronics Department,5.55,16.32,2.94,Normal
2026-07-28 18:30:00,Chemistry Lab,5.91,47.03,7.96,Normal
2026-07-29 12:40:00,Biotech Department,4.7,30.85,6.57,Normal
2026-08-07 05:40:00,Biotech Department,4.79,10.49,2.19,Normal
2026-07-21 09:10:00,Biotech Department,20.27,1629.04,80.38,Critical
2026-07-30 00:10:00,IT Department,3.5,33.19,9.47,Normal
2026-07-10 02:00:00,Biotech Department,5.36,13.03,2.43,Normal
2026-07-12 21:40:00,Biotech Department,4.81,26.95,5.61,Normal
2026-07-31 21:00:00,BT Department,6.36,10.18,1.6,Normal
2026-07-29 09:10:00,BT Department,5.2,23.65,4.55,Normal
2026-07-30 20:40:00,Physics Lab,8.04,14.68,1.83,Normal
2026-08-15 06:50:00,HOD Department,9.34,274.43,29.4,Suspicious
2026-07-16 09:10:00,Physics Lab,13.93,365.19,26.21,Suspicious
2026-08-23 05:20:00,Biotech Department,3.79,20.32,5.37,Normal
2026-07-18 22:10:00,Electronics Department,4.39,4.4,1.0,Normal
2026-07-13 02:30:00,Mechanical Lab,6.51,27.18,4.17,Normal
2026-07-08 22:30:00,IT Department,3.88,28.28,7.29,Normal
2026-08-12 04:20:00,New Seminar Hall,6.46,22.39,3.47,Normal
2026-08-11 00:50:00,New Seminar Hall,7.98,48.77,6.12,Normal
2026-07-27 09:10:00,Mechanical Lab,4.77,15.89,3.33,Normal
2026-07-12 15:40:00,Mechanical Lab,8.36,36.11,4.32,Normal
2026-08-04 09:40:00,Chemistry Lab,3.92,36.63,9.35,Normal
2026-07-14 09:30:00,IT Department,8.01,141.96,17.73,Suspicious
2026-08-01 17:40:00,CSE Department,3.95,30.2,7.65,Normal
2026-08-07 14:50:00,Physics Lab,7.87,23.99,3.05,Normal
2026-07-12 12:40:00,Electronics Department,4.87,20.12,4.13,Normal
2026-07-08 03:00:00,Mechanical Lab,4.9,6.43,1.31,Normal
2026-07-29 01:40:00,IT Department,3.49,16.99,4.87,Normal
2026-08-09 20:50:00,AIML Department,3.09,9.16,2.97,Normal
2026-08-19 11:20:00,AIML Department,4.83,44.48,9.22,Normal
2026-07-07 05:20:00,Chemistry Lab,7.58,39.27,5.18,Normal
2026-07-27 12:50:00,CSE Department,6.52,29.88,4.59,Normal
2026-07-26 18:20:00,IT Department,2.67,20.31,7.62,Normal
2026-07-17 02:30:00,Mechanical Lab,5.67,39.9,7.04,Normal
2026-07-17 22:40:00,IT Department,3.74,16.0,4.27,Normal
2026-08-18 20:00:00,AI Lab,4.27,35.93,8.41,Normal
2026-07-14 01:00:00,Chemistry Lab,5.02,7.41,1.48,Normal
2026-07-20 12:00:00,Mechanical Lab,5.84,41.68,7.14,Normal
2026-07-01 15:50:00,BT Department,4.49,21.5,4.79,Normal
2026-08-23 10:50:00,AIML Department,9.04,111.81,12.36,Suspicious
2026-07-10 17:00:00,New Seminar Hall,12.92,273.38,21.16,Suspicious
2026-08-22 01:30:00,Mechanical Lab,6.29,29.19,4.64,Normal
2026-07-22 17:20:00,CSE Department,4.9,23.21,4.74,Normal
2026-07-04 10:20:00,Mechanical Lab,7.16,64.38,8.99,Normal
2026-07-16 22:40:00,Mechanical Lab,4.8,27.06,5.63,Normal
2026-07-13 10:30:00,Chemistry Lab,2.74,2.77,1.01,Normal
2026-07-07 04:40:00,Biotech Department,10.26,162.62,15.86,Suspicious
2026-08-06 03:20:00,Chemistry Lab,4.13,25.84,6.26,Normal
2026-07-21 04:40:00,Electronics Department,4.22,22.63,5.36,Normal
2026-08-08 20:00:00,AIML Department,2.95,5.35,1.81,Normal
2026-07-18 06:40:00,Biotech Department,5.42,8.76,1.62,Normal
2026-07-06 01:00:00,Physics Lab,5.77,51.84,8.98,Normal
2026-08-19 12:30:00,AIML Department,2.91,10.91,3.75,Normal
2026-08-01 15:00:00,IT Department,4.4,37.99,8.63,Normal
2026-07-10 07:40:00,CSE Department,16.88,773.43,45.81,Critical
2026-07-20 11:50:00,Electronics Department,4.39,31.0,7.06,Normal
2026-07-28 01:00:00,HOD Department,3.81,36.54,9.6,Normal
2026-08-02 05:30:00,New Seminar Hall,5.17,22.41,4.33,Normal
2026-08-22 05:50:00,HOD Department,2.28,16.08,7.05,Normal
2026-08-10 02:40:00,AI Lab,5.96,57.69,9.69,Normal
2026-08-11 08:50:00,Physics Lab,7.38,63.15,8.55,Normal
2026-07-09 01:20:00,Biotech Department,5.47,17.53,3.2,Normal
2026-07-06 17:20:00,BT Department,4.34,4.84,1.12,Normal
2026-08-22 20:30:00,AI Lab,5.91,34.83,5.89,Normal
2026-07-16 19:50:00,HOD Department,3.43,8.76,2.55,Normal
2026-07-16 19:20:00,IT Department,4.3,22.54,5.25,Normal
2026-07-16 06:50:00,AI Lab,4.9,13.75,2.8,Normal
2026-08-08 03:40:00,Chemistry Lab,5.8,30.0,5.18,Normal
2026-08-05 13:40:00,CSE Department,4.11,34.1,8.3,Normal
2026-08-03 10:00:00,Physics Lab,21.8,987.56,45.31,Critical
2026-07-10 19:40:00,Physics Lab,4.62,20.33,4.4,Normal
2026-07-11 12:50:00,HOD Department,4.41,29.23,6.63,Normal
2026-07-14 04:30:00,Chemistry Lab,5.56,12.35,2.22,Normal
2026-07-14 23:10:00,Mechanical Lab,6.8,35.77,5.26,Normal
2026-07-21 15:40:00,Mechanical Lab,3.8,33.01,8.69,Normal
2026-08-19 10:30:00,HOD Department,4.11,26.16,6.37,Normal
2026-08-03 01:20:00,Mechanical Lab,7.24,26.89,3.71,Normal
2026-07-28 07:50:00,CSE Department,2.08,12.96,6.24,Normal
2026-07-04 16:50:00,CSE Department,3.32,28.02,8.45,Normal
2026-07-16 21:10:00,New Seminar Hall,5.75,48.27,8.39,Normal
2026-07-29 11:10:00,CSE Department,16.01,739.43,46.18,Critical
2026-07-22 20:50:00,Biotech Department,3.68,30.95,8.42,Normal
2026-08-21 22:10:00,Biotech Department,4.42,22.58,5.11,Normal
2026-08-12 23:40:00,HOD Department,2.53,3.35,1.32,Normal
2026-07-01 13:00:00,Mechanical Lab,5.15,18.11,3.52,Normal
2026-07-14 09:10:00,Mechanical Lab,17.97,307.57,17.11,Suspicious
2026-08-10 15:50:00,HOD Department,2.24,16.88,7.52,Normal
2026-07-31 00:30:00,BT Department,5.71,14.63,2.56,Normal
2026-07-23 01:20:00,BT Department,5.16,39.5,7.65,Normal
2026-07-24 22:30:00,AI Lab,3.88,8.25,2.13,Normal
2026-08-06 05:40:00,IT Department,2.86,9.79,3.43,Normal
2026-08-25 17:10:00,Electronics Department,4.99,34.53,6.92,Normal
2026-07-08 12:40:00,IT Department,3.14,14.56,4.64,Normal
2026-07-05 18:00:00,BT Department,4.84,22.69,4.69,Normal
2026-08-11 23:40:00,IT Department,5.03,32.98,6.55,Normal
2026-07-22 11:50:00,BT Department,4.88,30.13,6.18,Normal
2026-07-08 20:30:00,Mechanical Lab,8.71,67.54,7.76,Normal
2026-07-19 11:50:00,AIML Department,15.3,1323.32,86.49,Critical
2026-07-07 07:30:00,BT Department,6.89,58.87,8.54,Normal
2026-07-29 08:30:00,Mechanical Lab,7.89,76.7,9.72,Normal
2026-07-07 14:30:00,Biotech Department,4.02,6.87,1.71,Normal
2026-08-17 01:20:00,AIML Department,3.02,3.51,1.16,Normal
2026-07-02 02:10:00,IT Department,5.23,9.92,1.9,Normal
2026-08-23 18:00:00,HOD Department,4.13,6.59,1.59,Normal
2026-08-21 21:50:00,New Seminar Hall,6.68,17.56,2.63,Normal
2026-08-16 00:20:00,AI Lab,4.28,38.66,9.03,Normal
2026-08-23 11:40:00,Electronics Department,5.04,36.82,7.31,Normal
2026-08-17 00:30:00,AI Lab,5.73,37.17,6.49,Normal
2026-08-23 08:50:00,AI Lab,24.71,1788.61,72.39,Critical
2026-08-11 03:50:00,Electronics Department,18.22,1197.92,65.76,Critical
2026-07-14 01:10:00,Electronics Department,11.31,146.0,12.91,Suspicious
2026-08-19 00:50:00,AIML Department,10.12,107.36,10.61,Suspicious
2026-08-05 07:30:00,IT Department,3.41,8.09,2.37,Normal
2026-07-06 18:20:00,CSE Department,2.53,4.29,1.7,Normal
2026-08-24 12:50:00,Electronics Department,3.66,6.62,1.81,Normal
2026-08-19 19:40:00,Biotech Department,6.61,13.57,2.05,Normal
2026-07-26 16:50:00,IT Department,3.41,26.41,7.73,Normal
2026-08-04 00:40:00,CSE Department,4.28,14.76,3.45,Normal
2026-07-20 23:00:00,CSE Department,11.91,232.63,19.52,Suspicious
2026-07-28 11:30:00,AIML Department,6.62,65.95,9.96,Normal
2026-07-14 00:10:00,CSE Department,3.1,13.38,4.32,Normal
2026-07-19 12:10:00,Electronics Department,2.98,13.27,4.45,Normal
2026-08-08 15:50:00,CSE Department,4.39,24.27,5.52,Normal
2026-07-08 22:20:00,Mechanical Lab,7.14,49.98,7.0,Normal
2026-08-09 08:40:00,Physics Lab,5.31,45.2,8.52,Normal
2026-08-09 19:50:00,IT Department,9.47,225.93,23.86,Suspicious
2026-07-24 19:40:00,AI Lab,5.12,20.87,4.08,Normal
2026-08-04 04:20:00,AI Lab,24.65,1967.84,79.85,Critical
2026-07-28 18:20:00,CSE Department,4.04,8.94,2.21,Normal
2026-07-21 05:30:00,Physics Lab,4.76,29.52,6.2,Normal
2026-07-12 19:40:00,Chemistry Lab,4.83,12.36,2.56,Normal
2026-08-15 20:30:00,Chemistry Lab,22.07,1731.88,78.48,Critical
2026-08-21 05:50:00,BT Department,13.44,292.85,21.79,Suspicious
2026-07-17 11:10:00,Electronics Department,3.06,15.94,5.21,Normal
2026-07-18 02:10:00,IT Department,18.15,848.39,46.74,Critical
2026-08-12 22:30:00,Chemistry Lab,6.14,16.53,2.69,Normal
2026-07-19 18:20:00,BT Department,4.91,24.75,5.05,Normal
2026-07-22 07:00:00,HOD Department,4.29,6.63,1.55,Normal
2026-07-19 22:20:00,CSE Department,5.09,36.39,7.15,Normal
2026-08-01 20:20:00,Electronics Department,4.4,33.58,7.64,Normal
2026-08-06 12:50:00,New Seminar Hall,5.2,17.92,3.45,Normal
2026-08-09 01:20:00,Electronics Department,5.57,26.14,4.69,Normal
2026-08-05 02:50:00,New Seminar Hall,6.11,16.07,2.63,Normal
2026-08-25 04:10:00,Electronics Department,4.22,11.84,2.81,Normal
2026-07-02 13:40:00,Physics Lab,6.36,42.5,6.68,Normal
2026-08-08 13:10:00,Mechanical Lab,4.25,29.62,6.98,Normal
2026-08-09 19:00:00,Electronics Department,4.47,7.73,1.73,Normal
2026-07-24 12:40:00,IT Department,5.21,46.4,8.9,Normal
2026-07-09 16:40:00,Mechanical Lab,16.21,475.01,29.31,Suspicious
2026-07-16 15:00:00,BT Department,3.97,10.91,2.75,Normal
2026-08-07 21:10:00,HOD Department,3.64,22.53,6.18,Normal
2026-08-15 10:50:00,AIML Department,3.51,12.06,3.43,Normal
2026-08-13 05:20:00,Physics Lab,11.18,201.14,17.99,Suspicious
2026-08-21 12:40:00,Chemistry Lab,6.23,21.37,3.43,Normal
2026-08-25 13:30:00,IT Department,3.82,16.02,4.19,Normal
2026-07-28 19:00:00,Chemistry Lab,4.05,10.88,2.68,Normal
2026-07-13 15:00:00,CSE Department,3.92,35.14,8.97,Normal
2026-07-07 02:10:00,Mechanical Lab,8.56,21.36,2.5,Normal
2026-07-07 20:50:00,New Seminar Hall,7.12,63.57,8.92,Normal
2026-07-23 08:10:00,Electronics Department,11.73,181.22,15.44,Suspicious
2026-07-18 14:20:00,New Seminar Hall,5.41,43.06,7.96,Normal
2026-07-05 16:30:00,BT Department,2.76,5.44,1.97,Normal
2026-07-22 05:50:00,Physics Lab,5.5,6.82,1.24,Normal
2026-08-03 02:00:00,Chemistry Lab,5.54,36.63,6.61,Normal
2026-07-07 18:10:00,CSE Department,5.34,28.76,5.39,Normal
2026-07-03 09:10:00,Chemistry Lab,6.54,8.36,1.28,Normal
2026-07-08 15:20:00,AIML Department,4.38,19.16,4.37,Normal
2026-07-20 03:10:00,HOD Department,3.22,17.53,5.45,Normal
2026-07-23 15:30:00,Electronics Department,4.04,20.87,5.17,Normal
2026-08-18 09:20:00,HOD Department,2.72,18.21,6.7,Normal
2026-07-21 05:50:00,Mechanical Lab,6.67,30.26,4.53,Normal
2026-07-20 16:50:00,HOD Department,2.94,19.61,6.68,Normal
2026-07-07 21:20:00,Chemistry Lab,26.39,1536.2,58.22,Critical
2026-08-14 13:20:00,New Seminar Hall,20.59,1287.92,62.55,Critical
2026-08-16 11:00:00,Biotech Department,5.49,38.94,7.1,Normal
2026-07-01 10:00:00,BT Department,1.75,15.47,8.86,Normal
2026-07-09 02:10:00,CSE Department,4.76,36.11,7.59,Normal
2026-08-10 20:20:00,AIML Department,4.93,28.89,5.86,Normal
2026-08-24 16:10:00,Electronics Department,3.15,8.11,2.57,Normal
2026-08-08 10:10:00,AIML Department,3.8,17.63,4.64,Normal
2026-07-23 00:10:00,Electronics Department,5.48,16.83,3.07,Normal
2026-08-04 04:00:00,New Seminar Hall,12.61,183.88,14.58,Suspicious
2026-07-10 11:50:00,AIML Department,5.08,23.98,4.72,Normal
2026-07-06 17:50:00,Biotech Department,5.75,41.78,7.26,Normal
2026-08-24 14:30:00,IT Department,5.41,39.17,7.24,Normal
2026-08-21 04:00:00,AI Lab,4.48,28.24,6.3,Normal
2026-07-26 10:50:00,Mechanical Lab,28.33,2070.31,73.07,Critical
2026-07-27 11:30:00,Mechanical Lab,7.32,72.21,9.86,Normal
2026-07-04 08:10:00,Physics Lab,25.36,1729.37,68.2,Critical
2026-07-05 20:50:00,AIML Department,3.69,35.03,9.49,Normal
2026-07-18 12:50:00,Mechanical Lab,5.03,11.41,2.27,Normal
2026-08-06 21:50:00,Electronics Department,4.96,24.88,5.01,Normal
2026-08-11 13:10:00,Biotech Department,3.34,19.81,5.92,Normal
2026-08-03 20:50:00,IT Department,4.38,10.49,2.4,Normal
2026-08-02 10:20:00,Mechanical Lab,6.28,39.47,6.29,Normal
2026-07-22 13:10:00,BT Department,2.22,14.52,6.54,Normal
2026-08-24 11:20:00,AI Lab,10.5,219.55,20.9,Suspicious
2026-07-29 10:40:00,Chemistry Lab,7.17,60.89,8.5,Normal
2026-07-21 09:00:00,HOD Department,3.1,5.39,1.74,Normal
2026-08-15 04:20:00,Mechanical Lab,4.69,40.52,8.64,Normal
2026-08-03 13:00:00,AIML Department,3.29,30.19,9.18,Normal
2026-08-10 20:50:00,HOD Department,4.15,30.37,7.32,Normal
2026-07-27 01:40:00,Mechanical Lab,6.25,43.18,6.91,Normal
2026-07-22 01:20:00,BT Department,8.82,250.41,28.4,Suspicious
2026-08-08 23:40:00,Biotech Department,6.17,12.43,2.01,Normal
2026-07-05 07:00:00,AIML Department,1.29,7.34,5.7,Normal
2026-07-11 09:20:00,Biotech Department,4.64,45.33,9.76,Normal
2026-08-05 11:40:00,Biotech Department,3.31,12.05,3.64,Normal
2026-07-29 11:30:00,Biotech Department,7.26,9.95,1.37,Normal
2026-08-04 01:10:00,New Seminar Hall,6.33,10.11,1.6,Normal
2026-07-29 19:20:00,Biotech Department,12.68,205.72,16.22,Suspicious
2026-07-13 10:50:00,BT Department,4.95,16.91,3.41,Normal
2026-07-20 08:50:00,HOD Department,3.43,19.66,5.73,Normal
2026-07-12 09:00:00,AIML Department,10.89,139.69,12.83,Suspicious
2026-07-27 20:40:00,AI Lab,5.42,45.83,8.45,Normal
2026-07-03 07:50:00,Electronics Department,5.35,36.66,6.85,Normal
2026-07-13 09:40:00,Mechanical Lab,13.61,245.2,18.01,Suspicious
2026-08-05 05:10:00,Mechanical Lab,4.05,26.95,6.66,Normal
2026-08-19 10:10:00,AI Lab,6.4,10.78,1.69,Normal
2026-07-25 04:10:00,IT Department,2.49,24.79,9.94,Normal
2026-08-04 19:50:00,AI Lab,5.43,6.69,1.23,Normal
2026-08-17 05:00:00,Biotech Department,5.43,36.83,6.78,Normal
2026-08-08 09:30:00,CSE Department,2.23,9.55,4.28,Normal
2026-08-10 09:40:00,IT Department,4.32,15.02,3.48,Normal
2026-07-20 23:10:00,HOD Department,3.89,37.08,9.52,Normal
2026-07-13 00:40:00,HOD Department,2.43,22.82,9.37,Normal
2026-08-06 14:10:00,AI Lab,6.77,55.19,8.15,Normal
2026-07-10 15:00:00,AIML Department,3.72,7.5,2.02,Normal
2026-07-31 07:30:00,BT Department,15.54,1258.55,81.01,Critical
2026-07-20 09:00:00,HOD Department,3.18,8.11,2.55,Normal
2026-08-18 19:40:00,Mechanical Lab,14.91,275.91,18.5,Suspicious
2026-08-15 22:50:00,Physics Lab,6.01,49.24,8.19,Normal
2026-07-28 04:50:00,Mechanical Lab,4.64,20.47,4.41,Normal
2026-08-09 23:20:00,Biotech Department,5.76,44.16,7.67,Normal
2026-07-21 11:40:00,Electronics Department,6.73,18.96,2.82,Normal
2026-07-17 00:20:00,BT Department,4.86,8.58,1.77,Normal
2026-08-02 13:20:00,Chemistry Lab,5.31,49.28,9.28,Normal
2026-08-04 02:20:00,IT Department,5.25,16.07,3.06,Normal
2026-07-28 19:10:00,AIML Department,4.21,20.74,4.93,Normal
2026-08-16 03:00:00,Chemistry Lab,3.44,31.3,9.09,Normal
2026-08-23 01:30:00,CSE Department,4.88,28.21,5.79,Normal
2026-07-31 23:00:00,New Seminar Hall,4.13,5.57,1.35,Normal
2026-07-12 04:40:00,Physics Lab,4.43,28.32,6.4,Normal
2026-08-12 19:00:00,Biotech Department,6.47,10.98,1.7,Normal
2026-08-02 15:50:00,IT Department,4.17,35.6,8.53,Normal
2026-08-25 21:10:00,New Seminar Hall,8.09,67.12,8.3,Normal
2026-08-03 09:40:00,HOD Department,3.0,5.1,1.7,Normal
2026-07-16 12:10:00,Physics Lab,4.22,6.75,1.6,Normal
2026-07-29 20:00:00,CSE Department,3.05,24.23,7.95,Normal
2026-07-09 21:10:00,Physics Lab,7.95,74.81,9.41,Normal
2026-08-07 03:40:00,Physics Lab,4.39,37.8,8.62,Normal
2026-07-10 01:40:00,New Seminar Hall,6.31,37.74,5.98,Normal
2026-07-16 23:40:00,Physics Lab,6.36,52.04,8.18,Normal
2026-07-14 21:10:00,CSE Department,3.04,9.53,3.14,Normal
2026-08-21 23:30:00,CSE Department,4.23,19.54,4.62,Normal
2026-07-02 02:50:00,IT Department,5.16,50.3,9.75,Normal
2026-08-17 12:40:00,AI Lab,5.21,20.64,3.96,Normal
2026-07-18 18:10:00,Physics Lab,5.18,24.32,4.69,Normal
2026-08-11 01:30:00,HOD Department,1.85,5.86,3.17,Normal
2026-07-29 10:30:00,Mechanical Lab,11.39,139.98,12.29,Suspicious
2026-07-21 21:50:00,AIML Department,3.79,6.94,1.83,Normal
2026-07-19 00:40:00,Biotech Department,3.98,21.86,5.5,Normal
2026-07-29 20:10:00,New Seminar Hall,6.47,56.66,8.75,Normal
2026-07-04 20:30:00,Electronics Department,5.18,6.85,1.32,Normal
2026-08-03 04:20:00,CSE Department,4.27,26.47,6.2,Normal
2026-08-02 20:00:00,HOD Department,3.9,36.1,9.25,Normal
2026-07-25 18:20:00,AI Lab,4.51,28.33,6.28,Normal
2026-08-19 13:20:00,AIML Department,3.87,8.94,2.31,Normal
2026-08-10 05:20:00,CSE Department,3.74,17.04,4.56,Normal
2026-07-30 20:50:00,HOD Department,3.29,28.71,8.72,Normal
2026-07-21 03:00:00,Chemistry Lab,6.85,29.3,4.27,Normal
2026-08-02 21:10:00,CSE Department,6.7,61.79,9.23,Normal
2026-07-30 22:40:00,Biotech Department,2.82,28.03,9.93,Normal
2026-08-22 14:30:00,Physics Lab,5.79,49.97,8.63,Normal
2026-07-03 18:20:00,Chemistry Lab,3.86,14.37,3.72,Normal
2026-08-03 06:20:00,IT Department,5.06,19.07,3.77,Normal
2026-07-21 12:20:00,Electronics Department,10.53,268.61,25.51,Suspicious
2026-08-05 14:10:00,AIML Department,5.03,11.61,2.31,Normal
2026-08-01 11:40:00,AI Lab,5.41,13.63,2.52,Normal
2026-07-18 17:30:00,Chemistry Lab,6.5,27.16,4.18,Normal
2026-07-19 12:40:00,Chemistry Lab,6.12,6.7,1.09,Normal
2026-08-10 21:40:00,AI Lab,4.02,23.56,5.86,Normal
2026-07-09 01:40:00,New Seminar Hall,7.5,19.53,2.6,Normal
2026-07-21 02:20:00,HOD Department,4.22,30.86,7.31,Normal
2026-08-09 14:40:00,IT Department,4.6,38.3,8.33,Normal
2026-07-03 09:40:00,AI Lab,4.81,5.99,1.24,Normal
2026-07-12 23:10:00,Physics Lab,4.89,41.53,8.49,Normal
2026-08-14 11:00:00,Biotech Department,4.35,13.79,3.17,Normal
2026-08-22 23:10:00,Mechanical Lab,5.86,28.41,4.85,Normal
2026-07-31 07:10:00,Electronics Department,5.29,20.37,3.85,Normal
2026-08-12 17:20:00,Mechanical Lab,3.46,19.57,5.65,Normal
2026-08-15 16:50:00,New Seminar Hall,5.77,56.58,9.8,Normal
2026-07-26 08:50:00,Chemistry Lab,6.22,37.85,6.09,Normal
2026-07-26 19:20:00,BT Department,3.76,20.51,5.45,Normal
2026-07-02 22:10:00,CSE Department,3.83,37.58,9.82,Normal
2026-07-01 20:40:00,Electronics Department,4.41,35.56,8.06,Normal
2026-08-12 01:00:00,AI Lab,4.6,42.76,9.3,Normal
2026-08-08 22:30:00,AIML Department,4.7,24.52,5.22,Normal
2026-08-24 10:20:00,AI Lab,4.39,25.44,5.79,Normal
2026-08-06 03:00:00,IT Department,5.75,22.37,3.89,Normal
2026-07-15 22:30:00,HOD Department,3.34,21.29,6.38,Normal
2026-08-21 23:00:00,Physics Lab,5.34,13.7,2.57,Normal
2026-08-15 17:50:00,New Seminar Hall,7.76,61.07,7.87,Normal
2026-08-18 23:50:00,AIML Department,3.68,32.39,8.81,Normal
2026-07-24 05:30:00,AI Lab,4.88,36.95,7.57,Normal
2026-08-08 20:50:00,HOD Department,4.15,29.78,7.17,Normal
2026-08-12 00:00:00,BT Department,4.91,14.79,3.01,Normal
2026-07-12 13:00:00,CSE Department,5.81,38.19,6.57,Normal
2026-07-05 13:10:00,Electronics Department,4.63,37.41,8.08,Normal
2026-07-28 02:00:00,Chemistry Lab,3.67,18.23,4.96,Normal
2026-08-03 04:00:00,HOD Department,7.08,96.98,13.69,Suspicious
2026-07-08 22:10:00,BT Department,6.74,48.89,7.25,Normal
2026-08-07 04:00:00,Chemistry Lab,4.08,38.71,9.49,Normal
2026-07-19 13:00:00,Biotech Department,5.46,32.47,5.94,Normal
2026-08-15 08:50:00,Mechanical Lab,7.9,64.66,8.18,Normal
2026-08-24 21:20:00,New Seminar Hall,4.86,19.89,4.09,Normal
2026-08-23 01:40:00,Physics Lab,5.63,8.1,1.44,Normal
2026-07-02 17:50:00,Biotech Department,4.16,15.28,3.67,Normal
2026-07-17 21:50:00,AIML Department,3.13,23.8,7.6,Normal
2026-07-26 22:50:00,AI Lab,4.13,17.96,4.34,Normal
2026-08-02 08:10:00,Biotech Department,4.02,23.75,5.91,Normal
2026-07-07 03:30:00,AIML Department,2.04,13.16,6.45,Normal
2026-07-21 17:00:00,CSE Department,3.91,30.65,7.84,Normal
2026-08-08 05:30:00,Physics Lab,15.44,192.5,12.47,Suspicious
2026-08-25 10:10:00,Mechanical Lab,4.53,15.63,3.45,Normal
2026-07-09 21:00:00,AI Lab,4.43,21.78,4.92,Normal
2026-08-12 13:20:00,AIML Department,3.93,33.7,8.58,Normal
2026-07-12 12:10:00,Physics Lab,6.53,63.54,9.73,Normal
2026-08-22 07:20:00,AIML Department,14.64,993.06,67.84,Critical
2026-07-25 11:40:00,BT Department,3.67,35.59,9.71,Normal
2026-08-15 17:40:00,IT Department,6.5,13.15,2.02,Normal
2026-08-23 06:00:00,HOD Department,5.36,14.35,2.68,Normal
2026-08-17 04:20:00,CSE Department,5.22,29.32,5.62,Normal
2026-07-20 07:20:00,Physics Lab,6.91,60.44,8.75,Normal
2026-08-07 11:50:00,New Seminar Hall,7.3,25.9,3.55,Normal
2026-08-14 23:40:00,IT Department,5.58,19.56,3.5,Normal
2026-08-17 23:20:00,Electronics Department,4.05,17.46,4.31,Normal
2026-08-14 00:40:00,BT Department,3.61,17.3,4.8,Normal
2026-07-24 12:10:00,New Seminar Hall,5.01,28.56,5.7,Normal
2026-07-27 05:50:00,BT Department,2.75,13.69,4.98,Normal
2026-08-12 18:10:00,Biotech Department,6.07,39.0,6.42,Normal
2026-08-04 07:00:00,Biotech Department,4.51,41.86,9.28,Normal
2026-07-24 18:30:00,Chemistry Lab,14.82,173.27,11.69,Suspicious
2026-07-29 12:00:00,Mechanical Lab,3.55,27.8,7.83,Normal
2026-07-05 21:30:00,BT Department,4.09,11.0,2.69,Normal
2026-07-06 19:40:00,Biotech Department,7.35,31.51,4.29,Normal
2026-07-25 22:00:00,IT Department,5.68,50.33,8.87,Normal
2026-08-13 17:30:00,New Seminar Hall,3.42,23.66,6.92,Normal
2026-08-16 04:20:00,CSE Department,3.67,20.78,5.66,Normal
2026-07-19 02:50:00,HOD Department,2.54,22.76,8.97,Normal
2026-07-28 21:00:00,IT Department,2.74,25.16,9.2,Normal
2026-07-10 18:30:00,Mechanical Lab,6.12,55.14,9.01,Normal
2026-08-21 07:40:00,AIML Department,4.81,12.8,2.66,Normal
2026-07-17 15:10:00,HOD Department,4.04,11.12,2.76,Normal
2026-08-08 01:20:00,AIML Department,4.92,36.21,7.36,Normal
2026-08-02 11:40:00,AIML Department,4.36,36.71,8.42,Normal
2026-07-20 15:30:00,AIML Department,4.1,41.02,9.99,Normal
2026-08-11 11:50:00,Electronics Department,4.85,15.46,3.19,Normal
2026-08-21 10:30:00,HOD Department,3.71,35.66,9.62,Normal
2026-08-12 13:40:00,CSE Department,4.09,34.11,8.34,Normal
2026-08-18 22:00:00,IT Department,5.42,27.08,4.99,Normal
2026-07-25 14:50:00,AI Lab,5.96,44.95,7.54,Normal
2026-07-05 14:30:00,Electronics Department,6.1,25.46,4.17,Normal
2026-07-19 05:10:00,AIML Department,3.49,34.35,9.83,Normal
2026-08-15 05:50:00,Physics Lab,3.9,4.08,1.04,Normal
2026-07-17 09:40:00,New Seminar Hall,6.13,44.4,7.25,Normal
2026-07-13 04:10:00,BT Department,11.58,231.65,20.0,Suspicious
2026-08-09 18:10:00,Biotech Department,5.52,16.67,3.02,Normal
2026-08-13 09:10:00,HOD Department,3.52,8.78,2.5,Normal
2026-08-17 19:20:00,BT Department,4.47,9.94,2.22,Normal
2026-07-13 16:40:00,New Seminar Hall,7.51,30.62,4.08,Normal
2026-07-24 19:30:00,Biotech Department,6.11,12.53,2.05,Normal
2026-07-06 21:50:00,Physics Lab,4.86,9.74,2.0,Normal
2026-07-07 06:50:00,New Seminar Hall,7.24,70.23,9.7,Normal
2026-08-02 02:20:00,Mechanical Lab,5.64,55.17,9.78,Normal
2026-08-02 19:40:00,BT Department,4.9,26.0,5.31,Normal
2026-07-08 05:00:00,Biotech Department,5.96,32.19,5.4,Normal
2026-08-07 17:20:00,CSE Department,4.38,6.92,1.58,Normal
2026-08-14 00:20:00,Mechanical Lab,7.15,64.94,9.08,Normal
2026-07-23 12:20:00,New Seminar Hall,5.96,47.21,7.92,Normal
2026-08-09 15:10:00,AI Lab,4.74,30.47,6.43,Normal
2026-07-02 20:30:00,CSE Department,11.24,199.67,17.76,Suspicious
2026-08-01 09:20:00,HOD Department,4.69,5.53,1.18,Normal
2026-07-10 06:40:00,HOD Department,2.76,11.39,4.13,Normal
2026-07-05 09:00:00,IT Department,8.8,240.04,27.27,Suspicious
2026-07-19 12:20:00,IT Department,4.86,29.04,5.98,Normal
2026-07-01 15:10:00,IT Department,3.2,25.42,7.94,Normal
2026-07-09 21:40:00,BT Department,5.61,9.89,1.76,Normal
2026-08-19 18:20:00,CSE Department,4.01,5.71,1.42,Normal
2026-08-23 00:40:00,Electronics Department,9.81,231.57,23.61,Suspicious
2026-07-24 04:10:00,Mechanical Lab,5.7,42.26,7.41,Normal
2026-08-24 01:30:00,Mechanical Lab,5.94,51.07,8.59,Normal
2026-07-14 11:20:00,Mechanical Lab,5.04,11.33,2.25,Normal
2026-08-04 05:10:00,Electronics Department,4.79,16.98,3.55,Normal
2026-08-19 00:10:00,Biotech Department,18.53,1051.91,56.77,Critical
2026-08-02 04:00:00,BT Department,5.12,25.27,4.94,Normal
2026-08-20 01:20:00,Chemistry Lab,5.4,22.21,4.11,Normal
2026-07-08 18:30:00,New Seminar Hall,6.56,36.91,5.63,Normal
2026-07-06 07:40:00,CSE Department,3.68,11.98,3.26,Normal
2026-07-17 18:00:00,Physics Lab,5.97,27.48,4.6,Normal
2026-07-11 18:50:00,Mechanical Lab,9.28,42.24,4.55,Normal
2026-07-05 23:40:00,Biotech Department,5.65,16.4,2.9,Normal
2026-08-02 09:00:00,BT Department,3.28,3.89,1.19,Normal
2026-07-21 20:00:00,Chemistry Lab,5.1,41.82,8.21,Normal
2026-08-03 22:00:00,Mechanical Lab,6.33,43.53,6.88,Normal
2026-08-22 01:00:00,AIML Department,2.88,27.95,9.7,Normal
2026-08-02 15:00:00,IT Department,4.42,34.35,7.76,Normal
2026-07-07 13:30:00,IT Department,4.13,16.23,3.93,Normal
2026-08-15 02:00:00,IT Department,11.3,169.44,15.0,Suspicious
2026-07-19 20:20:00,AI Lab,6.32,48.19,7.63,Normal
2026-07-21 09:40:00,BT Department,3.24,17.62,5.44,Normal
2026-07-27 00:20:00,Physics Lab,6.31,28.87,4.57,Normal
2026-07-11 23:00:00,Biotech Department,3.15,27.11,8.61,Normal
2026-07-25 05:40:00,CSE Department,3.78,34.73,9.19,Normal
2026-08-16 20:10:00,IT Department,5.19,49.51,9.53,Normal
2026-08-02 07:40:00,Physics Lab,8.99,42.51,4.73,Normal
2026-08-14 17:10:00,BT Department,5.12,16.02,3.13,Normal
2026-07-31 13:40:00,New Seminar Hall,20.34,1055.78,51.92,Critical
2026-07-31 10:10:00,AI Lab,4.74,14.91,3.15,Normal
2026-08-24 01:50:00,Electronics Department,5.52,42.01,7.61,Normal
2026-08-01 22:50:00,AIML Department,2.1,19.94,9.5,Normal
2026-08-12 18:00:00,CSE Department,9.71,234.21,24.12,Suspicious
2026-07-14 08:20:00,New Seminar Hall,5.15,14.55,2.82,Normal
2026-07-17 19:00:00,IT Department,5.13,44.3,8.64,Normal
2026-07-13 14:50:00,Chemistry Lab,24.64,1115.55,45.27,Critical
2026-08-10 18:30:00,Electronics Department,5.75,24.92,4.33,Normal
2026-07-28 00:20:00,CSE Department,4.56,25.62,5.62,Normal
2026-07-15 02:30:00,AIML Department,4.33,21.32,4.92,Normal
2026-07-05 00:30:00,Chemistry Lab,6.16,38.47,6.24,Normal
2026-08-10 04:50:00,HOD Department,14.63,1046.31,71.51,Critical
2026-08-19 13:10:00,CSE Department,5.24,13.76,2.62,Normal
2026-08-20 02:50:00,IT Department,4.91,22.89,4.66,Normal
2026-07-21 08:10:00,Physics Lab,14.73,198.68,13.49,Suspicious
2026-07-01 21:30:00,AIML Department,5.95,55.72,9.37,Normal
2026-07-28 10:30:00,Electronics Department,5.46,33.72,6.17,Normal
2026-08-15 14:00:00,Chemistry Lab,5.71,13.16,2.31,Normal
2026-07-24 00:40:00,AI Lab,1.96,4.75,2.42,Normal
2026-07-16 08:30:00,Electronics Department,4.13,7.05,1.71,Normal
2026-07-06 09:50:00,HOD Department,9.71,227.95,23.48,Suspicious
2026-07-17 13:50:00,Physics Lab,5.44,54.34,9.99,Normal
2026-08-10 18:50:00,Mechanical Lab,5.6,13.89,2.48,Normal
2026-07-16 20:00:00,Biotech Department,5.11,28.66,5.61,Normal
2026-08-14 07:30:00,Chemistry Lab,6.01,58.56,9.75,Normal
2026-08-07 12:20:00,BT Department,2.71,11.98,4.42,Normal
2026-08-22 17:00:00,New Seminar Hall,4.64,8.13,1.75,Normal
2026-08-05 13:20:00,Mechanical Lab,4.4,16.65,3.78,Normal
2026-08-02 08:20:00,Physics Lab,5.38,15.97,2.97,Normal
2026-08-09 08:50:00,HOD Department,2.97,14.29,4.8,Normal
2026-07-27 14:50:00,AIML Department,4.08,22.56,5.54,Normal
2026-08-15 11:00:00,Electronics Department,10.51,289.23,27.52,Suspicious
2026-07-20 02:50:00,New Seminar Hall,5.02,33.87,6.74,Normal
2026-07-10 01:10:00,Biotech Department,4.9,18.88,3.85,Normal
2026-07-15 22:40:00,Chemistry Lab,4.55,19.62,4.31,Normal
2026-07-31 07:00:00,AIML Department,3.44,34.19,9.93,Normal
2026-07-31 23:10:00,New Seminar Hall,5.22,20.21,3.87,Normal
2026-07-31 22:30:00,AI Lab,5.21,10.81,2.07,Normal
2026-07-07 13:40:00,BT Department,5.45,43.01,7.89,Normal
2026-07-04 07:20:00,IT Department,6.09,48.55,7.97,Normal
2026-08-20 07:00:00,New Seminar Hall,17.32,517.5,29.87,Suspicious
2026-08-08 12:20:00,IT Department,4.55,13.92,3.06,Normal
2026-08-13 20:40:00,CSE Department,3.86,11.7,3.03,Normal
2026-08-20 15:30:00,CSE Department,3.75,12.73,3.39,Normal
2026-07-09 19:40:00,CSE Department,4.2,10.17,2.42,Normal
2026-07-25 22:10:00,AI Lab,4.41,8.29,1.88,Normal
2026-07-25 12:40:00,AI Lab,5.77,47.15,8.17,Normal
2026-08-17 23:10:00,AI Lab,12.2,250.47,20.52,Suspicious
2026-08-18 12:30:00,Biotech Department,4.57,27.72,6.07,Normal
2026-08-22 06:50:00,Biotech Department,5.0,41.93,8.39,Normal
2026-08-12 07:50:00,AIML Department,3.69,22.33,6.05,Normal
2026-07-12 14:10:00,BT Department,8.31,168.76,20.3,Suspicious
2026-08-19 23:30:00,Physics Lab,6.39,22.05,3.45,Normal
2026-07-29 20:40:00,Electronics Department,3.64,6.28,1.73,Normal
2026-08-14 17:20:00,Biotech Department,4.92,27.92,5.68,Normal
2026-07-08 22:40:00,BT Department,4.37,30.18,6.91,Normal
2026-07-20 04:30:00,IT Department,4.73,22.11,4.68,Normal
2026-07-15 17:20:00,AI Lab,3.69,20.83,5.65,Normal
2026-08-24 22:00:00,HOD Department,4.15,6.27,1.51,Normal
2026-08-08 14:20:00,AI Lab,7.26,25.51,3.51,Normal
2026-07-30 12:10:00,Biotech Department,5.51,22.64,4.11,Normal
2026-08-24 11:10:00,Chemistry Lab,4.54,21.53,4.74,Normal
2026-08-17 05:40:00,Mechanical Lab,5.97,24.23,4.06,Normal
2026-07-19 07:20:00,HOD Department,4.22,10.49,2.49,Normal
2026-07-13 18:00:00,Electronics Department,3.62,18.63,5.15,Normal
2026-08-10 16:00:00,HOD Department,2.78,15.1,5.43,Normal
2026-07-28 18:10:00,AI Lab,14.49,288.42,19.91,Suspicious
2026-07-05 00:00:00,AIML Department,4.37,13.06,2.99,Normal
2026-07-29 14:30:00,CSE Department,3.58,25.53,7.13,Normal
2026-07-02 16:00:00,Biotech Department,6.32,60.62,9.59,Normal
2026-08-01 15:40:00,HOD Department,1.6,8.96,5.61,Normal
2026-07-09 03:40:00,IT Department,4.69,36.82,7.85,Normal
2026-07-25 09:50:00,CSE Department,3.56,12.13,3.41,Normal
2026-07-26 22:10:00,Biotech Department,5.54,46.39,8.38,Normal
2026-08-15 08:10:00,Physics Lab,2.69,7.19,2.68,Normal
2026-07-03 10:40:00,Biotech Department,5.14,37.27,7.25,Normal
2026-07-26 00:00:00,Biotech Department,13.6,376.06,27.65,Suspicious
2026-07-10 07:20:00,IT Department,2.4,8.19,3.42,Normal
2026-07-01 19:40:00,HOD Department,3.68,7.37,2.0,Normal
2026-07-26 00:30:00,New Seminar Hall,6.53,53.44,8.19,Normal
2026-08-02 02:30:00,BT Department,19.91,1050.02,52.73,Critical
2026-07-19 23:50:00,BT Department,4.81,19.71,4.09,Normal
2026-08-19 23:50:00,Chemistry Lab,4.99,43.5,8.72,Normal
2026-07-26 16:30:00,HOD Department,2.94,25.44,8.64,Normal
2026-07-07 02:30:00,Chemistry Lab,7.8,27.27,3.49,Normal
2026-08-05 04:40:00,CSE Department,4.12,16.5,4.0,Normal
2026-07-11 10:40:00,BT Department,11.85,335.89,28.35,Suspicious
2026-07-29 04:50:00,AIML Department,4.04,5.86,1.45,Normal
2026-08-04 08:30:00,Mechanical Lab,5.24,14.36,2.74,Normal
2026-07-02 23:40:00,New Seminar Hall,6.24,20.49,3.28,Normal
2026-07-01 23:20:00,HOD Department,3.74,16.89,4.51,Normal
2026-07-22 00:10:00,IT Department,4.95,36.24,7.32,Normal
2026-07-25 09:10:00,HOD Department,3.9,20.79,5.33,Normal
2026-07-28 16:10:00,CSE Department,19.99,900.33,45.04,Critical
2026-08-24 06:10:00,CSE Department,4.11,21.13,5.15,Normal
2026-07-30 03:50:00,CSE Department,4.09,33.82,8.27,Normal
2026-08-17 06:30:00,AIML Department,4.6,33.96,7.39,Normal
2026-07-25 00:20:00,Mechanical Lab,5.83,48.78,8.37,Normal
2026-07-30 16:00:00,Physics Lab,7.72,43.6,5.65,Normal
2026-08-17 10:20:00,Electronics Department,4.22,34.65,8.21,Normal
2026-07-08 06:50:00,Chemistry Lab,6.21,58.08,9.36,Normal
2026-07-30 02:10:00,AI Lab,6.62,31.53,4.76,Normal
2026-08-23 13:30:00,New Seminar Hall,7.23,17.48,2.42,Normal
2026-07-17 20:10:00,Biotech Department,7.01,12.66,1.81,Normal
2026-08-06 22:40:00,Electronics Department,4.09,12.31,3.01,Normal
2026-08-05 00:30:00,AI Lab,5.36,50.71,9.47,Normal
2026-08-16 03:50:00,AIML Department,2.77,9.16,3.31,Normal
2026-08-17 21:00:00,AI Lab,5.63,41.44,7.36,Normal
2026-07-11 23:20:00,HOD Department,4.05,10.73,2.65,Normal
2026-07-18 01:40:00,BT Department,5.6,13.84,2.47,Normal
2026-08-04 02:30:00,New Seminar Hall,5.41,29.43,5.44,Normal
2026-07-04 04:30:00,HOD Department,2.69,9.41,3.5,Normal
2026-07-26 06:50:00,Biotech Department,6.27,28.5,4.55,Normal
2026-08-23 14:40:00,Electronics Department,6.36,17.14,2.69,Normal
2026-08-22 22:30:00,Electronics Department,11.6,346.0,29.83,Suspicious
2026-07-20 19:30:00,Mechanical Lab,7.31,36.3,4.97,Normal
2026-08-21 15:40:00,Mechanical Lab,3.43,32.06,9.35,Normal
2026-08-24 20:30:00,Electronics Department,3.16,15.95,5.05,Normal
2026-07-22 17:40:00,HOD Department,3.16,18.27,5.78,Normal
2026-08-11 07:30:00,New Seminar Hall,6.3,17.65,2.8,Normal
2026-07-13 09:20:00,IT Department,4.45,21.82,4.9,Normal
2026-08-17 11:50:00,New Seminar Hall,5.42,51.62,9.52,Normal
2026-08-05 06:20:00,Physics Lab,3.14,7.79,2.48,Normal
2026-08-21 00:50:00,CSE Department,4.95,19.42,3.93,Normal
2026-08-14 08:00:00,HOD Department,3.52,12.75,3.62,Normal
2026-08-15 03:40:00,Electronics Department,5.89,47.16,8.0,Normal
2026-07-24 22:40:00,AI Lab,5.26,22.52,4.28,Normal
2026-07-05 17:30:00,Physics Lab,5.62,27.42,4.88,Normal
2026-07-22 07:30:00,Physics Lab,4.37,39.4,9.02,Normal
2026-07-04 19:00:00,BT Department,5.03,25.78,5.13,Normal
2026-08-03 19:50:00,Mechanical Lab,7.4,40.13,5.43,Normal
2026-07-18 10:30:00,CSE Department,10.91,160.5,14.71,Suspicious
2026-08-01 15:20:00,Electronics Department,5.03,22.71,4.51,Normal
2026-07-05 18:10:00,IT Department,5.33,28.92,5.43,Normal
2026-07-06 08:00:00,Biotech Department,5.28,32.93,6.24,Normal
2026-07-03 08:00:00,Mechanical Lab,7.12,32.4,4.55,Normal
2026-07-06 14:10:00,Biotech Department,4.83,6.22,1.29,Normal
2026-08-02 21:40:00,CSE Department,3.44,10.62,3.09,Normal
2026-08-01 23:50:00,HOD Department,3.71,33.91,9.14,Normal
2026-07-22 18:50:00,Biotech Department,5.94,54.2,9.13,Normal
2026-08-02 20:40:00,AI Lab,6.43,11.07,1.72,Normal
2026-08-08 06:10:00,Electronics Department,2.71,5.69,2.1,Normal
2026-08-08 21:30:00,IT Department,5.01,40.83,8.15,Normal
2026-07-04 10:50:00,BT Department,12.95,178.85,13.81,Suspicious
2026-07-05 11:20:00,AI Lab,16.7,704.13,42.16,Critical
2026-07-26 08:10:00,Mechanical Lab,5.13,46.82,9.12,Normal
2026-07-08 18:00:00,Chemistry Lab,16.17,197.01,12.18,Suspicious
2026-07-14 19:40:00,Biotech Department,4.0,22.36,5.59,Normal
2026-07-12 18:30:00,Chemistry Lab,5.59,11.04,1.97,Normal
2026-07-28 21:50:00,Physics Lab,4.18,21.77,5.21,Normal
2026-08-06 22:30:00,CSE Department,7.26,149.79,20.65,Suspicious
2026-07-20 02:00:00,HOD Department,3.14,25.29,8.05,Normal
2026-07-13 03:20:00,Mechanical Lab,6.03,50.6,8.4,Normal
2026-08-25 16:10:00,Physics Lab,5.04,39.99,7.93,Normal
2026-08-03 08:30:00,IT Department,8.35,12.35,1.48,Normal
2026-07-31 17:10:00,Physics Lab,26.72,2151.94,80.55,Critical
2026-07-21 18:20:00,Chemistry Lab,6.7,11.81,1.76,Normal
2026-08-16 18:00:00,CSE Department,4.83,26.59,5.5,Normal
2026-08-15 23:10:00,Electronics Department,5.29,16.32,3.09,Normal
2026-08-10 05:10:00,CSE Department,3.54,22.42,6.33,Normal
2026-07-16 01:50:00,Biotech Department,6.28,43.92,7.0,Normal
2026-07-30 03:10:00,Chemistry Lab,5.97,41.14,6.89,Normal
2026-07-01 22:20:00,Mechanical Lab,5.3,11.22,2.12,Normal
2026-07-17 08:40:00,Physics Lab,6.17,57.05,9.24,Normal
2026-07-19 22:10:00,AI Lab,6.61,39.52,5.98,Normal
2026-08-07 20:30:00,New Seminar Hall,6.75,17.05,2.53,Normal
2026-08-09 05:50:00,CSE Department,5.06,48.06,9.5,Normal
2026-08-16 15:10:00,Biotech Department,5.21,45.5,8.74,Normal
2026-07-19 08:20:00,BT Department,3.94,35.75,9.07,Normal
2026-08-07 10:10:00,Physics Lab,4.07,20.68,5.08,Normal
2026-07-22 13:40:00,IT Department,4.25,41.61,9.8,Normal
2026-07-08 11:30:00,IT Department,5.43,28.67,5.28,Normal
2026-08-08 08:20:00,HOD Department,2.44,3.34,1.37,Normal
2026-07-21 07:20:00,New Seminar Hall,15.74,261.04,16.58,Suspicious
2026-08-01 14:50:00,CSE Department,5.19,13.75,2.65,Normal
2026-08-04 09:10:00,AI Lab,5.21,49.01,9.41,Normal
2026-07-16 05:20:00,Mechanical Lab,2.74,9.72,3.55,Normal
2026-07-28 23:40:00,Chemistry Lab,5.13,13.35,2.6,Normal
2026-08-15 15:20:00,Biotech Department,6.83,62.19,9.1,Normal
2026-08-05 05:50:00,Electronics Department,3.27,14.52,4.44,Normal
2026-07-09 16:00:00,BT Department,4.53,38.03,8.4,Normal
2026-07-15 09:30:00,Mechanical Lab,7.44,68.27,9.17,Normal
2026-07-05 15:30:00,Mechanical Lab,5.96,9.51,1.6,Normal
2026-08-20 21:10:00,CSE Department,5.89,39.95,6.79,Normal
2026-07-05 06:20:00,New Seminar Hall,7.01,8.09,1.15,Normal
2026-08-19 06:30:00,IT Department,3.74,34.42,9.2,Normal
2026-07-14 02:10:00,IT Department,4.18,9.51,2.27,Normal
2026-07-10 14:20:00,IT Department,4.94,9.26,1.88,Normal
2026-07-28 05:50:00,AIML Department,2.78,26.8,9.66,Normal
2026-08-23 03:50:00,AIML Department,3.82,35.29,9.24,Normal
2026-07-15 21:50:00,AI Lab,5.28,11.72,2.22,Normal
2026-08-17 19:00:00,BT Department,5.16,40.42,7.83,Normal
2026-07-25 00:30:00,Biotech Department,5.15,49.02,9.52,Normal
2026-07-31 09:30:00,Physics Lab,6.69,47.59,7.12,Normal
2026-07-13 01:20:00,BT Department,11.11,118.93,10.7,Suspicious
2026-07-06 12:10:00,BT Department,5.27,13.34,2.53,Normal
2026-08-08 09:20:00,BT Department,3.28,4.57,1.39,Normal
2026-08-16 22:20:00,CSE Department,3.79,25.67,6.78,Normal
2026-07-16 12:30:00,AIML Department,4.64,22.59,4.87,Normal
2026-07-02 16:30:00,AI Lab,4.59,16.23,3.54,Normal
2026-07-09 08:00:00,Chemistry Lab,4.25,10.51,2.47,Normal
2026-08-15 23:00:00,Electronics Department,4.69,40.38,8.62,Normal
2026-08-07 00:30:00,AI Lab,5.17,39.22,7.59,Normal
2026-07-06 21:40:00,Physics Lab,4.36,20.36,4.68,Normal
2026-08-05 02:40:00,Chemistry Lab,7.92,67.94,8.58,Normal
2026-07-17 15:40:00,Chemistry Lab,4.34,39.62,9.13,Normal
2026-08-24 12:30:00,Mechanical Lab,7.11,25.86,3.64,Normal
2026-07-25 00:10:00,HOD Department,3.23,23.33,7.23,Normal
2026-08-20 15:50:00,BT Department,6.07,32.97,5.43,Normal
2026-08-06 08:00:00,IT Department,4.33,18.26,4.22,Normal
2026-07-15 16:40:00,Biotech Department,3.01,28.95,9.6,Normal
2026-07-21 12:30:00,IT Department,3.9,22.3,5.72,Normal
2026-08-16 17:30:00,Mechanical Lab,6.8,13.86,2.04,Normal
2026-08-22 03:10:00,Electronics Department,2.57,4.56,1.77,Normal
2026-07-05 19:20:00,Physics Lab,13.25,278.85,21.05,Suspicious
2026-08-21 22:40:00,AI Lab,5.79,18.36,3.17,Normal
2026-08-12 00:50:00,Electronics Department,6.49,39.54,6.09,Normal
2026-07-26 12:00:00,CSE Department,11.39,337.17,29.6,Suspicious
2026-07-27 13:50:00,IT Department,4.22,17.56,4.16,Normal
2026-08-18 14:40:00,IT Department,4.05,27.97,6.92,Normal
2026-07-02 04:00:00,AI Lab,5.21,14.54,2.79,Normal
2026-07-13 16:10:00,IT Department,1.83,10.05,5.49,Normal
2026-07-22 00:50:00,CSE Department,3.48,4.82,1.39,Normal
2026-07-31 00:10:00,Physics Lab,3.33,6.43,1.93,Normal
2026-07-22 16:20:00,Electronics Department,4.98,38.98,7.83,Normal
2026-08-15 00:10:00,IT Department,3.25,26.24,8.08,Normal
2026-08-13 06:00:00,Biotech Department,4.5,29.76,6.61,Normal
2026-08-18 21:10:00,Electronics Department,11.56,304.91,26.39,Suspicious
2026-07-22 09:50:00,Electronics Department,3.85,13.75,3.57,Normal
2026-07-16 03:50:00,IT Department,8.62,182.18,21.15,Suspicious
2026-08-17 10:00:00,IT Department,4.7,10.17,2.17,Normal
2026-08-22 20:10:00,IT Department,2.81,8.27,2.94,Normal
2026-07-02 06:20:00,HOD Department,3.54,32.29,9.12,Normal
2026-08-19 10:40:00,AI Lab,3.56,5.79,1.63,Normal
2026-07-29 23:00:00,AI Lab,4.71,32.5,6.9,Normal
2026-07-31 13:30:00,Mechanical Lab,5.04,32.15,6.37,Normal
2026-07-30 20:20:00,New Seminar Hall,4.74,33.33,7.03,Normal
2026-08-23 22:10:00,Physics Lab,3.84,24.32,6.33,Normal
2026-08-02 07:10:00,AI Lab,15.8,1048.14,66.33,Critical
2026-07-19 02:30:00,BT Department,4.81,42.01,8.73,Normal
2026-07-01 18:20:00,Mechanical Lab,7.62,21.92,2.88,Normal
2026-08-15 08:00:00,AI Lab,5.32,38.78,7.29,Normal
2026-08-22 07:40:00,Electronics Department,17.65,1578.52,89.41,Critical
2026-07-31 06:10:00,CSE Department,3.46,14.67,4.25,Normal
2026-07-12 17:40:00,AIML Department,4.72,23.76,5.04,Normal
2026-08-09 20:40:00,HOD Department,3.56,13.48,3.78,Normal
2026-07-18 11:10:00,IT Department,3.13,5.39,1.72,Normal
2026-07-06 01:10:00,IT Department,5.4,17.37,3.22,Normal
2026-08-01 10:40:00,Physics Lab,6.76,49.99,7.39,Normal
2026-07-06 11:30:00,Mechanical Lab,7.16,30.44,4.25,Normal
2026-07-09 17:50:00,Biotech Department,3.26,27.66,8.49,Normal
2026-07-16 09:40:00,HOD Department,3.2,7.48,2.34,Normal
2026-08-12 07:10:00,Biotech Department,5.48,33.0,6.02,Normal
2026-08-15 12:10:00,New Seminar Hall,13.8,221.45,16.05,Suspicious
2026-08-07 08:10:00,HOD Department,2.7,25.04,9.28,Normal
2026-07-21 11:20:00,Mechanical Lab,8.38,76.62,9.15,Normal
2026-07-23 23:00:00,CSE Department,3.87,14.07,3.63,Normal
2026-07-05 06:30:00,Electronics Department,4.07,14.81,3.63,Normal
2026-07-14 08:10:00,Electronics Department,10.92,138.8,12.71,Suspicious
2026-07-05 20:00:00,Biotech Department,19.1,1351.81,70.78,Critical
2026-07-19 08:40:00,Mechanical Lab,4.63,17.31,3.74,Normal
2026-07-13 06:10:00,Biotech Department,5.82,22.68,3.9,Normal
2026-08-16 10:20:00,New Seminar Hall,6.9,14.07,2.04,Normal
2026-07-21 01:50:00,IT Department,3.89,23.95,6.15,Normal
2026-07-11 00:00:00,AIML Department,5.49,52.37,9.55,Normal
2026-08-12 03:00:00,Chemistry Lab,5.75,46.14,8.03,Normal
2026-07-26 14:50:00,Electronics Department,4.78,43.32,9.07,Normal
2026-08-07 09:10:00,New Seminar Hall,6.95,26.75,3.85,Normal
2026-08-06 22:10:00,HOD Department,2.78,9.91,3.57,Normal
2026-08-11 03:10:00,Physics Lab,6.28,41.7,6.64,Normal
2026-07-04 17:30:00,New Seminar Hall,5.84,6.31,1.08,Normal
2026-07-04 18:10:00,IT Department,17.88,582.39,32.57,Critical
2026-07-06 03:00:00,CSE Department,3.05,10.99,3.61,Normal
2026-08-09 07:20:00,AI Lab,22.99,2004.44,87.19,Critical
2026-07-05 12:20:00,AI Lab,6.77,13.88,2.05,Normal
2026-07-14 14:30:00,Biotech Department,8.02,70.06,8.74,Normal
2026-08-08 15:00:00,IT Department,5.56,24.82,4.46,Normal
2026-08-21 03:00:00,AIML Department,4.68,27.72,5.93,Normal
2026-08-12 04:10:00,AI Lab,6.51,44.86,6.89,Normal
2026-08-09 18:20:00,CSE Department,12.88,975.03,75.71,Critical
2026-07-25 21:50:00,Physics Lab,5.11,26.56,5.19,Normal
2026-08-05 11:10:00,Mechanical Lab,5.03,25.94,5.16,Normal
2026-08-08 10:50:00,New Seminar Hall,4.28,30.16,7.04,Normal
2026-07-17 18:20:00,New Seminar Hall,7.3,48.46,6.64,Normal
2026-07-09 13:50:00,HOD Department,4.71,15.94,3.38,Normal
2026-07-03 05:40:00,CSE Department,2.72,3.28,1.21,Normal
2026-08-01 20:50:00,New Seminar Hall,4.11,34.33,8.35,Normal
2026-08-05 00:40:00,CSE Department,4.61,14.99,3.25,Normal
2026-07-10 18:50:00,AIML Department,4.55,21.19,4.66,Normal
2026-07-27 16:20:00,CSE Department,9.22,134.37,14.57,Suspicious
2026-07-11 22:20:00,BT Department,5.42,37.07,6.84,Normal
2026-08-09 03:40:00,Mechanical Lab,24.06,1616.79,67.19,Critical
2026-07-28 12:00:00,BT Department,4.06,6.67,1.64,Normal
2026-08-25 01:30:00,AIML Department,6.37,27.64,4.34,Normal
2026-07-12 02:30:00,New Seminar Hall,4.93,19.26,3.91,Normal
2026-07-03 15:00:00,BT Department,2.31,8.55,3.7,Normal
2026-08-22 13:50:00,HOD Department,3.34,14.17,4.24,Normal
2026-07-10 14:50:00,HOD Department,2.53,11.37,4.49,Normal
2026-08-08 04:40:00,Physics Lab,6.01,36.94,6.14,Normal
2026-07-07 21:30:00,Mechanical Lab,6.99,50.59,7.24,Normal
2026-08-14 01:20:00,HOD Department,3.64,6.99,1.92,Normal
2026-07-16 23:00:00,Physics Lab,6.76,26.5,3.92,Normal
2026-08-14 02:00:00,Physics Lab,6.29,48.73,7.74,Normal
2026-07-06 21:30:00,BT Department,13.08,240.03,18.36,Suspicious
2026-07-28 16:50:00,HOD Department,3.8,11.83,3.12,Normal
2026-07-17 15:00:00,HOD Department,4.35,5.97,1.37,Normal
2026-07-01 19:20:00,Electronics Department,4.69,12.81,2.73,Normal
2026-08-23 15:30:00,Physics Lab,6.58,22.6,3.43,Normal
2026-08-09 21:20:00,Electronics Department,5.9,47.3,8.01,Normal
2026-07-20 16:00:00,Electronics Department,4.42,18.48,4.18,Normal
2026-07-12 10:20:00,IT Department,5.12,50.32,9.82,Normal
2026-07-30 13:10:00,Mechanical Lab,5.85,22.62,3.86,Normal
2026-08-03 03:00:00,Chemistry Lab,6.36,26.36,4.14,Normal
2026-08-18 07:30:00,IT Department,3.86,23.47,6.09,Normal
2026-07-11 18:30:00,AIML Department,11.21,250.98,22.39,Suspicious
2026-08-05 08:50:00,Mechanical Lab,4.44,30.88,6.96,Normal
2026-07-02 09:00:00,Physics Lab,10.38,258.31,24.89,Suspicious
2026-07-20 19:20:00,New Seminar Hall,6.52,9.08,1.39,Normal
2026-07-28 20:40:00,HOD Department,4.08,24.51,6.01,Normal
2026-07-15 19:40:00,CSE Department,5.23,35.84,6.85,Normal
2026-08-20 23:50:00,New Seminar Hall,7.52,74.28,9.88,Normal
2026-07-17 00:30:00,Physics Lab,6.81,29.41,4.32,Normal
2026-07-28 17:50:00,Mechanical Lab,6.25,16.95,2.71,Normal
2026-08-24 23:20:00,HOD Department,3.29,6.35,1.93,Normal
2026-08-13 05:10:00,AIML Department,3.97,28.38,7.14,Normal
2026-08-10 10:10:00,BT Department,15.09,1181.77,78.31,Critical
2026-07-07 07:10:00,IT Department,4.77,29.07,6.09,Normal
2026-07-25 12:00:00,CSE Department,4.87,5.4,1.11,Normal
2026-08-04 22:50:00,AIML Department,3.81,8.46,2.22,Normal
2026-07-25 16:10:00,IT Department,3.8,36.78,9.68,Normal
2026-08-03 18:20:00,AIML Department,3.46,34.57,10.0,Normal
2026-07-29 22:50:00,New Seminar Hall,6.82,53.14,7.8,Normal
2026-08-23 16:20:00,Physics Lab,6.08,48.43,7.97,Normal
2026-07-03 21:00:00,Biotech Department,12.54,140.5,11.2,Suspicious
2026-07-11 06:40:00,Biotech Department,4.84,7.57,1.57,Normal
2026-07-31 05:10:00,IT Department,8.84,112.29,12.7,Suspicious
2026-08-20 06:30:00,Biotech Department,5.11,46.99,9.19,Normal
2026-07-13 16:30:00,IT Department,4.73,7.48,1.58,Normal
2026-08-18 16:40:00,New Seminar Hall,23.3,1826.81,78.41,Critical
2026-07-30 07:30:00,Electronics Department,2.98,23.55,7.91,Normal
2026-07-13 23:00:00,Chemistry Lab,3.39,22.99,6.78,Normal
2026-08-05 21:20:00,Mechanical Lab,6.08,8.1,1.33,Normal
2026-07-07 04:10:00,Biotech Department,3.77,35.47,9.41,Normal
2026-07-20 02:40:00,CSE Department,9.92,124.68,12.57,Suspicious
2026-07-09 14:10:00,AI Lab,3.3,20.63,6.26,Normal
2026-07-02 13:10:00,Mechanical Lab,5.87,51.42,8.76,Normal
2026-08-01 04:10:00,Biotech Department,5.67,15.38,2.71,Normal
2026-08-22 14:10:00,New Seminar Hall,4.3,6.15,1.43,Normal
2026-07-05 14:50:00,Physics Lab,20.89,1639.06,78.46,Critical
2026-07-15 20:50:00,Physics Lab,5.43,52.0,9.58,Normal
2026-07-24 07:20:00,New Seminar Hall,15.65,179.62,11.48,Suspicious
2026-08-10 18:00:00,HOD Department,2.93,23.95,8.18,Normal
2026-07-27 21:50:00,HOD Department,4.1,14.78,3.61,Normal
2026-07-01 21:40:00,Physics Lab,6.26,44.98,7.19,Normal
2026-07-27 20:30:00,HOD Department,2.09,3.41,1.63,Normal
2026-07-23 14:40:00,CSE Department,3.7,4.92,1.33,Normal
2026-07-07 00:00:00,HOD Department,3.34,22.78,6.83,Normal
2026-07-08 11:40:00,Mechanical Lab,5.95,44.42,7.46,Normal
2026-07-29 18:00:00,Chemistry Lab,5.7,40.45,7.1,Normal
2026-07-03 10:00:00,IT Department,4.46,41.05,9.19,Normal
2026-08-14 03:00:00,AI Lab,4.53,35.03,7.73,Normal
2026-07-11 13:20:00,BT Department,6.86,30.46,4.44,Normal
2026-07-03 07:10:00,New Seminar Hall,6.49,19.49,3.0,Normal
2026-07-15 10:00:00,Mechanical Lab,6.52,8.17,1.25,Normal
2026-07-31 06:20:00,New Seminar Hall,7.4,35.28,4.77,Normal
2026-08-04 10:40:00,Mechanical Lab,7.12,54.1,7.6,Normal
2026-08-14 10:20:00,BT Department,11.48,258.08,22.48,Suspicious
2026-07-21 13:50:00,HOD Department,3.58,4.54,1.27,Normal
2026-07-13 22:10:00,New Seminar Hall,4.9,15.76,3.21,Normal
2026-07-10 03:50:00,CSE Department,11.65,280.89,24.11,Suspicious
2026-08-13 10:50:00,AI Lab,5.38,34.05,6.33,Normal
2026-08-06 23:40:00,HOD Department,3.59,12.47,3.47,Normal
2026-08-15 20:40:00,IT Department,17.36,1027.59,59.19,Critical
2026-08-16 06:00:00,Chemistry Lab,5.7,11.5,2.02,Normal
2026-08-05 13:50:00,Physics Lab,4.76,6.31,1.33,Normal
2026-08-05 19:10:00,BT Department,7.17,61.28,8.54,Normal
2026-07-23 05:00:00,New Seminar Hall,3.54,26.92,7.61,Normal
2026-07-07 00:40:00,AIML Department,5.13,20.37,3.97,Normal
2026-07-17 09:30:00,Physics Lab,5.76,22.83,3.96,Normal
2026-07-15 06:40:00,Chemistry Lab,25.39,1153.2,45.43,Critical
2026-08-03 21:20:00,BT Department,4.76,43.03,9.05,Normal
2026-07-19 16:20:00,Physics Lab,6.57,47.23,7.19,Normal
2026-08-18 09:50:00,AIML Department,4.87,10.53,2.16,Normal
2026-08-20 23:30:00,New Seminar Hall,8.13,35.83,4.41,Normal
2026-07-17 08:10:00,AIML Department,9.43,253.29,26.86,Suspicious
2026-08-15 00:30:00,AIML Department,4.65,19.32,4.15,Normal
2026-08-10 09:10:00,CSE Department,4.78,19.78,4.14,Normal
2026-07-02 00:30:00,CSE Department,4.3,9.77,2.28,Normal
2026-08-02 23:00:00,Physics Lab,6.81,58.6,8.61,Normal
2026-07-06 12:00:00,Mechanical Lab,10.19,87.35,8.58,Normal
2026-08-23 16:40:00,Chemistry Lab,4.65,43.85,9.42,Normal
2026-08-21 17:40:00,Mechanical Lab,5.54,45.63,8.23,Normal
2026-07-28 22:10:00,Mechanical Lab,7.16,59.17,8.26,Normal
2026-07-04 16:00:00,AIML Department,7.58,178.85,23.6,Suspicious
2026-08-20 03:50:00,Biotech Department,5.87,41.14,7.01,Normal
2026-08-24 05:50:00,Physics Lab,4.85,16.79,3.46,Normal
2026-08-09 15:20:00,Electronics Department,3.44,21.18,6.16,Normal
2026-07-09 08:50:00,Electronics Department,4.59,20.33,4.43,Normal
2026-08-16 22:30:00,Biotech Department,3.13,18.35,5.85,Normal
2026-08-21 20:30:00,Biotech Department,4.05,9.78,2.41,Normal
2026-08-11 08:30:00,AI Lab,6.29,46.0,7.31,Normal
2026-07-11 07:30:00,AI Lab,5.45,27.97,5.13,Normal
2026-07-18 02:20:00,AI Lab,4.44,34.94,7.86,Normal
2026-08-04 02:40:00,Biotech Department,4.31,35.36,8.21,Normal
2026-07-04 03:00:00,Chemistry Lab,5.77,51.64,8.95,Normal
2026-08-12 09:30:00,BT Department,3.32,19.72,5.93,Normal
2026-07-16 13:50:00,HOD Department,2.5,18.96,7.58,Normal
2026-07-07 22:10:00,IT Department,4.2,25.83,6.16,Normal
2026-07-30 06:10:00,HOD Department,4.68,22.84,4.88,Normal
2026-07-15 16:30:00,AI Lab,3.75,34.49,9.19,Normal
2026-08-23 11:20:00,BT Department,5.06,8.39,1.66,Normal
2026-08-09 06:50:00,Biotech Department,4.88,21.64,4.44,Normal
2026-07-05 23:20:00,Electronics Department,4.49,37.82,8.42,Normal
2026-07-02 20:20:00,HOD Department,3.38,32.31,9.56,Normal
2026-07-24 17:00:00,Electronics Department,6.52,60.05,9.21,Normal
2026-08-23 19:50:00,Physics Lab,5.93,31.53,5.32,Normal
2026-07-14 23:00:00,AIML Department,2.25,6.59,2.93,Normal
2026-07-28 08:30:00,BT Department,4.09,26.4,6.45,Normal
2026-08-10 14:30:00,CSE Department,5.18,43.64,8.42,Normal
2026-07-16 16:50:00,AI Lab,4.22,41.53,9.85,Normal
2026-07-19 14:50:00,BT Department,13.23,145.18,10.97,Suspicious
2026-07-12 20:30:00,CSE Department,8.22,174.61,21.24,Suspicious
2026-07-26 12:10:00,Electronics Department,5.5,17.71,3.22,Normal
2026-08-07 14:30:00,AI Lab,6.05,11.1,1.84,Normal
2026-08-07 04:50:00,Physics Lab,4.86,8.08,1.66,Normal
2026-08-08 10:30:00,AIML Department,2.91,16.2,5.56,Normal
2026-07-16 05:30:00,Physics Lab,13.19,378.48,28.69,Suspicious
2026-07-06 17:30:00,Physics Lab,5.15,32.07,6.22,Normal
2026-07-18 05:40:00,IT Department,17.46,1396.81,80.01,Critical
2026-07-22 15:00:00,AI Lab,4.26,41.6,9.76,Normal
2026-08-01 06:10:00,Chemistry Lab,4.96,27.35,5.52,Normal
2026-08-10 05:50:00,Biotech Department,4.7,42.52,9.05,Normal
2026-08-17 23:00:00,HOD Department,3.88,37.57,9.68,Normal
2026-08-04 03:40:00,CSE Department,5.22,43.18,8.28,Normal
2026-07-11 16:30:00,AI Lab,11.5,296.32,25.78,Suspicious
2026-07-25 22:50:00,Physics Lab,8.24,41.84,5.08,Normal
2026-07-23 05:30:00,AI Lab,4.48,27.24,6.07,Normal
2026-07-27 13:00:00,HOD Department,3.46,31.53,9.12,Normal
2026-08-14 22:40:00,Physics Lab,14.0,391.54,27.96,Suspicious
2026-07-26 06:10:00,IT Department,4.85,13.83,2.85,Normal
2026-08-16 09:20:00,AIML Department,3.53,31.57,8.95,Normal
2026-08-02 13:30:00,Biotech Department,6.14,45.23,7.36,Normal
2026-07-04 22:10:00,Electronics Department,4.81,12.9,2.68,Normal
2026-07-28 17:20:00,BT Department,5.41,49.13,9.08,Normal
2026-07-30 05:10:00,AI Lab,5.6,43.89,7.84,Normal
2026-08-01 18:40:00,Chemistry Lab,6.72,49.02,7.3,Normal
2026-08-08 11:50:00,New Seminar Hall,7.77,14.01,1.8,Normal
2026-08-24 09:10:00,Physics Lab,5.66,53.47,9.46,Normal
2026-08-12 21:30:00,Biotech Department,5.83,54.32,9.32,Normal
2026-07-11 03:50:00,Electronics Department,11.24,230.29,20.49,Suspicious
2026-07-05 06:40:00,Physics Lab,5.95,15.68,2.63,Normal
2026-07-03 20:00:00,IT Department,11.39,140.77,12.36,Suspicious
2026-07-29 09:50:00,Biotech Department,6.6,24.71,3.75,Normal
2026-08-18 05:40:00,IT Department,8.38,151.6,18.09,Suspicious
2026-08-13 12:20:00,Chemistry Lab,15.01,212.7,14.17,Suspicious
2026-07-30 06:20:00,HOD Department,4.13,8.21,1.99,Normal
2026-07-22 20:40:00,AIML Department,5.67,15.15,2.67,Normal
2026-07-28 12:20:00,Biotech Department,5.07,10.84,2.14,Normal
2026-07-06 14:30:00,IT Department,4.64,42.43,9.15,Normal
2026-07-25 23:20:00,Chemistry Lab,6.49,14.91,2.3,Normal
2026-08-15 15:10:00,HOD Department,10.28,245.03,23.85,Suspicious
2026-08-22 13:20:00,Biotech Department,5.14,7.44,1.45,Normal
2026-08-23 21:40:00,AIML Department,10.79,139.82,12.96,Suspicious
2026-08-15 11:10:00,New Seminar Hall,6.23,56.73,9.1,Normal
2026-08-06 15:40:00,CSE Department,5.06,26.15,5.17,Normal
2026-07-02 19:40:00,IT Department,2.44,22.43,9.18,Normal
2026-07-29 07:20:00,AI Lab,6.56,35.38,5.39,Normal
2026-08-18 04:00:00,New Seminar Hall,6.96,57.15,8.21,Normal
2026-07-26 23:20:00,Biotech Department,5.86,55.77,9.52,Normal
2026-08-11 14:30:00,AIML Department,2.75,13.77,5.02,Normal
2026-08-02 00:40:00,BT Department,2.92,29.16,9.99,Normal
2026-07-29 15:30:00,AI Lab,5.47,15.73,2.88,Normal
2026-07-11 13:30:00,HOD Department,3.29,4.61,1.4,Normal
2026-07-16 22:00:00,CSE Department,4.83,40.14,8.31,Normal
2026-07-06 08:50:00,Chemistry Lab,6.58,20.87,3.17,Normal
2026-08-02 00:00:00,Mechanical Lab,6.73,16.71,2.48,Normal
2026-07-26 01:20:00,Chemistry Lab,3.67,32.91,8.96,Normal
2026-07-01 16:10:00,New Seminar Hall,4.36,15.96,3.66,Normal
2026-08-13 21:10:00,IT Department,3.3,31.67,9.58,Normal
2026-08-11 17:50:00,Biotech Department,12.83,330.17,25.74,Suspicious
2026-07-23 01:40:00,Electronics Department,4.65,33.13,7.13,Normal
2026-07-07 11:50:00,HOD Department,3.65,12.82,3.51,Normal
2026-08-18 23:40:00,New Seminar Hall,4.72,28.33,6.0,Normal
2026-08-01 01:10:00,Electronics Department,4.73,22.91,4.85,Normal
2026-07-21 10:10:00,Biotech Department,6.54,23.96,3.66,Normal
2026-08-23 11:50:00,IT Department,4.15,16.05,3.87,Normal
2026-08-20 12:50:00,New Seminar Hall,6.65,22.46,3.38,Normal
2026-07-04 22:00:00,AIML Department,3.43,10.84,3.15,Normal
2026-07-23 08:00:00,AI Lab,3.53,14.48,4.1,Normal
2026-07-21 19:30:00,Biotech Department,5.0,42.18,8.43,Normal
2026-07-28 06:30:00,New Seminar Hall,5.13,10.98,2.14,Normal
2026-07-02 07:10:00,IT Department,1.81,4.82,2.67,Normal
2026-08-17 00:40:00,New Seminar Hall,5.25,24.6,4.69,Normal
2026-07-28 07:00:00,Chemistry Lab,4.55,15.45,3.39,Normal
2026-08-06 20:30:00,Biotech Department,4.61,34.68,7.53,Normal
2026-07-23 12:50:00,Mechanical Lab,7.56,13.93,1.84,Normal
2026-08-22 21:50:00,BT Department,12.66,148.21,11.7,Suspicious
2026-07-02 02:40:00,IT Department,4.01,31.93,7.97,Normal
2026-07-23 12:30:00,HOD Department,1.76,11.81,6.7,Normal
2026-07-04 13:10:00,HOD Department,3.41,3.79,1.11,Normal
2026-08-20 15:10:00,AI Lab,3.86,28.16,7.29,Normal
2026-07-09 21:30:00,AI Lab,3.1,9.15,2.95,Normal
2026-07-23 21:40:00,IT Department,5.47,7.26,1.33,Normal
2026-07-05 11:00:00,New Seminar Hall,5.63,28.08,4.99,Normal
2026-08-04 03:00:00,Biotech Department,17.39,1442.81,82.98,Critical
2026-07-04 11:00:00,New Seminar Hall,29.79,2337.45,78.46,Critical
2026-08-22 06:10:00,Electronics Department,4.11,9.9,2.41,Normal
2026-07-24 02:10:00,CSE Department,4.55,10.78,2.37,Normal
2026-08-12 13:10:00,Physics Lab,6.68,41.23,6.18,Normal
2026-08-02 21:50:00,AI Lab,10.33,256.63,24.84,Suspicious
2026-07-03 12:00:00,Electronics Department,4.36,28.16,6.45,Normal
2026-08-23 06:10:00,CSE Department,4.7,42.55,9.05,Normal
2026-08-20 21:50:00,New Seminar Hall,3.68,21.04,5.72,Normal
2026-08-02 16:50:00,Biotech Department,10.61,118.79,11.2,Suspicious
2026-08-04 00:30:00,Physics Lab,6.12,49.15,8.04,Normal
2026-08-20 13:10:00,AIML Department,2.8,26.71,9.54,Normal
2026-08-07 19:20:00,IT Department,4.23,10.92,2.58,Normal
2026-07-04 11:10:00,Electronics Department,11.93,280.94,23.54,Suspicious
2026-07-23 07:40:00,Mechanical Lab,6.47,61.06,9.44,Normal
2026-08-15 03:30:00,AI Lab,5.43,42.48,7.83,Normal
2026-08-17 08:40:00,IT Department,4.09,20.26,4.96,Normal
2026-07-26 12:20:00,IT Department,4.33,41.4,9.56,Normal
2026-07-07 12:20:00,AI Lab,4.51,31.64,7.02,Normal
2026-07-20 12:30:00,AIML Department,3.82,27.25,7.14,Normal
2026-07-05 21:40:00,BT Department,2.83,27.66,9.77,Normal
2026-07-11 19:00:00,Mechanical Lab,6.63,53.88,8.13,Normal
2026-07-29 04:30:00,New Seminar Hall,13.09,392.62,29.99,Suspicious
2026-08-01 23:00:00,New Seminar Hall,3.08,11.95,3.88,Normal
2026-08-22 07:50:00,Chemistry Lab,4.88,32.42,6.64,Normal
2026-07-08 06:30:00,New Seminar Hall,5.24,19.63,3.75,Normal
2026-07-04 00:50:00,HOD Department,3.68,22.68,6.16,Normal
2026-07-24 23:50:00,HOD Department,2.56,2.91,1.13,Normal
2026-07-17 12:20:00,Physics Lab,7.5,72.77,9.71,Normal
2026-07-11 14:00:00,Electronics Department,19.18,818.43,42.68,Critical
2026-07-16 21:20:00,BT Department,18.69,810.49,43.36,Critical
2026-08-20 06:50:00,HOD Department,4.59,19.5,4.25,Normal
2026-08-20 08:40:00,Biotech Department,7.17,51.64,7.2,Normal
2026-08-16 17:10:00,CSE Department,4.69,22.28,4.75,Normal
2026-07-28 16:00:00,Biotech Department,5.44,50.53,9.29,Normal
2026-08-17 05:10:00,BT Department,5.46,10.25,1.88,Normal
2026-07-21 23:20:00,BT Department,4.84,29.81,6.15,Normal
2026-07-24 20:20:00,Mechanical Lab,8.94,25.28,2.83,Normal
2026-07-20 14:30:00,AI Lab,20.89,796.31,38.12,Critical
2026-07-14 16:30:00,Biotech Department,5.73,31.37,5.48,Normal
2026-07-06 14:20:00,AIML Department,3.92,29.01,7.4,Normal
2026-07-06 04:40:00,BT Department,16.01,675.86,42.22,Critical
2026-08-19 00:00:00,AIML Department,2.47,10.82,4.39,Normal
2026-07-10 07:30:00,AIML Department,4.16,10.76,2.59,Normal
2026-08-19 08:50:00,Biotech Department,5.98,51.01,8.53,Normal
2026-07-21 06:50:00,Electronics Department,4.48,21.83,4.88,Normal
2026-08-16 20:20:00,Mechanical Lab,9.01,60.03,6.66,Normal
2026-07-18 22:30:00,BT Department,6.01,14.68,2.44,Normal
2026-08-17 01:30:00,HOD Department,2.7,19.56,7.23,Normal
2026-07-14 13:50:00,Chemistry Lab,4.11,29.1,7.08,Normal
2026-08-18 08:50:00,CSE Department,2.61,17.45,6.69,Normal
2026-08-19 01:50:00,AIML Department,11.39,287.15,25.22,Suspicious
2026-07-03 21:20:00,Mechanical Lab,7.1,7.73,1.09,Normal
2026-07-14 18:50:00,Electronics Department,4.91,46.09,9.39,Normal
2026-07-30 14:10:00,AIML Department,4.64,25.64,5.52,Normal
2026-07-09 07:50:00,BT Department,3.4,18.5,5.44,Normal
2026-08-23 14:20:00,Physics Lab,6.01,48.24,8.03,Normal
2026-08-05 16:20:00,Mechanical Lab,5.49,44.73,8.14,Normal
2026-07-30 10:40:00,AIML Department,2.99,20.17,6.76,Normal
2026-07-31 01:10:00,HOD Department,7.4,101.61,13.72,Suspicious
2026-07-22 05:40:00,Mechanical Lab,6.13,24.9,4.06,Normal
2026-08-24 23:10:00,New Seminar Hall,7.21,11.44,1.59,Normal
2026-07-02 15:50:00,New Seminar Hall,5.01,11.6,2.31,Normal
2026-08-20 20:50:00,New Seminar Hall,13.44,301.21,22.42,Suspicious
2026-08-01 01:50:00,Physics Lab,7.99,32.57,4.08,Normal
2026-07-02 13:00:00,Mechanical Lab,11.54,148.32,12.86,Suspicious
2026-07-14 13:10:00,BT Department,9.43,207.81,22.04,Suspicious
2026-07-08 23:10:00,IT Department,4.11,5.88,1.43,Normal
2026-08-07 05:30:00,AIML Department,5.32,32.88,6.18,Normal
2026-07-26 15:40:00,Electronics Department,4.67,9.91,2.12,Normal
2026-07-25 00:00:00,New Seminar Hall,5.38,8.8,1.63,Normal
2026-07-28 07:30:00,BT Department,2.74,15.42,5.62,Normal
2026-07-17 06:00:00,Biotech Department,7.34,27.64,3.77,Normal
2026-08-18 18:20:00,Biotech Department,16.71,683.45,40.9,Critical
2026-08-24 08:00:00,BT Department,6.65,52.44,7.88,Normal
2026-08-07 06:50:00,BT Department,2.56,13.89,5.42,Normal
2026-08-04 08:20:00,Physics Lab,6.23,47.41,7.6,Normal
2026-07-09 10:00:00,Mechanical Lab,5.95,37.22,6.26,Normal
2026-08-06 02:30:00,Chemistry Lab,6.7,12.45,1.86,Normal
2026-08-02 15:10:00,AIML Department,4.8,26.64,5.55,Normal
2026-07-27 17:30:00,IT Department,5.12,33.82,6.6,Normal
2026-08-18 15:30:00,New Seminar Hall,5.64,23.6,4.19,Normal
2026-08-05 05:00:00,Mechanical Lab,7.11,8.68,1.22,Normal
2026-07-26 18:40:00,Biotech Department,5.96,45.1,7.56,Normal
2026-08-09 17:30:00,HOD Department,3.07,9.68,3.16,Normal
2026-07-12 20:50:00,IT Department,5.18,5.45,1.05,Normal
2026-07-04 20:40:00,CSE Department,4.2,33.21,7.9,Normal
2026-07-02 11:40:00,Mechanical Lab,7.5,58.52,7.8,Normal
2026-08-08 15:40:00,Mechanical Lab,19.16,1246.82,65.06,Critical
2026-08-08 15:10:00,Chemistry Lab,5.39,6.79,1.26,Normal
2026-07-29 17:50:00,Mechanical Lab,6.03,43.7,7.24,Normal
2026-08-09 04:10:00,Mechanical Lab,7.69,51.78,6.73,Normal
2026-07-24 00:50:00,New Seminar Hall,8.21,22.43,2.73,Normal
2026-08-07 20:50:00,Chemistry Lab,6.38,50.48,7.91,Normal
2026-07-25 14:20:00,Chemistry Lab,5.53,36.71,6.64,Normal
2026-08-15 13:00:00,BT Department,5.21,8.53,1.64,Normal
2026-07-02 01:10:00,HOD Department,3.94,21.11,5.36,Normal
2026-07-24 00:10:00,AIML Department,11.9,152.19,12.79,Suspicious
2026-07-09 01:10:00,IT Department,4.61,30.14,6.53,Normal
2026-08-04 03:20:00,Physics Lab,5.65,15.28,2.7,Normal
2026-07-29 15:10:00,HOD Department,4.11,26.56,6.46,Normal
2026-07-09 00:00:00,Physics Lab,5.84,44.35,7.6,Normal
2026-08-04 15:00:00,BT Department,4.98,31.66,6.35,Normal
2026-07-13 12:00:00,BT Department,4.37,28.67,6.56,Normal
2026-08-19 23:20:00,BT Department,4.97,14.33,2.88,Normal
2026-08-01 15:10:00,Chemistry Lab,3.58,12.41,3.46,Normal
2026-07-30 06:40:00,Mechanical Lab,5.02,25.82,5.14,Normal
2026-08-19 16:10:00,Electronics Department,3.94,22.7,5.76,Normal
2026-07-21 14:00:00,AIML Department,5.25,51.75,9.87,Normal
2026-08-07 00:40:00,IT Department,4.54,41.09,9.06,Normal
2026-07-12 20:20:00,AI Lab,6.17,24.83,4.03,Normal
2026-07-02 09:20:00,IT Department,20.98,1762.51,84.0,Critical
2026-07-31 21:30:00,AI Lab,3.36,23.14,6.88,Normal
2026-07-18 13:50:00,Biotech Department,4.1,30.2,7.37,Normal
2026-07-12 07:50:00,Electronics Department,5.04,40.13,7.96,Normal
2026-08-17 02:30:00,AIML Department,3.91,9.71,2.48,Normal
2026-07-19 01:20:00,Biotech Department,4.04,28.05,6.94,Normal
2026-08-24 17:00:00,Mechanical Lab,3.24,28.23,8.72,Normal
2026-07-28 15:10:00,CSE Department,4.46,5.25,1.18,Normal
2026-07-25 23:50:00,IT Department,8.9,99.52,11.18,Suspicious
2026-07-27 04:20:00,AIML Department,4.48,21.61,4.82,Normal
2026-07-31 16:30:00,Mechanical Lab,6.13,60.36,9.84,Normal
2026-08-15 03:10:00,Physics Lab,18.6,1660.29,89.28,Critical
2026-07-27 17:50:00,BT Department,5.22,40.96,7.85,Normal
2026-08-18 21:30:00,AI Lab,3.63,11.9,3.28,Normal
2026-07-16 16:10:00,AI Lab,4.76,13.72,2.88,Normal
2026-08-01 05:10:00,Physics Lab,4.53,42.54,9.4,Normal
2026-08-04 21:00:00,IT Department,5.51,15.19,2.76,Normal
2026-08-01 08:30:00,AI Lab,5.03,49.03,9.75,Normal
2026-07-22 01:30:00,Electronics Department,4.74,20.18,4.26,Normal
2026-07-13 23:40:00,AIML Department,3.92,26.11,6.67,Normal
2026-07-29 00:50:00,Electronics Department,4.56,35.82,7.86,Normal
2026-08-13 05:50:00,HOD Department,3.43,12.18,3.55,Normal
2026-08-02 05:00:00,Electronics Department,4.6,31.89,6.94,Normal
2026-08-16 20:50:00,New Seminar Hall,7.08,32.78,4.63,Normal
2026-08-05 15:00:00,AIML Department,3.58,23.75,6.62,Normal
2026-07-03 11:30:00,Chemistry Lab,4.0,25.33,6.33,Normal
2026-07-02 19:20:00,New Seminar Hall,7.15,26.57,3.72,Normal
2026-08-24 11:50:00,IT Department,2.82,23.84,8.46,Normal
2026-08-03 18:00:00,IT Department,11.88,164.06,13.8,Suspicious
2026-07-26 07:50:00,IT Department,3.18,25.85,8.13,Normal
2026-07-26 11:40:00,HOD Department,3.36,19.19,5.71,Normal
2026-07-31 19:00:00,HOD Department,2.68,22.93,8.54,Normal
2026-08-21 13:40:00,AI Lab,5.43,6.61,1.22,Normal
2026-07-25 07:00:00,CSE Department,5.42,34.84,6.42,Normal
2026-07-04 18:30:00,Biotech Department,2.67,12.09,4.52,Normal
2026-08-10 06:10:00,BT Department,4.97,7.98,1.61,Normal
2026-07-23 22:40:00,HOD Department,2.7,17.07,6.33,Normal
2026-07-02 18:10:00,AI Lab,6.52,52.6,8.06,Normal
2026-07-11 07:00:00,HOD Department,3.6,5.86,1.63,Normal
2026-07-09 05:10:00,CSE Department,7.4,78.81,10.65,Suspicious
2026-07-19 06:40:00,AI Lab,3.54,25.9,7.32,Normal
2026-07-07 08:40:00,Mechanical Lab,25.47,999.88,39.25,Critical
2026-07-20 10:10:00,Electronics Department,17.69,1018.36,57.55,Critical
2026-07-26 10:10:00,HOD Department,2.23,7.92,3.55,Normal
2026-07-03 10:50:00,HOD Department,7.71,93.2,12.08,Suspicious
2026-07-14 04:10:00,BT Department,3.02,4.8,1.59,Normal
2026-07-30 18:40:00,Mechanical Lab,13.06,313.77,24.02,Suspicious
2026-07-29 09:30:00,HOD Department,7.27,213.22,29.33,Suspicious
2026-07-15 03:20:00,AI Lab,4.11,32.09,7.8,Normal
2026-07-23 20:00:00,AI Lab,5.36,45.91,8.56,Normal
2026-07-20 18:20:00,AIML Department,3.05,15.32,5.02,Normal
2026-08-10 08:30:00,IT Department,3.42,17.53,5.13,Normal
2026-07-11 23:40:00,AIML Department,5.42,30.1,5.55,Normal
2026-07-22 22:10:00,Mechanical Lab,5.52,25.74,4.67,Normal
2026-07-07 04:30:00,AIML Department,3.63,29.98,8.25,Normal
2026-07-15 03:10:00,Mechanical Lab,7.36,17.88,2.43,Normal
2026-08-20 08:20:00,Electronics Department,3.56,9.06,2.55,Normal
2026-08-07 17:40:00,HOD Department,17.21,1445.45,83.99,Critical
2026-07-13 05:40:00,BT Department,2.26,7.9,3.5,Normal
2026-07-03 23:50:00,AI Lab,5.8,54.29,9.37,Normal
2026-07-12 00:20:00,Physics Lab,4.72,37.77,8.0,Normal
2026-07-02 19:10:00,Mechanical Lab,6.45,41.06,6.37,Normal
2026-07-24 20:40:00,Chemistry Lab,14.22,319.98,22.5,Suspicious
2026-08-14 23:00:00,CSE Department,2.78,12.94,4.65,Normal
2026-07-14 22:10:00,AI Lab,14.17,294.19,20.76,Suspicious
2026-08-06 18:20:00,Biotech Department,4.26,7.26,1.7,Normal
2026-07-18 06:20:00,IT Department,4.42,22.13,5.0,Normal
2026-07-20 06:30:00,New Seminar Hall,5.7,25.45,4.46,Normal
2026-08-13 15:50:00,Mechanical Lab,5.61,47.9,8.53,Normal
2026-08-12 16:20:00,Chemistry Lab,4.26,40.22,9.44,Normal
2026-07-10 16:50:00,AIML Department,3.84,4.63,1.21,Normal
2026-08-05 05:40:00,AI Lab,5.46,47.64,8.73,Normal
2026-08-11 02:50:00,Chemistry Lab,23.43,1010.22,43.12,Critical
2026-07-26 04:40:00,HOD Department,3.12,19.57,6.27,Normal
2026-08-12 21:40:00,Biotech Department,5.19,38.02,7.33,Normal
2026-07-06 01:20:00,New Seminar Hall,7.75,35.3,4.55,Normal
2026-07-02 14:00:00,Mechanical Lab,6.15,19.99,3.25,Normal
2026-08-23 04:50:00,HOD Department,3.56,29.03,8.16,Normal
2026-07-29 06:20:00,HOD Department,2.8,22.75,8.13,Normal
2026-08-21 16:10:00,BT Department,4.24,33.39,7.87,Normal
2026-08-11 20:00:00,CSE Department,10.38,166.07,16.0,Suspicious
2026-07-03 06:20:00,AI Lab,16.17,1179.01,72.91,Critical
2026-07-28 00:40:00,IT Department,3.67,15.5,4.22,Normal
2026-07-24 09:10:00,Chemistry Lab,4.41,33.73,7.65,Normal
2026-07-23 22:00:00,Mechanical Lab,7.29,33.9,4.65,Normal
2026-07-18 19:40:00,Mechanical Lab,13.9,321.11,23.1,Suspicious
2026-07-18 13:20:00,BT Department,3.94,17.1,4.34,Normal
2026-07-03 08:10:00,CSE Department,3.54,27.78,7.86,Normal
2026-07-22 16:30:00,Physics Lab,12.74,376.4,29.55,Suspicious
2026-08-04 23:40:00,AI Lab,4.94,41.85,8.46,Normal
2026-07-30 14:30:00,Mechanical Lab,5.27,43.05,8.17,Normal
2026-08-12 03:20:00,Electronics Department,5.39,45.46,8.44,Normal
2026-07-08 05:30:00,CSE Department,3.85,29.95,7.79,Normal
2026-07-23 19:10:00,AIML Department,5.93,52.53,8.87,Normal
2026-07-16 20:40:00,CSE Department,4.8,45.89,9.56,Normal
2026-08-22 04:30:00,Mechanical Lab,7.93,56.8,7.17,Normal
2026-07-01 14:30:00,Mechanical Lab,8.66,45.81,5.29,Normal
2026-08-22 20:50:00,AI Lab,4.96,16.31,3.29,Normal
2026-08-07 23:00:00,Mechanical Lab,5.15,21.85,4.24,Normal
2026-08-09 15:30:00,CSE Department,2.43,16.28,6.69,Normal
2026-07-20 11:00:00,Physics Lab,5.62,31.11,5.53,Normal
2026-08-14 21:30:00,Mechanical Lab,6.03,9.68,1.61,Normal
2026-07-28 19:20:00,Mechanical Lab,3.63,7.94,2.19,Normal
2026-07-03 05:00:00,HOD Department,3.98,15.08,3.79,Normal
2026-07-28 06:50:00,New Seminar Hall,6.32,30.32,4.8,Normal
2026-07-21 08:30:00,Electronics Department,3.86,20.74,5.38,Normal
2026-08-15 18:20:00,Physics Lab,5.75,34.62,6.02,Normal
2026-08-06 05:00:00,New Seminar Hall,7.35,22.1,3.0,Normal
2026-08-06 19:00:00,Mechanical Lab,4.54,42.88,9.43,Normal
2026-08-10 09:00:00,Chemistry Lab,6.14,14.44,2.35,Normal
2026-08-14 11:10:00,Biotech Department,5.87,35.73,6.09,Normal
2026-08-13 13:10:00,CSE Department,3.99,39.61,9.93,Normal
2026-07-02 02:30:00,HOD Department,7.98,181.7,22.77,Suspicious
2026-07-23 16:20:00,New Seminar Hall,5.37,43.56,8.12,Normal
2026-07-10 23:50:00,CSE Department,11.79,298.25,25.3,Suspicious
2026-07-19 09:20:00,CSE Department,5.48,30.3,5.53,Normal
2026-07-02 20:40:00,Chemistry Lab,5.29,35.66,6.75,Normal
2026-08-03 03:40:00,AIML Department,2.36,3.82,1.62,Normal
2026-08-03 20:40:00,Electronics Department,5.38,6.41,1.19,Normal
2026-08-21 15:50:00,CSE Department,3.43,20.73,6.04,Normal
2026-08-10 02:00:00,HOD Department,3.67,16.8,4.58,Normal
2026-07-01 21:50:00,Electronics Department,3.48,30.22,8.69,Normal
2026-07-07 09:30:00,Biotech Department,5.26,24.28,4.62,Normal
2026-08-21 19:30:00,Electronics Department,2.77,20.73,7.48,Normal
2026-08-05 03:50:00,Physics Lab,14.45,424.67,29.39,Suspicious
2026-07-04 12:50:00,IT Department,3.47,27.68,7.98,Normal
2026-08-23 09:40:00,Electronics Department,5.35,31.71,5.92,Normal
2026-08-10 13:30:00,Mechanical Lab,8.11,45.7,5.64,Normal
2026-07-05 03:50:00,Mechanical Lab,15.69,239.51,15.26,Suspicious
2026-07-29 01:50:00,IT Department,16.63,1423.02,85.58,Critical
2026-07-17 19:40:00,New Seminar Hall,4.01,6.19,1.54,Normal
2026-08-17 01:40:00,IT Department,5.59,24.53,4.39,Normal
2026-07-30 12:50:00,Biotech Department,5.18,24.27,4.69,Normal
2026-07-16 22:20:00,CSE Department,8.89,132.1,14.86,Suspicious
2026-08-22 15:10:00,New Seminar Hall,23.69,1052.5,44.43,Critical
2026-08-01 23:20:00,IT Department,2.58,22.68,8.8,Normal
2026-07-18 08:20:00,Electronics Department,4.74,10.15,2.14,Normal
2026-07-17 12:10:00,HOD Department,2.98,4.72,1.59,Normal
2026-08-16 23:20:00,Chemistry Lab,18.81,1180.78,62.77,Critical
2026-07-16 05:40:00,Electronics Department,4.21,9.88,2.35,Normal
2026-08-22 18:40:00,BT Department,3.87,4.27,1.1,Normal
2026-08-01 00:00:00,IT Department,4.53,10.17,2.25,Normal
2026-08-19 09:40:00,BT Department,3.2,12.61,3.94,Normal
2026-07-05 20:20:00,HOD Department,4.17,40.2,9.64,Normal
2026-08-22 13:40:00,Physics Lab,5.64,14.23,2.52,Normal
2026-07-06 06:00:00,Mechanical Lab,5.21,35.75,6.87,Normal
2026-08-17 20:40:00,HOD Department,3.47,5.98,1.72,Normal
2026-07-30 23:30:00,Electronics Department,9.21,182.89,19.86,Suspicious
2026-07-31 16:10:00,IT Department,3.53,16.34,4.63,Normal
2026-08-18 10:50:00,New Seminar Hall,24.87,2199.14,88.42,Critical
2026-07-22 14:30:00,CSE Department,4.44,29.78,6.71,Normal
2026-08-07 16:20:00,Mechanical Lab,4.86,44.5,9.15,Normal
2026-07-24 14:10:00,AI Lab,11.68,205.8,17.61,Suspicious
2026-07-11 05:20:00,Mechanical Lab,24.06,1028.21,42.74,Critical
2026-07-09 18:40:00,BT Department,3.4,11.22,3.3,Normal
2026-08-12 19:20:00,Biotech Department,5.19,16.23,3.12,Normal
2026-07-14 16:40:00,Mechanical Lab,5.41,34.38,6.35,Normal
2026-07-02 01:20:00,CSE Department,18.51,1614.91,87.23,Critical
2026-07-08 17:20:00,BT Department,4.5,32.76,7.28,Normal
2026-07-27 15:00:00,Mechanical Lab,5.75,30.37,5.28,Normal
2026-07-03 12:20:00,HOD Department,13.92,482.37,34.65,Critical
2026-07-10 06:50:00,IT Department,4.39,25.72,5.86,Normal
2026-08-12 01:30:00,AIML Department,7.31,168.61,23.06,Suspicious
2026-07-11 05:50:00,Physics Lab,13.73,399.23,29.07,Suspicious
2026-08-20 10:20:00,Biotech Department,4.82,5.94,1.23,Normal
2026-08-21 07:00:00,CSE Department,3.53,30.59,8.66,Normal
2026-07-23 01:30:00,Biotech Department,5.85,45.32,7.75,Normal
2026-08-25 20:30:00,HOD Department,3.3,28.66,8.7,Normal
2026-08-15 07:50:00,BT Department,18.51,1313.02,70.92,Critical
2026-07-22 05:20:00,BT Department,4.65,12.63,2.71,Normal
2026-08-16 08:10:00,AI Lab,7.15,61.23,8.56,Normal
2026-07-09 00:10:00,AI Lab,3.97,18.03,4.54,Normal
2026-07-31 18:30:00,Electronics Department,4.64,14.0,3.02,Normal
2026-08-11 07:10:00,Mechanical Lab,7.64,69.52,9.09,Normal
2026-08-09 22:00:00,Chemistry Lab,5.51,15.43,2.8,Normal
2026-08-25 20:50:00,AI Lab,6.18,46.02,7.44,Normal
2026-08-18 14:50:00,Physics Lab,27.25,910.98,33.43,Critical
2026-07-06 02:00:00,Physics Lab,6.7,28.09,4.19,Normal
2026-08-12 19:10:00,Electronics Department,5.32,34.11,6.41,Normal
2026-08-06 04:00:00,Biotech Department,5.5,36.55,6.64,Normal
2026-07-20 12:50:00,BT Department,11.93,331.46,27.79,Suspicious
2026-08-04 16:50:00,CSE Department,2.51,19.95,7.96,Normal
2026-08-20 07:20:00,AI Lab,20.53,1320.8,64.33,Critical
2026-08-04 15:50:00,Physics Lab,6.64,8.8,1.32,Normal
2026-07-26 21:40:00,Chemistry Lab,4.5,24.94,5.54,Normal
2026-08-21 06:00:00,Biotech Department,5.82,22.16,3.81,Normal
2026-08-18 03:10:00,AI Lab,11.18,287.33,25.69,Suspicious
2026-08-18 13:00:00,CSE Department,12.01,889.95,74.09,Critical
2026-07-18 08:30:00,HOD Department,3.65,27.89,7.64,Normal
2026-08-22 05:30:00,New Seminar Hall,6.36,10.33,1.62,Normal
2026-07-31 10:20:00,BT Department,5.81,34.45,5.93,Normal
2026-07-27 21:20:00,HOD Department,3.28,11.51,3.51,Normal
2026-07-03 14:20:00,Electronics Department,4.73,28.63,6.06,Normal
2026-07-19 18:00:00,Mechanical Lab,5.06,30.15,5.96,Normal
2026-08-16 19:50:00,Biotech Department,4.66,46.06,9.88,Normal
2026-08-24 02:30:00,Electronics Department,4.65,45.3,9.74,Normal
2026-07-16 10:40:00,Biotech Department,7.66,29.68,3.87,Normal
2026-07-31 22:10:00,Biotech Department,6.24,17.77,2.85,Normal
2026-08-03 06:00:00,Chemistry Lab,21.44,693.83,32.37,Critical
2026-08-18 11:00:00,Chemistry Lab,5.9,10.14,1.72,Normal
2026-07-24 09:00:00,New Seminar Hall,5.35,40.64,7.6,Normal
2026-08-03 07:00:00,AIML Department,3.71,33.49,9.04,Normal
2026-07-30 08:40:00,AIML Department,13.83,641.78,46.4,Critical
2026-08-25 03:50:00,Biotech Department,6.43,44.24,6.88,Normal
2026-07-20 16:30:00,IT Department,3.84,18.86,4.91,Normal
2026-08-08 06:20:00,CSE Department,2.58,5.93,2.3,Normal
2026-07-30 10:10:00,HOD Department,2.48,24.53,9.88,Normal
2026-07-12 23:20:00,IT Department,5.06,40.83,8.06,Normal
2026-08-20 02:40:00,New Seminar Hall,5.04,22.45,4.45,Normal
2026-07-03 18:00:00,HOD Department,3.15,12.89,4.09,Normal
2026-08-17 12:00:00,IT Department,3.49,30.09,8.62,Normal
2026-07-23 17:40:00,Electronics Department,4.76,38.63,8.11,Normal
2026-08-13 02:40:00,Chemistry Lab,6.42,38.7,6.02,Normal
2026-08-05 17:50:00,BT Department,2.01,14.08,6.99,Normal
2026-07-12 15:00:00,CSE Department,3.92,28.23,7.19,Normal
2026-08-04 06:10:00,AIML Department,3.57,33.52,9.4,Normal
2026-07-29 18:20:00,BT Department,4.15,16.03,3.86,Normal
2026-08-10 12:00:00,Biotech Department,7.66,60.33,7.88,Normal
2026-07-17 18:50:00,CSE Department,2.2,14.67,6.67,Normal
2026-07-07 09:10:00,BT Department,10.13,181.07,17.88,Suspicious
2026-08-10 05:40:00,Physics Lab,5.48,36.02,6.57,Normal
2026-07-16 17:30:00,Electronics Department,10.01,299.19,29.89,Suspicious
2026-08-19 14:40:00,AIML Department,3.2,26.53,8.28,Normal
2026-07-16 17:40:00,AIML Department,2.68,21.39,7.99,Normal
2026-07-24 10:20:00,HOD Department,7.55,157.3,20.84,Suspicious
2026-08-17 09:00:00,HOD Department,2.91,12.06,4.14,Normal
2026-07-26 05:10:00,Mechanical Lab,4.67,16.75,3.59,Normal
2026-08-13 22:50:00,IT Department,5.91,45.73,7.74,Normal
2026-08-19 13:00:00,Chemistry Lab,12.26,134.52,10.97,Suspicious
2026-07-16 01:30:00,HOD Department,3.9,33.18,8.51,Normal
2026-08-05 11:00:00,Physics Lab,5.15,22.35,4.34,Normal
2026-07-02 06:40:00,Chemistry Lab,7.04,23.82,3.38,Normal
2026-08-13 22:40:00,Electronics Department,10.2,296.28,29.04,Suspicious
2026-07-01 22:10:00,New Seminar Hall,5.43,30.32,5.58,Normal
2026-08-22 05:10:00,Chemistry Lab,7.28,24.41,3.35,Normal
2026-07-14 08:50:00,BT Department,5.54,30.51,5.51,Normal
2026-07-20 18:50:00,HOD Department,3.38,10.44,3.09,Normal
2026-07-26 19:50:00,Physics Lab,5.02,39.41,7.86,Normal
2026-08-13 00:50:00,AIML Department,4.01,19.82,4.94,Normal
2026-08-14 05:30:00,Chemistry Lab,6.17,60.8,9.85,Normal
2026-07-19 16:00:00,CSE Department,4.85,31.38,6.48,Normal
2026-08-17 22:30:00,BT Department,10.13,154.07,15.21,Suspicious
2026-08-21 05:00:00,Chemistry Lab,11.04,220.86,20.01,Suspicious
2026-07-21 08:00:00,BT Department,17.67,1375.76,77.84,Critical
2026-08-15 19:50:00,Chemistry Lab,5.34,48.69,9.12,Normal
2026-07-04 18:20:00,BT Department,2.28,5.8,2.54,Normal
2026-07-15 08:30:00,BT Department,4.09,37.83,9.26,Normal
2026-08-06 01:20:00,Physics Lab,7.27,14.09,1.94,Normal
2026-07-18 20:50:00,Biotech Department,6.07,37.42,6.16,Normal
2026-08-03 17:40:00,CSE Department,3.5,25.7,7.35,Normal
2026-07-29 19:10:00,BT Department,6.4,46.84,7.32,Normal
2026-08-13 08:10:00,New Seminar Hall,5.74,9.82,1.71,Normal
2026-08-21 20:50:00,CSE Department,6.11,54.53,8.92,Normal
2026-07-10 03:40:00,BT Department,4.54,12.16,2.68,Normal
2026-08-02 05:40:00,New Seminar Hall,5.57,24.06,4.32,Normal
2026-08-01 18:30:00,BT Department,3.93,28.88,7.35,Normal
2026-07-21 10:30:00,New Seminar Hall,3.8,5.72,1.51,Normal
2026-08-13 06:20:00,Electronics Department,3.79,7.28,1.92,Normal
2026-08-21 12:00:00,AI Lab,3.91,21.38,5.47,Normal
2026-07-05 15:00:00,BT Department,13.32,302.59,22.72,Suspicious
2026-08-17 22:10:00,HOD Department,2.2,14.68,6.67,Normal
2026-07-25 02:50:00,Electronics Department,2.88,10.69,3.72,Normal
2026-08-01 03:20:00,Electronics Department,4.8,8.3,1.73,Normal
2026-08-24 19:50:00,CSE Department,3.77,27.09,7.18,Normal
2026-08-05 00:20:00,Electronics Department,18.78,1015.17,54.04,Critical
2026-07-31 15:50:00,HOD Department,3.17,25.94,8.19,Normal
2026-07-29 07:40:00,HOD Department,3.27,3.67,1.12,Normal
2026-08-03 12:00:00,BT Department,4.41,21.33,4.84,Normal
2026-07-11 03:30:00,BT Department,9.9,268.38,27.12,Suspicious
2026-07-16 14:50:00,BT Department,5.05,21.56,4.27,Normal
2026-07-15 05:30:00,Biotech Department,5.87,50.36,8.57,Normal
2026-08-11 21:00:00,BT Department,4.37,23.22,5.31,Normal
2026-07-07 08:50:00,Electronics Department,4.67,19.68,4.21,Normal
2026-07-17 17:00:00,New Seminar Hall,6.15,20.86,3.39,Normal
2026-07-15 06:20:00,HOD Department,6.73,126.43,18.78,Suspicious
2026-07-22 19:00:00,CSE Department,6.29,57.27,9.11,Normal
2026-07-17 10:50:00,Electronics Department,11.53,291.14,25.26,Suspicious
2026-08-08 22:20:00,IT Department,3.21,8.45,2.63,Normal
2026-07-03 19:20:00,BT Department,3.65,8.02,2.2,Normal
2026-07-09 09:40:00,BT Department,5.24,50.37,9.61,Normal
2026-08-12 14:50:00,Physics Lab,4.57,33.49,7.33,Normal
2026-07-22 14:40:00,IT Department,3.85,34.81,9.04,Normal
2026-07-29 10:20:00,BT Department,4.11,27.61,6.71,Normal
2026-07-23 06:50:00,HOD Department,9.97,122.52,12.29,Suspicious
2026-07-27 12:20:00,Electronics Department,3.99,13.54,3.4,Normal
2026-08-05 08:10:00,Chemistry Lab,4.87,11.08,2.28,Normal
2026-08-05 10:30:00,BT Department,3.71,29.66,8.0,Normal
2026-07-19 10:30:00,New Seminar Hall,24.0,785.09,32.71,Critical
2026-08-25 02:20:00,CSE Department,3.78,5.83,1.54,Normal
2026-07-14 11:00:00,Biotech Department,17.79,1185.22,66.61,Critical
2026-07-05 08:30:00,BT Department,3.05,8.32,2.73,Normal
2026-07-17 10:30:00,Physics Lab,5.97,55.91,9.37,Normal
2026-07-31 09:00:00,Electronics Department,9.21,234.25,25.42,Suspicious
2026-08-17 15:30:00,Chemistry Lab,6.01,44.53,7.41,Normal
2026-07-26 01:50:00,Biotech Department,5.64,45.81,8.12,Normal
2026-07-13 01:50:00,AI Lab,5.04,48.62,9.66,Normal
2026-07-07 07:40:00,Electronics Department,21.93,1075.47,49.04,Critical
2026-08-08 01:30:00,Biotech Department,4.79,43.43,9.07,Normal
2026-08-15 21:20:00,IT Department,5.69,51.39,9.03,Normal
2026-07-17 20:40:00,Mechanical Lab,7.23,53.03,7.33,Normal
2026-07-17 20:20:00,BT Department,5.23,18.37,3.51,Normal
2026-08-18 13:50:00,AIML Department,2.38,4.07,1.71,Normal
2026-07-27 16:00:00,HOD Department,9.69,145.97,15.06,Suspicious
2026-08-24 16:20:00,AI Lab,6.15,46.55,7.57,Normal
2026-08-11 13:50:00,AIML Department,5.64,32.32,5.73,Normal
2026-07-24 07:00:00,Mechanical Lab,17.82,388.31,21.79,Suspicious
2026-08-20 18:10:00,CSE Department,3.54,30.87,8.72,Normal
2026-07-25 15:10:00,Chemistry Lab,4.0,14.2,3.55,Normal
2026-07-31 19:50:00,AI Lab,4.73,6.91,1.46,Normal
2026-07-09 02:00:00,AI Lab,5.51,40.07,7.27,Normal
2026-07-12 00:50:00,Physics Lab,7.16,19.87,2.78,Normal
2026-08-12 20:50:00,AI Lab,5.23,34.89,6.67,Normal
2026-08-13 03:50:00,Electronics Department,4.55,40.89,9.0,Normal
2026-08-21 11:00:00,AIML Department,4.74,39.24,8.27,Normal
2026-08-25 18:50:00,Biotech Department,5.06,43.71,8.64,Normal
2026-08-01 00:40:00,Mechanical Lab,4.45,16.66,3.74,Normal
2026-08-07 22:40:00,Biotech Department,5.11,34.53,6.76,Normal
2026-08-14 17:30:00,Electronics Department,5.06,19.18,3.79,Normal
2026-07-26 18:10:00,Physics Lab,6.03,57.74,9.58,Normal
2026-08-01 18:50:00,Biotech Department,4.98,38.09,7.64,Normal
2026-08-07 14:10:00,New Seminar Hall,5.07,49.26,9.71,Normal
2026-08-06 15:20:00,New Seminar Hall,5.82,50.83,8.73,Normal
2026-08-24 18:00:00,New Seminar Hall,16.0,239.21,14.95,Suspicious
2026-07-24 16:50:00,HOD Department,3.41,6.79,1.99,Normal
2026-08-22 09:00:00,Biotech Department,19.12,647.9,33.88,Critical
2026-07-18 16:40:00,AIML Department,2.71,7.33,2.71,Normal
2026-08-19 11:30:00,AI Lab,4.18,15.68,3.75,Normal
2026-08-05 18:20:00,New Seminar Hall,4.67,28.52,6.1,Normal
2026-08-25 08:00:00,AIML Department,4.62,25.62,5.54,Normal
2026-07-31 02:00:00,Biotech Department,12.73,288.76,22.68,Suspicious
2026-08-19 16:30:00,Biotech Department,23.7,1991.93,84.04,Critical
2026-08-25 02:00:00,New Seminar Hall,6.08,13.15,2.16,Normal
2026-07-27 18:50:00,IT Department,10.62,243.47,22.94,Suspicious
2026-08-17 00:50:00,New Seminar Hall,6.88,32.19,4.68,Normal
2026-08-12 06:00:00,AIML Department,4.42,16.85,3.81,Normal
2026-08-19 16:50:00,New Seminar Hall,5.65,29.76,5.27,Normal
2026-08-23 06:20:00,Chemistry Lab,4.28,17.15,4.01,Normal
2026-07-31 13:00:00,Physics Lab,6.92,60.16,8.69,Normal
2026-08-21 23:50:00,AI Lab,3.97,20.54,5.17,Normal
2026-08-11 17:20:00,Mechanical Lab,14.32,369.69,25.82,Suspicious
2026-08-07 08:30:00,HOD Department,2.81,4.08,1.45,Normal
2026-08-23 14:00:00,Chemistry Lab,4.8,29.68,6.18,Normal
2026-07-26 19:10:00,Physics Lab,4.81,41.09,8.55,Normal
2026-07-15 14:00:00,HOD Department,4.86,22.18,4.56,Normal
2026-07-30 21:00:00,Electronics Department,5.99,37.0,6.17,Normal
2026-07-13 16:00:00,HOD Department,3.21,27.38,8.53,Normal
2026-08-01 14:20:00,Electronics Department,4.45,18.26,4.1,Normal
2026-07-24 08:10:00,IT Department,3.39,20.89,6.16,Normal
2026-08-04 11:50:00,IT Department,11.77,244.52,20.78,Suspicious
2026-07-18 22:40:00,IT Department,5.53,17.4,3.15,Normal
2026-08-23 21:30:00,Mechanical Lab,5.28,26.36,4.99,Normal
2026-08-19 08:40:00,AIML Department,16.38,832.46,50.83,Critical
2026-07-12 09:20:00,IT Department,10.23,296.42,28.97,Suspicious
2026-07-13 07:10:00,AIML Department,3.91,5.68,1.45,Normal
2026-07-25 16:50:00,BT Department,5.89,11.99,2.04,Normal
2026-08-18 14:20:00,Chemistry Lab,6.54,10.09,1.54,Normal
2026-08-11 03:00:00,IT Department,3.38,23.76,7.03,Normal
2026-07-19 11:10:00,Electronics Department,4.98,45.18,9.07,Normal
2026-07-30 03:20:00,Mechanical Lab,7.24,35.06,4.84,Normal
2026-08-08 05:20:00,Electronics Department,3.18,22.66,7.13,Normal
2026-07-31 08:20:00,AIML Department,3.75,32.94,8.78,Normal
2026-07-04 17:40:00,IT Department,3.96,10.54,2.66,Normal
2026-08-17 02:10:00,Physics Lab,4.23,10.56,2.49,Normal
2026-07-25 12:30:00,Biotech Department,3.94,26.34,6.68,Normal
2026-07-21 13:00:00,Physics Lab,6.37,42.06,6.6,Normal
2026-07-08 07:40:00,IT Department,6.16,59.39,9.64,Normal
2026-08-14 16:50:00,Physics Lab,5.84,27.98,4.79,Normal
2026-07-25 03:50:00,Biotech Department,5.02,28.41,5.66,Normal
2026-07-18 17:10:00,AI Lab,6.91,48.55,7.03,Normal
2026-08-21 23:10:00,Physics Lab,16.75,861.13,51.43,Critical
2026-08-05 11:30:00,Chemistry Lab,5.41,11.01,2.04,Normal
2026-07-01 12:10:00,BT Department,4.13,31.41,7.6,Normal
2026-08-19 19:00:00,Physics Lab,4.63,12.44,2.69,Normal
2026-07-18 01:30:00,HOD Department,2.2,13.54,6.15,Normal
2026-07-24 01:00:00,Biotech Department,4.86,38.58,7.94,Normal
2026-07-12 02:40:00,AI Lab,5.79,35.9,6.2,Normal
2026-08-18 01:40:00,BT Department,11.17,264.92,23.72,Suspicious
2026-08-11 22:20:00,Physics Lab,11.49,281.58,24.5,Suspicious
2026-07-28 05:10:00,AIML Department,4.95,17.36,3.51,Normal
2026-07-24 23:00:00,IT Department,3.5,10.72,3.06,Normal
2026-07-08 03:10:00,IT Department,4.48,16.13,3.6,Normal
2026-07-19 18:30:00,Electronics Department,3.79,31.43,8.3,Normal
2026-07-14 03:50:00,IT Department,3.18,31.39,9.87,Normal
2026-08-06 15:10:00,CSE Department,3.88,4.24,1.09,Normal
2026-08-18 00:10:00,Mechanical Lab,11.21,117.16,10.45,Suspicious
2026-08-03 00:10:00,Biotech Department,3.96,31.37,7.93,Normal
2026-08-11 16:10:00,Physics Lab,4.96,9.38,1.89,Normal
2026-08-03 06:50:00,Chemistry Lab,7.63,65.41,8.57,Normal
2026-07-08 23:40:00,Electronics Department,4.85,46.01,9.48,Normal
2026-07-24 02:00:00,IT Department,4.43,12.22,2.76,Normal
2026-08-09 12:30:00,AIML Department,11.82,138.51,11.72,Suspicious
2026-08-11 15:20:00,IT Department,2.91,12.8,4.4,Normal
2026-08-24 04:20:00,New Seminar Hall,4.31,5.86,1.36,Normal
2026-07-29 02:00:00,Mechanical Lab,6.9,22.51,3.26,Normal
2026-07-02 16:20:00,Chemistry Lab,5.47,51.68,9.44,Normal
2026-07-05 19:10:00,AI Lab,2.64,25.84,9.8,Normal
2026-07-24 03:30:00,New Seminar Hall,19.12,890.11,46.55,Critical
2026-07-22 23:20:00,IT Department,15.8,1047.41,66.28,Critical
2026-07-26 03:50:00,BT Department,8.15,181.17,22.22,Suspicious
2026-08-15 22:20:00,HOD Department,4.11,12.43,3.02,Normal
2026-07-16 15:50:00,AIML Department,3.07,19.09,6.22,Normal
2026-07-27 03:40:00,IT Department,18.97,1326.66,69.92,Critical
2026-07-08 02:00:00,Electronics Department,4.32,7.16,1.66,Normal
2026-07-06 07:50:00,BT Department,4.55,13.94,3.06,Normal
2026-08-20 01:50:00,CSE Department,3.09,29.37,9.5,Normal
2026-07-28 09:20:00,AI Lab,5.56,28.21,5.07,Normal
2026-07-20 19:10:00,New Seminar Hall,5.28,40.34,7.64,Normal
2026-07-19 03:40:00,Electronics Department,21.75,792.73,36.45,Critical
2026-07-29 06:50:00,Electronics Department,2.83,23.28,8.24,Normal
2026-07-01 13:20:00,CSE Department,3.58,21.82,6.09,Normal
2026-08-14 02:20:00,Physics Lab,6.76,46.03,6.81,Normal
2026-07-29 13:10:00,Biotech Department,2.42,13.85,5.73,Normal
2026-08-15 04:40:00,Electronics Department,4.66,36.49,7.82,Normal
2026-07-13 02:50:00,IT Department,5.51,27.19,4.94,Normal
2026-07-20 17:20:00,Physics Lab,18.92,1353.06,71.52,Critical
2026-07-16 18:20:00,IT Department,8.57,162.37,18.94,Suspicious
2026-07-27 11:20:00,Mechanical Lab,4.85,24.91,5.13,Normal
2026-07-28 04:20:00,Physics Lab,6.6,28.58,4.33,Normal
2026-08-12 09:40:00,IT Department,18.66,935.13,50.11,Critical
2026-08-15 02:30:00,Electronics Department,4.63,44.4,9.59,Normal
2026-07-31 20:50:00,New Seminar Hall,4.91,22.42,4.57,Normal
2026-08-11 11:40:00,IT Department,5.99,41.25,6.88,Normal
2026-07-27 10:20:00,Mechanical Lab,5.88,29.79,5.07,Normal
2026-08-07 09:50:00,Electronics Department,2.86,20.67,7.22,Normal
2026-07-23 17:50:00,AIML Department,3.57,24.86,6.96,Normal
2026-08-09 09:10:00,Physics Lab,6.77,7.19,1.06,Normal
2026-07-28 10:40:00,HOD Department,2.87,20.94,7.31,Normal
2026-07-17 03:30:00,Mechanical Lab,14.21,229.02,16.12,Suspicious
2026-08-01 12:20:00,Electronics Department,4.22,7.99,1.9,Normal
2026-07-11 01:30:00,Biotech Department,5.41,16.13,2.98,Normal
2026-07-06 11:10:00,HOD Department,4.03,16.58,4.12,Normal
2026-08-04 09:00:00,AIML Department,5.77,19.35,3.35,Normal
2026-08-20 20:00:00,Biotech Department,6.26,61.95,9.9,Normal
2026-08-13 07:30:00,Electronics Department,5.34,29.86,5.59,Normal
2026-08-07 16:50:00,Physics Lab,3.94,32.02,8.12,Normal
2026-08-25 21:00:00,Biotech Department,5.87,24.74,4.22,Normal
2026-08-24 21:00:00,AI Lab,3.22,25.4,7.88,Normal
2026-07-06 00:20:00,Biotech Department,4.78,33.58,7.03,Normal
2026-07-30 11:00:00,Chemistry Lab,4.58,36.19,7.9,Normal
2026-07-28 00:10:00,AI Lab,4.89,13.11,2.68,Normal
2026-07-13 22:30:00,CSE Department,4.92,35.36,7.19,Normal
2026-08-09 00:40:00,Biotech Department,5.7,50.84,8.91,Normal
2026-08-24 03:40:00,CSE Department,4.42,16.26,3.68,Normal
2026-08-17 21:10:00,BT Department,7.09,67.71,9.55,Normal
2026-08-11 19:30:00,Mechanical Lab,5.73,27.04,4.72,Normal
2026-07-15 22:00:00,CSE Department,3.38,18.39,5.45,Normal
2026-08-17 04:10:00,HOD Department,3.45,15.15,4.39,Normal
2026-07-15 22:10:00,BT Department,4.19,4.35,1.04,Normal
2026-08-02 04:30:00,New Seminar Hall,6.68,17.72,2.65,Normal
2026-07-12 02:00:00,Physics Lab,5.29,40.96,7.74,Normal
2026-07-30 14:50:00,Biotech Department,4.12,37.27,9.05,Normal
2026-07-24 09:50:00,Biotech Department,5.22,11.6,2.22,Normal
2026-08-24 03:10:00,BT Department,5.33,31.86,5.98,Normal
2026-07-03 19:10:00,CSE Department,15.62,951.85,60.93,Critical
2026-07-11 11:30:00,CSE Department,3.31,4.56,1.38,Normal
2026-08-19 14:10:00,HOD Department,2.98,26.72,8.97,Normal
2026-07-23 16:40:00,BT Department,17.56,649.99,37.02,Critical
2026-08-10 01:20:00,Mechanical Lab,8.65,30.77,3.56,Normal
2026-08-06 06:40:00,Electronics Department,8.14,95.79,11.77,Suspicious
2026-07-13 11:50:00,New Seminar Hall,5.42,36.2,6.68,Normal
2026-08-06 19:50:00,CSE Department,3.29,13.19,4.01,Normal
2026-08-04 23:30:00,Mechanical Lab,4.97,36.4,7.33,Normal
2026-07-13 15:20:00,CSE Department,12.77,640.06,50.11,Critical
2026-07-09 15:20:00,Electronics Department,3.79,29.22,7.71,Normal
2026-07-14 09:00:00,HOD Department,3.74,14.87,3.98,Normal
2026-07-19 20:40:00,Biotech Department,5.76,7.11,1.23,Normal
2026-08-25 18:30:00,BT Department,4.14,24.65,5.95,Normal
2026-07-15 08:00:00,New Seminar Hall,5.54,53.95,9.74,Normal
2026-07-15 06:10:00,BT Department,6.17,20.54,3.33,Normal
2026-07-28 08:50:00,BT Department,1.83,16.69,9.1,Normal
2026-07-23 19:30:00,IT Department,4.62,33.42,7.23,Normal
2026-07-15 18:20:00,Chemistry Lab,6.89,8.71,1.26,Normal
2026-07-04 02:00:00,AIML Department,4.26,30.69,7.21,Normal
2026-07-20 16:40:00,CSE Department,3.19,3.36,1.06,Normal
2026-08-11 01:40:00,Physics Lab,4.16,14.25,3.42,Normal
2026-07-29 14:40:00,Mechanical Lab,7.07,19.64,2.78,Normal
2026-08-24 21:40:00,AIML Department,16.76,742.75,44.32,Critical
2026-08-03 09:50:00,IT Department,17.44,1256.67,72.06,Critical
2026-07-11 21:10:00,AI Lab,10.17,132.27,13.0,Suspicious
2026-08-09 10:50:00,IT Department,7.72,214.79,27.81,Suspicious
2026-07-10 21:40:00,BT Department,5.76,12.85,2.23,Normal
2026-07-08 10:30:00,IT Department,4.51,33.65,7.46,Normal
2026-07-19 07:10:00,AIML Department,3.7,18.3,4.94,Normal
2026-08-05 04:10:00,Chemistry Lab,7.52,17.16,2.28,Normal
2026-07-21 04:10:00,AIML Department,3.9,11.69,3.0,Normal
2026-08-08 12:50:00,Electronics Department,4.16,27.21,6.54,Normal
2026-07-12 15:30:00,Electronics Department,4.34,19.01,4.38,Normal
2026-07-25 19:10:00,Electronics Department,12.29,169.65,13.81,Suspicious
2026-08-23 11:00:00,AIML Department,4.59,27.0,5.88,Normal
2026-07-26 09:10:00,Chemistry Lab,4.83,13.83,2.86,Normal
2026-08-19 22:40:00,CSE Department,2.38,22.4,9.43,Normal
2026-07-02 23:00:00,Physics Lab,4.98,17.64,3.55,Normal
2026-08-24 15:40:00,New Seminar Hall,5.9,14.45,2.45,Normal
2026-07-27 16:40:00,CSE Department,4.35,25.03,5.76,Normal
2026-07-29 22:20:00,Chemistry Lab,6.67,66.31,9.94,Normal
2026-07-27 17:20:00,Biotech Department,4.5,23.56,5.23,Normal
2026-08-04 17:50:00,Chemistry Lab,4.98,17.02,3.42,Normal
2026-08-11 06:50:00,IT Department,5.8,8.24,1.42,Normal
2026-07-14 20:40:00,Physics Lab,17.01,1405.16,82.63,Critical
2026-08-19 17:00:00,AIML Department,3.61,28.24,7.83,Normal
2026-08-04 18:30:00,Biotech Department,5.46,21.49,3.93,Normal
2026-07-25 14:00:00,BT Department,20.15,1097.87,54.48,Critical
2026-07-19 21:10:00,Physics Lab,5.96,44.92,7.53,Normal
2026-08-21 10:20:00,New Seminar Hall,6.8,8.66,1.27,Normal
2026-07-16 18:40:00,AIML Department,4.8,42.02,8.76,Normal
2026-07-09 00:20:00,AIML Department,3.06,24.81,8.1,Normal
2026-08-19 02:50:00,AIML Department,1.93,8.77,4.54,Normal
2026-07-07 00:20:00,Physics Lab,21.23,1155.46,54.42,Critical
2026-08-13 15:30:00,AIML Department,1.1,8.29,7.54,Normal
2026-08-13 04:10:00,HOD Department,3.5,29.05,8.3,Normal
2026-08-19 15:40:00,Physics Lab,7.95,24.23,3.05,Normal
2026-07-07 12:00:00,Electronics Department,5.51,6.97,1.27,Normal
2026-07-18 06:10:00,Physics Lab,4.7,4.82,1.03,Normal
2026-07-07 00:10:00,New Seminar Hall,7.79,42.14,5.41,Normal
2026-07-25 01:00:00,IT Department,3.47,31.16,8.97,Normal
2026-07-17 14:10:00,Physics Lab,5.25,40.33,7.68,Normal
2026-08-16 00:00:00,New Seminar Hall,7.13,31.56,4.43,Normal
2026-07-23 07:50:00,Mechanical Lab,4.72,10.08,2.14,Normal
2026-08-11 10:00:00,AIML Department,17.67,1107.72,62.7,Critical
2026-08-06 22:20:00,Physics Lab,6.61,56.5,8.54,Normal
2026-07-10 02:40:00,CSE Department,3.3,7.72,2.34,Normal
2026-08-21 14:10:00,BT Department,4.28,41.1,9.61,Normal
2026-08-19 19:20:00,AIML Department,3.12,26.23,8.42,Normal
2026-08-09 11:50:00,AI Lab,5.98,31.75,5.31,Normal
2026-07-09 20:40:00,AI Lab,6.32,27.7,4.38,Normal
2026-08-03 13:50:00,Biotech Department,14.39,198.65,13.8,Suspicious
2026-07-01 16:40:00,AI Lab,5.78,48.33,8.36,Normal
2026-08-03 18:50:00,Biotech Department,12.08,186.76,15.46,Suspicious
2026-08-09 14:20:00,AI Lab,6.05,59.2,9.79,Normal
2026-07-02 10:30:00,New Seminar Hall,4.99,5.02,1.01,Normal
2026-08-04 18:00:00,Physics Lab,5.19,31.15,6.0,Normal
2026-07-12 08:30:00,CSE Department,5.1,6.23,1.22,Normal
2026-07-12 08:50:00,Mechanical Lab,5.74,9.93,1.73,Normal
2026-08-03 07:50:00,IT Department,4.43,11.33,2.56,Normal
2026-08-22 16:50:00,Mechanical Lab,8.63,27.4,3.17,Normal
2026-08-05 09:20:00,CSE Department,4.57,12.37,2.71,Normal
2026-07-28 03:00:00,IT Department,14.11,1248.69,88.51,Critical
2026-07-31 22:50:00,HOD Department,4.83,18.74,3.88,Normal
2026-07-20 23:20:00,IT Department,2.56,9.47,3.69,Normal
2026-07-04 08:40:00,Electronics Department,6.27,7.39,1.18,Normal
2026-08-07 11:30:00,Biotech Department,4.82,8.56,1.78,Normal
2026-07-28 06:20:00,HOD Department,3.15,20.99,6.66,Normal
2026-07-12 08:40:00,Physics Lab,4.46,40.72,9.13,Normal
2026-07-20 15:20:00,AI Lab,3.55,23.13,6.51,Normal
2026-08-15 12:50:00,Biotech Department,6.39,41.23,6.45,Normal
2026-08-11 08:00:00,CSE Department,2.77,11.04,3.99,Normal
2026-08-11 05:40:00,CSE Department,4.89,6.99,1.43,Normal
2026-07-08 02:10:00,Biotech Department,6.13,26.24,4.28,Normal
2026-07-09 22:20:00,Electronics Department,6.3,26.87,4.26,Normal
2026-07-21 19:50:00,Electronics Department,3.59,5.11,1.43,Normal
2026-07-17 14:20:00,HOD Department,16.44,946.79,57.61,Critical
2026-08-19 03:20:00,AIML Department,5.53,22.08,3.99,Normal
2026-08-17 19:50:00,AIML Department,2.57,3.19,1.24,Normal
2026-07-11 17:30:00,HOD Department,3.09,27.93,9.02,Normal
2026-07-30 21:30:00,New Seminar Hall,5.78,13.49,2.33,Normal
2026-07-18 03:40:00,CSE Department,8.83,88.69,10.04,Suspicious
2026-08-19 16:00:00,New Seminar Hall,7.02,15.14,2.16,Normal
2026-08-17 10:10:00,CSE Department,8.79,143.48,16.33,Suspicious
2026-08-18 05:20:00,Electronics Department,5.8,34.05,5.87,Normal
2026-07-15 20:40:00,Chemistry Lab,4.52,15.19,3.36,Normal
2026-07-15 07:50:00,CSE Department,4.29,23.12,5.39,Normal
2026-08-16 07:50:00,HOD Department,2.92,26.93,9.22,Normal
2026-08-10 21:10:00,IT Department,5.55,25.37,4.57,Normal
2026-07-02 15:10:00,AI Lab,3.36,16.97,5.05,Normal
2026-08-01 17:50:00,HOD Department,4.06,20.76,5.11,Normal
2026-07-26 17:10:00,Electronics Department,4.57,40.03,8.75,Normal
2026-07-25 03:00:00,New Seminar Hall,6.55,60.44,9.23,Normal
2026-08-06 21:10:00,Mechanical Lab,7.33,11.3,1.54,Normal
2026-07-10 22:10:00,Electronics Department,4.41,42.72,9.69,Normal
2026-08-04 08:50:00,Electronics Department,4.43,26.27,5.93,Normal
2026-07-04 04:50:00,Physics Lab,5.9,14.72,2.5,Normal
2026-07-24 12:00:00,Biotech Department,4.24,14.54,3.43,Normal
2026-07-26 09:00:00,Physics Lab,7.25,16.99,2.34,Normal
2026-08-22 09:50:00,BT Department,4.43,41.84,9.44,Normal
2026-08-10 20:30:00,HOD Department,3.82,36.41,9.54,Normal
2026-08-05 21:00:00,IT Department,4.92,6.33,1.29,Normal
2026-07-03 02:40:00,IT Department,3.41,19.37,5.69,Normal
2026-08-02 15:20:00,BT Department,5.53,25.2,4.56,Normal
2026-08-24 19:20:00,Biotech Department,6.59,15.54,2.36,Normal
2026-07-16 20:30:00,BT Department,3.32,25.44,7.66,Normal
2026-07-13 14:30:00,New Seminar Hall,5.15,14.71,2.86,Normal
2026-07-30 18:00:00,AIML Department,3.28,23.23,7.09,Normal
2026-08-20 20:20:00,Physics Lab,4.31,18.49,4.28,Normal
2026-07-12 06:00:00,IT Department,4.34,41.25,9.51,Normal
2026-07-01 12:00:00,Mechanical Lab,15.85,366.26,23.11,Suspicious
2026-08-14 07:00:00,IT Department,3.77,25.9,6.87,Normal
2026-07-08 21:20:00,Biotech Department,5.4,26.07,4.83,Normal
2026-07-20 01:00:00,Biotech Department,5.44,39.35,7.24,Normal
2026-08-04 21:50:00,Chemistry Lab,4.64,23.63,5.09,Normal
2026-07-24 22:20:00,BT Department,3.7,17.92,4.85,Normal
2026-07-26 01:10:00,Biotech Department,4.76,12.45,2.61,Normal
2026-08-17 07:30:00,Biotech Department,6.92,42.65,6.16,Normal
2026-07-21 01:30:00,Mechanical Lab,5.46,20.46,3.75,Normal
2026-07-17 09:10:00,New Seminar Hall,6.1,49.86,8.17,Normal
2026-08-12 23:00:00,Physics Lab,4.94,48.63,9.85,Normal
2026-08-23 02:30:00,Biotech Department,4.22,15.29,3.63,Normal
2026-07-30 04:00:00,Chemistry Lab,8.66,30.57,3.53,Normal
2026-07-10 10:10:00,IT Department,3.69,24.89,6.75,Normal
2026-07-06 03:50:00,CSE Department,4.52,21.33,4.72,Normal
2026-07-31 20:30:00,HOD Department,4.65,27.52,5.91,Normal
2026-07-27 09:20:00,BT Department,2.45,19.36,7.9,Normal
2026-07-09 20:30:00,BT Department,5.72,8.36,1.46,Normal
2026-07-15 05:10:00,Mechanical Lab,7.98,8.81,1.1,Normal
2026-07-03 06:00:00,Mechanical Lab,6.47,56.0,8.66,Normal
2026-08-01 07:30:00,Chemistry Lab,5.98,57.34,9.59,Normal
2026-08-15 21:30:00,Biotech Department,5.98,23.84,3.99,Normal
2026-08-14 09:40:00,Chemistry Lab,7.9,31.37,3.97,Normal
2026-08-21 01:30:00,Physics Lab,5.34,32.64,6.11,Normal
2026-08-07 23:40:00,Chemistry Lab,4.44,12.49,2.81,Normal
2026-08-22 16:10:00,CSE Department,3.27,9.66,2.96,Normal
2026-08-25 15:30:00,Biotech Department,12.43,199.48,16.04,Suspicious
2026-08-02 11:50:00,Mechanical Lab,7.92,16.89,2.13,Normal
2026-07-09 05:30:00,New Seminar Hall,9.28,50.53,5.45,Normal
2026-07-20 13:10:00,AIML Department,5.22,50.58,9.7,Normal
2026-08-07 15:10:00,HOD Department,4.43,31.42,7.09,Normal
2026-08-05 10:50:00,Biotech Department,5.12,8.14,1.59,Normal
2026-07-07 21:00:00,IT Department,2.59,15.26,5.89,Normal
2026-08-15 03:20:00,New Seminar Hall,7.63,35.61,4.67,Normal
2026-07-28 15:50:00,Biotech Department,4.54,23.87,5.26,Normal
2026-07-17 21:20:00,AI Lab,6.84,52.96,7.75,Normal
2026-07-02 03:10:00,Chemistry Lab,3.43,8.36,2.44,Normal
2026-08-22 09:10:00,Electronics Department,3.48,21.37,6.14,Normal
2026-08-25 14:20:00,CSE Department,3.36,19.98,5.95,Normal
2026-07-22 23:50:00,New Seminar Hall,6.29,24.96,3.97,Normal
2026-07-30 21:40:00,CSE Department,3.48,9.36,2.69,Normal
2026-08-01 00:20:00,Electronics Department,11.73,130.0,11.08,Suspicious
2026-08-14 01:40:00,HOD Department,3.68,33.07,8.98,Normal
2026-07-20 21:50:00,IT Department,4.64,28.06,6.05,Normal
2026-07-27 21:00:00,IT Department,4.77,34.96,7.33,Normal
2026-08-16 15:00:00,New Seminar Hall,25.72,1184.3,46.05,Critical
2026-08-14 21:50:00,Electronics Department,5.65,51.52,9.13,Normal
2026-07-27 17:40:00,Chemistry Lab,7.6,25.04,3.3,Normal
2026-07-25 21:20:00,CSE Department,4.19,6.33,1.51,Normal
2026-07-27 21:30:00,Physics Lab,5.73,19.15,3.34,Normal
2026-08-12 05:20:00,AI Lab,6.0,21.68,3.61,Normal
2026-07-14 20:20:00,AIML Department,4.43,10.36,2.34,Normal
2026-08-18 09:30:00,IT Department,2.38,22.66,9.51,Normal
2026-07-25 13:20:00,CSE Department,3.28,20.37,6.22,Normal
2026-07-12 12:20:00,AI Lab,5.43,22.1,4.07,Normal
2026-08-13 12:30:00,Chemistry Lab,6.79,31.99,4.71,Normal
2026-07-16 13:40:00,Chemistry Lab,5.47,11.75,2.15,Normal
2026-08-07 17:30:00,AI Lab,5.09,34.53,6.78,Normal
2026-07-05 04:50:00,CSE Department,8.06,113.3,14.05,Suspicious
2026-08-17 03:40:00,AI Lab,4.74,29.5,6.22,Normal
2026-07-09 17:10:00,Biotech Department,7.11,19.58,2.75,Normal
2026-08-02 12:20:00,Biotech Department,3.99,33.36,8.35,Normal
2026-08-03 17:20:00,Electronics Department,3.71,4.56,1.23,Normal
2026-07-11 19:40:00,Mechanical Lab,8.09,44.32,5.48,Normal
2026-07-27 22:10:00,New Seminar Hall,7.08,24.8,3.5,Normal
2026-07-27 06:00:00,HOD Department,5.35,33.43,6.25,Normal
2026-08-06 14:40:00,Physics Lab,6.09,38.0,6.24,Normal
2026-07-23 15:10:00,BT Department,2.36,21.06,8.93,Normal
2026-07-26 13:00:00,Mechanical Lab,6.87,51.78,7.54,Normal
2026-08-08 07:30:00,Physics Lab,5.61,16.66,2.97,Normal
2026-08-08 08:00:00,Chemistry Lab,11.47,202.55,17.66,Suspicious
2026-07-03 04:20:00,New Seminar Hall,5.03,33.39,6.63,Normal
2026-07-09 06:00:00,Biotech Department,5.56,25.18,4.53,Normal
2026-07-23 07:00:00,Mechanical Lab,15.13,272.73,18.03,Suspicious
2026-08-22 20:20:00,Chemistry Lab,8.06,24.56,3.05,Normal
2026-08-21 09:20:00,HOD Department,6.5,104.86,16.13,Suspicious
2026-07-14 14:10:00,CSE Department,15.06,858.85,57.04,Critical
2026-08-16 05:20:00,New Seminar Hall,13.16,319.1,24.24,Suspicious
2026-08-17 18:20:00,CSE Department,4.4,14.26,3.24,Normal
2026-07-05 21:20:00,AIML Department,5.78,26.7,4.62,Normal
2026-08-09 17:10:00,AI Lab,4.03,10.33,2.56,Normal
2026-08-06 01:10:00,Chemistry Lab,5.96,40.4,6.78,Normal
2026-07-08 06:20:00,Biotech Department,10.77,266.97,24.79,Suspicious
2026-08-04 05:20:00,New Seminar Hall,16.08,420.63,26.15,Suspicious
2026-07-21 00:20:00,AI Lab,3.74,10.18,2.73,Normal
2026-08-17 14:10:00,AIML Department,3.79,17.26,4.56,Normal
2026-07-09 22:10:00,IT Department,3.12,28.47,9.13,Normal
2026-08-16 15:30:00,HOD Department,3.31,3.62,1.09,Normal
2026-08-06 10:50:00,Physics Lab,14.4,251.39,17.46,Suspicious
2026-08-12 19:40:00,AI Lab,3.2,30.68,9.6,Normal
2026-07-16 12:20:00,AIML Department,4.27,20.89,4.9,Normal
2026-07-09 05:00:00,Electronics Department,2.86,10.53,3.69,Normal
2026-07-10 09:10:00,IT Department,9.29,269.87,29.06,Suspicious
2026-07-12 15:10:00,AI Lab,4.43,10.98,2.48,Normal
2026-08-06 04:40:00,CSE Department,1.68,6.99,4.17,Normal
2026-07-11 21:40:00,Mechanical Lab,3.95,25.58,6.48,Normal
2026-07-03 19:40:00,IT Department,3.99,31.11,7.8,Normal
2026-07-02 07:00:00,CSE Department,2.9,14.75,5.09,Normal
2026-07-03 09:50:00,IT Department,2.76,9.9,3.58,Normal
2026-07-12 03:20:00,Chemistry Lab,5.26,50.92,9.67,Normal
2026-07-03 23:40:00,AIML Department,4.77,14.77,3.1,Normal
2026-08-08 19:20:00,New Seminar Hall,6.2,14.67,2.37,Normal
2026-08-02 03:40:00,IT Department,2.8,16.48,5.88,Normal
2026-08-16 09:30:00,IT Department,7.96,204.5,25.7,Suspicious
2026-08-10 17:40:00,BT Department,4.09,30.08,7.36,Normal
2026-08-02 22:40:00,Electronics Department,5.01,29.97,5.98,Normal
2026-08-15 07:20:00,IT Department,4.94,11.08,2.24,Normal
2026-08-08 16:20:00,HOD Department,1.95,17.57,9.03,Normal
2026-08-18 02:10:00,AIML Department,8.2,226.92,27.68,Suspicious
2026-07-20 05:30:00,HOD Department,4.03,35.83,8.89,Normal
2026-07-14 18:00:00,AIML Department,5.37,29.3,5.45,Normal
2026-08-06 00:40:00,Electronics Department,5.61,48.26,8.6,Normal
2026-08-20 07:10:00,IT Department,3.0,10.73,3.58,Normal
2026-08-20 14:20:00,CSE Department,3.69,27.63,7.49,Normal
2026-07-30 05:50:00,Chemistry Lab,5.89,42.16,7.15,Normal
2026-08-18 08:30:00,New Seminar Hall,5.17,22.96,4.44,Normal
2026-07-27 18:30:00,Biotech Department,4.38,32.67,7.47,Normal
2026-08-17 20:10:00,Physics Lab,4.56,18.28,4.01,Normal
2026-08-09 22:50:00,BT Department,2.44,23.63,9.67,Normal
2026-07-30 04:20:00,Mechanical Lab,9.34,33.7,3.61,Normal
2026-07-30 07:20:00,CSE Department,14.06,889.31,63.24,Critical
2026-07-06 20:40:00,IT Department,3.77,21.64,5.74,Normal
2026-07-18 02:40:00,CSE Department,4.44,19.48,4.39,Normal
2026-07-06 18:50:00,AI Lab,6.62,60.3,9.11,Normal
2026-07-23 06:20:00,BT Department,13.18,350.41,26.59,Suspicious
2026-07-02 04:30:00,AI Lab,5.83,21.49,3.68,Normal
2026-07-16 10:00:00,BT Department,2.82,26.77,9.48,Normal
2026-08-10 12:10:00,Biotech Department,4.77,25.96,5.45,Normal
2026-08-10 04:00:00,AI Lab,5.18,33.1,6.39,Normal
2026-07-31 11:20:00,HOD Department,3.89,11.39,2.93,Normal
2026-07-07 15:40:00,Physics Lab,5.8,48.88,8.43,Normal
2026-07-17 08:50:00,AI Lab,10.94,306.51,28.01,Suspicious
2026-08-22 08:20:00,IT Department,5.06,10.5,2.08,Normal
2026-07-26 13:40:00,Chemistry Lab,4.98,23.99,4.82,Normal
2026-07-10 01:30:00,AI Lab,4.81,35.33,7.35,Normal
2026-07-09 12:20:00,HOD Department,3.16,3.86,1.22,Normal
2026-07-26 16:20:00,HOD Department,3.23,27.91,8.65,Normal
2026-07-04 09:40:00,BT Department,4.06,8.57,2.11,Normal
2026-08-12 23:50:00,AI Lab,3.65,12.83,3.52,Normal
2026-07-11 01:10:00,New Seminar Hall,8.93,51.86,5.81,Normal
2026-07-11 10:50:00,Chemistry Lab,14.69,168.82,11.49,Suspicious
2026-08-04 15:10:00,Physics Lab,7.37,14.1,1.91,Normal
2026-07-08 15:40:00,Physics Lab,8.07,28.23,3.5,Normal
2026-07-24 01:50:00,Chemistry Lab,5.06,33.83,6.68,Normal
2026-08-13 00:10:00,Physics Lab,5.38,46.4,8.63,Normal
2026-07-27 00:30:00,AIML Department,3.92,19.23,4.91,Normal
2026-07-27 10:30:00,Biotech Department,3.2,24.07,7.52,Normal
2026-07-07 18:50:00,Electronics Department,9.35,175.23,18.73,Suspicious
2026-08-09 17:20:00,BT Department,4.24,30.15,7.12,Normal
2026-07-14 00:50:00,New Seminar Hall,4.86,16.55,3.41,Normal
2026-08-17 11:00:00,Chemistry Lab,6.03,59.29,9.84,Normal
2026-07-30 15:30:00,Mechanical Lab,7.12,9.63,1.35,Normal
2026-08-21 06:50:00,CSE Department,5.18,14.17,2.73,Normal
2026-08-15 02:20:00,Chemistry Lab,4.85,40.89,8.42,Normal
2026-08-19 12:50:00,Biotech Department,4.05,17.91,4.43,Normal
2026-07-15 07:10:00,Physics Lab,3.0,12.48,4.15,Normal
2026-08-12 12:20:00,Chemistry Lab,7.2,49.74,6.91,Normal
2026-08-08 23:10:00,Mechanical Lab,7.85,65.5,8.35,Normal
2026-08-23 14:30:00,Physics Lab,5.8,22.83,3.94,Normal
2026-07-19 10:20:00,BT Department,5.74,44.27,7.71,Normal
2026-07-24 00:00:00,IT Department,1.91,9.84,5.14,Normal
2026-08-12 09:20:00,AI Lab,4.98,37.22,7.48,Normal
2026-08-21 12:30:00,AIML Department,3.81,9.35,2.45,Normal
2026-07-01 09:00:00,Physics Lab,7.03,19.55,2.78,Normal
2026-07-22 00:40:00,Electronics Department,18.1,1453.65,80.3,Critical
2026-07-24 16:10:00,HOD Department,4.74,9.16,1.93,Normal
2026-07-14 19:50:00,New Seminar Hall,5.82,10.57,1.82,Normal
2026-08-24 08:40:00,Physics Lab,5.15,42.51,8.26,Normal
2026-08-21 11:20:00,Electronics Department,5.09,32.19,6.33,Normal
2026-08-17 08:20:00,New Seminar Hall,5.67,29.63,5.22,Normal
2026-08-13 01:20:00,Mechanical Lab,5.98,45.75,7.65,Normal
2026-08-13 17:20:00,Chemistry Lab,6.0,30.99,5.16,Normal
2026-08-21 10:40:00,Physics Lab,6.92,33.78,4.88,Normal
2026-07-23 02:20:00,HOD Department,13.56,653.44,48.19,Critical
2026-08-05 17:20:00,Biotech Department,4.96,47.65,9.61,Normal
2026-07-16 21:40:00,Mechanical Lab,4.49,18.33,4.08,Normal
2026-07-11 13:40:00,CSE Department,3.87,11.02,2.84,Normal
2026-08-11 15:00:00,Chemistry Lab,7.17,21.52,3.0,Normal
2026-07-14 10:50:00,AI Lab,5.3,17.82,3.36,Normal
2026-07-25 04:30:00,Mechanical Lab,5.95,9.77,1.64,Normal
2026-08-04 23:10:00,Biotech Department,5.92,40.39,6.82,Normal
2026-07-27 01:30:00,BT Department,3.97,7.48,1.88,Normal
2026-07-15 08:50:00,HOD Department,2.2,14.7,6.68,Normal
2026-07-29 06:00:00,Chemistry Lab,3.99,37.15,9.31,Normal
2026-08-14 02:10:00,IT Department,4.46,39.26,8.79,Normal
2026-08-10 00:30:00,Mechanical Lab,7.56,65.64,8.68,Normal
2026-08-16 05:10:00,AI Lab,5.44,47.46,8.73,Normal
2026-07-19 19:00:00,Physics Lab,2.82,3.83,1.36,Normal
2026-07-09 04:20:00,New Seminar Hall,6.36,26.25,4.13,Normal
2026-08-03 21:40:00,Electronics Department,2.25,9.06,4.03,Normal
2026-08-20 15:40:00,Biotech Department,5.33,50.5,9.47,Normal
2026-08-04 11:10:00,Chemistry Lab,5.18,6.33,1.22,Normal
2026-07-31 07:40:00,Chemistry Lab,6.64,25.09,3.78,Normal
2026-08-21 19:20:00,Electronics Department,5.73,41.51,7.24,Normal
2026-07-30 02:40:00,HOD Department,5.01,26.69,5.33,Normal
2026-07-09 22:00:00,AI Lab,5.34,31.9,5.97,Normal
2026-08-24 02:50:00,Mechanical Lab,22.42,1633.3,72.84,Critical
2026-08-20 06:10:00,AI Lab,11.05,181.31,16.4,Suspicious
2026-07-17 04:20:00,Chemistry Lab,6.44,7.05,1.09,Normal
2026-08-08 01:50:00,HOD Department,2.85,25.5,8.95,Normal
2026-08-18 23:10:00,Mechanical Lab,4.53,25.77,5.68,Normal
2026-07-29 18:10:00,Biotech Department,23.21,2010.83,86.65,Critical
2026-08-02 15:30:00,AIML Department,15.16,1122.08,74.03,Critical
2026-08-18 02:00:00,AI Lab,11.59,146.87,12.68,Suspicious
2026-07-04 00:20:00,Physics Lab,5.8,37.96,6.55,Normal
2026-07-12 15:20:00,HOD Department,2.7,9.6,3.56,Normal
2026-07-26 05:30:00,Biotech Department,4.6,37.14,8.08,Normal
2026-07-20 04:20:00,HOD Department,2.43,10.07,4.14,Normal
2026-08-18 04:30:00,Physics Lab,6.89,7.55,1.1,Normal
2026-08-12 22:50:00,AIML Department,4.16,7.36,1.77,Normal
2026-08-18 23:30:00,Electronics Department,4.7,18.4,3.91,Normal
2026-07-23 11:30:00,HOD Department,2.81,22.81,8.11,Normal
2026-07-31 05:30:00,Electronics Department,5.28,9.22,1.75,Normal
2026-07-07 15:30:00,Mechanical Lab,7.65,54.07,7.06,Normal
2026-08-12 08:40:00,Electronics Department,5.86,24.56,4.19,Normal
2026-07-14 07:00:00,Mechanical Lab,6.1,60.44,9.91,Normal
2026-07-14 03:00:00,BT Department,6.61,10.46,1.58,Normal
2026-07-18 16:10:00,AIML Department,4.65,29.73,6.39,Normal
2026-08-15 20:20:00,New Seminar Hall,6.75,66.88,9.91,Normal
2026-08-06 09:20:00,Chemistry Lab,6.09,10.24,1.68,Normal
2026-08-05 13:10:00,Physics Lab,6.44,57.84,8.98,Normal
2026-07-29 03:40:00,AIML Department,5.55,33.21,5.98,Normal
2026-07-20 02:20:00,BT Department,4.57,11.87,2.59,Normal
2026-08-16 01:10:00,New Seminar Hall,5.45,46.96,8.61,Normal
2026-07-03 15:10:00,Electronics Department,4.28,13.69,3.2,Normal
2026-08-02 23:20:00,Biotech Department,6.27,50.76,8.09,Normal
2026-08-24 03:20:00,New Seminar Hall,6.78,55.39,8.18,Normal
2026-07-18 09:50:00,Physics Lab,5.33,44.76,8.4,Normal
2026-07-13 15:40:00,AIML Department,3.18,9.41,2.96,Normal
2026-08-04 23:20:00,Biotech Department,4.71,38.3,8.14,Normal
2026-08-06 17:10:00,AIML Department,3.05,14.89,4.89,Normal
2026-07-19 23:40:00,HOD Department,2.37,8.46,3.58,Normal
2026-08-17 05:20:00,Mechanical Lab,7.1,25.9,3.65,Normal
2026-08-15 11:20:00,BT Department,4.87,38.6,7.93,Normal
2026-08-18 09:40:00,HOD Department,2.94,11.53,3.92,Normal
2026-08-11 05:20:00,IT Department,8.92,151.5,16.98,Suspicious
2026-08-17 20:50:00,IT Department,4.15,32.54,7.85,Normal
2026-08-12 20:10:00,Physics Lab,3.13,12.66,4.05,Normal
2026-08-10 00:00:00,AIML Department,3.86,18.29,4.74,Normal
2026-08-12 04:30:00,IT Department,19.72,1096.78,55.62,Critical
2026-07-02 12:50:00,Mechanical Lab,6.18,56.21,9.09,Normal
2026-07-24 09:30:00,AIML Department,13.24,675.59,51.03,Critical
2026-08-13 00:30:00,Physics Lab,4.77,34.71,7.27,Normal
2026-07-24 18:00:00,Chemistry Lab,5.29,15.04,2.85,Normal
2026-07-24 07:50:00,Mechanical Lab,5.07,17.26,3.4,Normal
2026-08-03 16:10:00,AI Lab,4.17,19.94,4.78,Normal
2026-08-20 14:30:00,BT Department,6.05,31.4,5.19,Normal
2026-08-24 19:30:00,New Seminar Hall,4.45,20.49,4.61,Normal
2026-08-07 10:40:00,AIML Department,4.97,6.73,1.35,Normal
2026-07-24 23:10:00,CSE Department,15.44,1270.47,82.28,Critical
2026-07-01 11:00:00,BT Department,4.69,38.74,8.25,Normal
2026-07-26 23:10:00,AIML Department,3.04,11.27,3.7,Normal
2026-08-12 07:40:00,Mechanical Lab,11.82,200.94,17.0,Suspicious
2026-07-29 18:40:00,Chemistry Lab,8.03,31.48,3.92,Normal
2026-07-26 12:40:00,Mechanical Lab,5.46,17.4,3.19,Normal
2026-08-14 08:30:00,New Seminar Hall,5.12,18.5,3.61,Normal
2026-07-16 10:20:00,New Seminar Hall,5.57,30.46,5.47,Normal
2026-07-10 18:00:00,IT Department,3.35,17.42,5.2,Normal
2026-08-04 01:20:00,CSE Department,2.24,10.83,4.83,Normal
2026-08-20 17:20:00,Physics Lab,5.48,46.1,8.41,Normal
2026-07-22 22:40:00,Biotech Department,3.78,27.54,7.29,Normal
2026-07-02 14:20:00,New Seminar Hall,5.71,12.68,2.22,Normal
2026-08-13 18:30:00,IT Department,3.75,19.44,5.18,Normal
2026-08-14 07:20:00,HOD Department,8.04,217.5,27.05,Suspicious
2026-07-13 22:00:00,Mechanical Lab,7.25,18.85,2.6,Normal
2026-08-06 05:50:00,BT Department,3.04,13.09,4.31,Normal
2026-07-13 20:00:00,CSE Department,9.1,221.52,24.35,Suspicious
2026-07-18 04:50:00,BT Department,4.96,48.88,9.85,Normal
2026-08-13 06:30:00,Biotech Department,4.08,27.46,6.73,Normal
2026-08-23 20:00:00,Physics Lab,5.24,7.55,1.44,Normal
2026-08-24 15:20:00,IT Department,2.21,17.36,7.85,Normal
2026-08-09 01:30:00,Electronics Department,11.99,285.78,23.84,Suspicious
2026-08-07 08:20:00,Chemistry Lab,6.28,38.98,6.21,Normal
2026-08-23 07:00:00,AI Lab,6.86,49.25,7.18,Normal
2026-07-09 09:10:00,Electronics Department,4.48,29.7,6.63,Normal
2026-07-09 18:10:00,New Seminar Hall,5.72,35.11,6.14,Normal
2026-07-10 12:50:00,IT Department,3.87,22.12,5.71,Normal
2026-08-04 14:00:00,BT Department,5.15,18.28,3.55,Normal
2026-07-11 10:30:00,Physics Lab,3.08,6.68,2.17,Normal
2026-08-02 22:20:00,CSE Department,3.73,17.74,4.76,Normal
2026-08-12 21:10:00,Physics Lab,4.86,22.38,4.61,Normal
2026-07-12 18:00:00,New Seminar Hall,7.45,22.49,3.02,Normal
2026-07-16 04:40:00,BT Department,3.72,27.69,7.45,Normal
2026-08-01 20:00:00,Physics Lab,5.22,20.59,3.94,Normal
2026-08-01 06:50:00,CSE Department,3.82,8.38,2.2,Normal
2026-08-15 05:40:00,Physics Lab,5.07,15.24,3.0,Normal
2026-07-31 17:40:00,CSE Department,3.73,24.97,6.69,Normal
2026-07-06 09:30:00,Biotech Department,4.37,20.98,4.8,Normal
2026-07-31 14:10:00,Physics Lab,6.34,46.73,7.38,Normal
2026-07-14 18:40:00,CSE Department,5.19,16.86,3.25,Normal
2026-07-27 16:10:00,Electronics Department,18.35,1132.66,61.71,Critical
2026-08-22 04:00:00,New Seminar Hall,3.41,5.78,1.7,Normal
2026-08-18 06:30:00,HOD Department,4.78,18.24,3.82,Normal
2026-08-19 11:00:00,Physics Lab,4.26,36.27,8.52,Normal
2026-07-09 01:00:00,HOD Department,3.65,10.89,2.99,Normal
2026-08-15 11:50:00,AIML Department,4.68,26.7,5.71,Normal
2026-07-22 03:40:00,AI Lab,9.04,119.02,13.17,Suspicious
2026-07-17 23:00:00,Biotech Department,14.09,232.04,16.47,Suspicious
2026-07-09 13:30:00,Mechanical Lab,5.2,14.1,2.71,Normal
2026-07-15 06:30:00,AI Lab,3.38,20.31,6.0,Normal
2026-07-02 16:10:00,HOD Department,4.57,36.44,7.97,Normal
2026-08-23 09:20:00,AIML Department,4.4,4.47,1.01,Normal
2026-07-05 08:20:00,Physics Lab,4.16,6.28,1.51,Normal
2026-07-06 16:30:00,Biotech Department,4.49,23.41,5.22,Normal
2026-07-17 23:10:00,New Seminar Hall,3.56,13.48,3.79,Normal
2026-08-25 07:50:00,AIML Department,1.59,6.35,3.99,Normal
2026-07-14 03:40:00,Biotech Department,4.62,23.19,5.02,Normal
2026-08-16 20:00:00,Mechanical Lab,6.1,40.59,6.65,Normal
2026-07-31 00:20:00,Chemistry Lab,6.59,17.49,2.65,Normal
2026-07-27 07:20:00,Chemistry Lab,5.65,41.66,7.37,Normal
2026-08-02 06:40:00,AIML Department,4.28,29.5,6.9,Normal
2026-08-16 17:40:00,Chemistry Lab,3.53,18.19,5.16,Normal
2026-08-13 19:10:00,Physics Lab,4.82,24.97,5.17,Normal
2026-07-15 17:30:00,Electronics Department,3.76,14.73,3.92,Normal
2026-07-14 12:00:00,BT Department,3.86,29.26,7.58,Normal
2026-08-11 06:20:00,Chemistry Lab,4.98,13.94,2.8,Normal
2026-07-26 17:50:00,Chemistry Lab,7.81,73.68,9.43,Normal
2026-07-17 20:30:00,IT Department,3.53,8.11,2.3,Normal
2026-07-11 09:10:00,Mechanical Lab,4.92,41.92,8.52,Normal
2026-07-03 17:00:00,New Seminar Hall,6.29,24.23,3.85,Normal
2026-08-19 08:30:00,New Seminar Hall,6.74,48.59,7.2,Normal
2026-07-18 21:10:00,IT Department,2.92,6.57,2.25,Normal
2026-07-06 09:10:00,Physics Lab,5.75,27.4,4.77,Normal
2026-08-02 02:50:00,HOD Department,5.25,30.63,5.84,Normal
2026-07-08 02:40:00,HOD Department,2.29,20.17,8.8,Normal
2026-08-09 13:10:00,Mechanical Lab,5.69,48.67,8.55,Normal
2026-07-25 18:00:00,BT Department,4.64,22.47,4.85,Normal
2026-08-12 10:40:00,AIML Department,1.25,3.73,3.0,Normal
2026-08-23 15:00:00,HOD Department,3.32,16.4,4.94,Normal
2026-07-28 16:40:00,AIML Department,4.46,36.61,8.2,Normal
2026-07-10 08:30:00,Mechanical Lab,5.34,29.62,5.54,Normal
2026-08-21 08:30:00,Electronics Department,10.92,154.95,14.19,Suspicious
2026-07-05 22:00:00,IT Department,20.24,881.16,43.53,Critical
2026-07-11 16:40:00,HOD Department,3.74,32.7,8.74,Normal
2026-08-07 18:30:00,AIML Department,5.6,14.34,2.56,Normal
2026-08-09 00:30:00,AIML Department,3.11,9.63,3.09,Normal
2026-08-11 00:10:00,HOD Department,7.93,127.11,16.02,Suspicious
2026-07-17 09:50:00,New Seminar Hall,5.57,53.93,9.68,Normal
2026-08-21 21:40:00,HOD Department,4.6,11.64,2.53,Normal
2026-08-21 11:50:00,CSE Department,5.85,39.6,6.76,Normal
2026-07-08 20:50:00,IT Department,10.28,247.77,24.1,Suspicious
2026-08-22 17:30:00,AIML Department,3.47,27.05,7.8,Normal
2026-07-23 13:00:00,Chemistry Lab,5.38,36.99,6.88,Normal
2026-08-10 12:30:00,AIML Department,11.66,190.99,16.38,Suspicious
2026-08-08 01:40:00,Biotech Department,5.93,5.97,1.01,Normal
2026-07-01 19:10:00,CSE Department,2.5,6.77,2.71,Normal
2026-08-14 12:20:00,New Seminar Hall,11.99,134.15,11.18,Suspicious
2026-07-17 02:10:00,AIML Department,3.5,25.14,7.18,Normal
2026-08-09 14:10:00,Biotech Department,4.98,42.24,8.48,Normal
2026-08-12 09:00:00,Physics Lab,6.13,31.8,5.19,Normal
2026-08-14 03:20:00,HOD Department,2.57,22.2,8.64,Normal
2026-07-25 06:30:00,Biotech Department,4.23,6.75,1.6,Normal
2026-07-17 18:30:00,AIML Department,10.05,106.72,10.62,Suspicious
2026-08-03 09:30:00,Chemistry Lab,5.29,46.02,8.7,Normal
2026-08-19 19:50:00,IT Department,3.09,23.82,7.7,Normal
2026-07-18 18:40:00,New Seminar Hall,7.97,66.93,8.39,Normal
2026-07-20 05:50:00,Electronics Department,2.83,9.74,3.45,Normal
2026-08-17 16:10:00,AI Lab,4.74,5.66,1.19,Normal
2026-08-11 11:20:00,AI Lab,14.18,297.75,21.0,Suspicious
2026-07-09 06:30:00,BT Department,4.51,41.32,9.17,Normal
2026-08-23 01:10:00,New Seminar Hall,5.02,22.02,4.38,Normal
2026-08-15 14:40:00,Electronics Department,4.34,19.15,4.41,Normal
2026-08-18 00:00:00,HOD Department,9.37,215.7,23.03,Suspicious
2026-08-18 07:10:00,Mechanical Lab,7.19,65.5,9.1,Normal
2026-07-27 15:30:00,New Seminar Hall,7.63,22.48,2.95,Normal
2026-07-16 18:00:00,Electronics Department,5.08,20.39,4.01,Normal
2026-07-17 12:30:00,Chemistry Lab,4.29,20.73,4.83,Normal
2026-08-08 13:30:00,New Seminar Hall,4.75,5.65,1.19,Normal
2026-08-12 06:40:00,New Seminar Hall,3.6,26.18,7.26,Normal
2026-08-21 23:20:00,New Seminar Hall,5.34,40.23,7.54,Normal
2026-07-29 17:20:00,HOD Department,3.0,10.62,3.54,Normal
2026-07-14 23:50:00,Mechanical Lab,8.68,18.31,2.11,Normal
2026-08-13 19:50:00,AIML Department,5.3,27.24,5.14,Normal
2026-08-21 15:20:00,Physics Lab,6.72,24.19,3.6,Normal
2026-07-31 15:30:00,AIML Department,9.37,254.13,27.11,Suspicious
2026-07-04 06:30:00,Mechanical Lab,13.36,394.81,29.56,Suspicious
2026-08-18 11:40:00,AI Lab,5.92,29.85,5.04,Normal
2026-07-14 13:20:00,AIML Department,4.1,8.93,2.18,Normal
2026-08-20 18:00:00,Physics Lab,6.91,37.63,5.44,Normal
2026-07-28 12:50:00,New Seminar Hall,3.98,31.21,7.85,Normal
2026-07-26 11:00:00,BT Department,4.11,14.53,3.53,Normal
2026-07-07 03:50:00,IT Department,2.79,6.74,2.42,Normal
2026-08-02 06:00:00,Biotech Department,5.67,34.58,6.1,Normal
2026-08-04 12:20:00,HOD Department,2.57,20.23,7.86,Normal
2026-07-02 07:30:00,IT Department,4.19,29.64,7.07,Normal
2026-08-16 05:40:00,Biotech Department,5.87,33.75,5.75,Normal
2026-07-10 21:30:00,AIML Department,5.67,23.72,4.18,Normal
2026-07-26 20:20:00,IT Department,3.21,6.37,1.98,Normal
2026-08-13 13:30:00,IT Department,4.05,32.43,8.0,Normal
2026-08-24 18:10:00,Physics Lab,4.8,12.89,2.69,Normal
2026-07-27 18:40:00,Chemistry Lab,6.81,29.56,4.34,Normal
2026-07-09 05:40:00,Chemistry Lab,12.61,189.66,15.05,Suspicious
2026-07-17 00:10:00,IT Department,4.73,14.54,3.08,Normal
2026-07-13 17:50:00,Biotech Department,3.91,21.04,5.38,Normal
2026-07-28 16:20:00,New Seminar Hall,5.9,27.85,4.72,Normal
2026-08-07 20:40:00,Electronics Department,12.64,209.61,16.59,Suspicious
2026-08-21 11:30:00,BT Department,3.63,22.53,6.2,Normal
2026-07-04 12:30:00,Mechanical Lab,7.62,72.42,9.5,Normal
2026-08-21 03:10:00,Physics Lab,5.74,8.97,1.56,Normal
2026-07-07 22:00:00,Biotech Department,4.83,46.07,9.54,Normal
2026-07-27 00:40:00,IT Department,5.05,40.0,7.93,Normal
2026-07-10 14:40:00,Mechanical Lab,13.06,313.74,24.03,Suspicious
2026-08-02 11:20:00,AI Lab,5.42,51.61,9.51,Normal
2026-08-22 21:40:00,Mechanical Lab,6.12,35.13,5.74,Normal
2026-07-12 11:00:00,CSE Department,4.1,25.01,6.1,Normal
2026-07-16 21:00:00,Physics Lab,4.14,11.85,2.86,Normal
2026-07-05 18:30:00,Chemistry Lab,6.37,14.44,2.27,Normal
2026-08-23 22:20:00,Physics Lab,5.18,29.41,5.67,Normal
2026-07-27 22:20:00,IT Department,4.71,43.06,9.14,Normal
2026-08-09 06:10:00,HOD Department,2.89,8.2,2.84,Normal
2026-08-23 20:20:00,AIML Department,3.52,6.06,1.72,Normal
2026-08-20 00:30:00,HOD Department,3.18,28.43,8.94,Normal
2026-07-08 18:20:00,Biotech Department,4.92,6.47,1.31,Normal
2026-07-02 09:50:00,Electronics Department,3.95,35.4,8.97,Normal
2026-07-17 06:30:00,Electronics Department,4.67,23.35,5.0,Normal
2026-08-09 02:40:00,Electronics Department,5.7,49.88,8.75,Normal
2026-08-02 03:00:00,Chemistry Lab,5.94,40.97,6.89,Normal
2026-07-08 21:30:00,Mechanical Lab,5.88,27.95,4.75,Normal
2026-07-21 18:00:00,Chemistry Lab,5.76,27.02,4.69,Normal
2026-08-17 08:00:00,HOD Department,2.56,18.74,7.31,Normal
2026-07-31 18:40:00,AIML Department,3.56,20.7,5.81,Normal
2026-07-07 19:00:00,HOD Department,3.28,18.99,5.79,Normal
2026-07-21 12:50:00,BT Department,5.98,21.85,3.65,Normal
2026-08-06 02:50:00,BT Department,5.07,27.3,5.38,Normal
2026-08-22 18:00:00,Biotech Department,4.85,30.15,6.22,Normal
2026-07-23 21:10:00,HOD Department,2.81,18.73,6.66,Normal
2026-08-20 19:20:00,New Seminar Hall,6.68,21.76,3.26,Normal
2026-08-16 21:10:00,Biotech Department,5.73,50.93,8.89,Normal
2026-08-21 13:10:00,HOD Department,2.08,11.7,5.63,Normal
2026-08-19 13:40:00,CSE Department,3.51,33.43,9.52,Normal
2026-08-18 07:50:00,CSE Department,4.7,7.73,1.65,Normal
2026-08-22 11:30:00,BT Department,6.33,50.35,7.95,Normal
2026-07-13 03:00:00,AI Lab,6.72,47.67,7.09,Normal
2026-08-24 04:40:00,Electronics Department,5.77,46.14,7.99,Normal
2026-08-25 13:10:00,Biotech Department,5.51,41.24,7.49,Normal
2026-08-07 22:20:00,Mechanical Lab,7.12,13.38,1.88,Normal
2026-07-27 22:30:00,CSE Department,7.84,222.36,28.36,Suspicious
2026-08-20 23:10:00,Electronics Department,3.31,24.89,7.52,Normal
2026-08-24 00:10:00,Electronics Department,4.81,39.55,8.23,Normal
2026-07-08 04:10:00,Physics Lab,6.34,21.68,3.42,Normal
2026-07-13 23:30:00,Physics Lab,6.74,56.37,8.37,Normal
2026-08-19 04:50:00,Biotech Department,3.77,19.0,5.03,Normal
2026-07-05 09:50:00,CSE Department,4.02,21.83,5.43,Normal
2026-08-23 07:10:00,Electronics Department,4.85,27.58,5.68,Normal
2026-08-08 22:10:00,BT Department,4.59,6.13,1.34,Normal
2026-08-20 22:10:00,Physics Lab,6.39,23.25,3.64,Normal
2026-08-25 12:20:00,BT Department,4.26,11.83,2.78,Normal
2026-08-15 05:20:00,New Seminar Hall,4.98,37.46,7.52,Normal
2026-08-14 10:50:00,AI Lab,3.7,27.81,7.52,Normal
2026-07-26 00:50:00,IT Department,5.31,49.57,9.34,Normal
2026-07-11 00:30:00,AI Lab,4.81,15.47,3.22,Normal
2026-07-03 04:00:00,IT Department,15.41,812.9,52.75,Critical
2026-07-25 23:10:00,IT Department,11.64,123.08,10.57,Suspicious
2026-08-08 04:00:00,Electronics Department,2.69,17.42,6.47,Normal
2026-08-21 01:10:00,Physics Lab,4.99,38.29,7.67,Normal
2026-08-19 07:40:00,Physics Lab,5.18,19.99,3.86,Normal
2026-07-28 04:00:00,New Seminar Hall,4.09,16.83,4.11,Normal
2026-08-16 11:20:00,AIML Department,4.37,5.5,1.26,Normal
2026-07-18 00:00:00,HOD Department,2.98,3.78,1.27,Normal
2026-08-16 13:40:00,Physics Lab,6.12,33.16,5.42,Normal
2026-07-27 02:30:00,CSE Department,2.74,16.62,6.06,Normal
2026-07-03 01:00:00,Electronics Department,3.86,8.7,2.25,Normal
2026-07-12 09:40:00,AIML Department,4.88,23.41,4.79,Normal
2026-08-24 07:20:00,Biotech Department,4.79,47.0,9.82,Normal
2026-08-09 09:20:00,AI Lab,14.89,388.91,26.13,Suspicious
2026-07-07 17:50:00,Physics Lab,5.7,20.38,3.57,Normal
2026-08-09 18:00:00,BT Department,10.58,256.61,24.26,Suspicious
2026-08-21 22:20:00,Electronics Department,3.59,28.83,8.03,Normal
2026-07-05 23:30:00,Electronics Department,2.98,24.89,8.35,Normal
2026-07-26 08:40:00,HOD Department,3.63,11.73,3.23,Normal
2026-07-14 14:20:00,Mechanical Lab,8.39,61.6,7.34,Normal
2026-08-12 14:20:00,CSE Department,4.43,7.13,1.61,Normal
2026-07-28 19:40:00,Electronics Department,4.14,15.5,3.74,Normal
2026-07-20 01:20:00,CSE Department,2.25,14.88,6.62,Normal
2026-07-19 07:50:00,IT Department,17.05,1232.48,72.3,Critical
2026-07-13 16:50:00,Physics Lab,6.87,43.13,6.28,Normal
2026-07-22 06:10:00,Mechanical Lab,7.01,39.17,5.59,Normal
2026-07-17 08:30:00,Electronics Department,3.83,27.04,7.06,Normal
2026-08-03 14:30:00,AIML Department,3.96,35.16,8.88,Normal
2026-07-26 23:00:00,CSE Department,4.86,41.18,8.48,Normal
2026-07-06 02:30:00,HOD Department,3.19,27.94,8.76,Normal
2026-07-05 14:00:00,AI Lab,4.21,39.18,9.3,Normal
2026-07-23 13:20:00,Electronics Department,3.75,16.62,4.44,Normal
2026-07-17 01:50:00,Mechanical Lab,7.34,51.82,7.06,Normal
2026-08-23 13:40:00,Electronics Department,4.32,40.59,9.4,Normal
2026-08-17 16:50:00,HOD Department,7.61,142.93,18.78,Suspicious
2026-07-14 12:20:00,HOD Department,3.54,26.21,7.41,Normal
2026-08-10 13:20:00,New Seminar Hall,4.63,28.81,6.23,Normal
2026-07-03 03:00:00,Mechanical Lab,14.56,295.96,20.33,Suspicious
2026-07-21 15:20:00,Biotech Department,21.6,1862.16,86.19,Critical
2026-07-20 22:20:00,Mechanical Lab,11.92,168.38,14.13,Suspicious
2026-07-24 12:30:00,AI Lab,6.11,42.12,6.89,Normal
2026-07-25 19:30:00,AIML Department,14.78,808.99,54.73,Critical
2026-08-02 00:30:00,Mechanical Lab,5.84,8.56,1.47,Normal
2026-07-17 04:50:00,Mechanical Lab,7.27,27.68,3.81,Normal
2026-08-17 07:10:00,AI Lab,5.94,22.52,3.79,Normal
2026-07-04 16:40:00,BT Department,4.58,7.99,1.75,Normal
2026-07-16 16:30:00,AI Lab,4.02,9.33,2.32,Normal
2026-08-04 19:30:00,AI Lab,5.55,6.56,1.18,Normal
2026-07-19 01:50:00,IT Department,4.97,40.87,8.23,Normal
2026-07-01 09:10:00,IT Department,5.62,28.25,5.02,Normal
2026-07-26 17:30:00,Chemistry Lab,3.98,39.55,9.95,Normal
2026-08-17 10:40:00,CSE Department,5.17,8.08,1.56,Normal
2026-07-31 21:40:00,AI Lab,5.47,22.05,4.03,Normal
2026-07-18 04:20:00,BT Department,21.17,1315.67,62.15,Critical
2026-07-13 22:20:00,Chemistry Lab,7.32,21.44,2.93,Normal
2026-07-17 03:00:00,New Seminar Hall,7.07,16.85,2.38,Normal
2026-07-08 08:30:00,HOD Department,4.27,42.07,9.85,Normal
2026-08-13 00:00:00,Mechanical Lab,5.54,49.53,8.94,Normal
2026-07-08 17:50:00,AI Lab,5.85,11.5,1.97,Normal
2026-07-15 03:50:00,IT Department,4.77,39.22,8.22,Normal
2026-07-28 21:40:00,New Seminar Hall,6.55,28.38,4.33,Normal
2026-08-09 21:00:00,Physics Lab,3.98,31.08,7.82,Normal
2026-08-18 18:40:00,New Seminar Hall,6.51,45.9,7.05,Normal
2026-07-28 04:30:00,Mechanical Lab,4.33,7.44,1.72,Normal
2026-08-19 22:00:00,Biotech Department,5.92,33.87,5.72,Normal
2026-07-22 12:00:00,Physics Lab,4.68,35.48,7.58,Normal
2026-07-06 18:10:00,Chemistry Lab,3.87,21.39,5.53,Normal
2026-08-24 05:20:00,AI Lab,3.58,22.76,6.36,Normal
2026-07-13 11:30:00,Biotech Department,3.74,17.38,4.64,Normal
2026-07-20 17:10:00,IT Department,4.07,5.01,1.23,Normal
2026-07-08 21:50:00,Chemistry Lab,5.43,52.51,9.66,Normal
2026-08-08 18:10:00,Chemistry Lab,2.14,15.72,7.36,Normal
2026-08-17 07:40:00,Chemistry Lab,7.64,29.12,3.81,Normal
2026-08-19 21:30:00,New Seminar Hall,5.7,30.35,5.33,Normal
2026-08-15 10:20:00,CSE Department,4.42,28.72,6.5,Normal
2026-07-19 10:40:00,Mechanical Lab,11.35,292.66,25.77,Suspicious
2026-08-15 22:40:00,New Seminar Hall,7.01,53.35,7.61,Normal
2026-07-17 05:40:00,Electronics Department,2.54,17.5,6.89,Normal
2026-07-13 07:50:00,IT Department,4.1,14.87,3.63,Normal
2026-07-05 13:40:00,IT Department,3.1,25.62,8.26,Normal
2026-08-02 17:40:00,Mechanical Lab,5.49,21.24,3.87,Normal
2026-07-03 17:10:00,Biotech Department,6.62,14.14,2.14,Normal
2026-08-09 05:00:00,Mechanical Lab,7.64,58.96,7.71,Normal
2026-08-13 16:30:00,New Seminar Hall,4.64,14.86,3.2,Normal
2026-07-27 09:00:00,New Seminar Hall,6.4,16.63,2.6,Normal
2026-08-20 16:40:00,Biotech Department,7.47,10.11,1.35,Normal
2026-08-18 20:20:00,Chemistry Lab,4.2,9.74,2.32,Normal
2026-07-23 15:50:00,Biotech Department,6.03,38.82,6.44,Normal
2026-07-02 00:10:00,Mechanical Lab,7.03,51.61,7.34,Normal
2026-08-05 06:50:00,New Seminar Hall,7.85,63.75,8.13,Normal
2026-07-12 00:10:00,Chemistry Lab,5.86,30.14,5.15,Normal
2026-07-26 06:00:00,Electronics Department,5.44,42.96,7.9,Normal
2026-07-26 16:00:00,AIML Department,5.38,29.94,5.57,Normal
2026-08-14 13:40:00,AIML Department,3.97,24.7,6.22,Normal
2026-08-04 18:20:00,AI Lab,5.63,47.58,8.46,Normal
2026-07-11 20:50:00,CSE Department,2.98,9.29,3.11,Normal
2026-08-19 06:00:00,BT Department,12.74,348.16,27.32,Suspicious
2026-08-02 10:40:00,Chemistry Lab,4.82,32.01,6.64,Normal
2026-07-31 00:00:00,Mechanical Lab,6.2,10.01,1.62,Normal
2026-07-26 19:30:00,Physics Lab,5.91,30.73,5.2,Normal
2026-07-15 20:20:00,Electronics Department,3.62,5.24,1.45,Normal
2026-07-05 07:20:00,HOD Department,3.13,13.03,4.16,Normal
2026-08-20 20:30:00,IT Department,2.89,28.36,9.81,Normal
2026-08-23 12:10:00,AIML Department,5.26,47.61,9.06,Normal
2026-08-16 11:40:00,Physics Lab,4.58,16.82,3.67,Normal
2026-07-22 14:20:00,HOD Department,4.27,7.44,1.74,Normal
2026-08-05 14:00:00,AIML Department,2.02,18.27,9.03,Normal
2026-08-11 04:50:00,Biotech Department,5.06,22.91,4.53,Normal
2026-08-10 22:20:00,AIML Department,6.38,12.79,2.0,Normal
2026-08-09 03:30:00,New Seminar Hall,5.47,47.16,8.62,Normal
2026-08-07 13:10:00,IT Department,20.7,1659.55,80.16,Critical
2026-08-01 10:30:00,New Seminar Hall,4.34,23.16,5.33,Normal
2026-07-03 21:40:00,BT Department,12.26,201.03,16.4,Suspicious
2026-07-14 19:00:00,Physics Lab,6.57,62.89,9.57,Normal
2026-08-09 16:20:00,Electronics Department,4.61,32.4,7.03,Normal
2026-08-18 07:20:00,New Seminar Hall,5.86,27.77,4.74,Normal
2026-07-26 19:40:00,BT Department,4.87,20.95,4.3,Normal
2026-07-26 16:40:00,Chemistry Lab,4.85,14.14,2.92,Normal
2026-07-17 17:30:00,AIML Department,3.78,28.97,7.66,Normal
2026-07-30 22:00:00,Electronics Department,5.14,25.65,4.99,Normal
2026-08-21 17:10:00,CSE Department,2.95,11.47,3.89,Normal
2026-08-20 09:50:00,BT Department,5.2,26.49,5.09,Normal
2026-07-27 06:50:00,Electronics Department,10.04,211.13,21.03,Suspicious
2026-08-04 14:40:00,CSE Department,11.95,343.11,28.71,Suspicious
2026-08-08 16:30:00,HOD Department,3.6,17.84,4.95,Normal
2026-08-08 22:00:00,CSE Department,4.66,16.22,3.48,Normal
2026-07-09 11:10:00,Physics Lab,27.38,899.83,32.87,Critical
2026-08-21 18:00:00,HOD Department,9.3,137.95,14.84,Suspicious
2026-07-11 05:00:00,Biotech Department,3.97,4.01,1.01,Normal
2026-08-20 04:40:00,Physics Lab,6.24,7.36,1.18,Normal
2026-08-19 06:10:00,BT Department,9.83,205.98,20.95,Suspicious
2026-08-06 20:50:00,Chemistry Lab,5.13,12.1,2.36,Normal
2026-07-07 09:40:00,BT Department,4.09,21.75,5.32,Normal
2026-07-17 06:50:00,Electronics Department,3.77,24.67,6.54,Normal
2026-07-19 16:30:00,AIML Department,5.3,32.1,6.05,Normal
2026-08-18 11:50:00,Biotech Department,6.54,19.11,2.92,Normal
2026-07-07 04:00:00,New Seminar Hall,5.38,35.15,6.54,Normal
2026-07-05 08:50:00,HOD Department,7.62,154.46,20.26,Suspicious
2026-07-02 18:00:00,HOD Department,2.85,22.55,7.92,Normal
2026-07-12 17:30:00,Chemistry Lab,5.05,27.64,5.48,Normal
2026-07-15 07:40:00,Biotech Department,4.68,14.04,3.0,Normal
2026-07-23 22:10:00,Physics Lab,6.87,47.75,6.95,Normal
2026-08-19 07:30:00,CSE Department,3.76,31.3,8.31,Normal
2026-07-07 14:50:00,Biotech Department,7.55,53.13,7.04,Normal
2026-07-05 17:10:00,BT Department,4.76,39.07,8.2,Normal
2026-08-09 18:40:00,Mechanical Lab,6.75,39.2,5.81,Normal
2026-08-17 10:30:00,AI Lab,11.53,256.31,22.23,Suspicious
2026-07-15 01:00:00,Biotech Department,5.07,48.06,9.48,Normal
2026-07-02 11:00:00,New Seminar Hall,5.95,25.4,4.27,Normal
2026-08-08 07:00:00,CSE Department,3.34,23.61,7.08,Normal
2026-08-20 06:00:00,New Seminar Hall,7.48,54.26,7.26,Normal
2026-08-05 17:30:00,Physics Lab,5.66,46.25,8.17,Normal
2026-08-03 01:30:00,Electronics Department,5.29,8.52,1.61,Normal
2026-07-07 09:50:00,AIML Department,11.88,200.56,16.89,Suspicious
2026-07-11 06:30:00,AI Lab,6.69,34.45,5.15,Normal
2026-08-02 13:50:00,Chemistry Lab,6.16,21.05,3.42,Normal
2026-08-17 03:20:00,AI Lab,5.47,10.34,1.89,Normal
2026-08-05 01:50:00,IT Department,6.32,51.27,8.11,Normal
2026-08-07 23:10:00,New Seminar Hall,5.32,20.28,3.81,Normal
2026-07-21 04:00:00,Chemistry Lab,4.13,14.92,3.61,Normal
2026-07-14 06:10:00,Mechanical Lab,5.04,25.48,5.06,Normal
2026-07-19 19:10:00,Electronics Department,3.38,14.48,4.28,Normal
2026-07-24 20:00:00,New Seminar Hall,7.1,27.69,3.9,Normal
2026-08-21 08:00:00,Mechanical Lab,4.73,36.75,7.77,Normal
2026-08-23 12:40:00,HOD Department,4.15,22.51,5.43,Normal
2026-08-16 14:20:00,AI Lab,6.0,40.72,6.78,Normal
2026-08-03 04:50:00,Electronics Department,5.52,44.93,8.14,Normal
2026-07-24 11:10:00,CSE Department,1.38,5.0,3.63,Normal
2026-08-23 15:20:00,Electronics Department,5.58,6.15,1.1,Normal
2026-08-12 03:50:00,Electronics Department,5.02,17.59,3.5,Normal
2026-08-09 02:30:00,Physics Lab,6.67,41.44,6.22,Normal
2026-07-15 21:20:00,Physics Lab,4.36,22.08,5.07,Normal
2026-07-15 05:50:00,IT Department,4.16,39.77,9.56,Normal
2026-08-08 16:10:00,AI Lab,10.86,182.1,16.78,Suspicious
2026-07-05 03:00:00,CSE Department,6.03,12.3,2.04,Normal
2026-07-11 09:30:00,Chemistry Lab,5.56,29.18,5.25,Normal
2026-08-08 21:00:00,AI Lab,6.71,41.15,6.14,Normal
2026-07-19 11:00:00,Electronics Department,5.41,40.47,7.48,Normal
2026-07-14 12:40:00,Chemistry Lab,7.2,33.55,4.66,Normal
2026-08-14 03:10:00,Electronics Department,5.43,39.93,7.36,Normal
2026-07-20 11:30:00,Physics Lab,15.2,423.55,27.87,Suspicious
2026-07-14 10:10:00,CSE Department,3.51,22.29,6.34,Normal
2026-08-23 23:50:00,Chemistry Lab,7.27,46.71,6.42,Normal
2026-07-15 21:30:00,Physics Lab,7.21,17.4,2.41,Normal
2026-08-18 16:30:00,Chemistry Lab,7.56,27.57,3.65,Normal
2026-08-20 05:50:00,Biotech Department,15.0,363.14,24.21,Suspicious
2026-07-07 03:20:00,BT Department,3.92,35.34,9.02,Normal
2026-07-25 10:30:00,HOD Department,3.25,3.28,1.01,Normal
2026-08-02 22:50:00,AI Lab,4.45,34.98,7.87,Normal
2026-08-14 13:10:00,AI Lab,5.4,45.12,8.35,Normal
2026-07-16 09:50:00,AIML Department,12.34,416.74,33.78,Critical
2026-08-18 02:30:00,Mechanical Lab,6.97,63.89,9.17,Normal
2026-08-17 15:40:00,New Seminar Hall,6.18,43.43,7.02,Normal
2026-07-04 02:20:00,CSE Department,2.97,18.38,6.18,Normal
2026-07-15 07:00:00,Mechanical Lab,6.54,45.79,7.0,Normal
2026-08-23 16:00:00,BT Department,7.12,68.99,9.68,Normal
2026-07-10 05:50:00,New Seminar Hall,5.07,26.13,5.16,Normal
2026-08-09 13:00:00,Electronics Department,10.81,135.08,12.5,Suspicious
2026-08-10 23:20:00,AIML Department,3.26,5.19,1.59,Normal
2026-07-30 21:20:00,Chemistry Lab,5.71,33.59,5.89,Normal
2026-07-14 02:00:00,Chemistry Lab,4.07,21.91,5.38,Normal
2026-07-08 09:50:00,Biotech Department,16.12,565.53,35.07,Critical
2026-07-10 13:00:00,HOD Department,3.65,32.7,8.96,Normal
2026-08-05 02:20:00,Biotech Department,15.13,1267.02,83.74,Critical
2026-07-04 15:10:00,BT Department,4.72,15.01,3.18,Normal
2026-07-20 20:20:00,AI Lab,6.53,49.05,7.51,Normal
2026-08-12 02:00:00,BT Department,3.94,24.0,6.09,Normal
2026-07-12 19:10:00,BT Department,4.42,38.67,8.75,Normal
2026-08-21 21:00:00,AI Lab,4.74,24.35,5.13,Normal
2026-08-17 20:00:00,Electronics Department,5.86,12.01,2.05,Normal
2026-07-18 21:20:00,HOD Department,9.73,205.4,21.11,Suspicious
2026-07-09 17:00:00,AI Lab,5.29,15.5,2.93,Normal
2026-08-06 11:40:00,Chemistry Lab,4.19,37.11,8.86,Normal
2026-08-19 13:30:00,New Seminar Hall,3.07,18.59,6.05,Normal
2026-08-13 02:30:00,Biotech Department,5.14,11.59,2.26,Normal
2026-08-07 19:40:00,New Seminar Hall,26.55,1508.55,56.81,Critical
2026-07-07 08:30:00,CSE Department,3.89,31.22,8.03,Normal
2026-07-21 23:40:00,Physics Lab,4.75,20.91,4.41,Normal
2026-07-05 02:10:00,Chemistry Lab,5.88,41.88,7.12,Normal
2026-07-09 04:40:00,HOD Department,6.58,94.43,14.34,Suspicious
2026-08-24 03:00:00,Physics Lab,5.58,28.79,5.16,Normal
2026-08-20 08:30:00,BT Department,5.16,12.01,2.33,Normal
2026-07-24 21:00:00,BT Department,6.42,19.63,3.06,Normal
2026-08-10 07:40:00,Physics Lab,4.62,24.47,5.3,Normal
2026-07-21 21:40:00,Physics Lab,5.07,17.55,3.46,Normal
2026-07-30 04:30:00,New Seminar Hall,5.63,45.83,8.14,Normal
2026-07-23 23:10:00,BT Department,5.47,34.45,6.3,Normal
2026-08-06 10:40:00,CSE Department,2.91,21.63,7.43,Normal
2026-08-25 04:00:00,BT Department,6.53,52.75,8.08,Normal
2026-07-19 06:30:00,Physics Lab,5.73,19.8,3.45,Normal
2026-07-20 20:50:00,AIML Department,2.78,8.63,3.11,Normal
2026-08-13 11:10:00,Mechanical Lab,6.7,31.22,4.66,Normal
2026-08-18 12:00:00,HOD Department,2.77,19.18,6.93,Normal
2026-08-08 14:50:00,Mechanical Lab,5.14,9.66,1.88,Normal
2026-07-26 05:40:00,Chemistry Lab,26.54,1571.44,59.21,Critical
2026-08-18 01:50:00,New Seminar Hall,11.23,236.98,21.1,Suspicious
2026-08-06 17:30:00,New Seminar Hall,4.36,11.45,2.63,Normal
2026-08-17 15:00:00,Physics Lab,5.62,29.77,5.3,Normal
2026-07-19 14:20:00,BT Department,3.72,8.06,2.17,Normal
2026-08-14 20:20:00,Biotech Department,4.24,14.72,3.48,Normal
2026-08-05 19:00:00,Physics Lab,5.45,43.08,7.91,Normal
2026-07-08 20:00:00,Chemistry Lab,4.91,21.84,4.45,Normal
2026-07-31 01:50:00,Chemistry Lab,22.79,1841.29,80.81,Critical
2026-07-15 19:30:00,BT Department,12.45,371.28,29.82,Suspicious
2026-07-18 08:40:00,Biotech Department,6.0,7.69,1.28,Normal
2026-08-04 19:40:00,Biotech Department,5.74,35.1,6.12,Normal
2026-07-15 09:10:00,BT Department,18.71,718.55,38.4,Critical
2026-08-10 17:10:00,Electronics Department,3.25,20.58,6.34,Normal
2026-08-13 01:10:00,New Seminar Hall,6.85,51.93,7.58,Normal
2026-07-02 21:40:00,New Seminar Hall,4.73,9.1,1.93,Normal
2026-07-08 08:50:00,AIML Department,3.21,3.57,1.11,Normal
2026-07-14 17:30:00,AIML Department,3.51,26.84,7.64,Normal
2026-08-09 13:40:00,New Seminar Hall,4.6,39.2,8.52,Normal
2026-07-11 02:00:00,Electronics Department,3.72,14.65,3.94,Normal
2026-07-16 11:10:00,AIML Department,3.88,10.73,2.76,Normal
2026-07-06 04:10:00,HOD Department,4.01,16.42,4.1,Normal
2026-07-09 03:20:00,IT Department,2.92,6.4,2.19,Normal
2026-07-28 09:10:00,AI Lab,5.66,53.73,9.49,Normal
2026-07-13 16:20:00,Biotech Department,21.52,1493.97,69.41,Critical
2026-08-05 20:00:00,HOD Department,3.47,5.57,1.61,Normal
2026-07-19 15:00:00,Physics Lab,6.29,21.07,3.35,Normal
2026-07-25 13:30:00,AI Lab,5.15,11.88,2.31,Normal
2026-07-08 12:50:00,Electronics Department,4.92,44.79,9.09,Normal
2026-07-17 00:00:00,AI Lab,4.03,11.28,2.8,Normal
2026-08-07 13:30:00,Mechanical Lab,6.95,62.62,9.0,Normal
2026-08-25 05:20:00,BT Department,4.28,9.82,2.29,Normal
2026-07-03 12:10:00,Biotech Department,3.51,18.96,5.41,Normal
2026-07-19 17:30:00,CSE Department,2.63,4.25,1.62,Normal
2026-07-17 04:10:00,New Seminar Hall,14.52,174.12,11.99,Suspicious
2026-08-24 08:20:00,AIML Department,9.18,255.07,27.78,Suspicious
2026-07-19 00:30:00,AI Lab,4.03,37.22,9.24,Normal
2026-07-16 07:50:00,AIML Department,7.86,218.42,27.79,Suspicious
2026-07-23 02:50:00,Physics Lab,5.07,50.26,9.91,Normal
2026-08-16 12:50:00,Chemistry Lab,5.83,23.5,4.03,Normal
2026-07-28 21:10:00,BT Department,5.59,19.08,3.41,Normal
2026-07-11 06:00:00,Biotech Department,5.16,35.35,6.85,Normal
2026-08-09 19:10:00,Chemistry Lab,6.3,49.69,7.89,Normal
2026-07-18 20:00:00,Electronics Department,5.38,31.69,5.89,Normal
2026-08-06 02:00:00,CSE Department,13.83,1091.52,78.93,Critical
2026-08-24 21:10:00,Electronics Department,4.73,18.01,3.81,Normal
2026-08-11 10:40:00,Physics Lab,26.66,1263.45,47.4,Critical
2026-07-04 10:40:00,Mechanical Lab,11.07,219.7,19.85,Suspicious
2026-08-05 10:20:00,Physics Lab,3.38,28.91,8.55,Normal
2026-07-10 06:00:00,CSE Department,3.44,4.52,1.32,Normal
2026-07-27 05:10:00,Physics Lab,6.23,15.14,2.43,Normal
2026-07-03 20:10:00,CSE Department,4.18,18.1,4.33,Normal
2026-08-22 02:40:00,Physics Lab,2.81,21.54,7.68,Normal
2026-08-14 15:10:00,Electronics Department,5.25,49.63,9.46,Normal
2026-07-18 10:00:00,AI Lab,4.45,5.6,1.26,Normal
2026-07-01 11:40:00,Biotech Department,15.79,942.07,59.64,Critical
2026-07-15 16:20:00,Biotech Department,5.95,10.67,1.79,Normal
2026-07-12 19:30:00,Physics Lab,5.01,33.2,6.63,Normal
2026-07-06 05:00:00,Physics Lab,5.48,9.14,1.67,Normal
2026-08-21 10:00:00,BT Department,5.89,38.27,6.5,Normal
2026-07-20 09:10:00,AI Lab,5.74,6.67,1.16,Normal
2026-07-10 21:20:00,AI Lab,5.46,17.49,3.21,Normal
2026-08-18 00:20:00,New Seminar Hall,7.76,30.82,3.97,Normal
2026-07-18 11:20:00,New Seminar Hall,5.89,16.0,2.72,Normal
2026-07-27 09:40:00,HOD Department,2.99,6.63,2.22,Normal
2026-07-17 11:30:00,New Seminar Hall,6.78,56.27,8.29,Normal
2026-07-04 12:40:00,Physics Lab,4.85,37.89,7.81,Normal
2026-07-30 09:10:00,AIML Department,2.94,24.07,8.18,Normal
2026-07-29 16:20:00,Biotech Department,4.79,10.32,2.15,Normal
2026-07-11 15:40:00,AI Lab,3.74,25.53,6.83,Normal
2026-07-26 21:00:00,AIML Department,6.15,41.78,6.79,Normal
2026-07-03 07:00:00,IT Department,4.27,21.39,5.01,Normal
2026-08-01 23:40:00,Electronics Department,3.86,33.06,8.56,Normal
2026-07-31 06:00:00,IT Department,4.98,13.36,2.68,Normal
2026-08-04 02:50:00,AI Lab,6.04,49.79,8.24,Normal
2026-07-25 21:30:00,CSE Department,2.9,20.25,6.98,Normal
2026-08-09 10:10:00,IT Department,5.71,20.78,3.64,Normal
2026-07-19 06:10:00,IT Department,3.51,4.45,1.27,Normal
2026-07-10 20:00:00,IT Department,5.17,5.33,1.03,Normal
2026-08-20 10:50:00,Mechanical Lab,5.06,17.94,3.54,Normal
2026-08-07 15:50:00,AI Lab,5.25,11.08,2.11,Normal
2026-07-05 11:30:00,IT Department,2.43,22.52,9.26,Normal
2026-07-31 13:10:00,IT Department,4.84,5.2,1.07,Normal
2026-08-15 11:40:00,Biotech Department,16.27,676.52,41.58,Critical
2026-08-03 09:00:00,CSE Department,5.26,38.35,7.29,Normal
2026-08-25 11:00:00,Mechanical Lab,24.25,888.73,36.64,Critical
2026-08-22 15:50:00,Physics Lab,4.8,11.59,2.41,Normal
2026-08-22 00:10:00,IT Department,5.56,14.77,2.65,Normal
2026-07-25 10:00:00,Biotech Department,5.75,23.46,4.08,Normal
2026-08-05 21:10:00,BT Department,6.4,62.64,9.79,Normal
2026-07-22 02:20:00,New Seminar Hall,5.07,29.44,5.8,Normal
2026-08-19 18:40:00,Chemistry Lab,7.16,37.08,5.18,Normal
2026-08-24 19:00:00,IT Department,3.93,7.58,1.93,Normal
2026-07-19 00:00:00,Physics Lab,11.4,206.79,18.13,Suspicious
2026-08-11 16:00:00,Chemistry Lab,12.91,150.06,11.62,Suspicious
2026-08-22 16:40:00,CSE Department,4.67,40.51,8.67,Normal
2026-07-29 13:40:00,Physics Lab,5.02,26.86,5.35,Normal
2026-07-29 00:40:00,CSE Department,3.76,21.31,5.67,Normal
2026-08-23 23:10:00,Mechanical Lab,5.72,51.68,9.03,Normal
2026-07-06 02:10:00,Electronics Department,12.92,258.97,20.04,Suspicious
2026-08-05 19:40:00,CSE Department,9.77,136.41,13.96,Suspicious
2026-07-23 20:30:00,Mechanical Lab,5.04,18.47,3.66,Normal
2026-08-23 06:40:00,HOD Department,3.55,14.27,4.02,Normal
2026-07-29 16:30:00,CSE Department,4.78,14.41,3.01,Normal
2026-07-21 00:50:00,Physics Lab,6.07,60.57,9.98,Normal
2026-07-27 00:10:00,IT Department,3.16,6.08,1.93,Normal
2026-08-04 15:30:00,IT Department,3.99,38.08,9.54,Normal
2026-08-19 01:20:00,HOD Department,3.63,5.33,1.47,Normal
2026-07-29 09:20:00,Mechanical Lab,8.94,70.23,7.86,Normal
2026-07-16 19:40:00,CSE Department,2.48,23.67,9.55,Normal
2026-08-10 21:50:00,IT Department,3.4,24.92,7.34,Normal
2026-07-17 10:40:00,HOD Department,3.06,19.61,6.41,Normal
2026-08-04 05:00:00,New Seminar Hall,6.42,13.29,2.07,Normal
2026-07-04 22:50:00,Physics Lab,4.68,31.58,6.75,Normal
2026-07-04 23:00:00,CSE Department,4.82,19.18,3.98,Normal
2026-08-13 17:40:00,Biotech Department,5.38,48.8,9.07,Normal
2026-08-15 01:40:00,Mechanical Lab,6.64,46.25,6.96,Normal
2026-08-25 01:50:00,AIML Department,4.6,41.19,8.95,Normal
2026-08-12 06:50:00,Chemistry Lab,5.11,25.43,4.98,Normal
2026-07-06 18:00:00,Chemistry Lab,6.4,34.46,5.39,Normal
2026-08-13 19:30:00,CSE Department,5.76,27.21,4.72,Normal
2026-08-08 00:20:00,Mechanical Lab,6.81,47.8,7.02,Normal
2026-07-05 20:30:00,Physics Lab,27.16,1834.25,67.54,Critical
2026-08-11 19:20:00,HOD Department,3.1,23.82,7.68,Normal
2026-07-16 14:00:00,AI Lab,4.84,47.26,9.76,Normal
2026-07-03 21:30:00,AI Lab,17.48,633.31,36.24,Critical
2026-08-06 19:10:00,HOD Department,6.71,173.03,25.79,Suspicious
2026-07-30 14:20:00,Chemistry Lab,4.78,35.12,7.35,Normal
2026-07-03 22:50:00,Electronics Department,8.17,138.8,16.98,Suspicious
2026-08-23 14:50:00,CSE Department,6.08,37.77,6.21,Normal
2026-07-16 17:20:00,Chemistry Lab,5.37,47.95,8.93,Normal
2026-08-12 15:50:00,Mechanical Lab,6.67,53.55,8.03,Normal
2026-07-12 12:50:00,BT Department,5.91,38.18,6.46,Normal
2026-08-20 04:50:00,AIML Department,1.65,2.55,1.54,Normal
2026-07-26 13:20:00,Chemistry Lab,5.08,38.98,7.68,Normal
2026-07-08 00:20:00,Mechanical Lab,5.7,10.55,1.85,Normal
2026-08-20 08:10:00,CSE Department,3.51,28.47,8.12,Normal
2026-08-22 10:50:00,Physics Lab,5.79,11.8,2.04,Normal
2026-08-12 16:50:00,Chemistry Lab,5.94,34.44,5.8,Normal
2026-08-08 00:30:00,BT Department,5.58,39.05,7.0,Normal
2026-07-03 19:50:00,Electronics Department,2.67,8.65,3.24,Normal
2026-07-27 23:50:00,BT Department,8.21,11.21,1.37,Normal
2026-08-20 09:40:00,BT Department,3.03,3.29,1.09,Normal
2026-07-09 23:40:00,Chemistry Lab,8.44,51.62,6.12,Normal
2026-08-09 03:00:00,CSE Department,3.39,32.63,9.63,Normal
2026-08-05 15:50:00,Biotech Department,7.38,65.55,8.89,Normal
2026-07-26 23:40:00,Chemistry Lab,10.52,176.53,16.79,Suspicious
2026-08-17 06:20:00,Physics Lab,2.99,25.87,8.65,Normal
2026-07-19 03:50:00,Mechanical Lab,9.39,25.78,2.75,Normal
2026-07-25 02:30:00,AI Lab,3.86,4.28,1.11,Normal
2026-07-15 11:30:00,AIML Department,2.52,23.42,9.28,Normal
2026-07-06 16:40:00,CSE Department,4.19,29.15,6.96,Normal
2026-08-21 09:10:00,AIML Department,3.83,19.05,4.98,Normal
2026-07-26 01:40:00,AIML Department,2.17,12.2,5.63,Normal
2026-08-22 21:20:00,Physics Lab,5.49,31.2,5.68,Normal
2026-08-21 02:50:00,Chemistry Lab,5.69,46.47,8.16,Normal
2026-08-07 03:20:00,CSE Department,4.86,33.34,6.86,Normal
2026-08-01 19:10:00,IT Department,2.85,24.43,8.57,Normal
2026-07-12 23:00:00,Chemistry Lab,7.0,41.43,5.92,Normal
2026-07-03 20:50:00,BT Department,10.86,221.63,20.42,Suspicious
2026-08-06 20:40:00,Physics Lab,4.92,29.24,5.95,Normal
2026-08-14 14:50:00,IT Department,5.78,6.02,1.04,Normal
2026-07-31 09:10:00,Electronics Department,13.31,202.04,15.18,Suspicious
2026-07-02 08:30:00,Chemistry Lab,15.53,223.64,14.4,Suspicious
2026-08-19 04:20:00,Biotech Department,4.05,25.81,6.37,Normal
2026-07-22 18:40:00,New Seminar Hall,5.03,49.6,9.86,Normal
2026-08-14 04:30:00,Physics Lab,4.97,40.52,8.15,Normal
2026-07-04 03:50:00,Physics Lab,6.13,29.6,4.83,Normal
2026-08-21 15:00:00,Physics Lab,3.81,26.74,7.02,Normal
2026-07-25 08:00:00,IT Department,5.2,43.2,8.31,Normal
2026-07-30 09:00:00,CSE Department,4.49,24.66,5.49,Normal
2026-07-26 04:00:00,BT Department,3.79,30.73,8.1,Normal
2026-07-24 01:10:00,CSE Department,4.44,23.2,5.22,Normal
2026-08-04 15:20:00,CSE Department,3.91,24.63,6.29,Normal
2026-07-08 11:50:00,BT Department,9.92,223.14,22.5,Suspicious
2026-08-06 18:10:00,HOD Department,4.75,15.93,3.35,Normal
2026-07-07 06:30:00,HOD Department,2.7,10.63,3.94,Normal
2026-07-28 14:20:00,Chemistry Lab,5.02,34.07,6.79,Normal
2026-07-01 21:00:00,AIML Department,3.56,26.11,7.33,Normal
2026-07-16 22:30:00,IT Department,4.27,38.42,8.99,Normal
2026-08-11 12:30:00,Chemistry Lab,6.46,21.79,3.37,Normal
2026-08-21 01:50:00,Mechanical Lab,6.26,7.48,1.2,Normal
2026-08-21 09:50:00,BT Department,5.86,33.3,5.69,Normal
2026-08-13 08:30:00,Chemistry Lab,4.14,8.6,2.08,Normal
2026-08-08 14:10:00,Electronics Department,5.2,50.33,9.69,Normal
2026-07-06 19:20:00,BT Department,4.8,10.23,2.13,Normal
2026-07-17 03:50:00,Chemistry Lab,6.36,36.02,5.66,Normal
2026-07-29 18:30:00,Physics Lab,20.46,1024.56,50.07,Critical
2026-07-28 09:30:00,Biotech Department,5.68,29.12,5.13,Normal
2026-08-23 00:00:00,BT Department,4.05,23.69,5.85,Normal
2026-08-16 12:10:00,Mechanical Lab,5.29,52.53,9.93,Normal
2026-07-26 13:10:00,IT Department,4.92,21.55,4.38,Normal
2026-08-11 23:10:00,IT Department,3.98,30.05,7.55,Normal
2026-07-04 06:40:00,AIML Department,4.85,6.61,1.36,Normal
2026-07-04 01:20:00,New Seminar Hall,4.54,27.62,6.09,Normal
2026-08-11 20:20:00,HOD Department,4.33,42.75,9.87,Normal
2026-08-22 18:10:00,AI Lab,6.23,46.39,7.45,Normal
2026-07-30 12:00:00,Biotech Department,18.85,908.84,48.23,Critical
2026-07-19 21:20:00,CSE Department,14.61,987.45,67.58,Critical
2026-08-21 03:40:00,AIML Department,9.15,191.37,20.92,Suspicious
2026-08-07 22:00:00,IT Department,2.63,15.96,6.06,Normal
2026-07-25 14:10:00,IT Department,5.16,26.4,5.12,Normal
2026-07-11 11:10:00,Chemistry Lab,5.56,10.78,1.94,Normal
2026-08-16 06:30:00,Chemistry Lab,5.36,38.56,7.2,Normal
2026-08-14 03:50:00,IT Department,4.52,9.22,2.04,Normal
2026-08-07 05:00:00,AIML Department,3.61,4.72,1.31,Normal
2026-07-27 23:10:00,CSE Department,5.04,42.36,8.41,Normal
2026-08-18 21:40:00,Chemistry Lab,6.38,47.73,7.49,Normal
2026-08-13 09:00:00,BT Department,20.64,1482.76,71.83,Critical
2026-08-23 04:20:00,IT Department,4.11,28.21,6.87,Normal
2026-08-03 03:20:00,AI Lab,5.75,15.82,2.75,Normal
2026-08-13 11:40:00,Chemistry Lab,6.22,9.65,1.55,Normal
2026-07-17 16:30:00,IT Department,4.33,11.77,2.72,Normal
2026-08-25 04:40:00,BT Department,4.58,33.18,7.25,Normal
2026-07-18 07:00:00,New Seminar Hall,5.83,30.47,5.22,Normal
2026-08-07 22:50:00,Electronics Department,5.0,23.33,4.66,Normal
2026-08-21 07:20:00,BT Department,4.12,12.87,3.12,Normal
2026-08-13 13:50:00,New Seminar Hall,7.04,61.38,8.72,Normal
2026-07-04 13:20:00,IT Department,4.61,18.53,4.02,Normal
2026-07-02 11:10:00,Chemistry Lab,5.51,28.93,5.25,Normal
2026-08-18 10:40:00,CSE Department,2.56,12.31,4.81,Normal
2026-08-20 02:30:00,HOD Department,1.92,9.58,4.98,Normal
2026-08-23 13:00:00,Mechanical Lab,7.13,29.9,4.2,Normal
2026-08-25 09:30:00,Physics Lab,6.89,49.69,7.21,Normal
2026-07-15 06:50:00,IT Department,4.78,29.72,6.22,Normal
2026-07-22 18:00:00,Mechanical Lab,27.9,2069.05,74.16,Critical
2026-07-07 14:00:00,AIML Department,3.7,14.95,4.04,Normal
2026-08-25 19:40:00,IT Department,4.83,43.09,8.91,Normal
2026-08-03 22:10:00,Chemistry Lab,5.9,12.75,2.16,Normal
2026-07-17 06:10:00,IT Department,5.04,21.9,4.35,Normal
2026-08-01 10:50:00,New Seminar Hall,6.89,40.86,5.93,Normal
2026-08-02 07:30:00,Physics Lab,3.59,35.87,10.0,Normal
2026-07-27 03:20:00,Chemistry Lab,6.75,7.49,1.11,Normal
2026-08-16 11:10:00,AIML Department,4.53,11.63,2.57,Normal
2026-07-13 14:00:00,Electronics Department,4.82,8.86,1.84,Normal
2026-07-12 02:10:00,New Seminar Hall,8.3,57.68,6.95,Normal
2026-07-22 08:50:00,Electronics Department,22.05,1109.65,50.33,Critical
2026-08-12 07:30:00,Electronics Department,3.5,10.73,3.07,Normal
2026-07-15 12:40:00,Physics Lab,5.29,43.77,8.28,Normal
2026-07-06 15:50:00,BT Department,5.51,50.31,9.13,Normal
2026-07-11 19:20:00,Biotech Department,4.58,33.55,7.32,Normal
2026-08-24 06:40:00,Mechanical Lab,4.41,17.61,4.0,Normal
2026-08-01 16:50:00,Chemistry Lab,5.01,13.1,2.62,Normal
2026-07-30 15:10:00,Electronics Department,4.05,4.63,1.14,Normal
2026-08-16 12:40:00,New Seminar Hall,6.75,47.72,7.07,Normal
2026-08-06 17:40:00,Chemistry Lab,6.01,35.93,5.98,Normal
2026-07-24 04:40:00,New Seminar Hall,21.47,984.24,45.85,Critical
2026-07-07 00:30:00,Physics Lab,4.64,22.64,4.88,Normal
2026-07-11 01:50:00,Chemistry Lab,5.5,48.76,8.87,Normal
2026-07-10 22:20:00,Physics Lab,6.08,28.57,4.7,Normal
2026-07-16 06:00:00,AIML Department,3.84,30.38,7.91,Normal
2026-07-12 17:00:00,New Seminar Hall,6.27,21.66,3.46,Normal
2026-08-23 17:20:00,HOD Department,2.93,10.45,3.57,Normal
2026-07-04 02:30:00,HOD Department,4.44,28.18,6.35,Normal
2026-07-07 11:00:00,New Seminar Hall,4.12,36.67,8.89,Normal
2026-07-26 02:10:00,HOD Department,3.48,23.2,6.66,Normal
2026-08-19 23:40:00,AI Lab,4.52,6.0,1.33,Normal
2026-07-09 12:30:00,Biotech Department,14.61,415.35,28.42,Suspicious
2026-07-30 19:20:00,CSE Department,2.26,10.85,4.81,Normal
2026-08-06 13:40:00,New Seminar Hall,3.35,30.11,8.99,Normal
2026-08-08 06:50:00,CSE Department,3.49,5.45,1.56,Normal
2026-07-16 03:00:00,BT Department,4.96,40.9,8.24,Normal
2026-08-05 14:20:00,Mechanical Lab,6.63,27.2,4.11,Normal
2026-07-04 12:00:00,HOD Department,2.99,18.65,6.24,Normal
2026-08-18 06:10:00,Mechanical Lab,7.72,59.91,7.76,Normal
2026-07-14 21:00:00,Mechanical Lab,7.38,17.08,2.32,Normal
2026-07-06 02:50:00,New Seminar Hall,3.94,9.29,2.36,Normal
2026-08-14 06:10:00,Biotech Department,5.67,10.49,1.85,Normal
2026-08-24 14:00:00,AIML Department,17.67,1440.11,81.51,Critical
2026-07-14 21:30:00,Chemistry Lab,5.3,7.36,1.39,Normal
2026-07-20 03:40:00,New Seminar Hall,4.47,14.24,3.19,Normal
2026-08-11 09:10:00,BT Department,3.52,8.19,2.33,Normal
2026-08-11 14:50:00,Chemistry Lab,6.8,33.39,4.91,Normal
2026-07-31 12:50:00,Mechanical Lab,8.94,86.86,9.71,Normal
2026-08-18 14:00:00,Mechanical Lab,17.64,365.25,20.71,Suspicious
2026-07-14 10:00:00,New Seminar Hall,5.4,45.23,8.38,Normal
2026-08-12 04:50:00,Biotech Department,4.67,19.74,4.23,Normal
2026-08-19 11:10:00,AI Lab,4.9,23.28,4.76,Normal
2026-07-18 15:40:00,CSE Department,9.78,104.37,10.67,Suspicious
2026-07-22 10:00:00,AIML Department,16.8,1476.79,87.92,Critical
2026-07-26 08:30:00,New Seminar Hall,7.26,28.38,3.91,Normal
2026-07-07 04:50:00,AIML Department,4.64,12.68,2.73,Normal
2026-07-05 02:20:00,BT Department,2.22,17.3,7.79,Normal
2026-07-27 04:40:00,Biotech Department,5.36,13.99,2.61,Normal
2026-07-30 09:50:00,AI Lab,3.95,22.02,5.57,Normal
2026-07-26 21:10:00,Mechanical Lab,7.74,68.74,8.88,Normal
2026-08-23 20:10:00,Mechanical Lab,5.98,35.38,5.92,Normal
2026-08-15 19:10:00,Physics Lab,5.99,38.77,6.48,Normal
2026-08-08 12:40:00,AI Lab,6.87,40.74,5.93,Normal
2026-07-21 22:00:00,IT Department,1.34,3.44,2.57,Normal
2026-07-18 21:30:00,Physics Lab,5.51,25.12,4.56,Normal
2026-07-08 14:40:00,Chemistry Lab,5.56,12.78,2.3,Normal
2026-07-14 22:40:00,New Seminar Hall,25.78,2129.96,82.62,Critical
2026-07-18 21:40:00,Biotech Department,4.79,17.56,3.67,Normal
2026-08-13 20:30:00,IT Department,2.73,18.69,6.85,Normal
2026-07-02 23:30:00,Electronics Department,4.8,40.77,8.5,Normal
2026-08-04 11:30:00,CSE Department,4.12,33.96,8.25,Normal
2026-07-09 04:50:00,Physics Lab,6.49,33.51,5.16,Normal
2026-08-16 07:30:00,Mechanical Lab,3.98,30.03,7.54,Normal
2026-07-30 21:50:00,Chemistry Lab,5.69,51.42,9.03,Normal
2026-08-11 10:20:00,AI Lab,6.07,7.88,1.3,Normal
2026-08-12 02:50:00,AIML Department,3.37,18.74,5.56,Normal
2026-08-13 05:00:00,HOD Department,3.36,25.55,7.6,Normal
2026-07-22 00:20:00,BT Department,4.8,39.33,8.19,Normal
2026-08-14 08:10:00,New Seminar Hall,27.77,1195.44,43.05,Critical
2026-08-13 01:50:00,IT Department,5.05,17.52,3.47,Normal
2026-08-23 04:10:00,HOD Department,7.6,220.13,28.97,Suspicious
2026-08-11 18:50:00,HOD Department,3.42,32.65,9.54,Normal
2026-07-28 13:10:00,AIML Department,2.93,21.91,7.47,Normal
2026-07-23 03:00:00,CSE Department,15.58,1324.22,85.01,Critical
2026-08-19 22:10:00,Physics Lab,4.17,39.3,9.43,Normal
2026-07-29 14:50:00,Biotech Department,5.71,7.54,1.32,Normal
2026-08-18 02:20:00,Electronics Department,4.65,41.12,8.85,Normal
2026-07-23 18:10:00,BT Department,4.83,46.16,9.56,Normal
2026-07-14 00:20:00,IT Department,5.04,42.32,8.4,Normal
2026-07-05 10:50:00,CSE Department,16.13,952.68,59.06,Critical
2026-07-20 06:10:00,Electronics Department,5.13,11.8,2.3,Normal
2026-07-30 01:30:00,Physics Lab,7.23,11.69,1.62,Normal
2026-07-05 05:20:00,Physics Lab,6.8,15.05,2.21,Normal
2026-08-13 21:20:00,BT Department,5.84,58.27,9.98,Normal
2026-08-09 11:40:00,Mechanical Lab,5.32,45.68,8.58,Normal
2026-07-03 00:30:00,Biotech Department,12.93,265.65,20.55,Suspicious
2026-08-01 03:30:00,New Seminar Hall,5.19,15.87,3.05,Normal
2026-08-08 21:20:00,IT Department,4.25,30.22,7.12,Normal
2026-07-04 03:30:00,Physics Lab,6.08,30.18,4.97,Normal
2026-07-11 08:20:00,Physics Lab,4.72,45.62,9.66,Normal
2026-07-03 03:30:00,IT Department,8.56,93.98,10.98,Suspicious
2026-08-07 14:40:00,New Seminar Hall,6.25,17.88,2.86,Normal
2026-08-21 00:20:00,Electronics Department,5.22,7.84,1.5,Normal
2026-07-13 01:30:00,AIML Department,2.59,3.15,1.22,Normal
2026-07-13 07:30:00,IT Department,12.13,148.51,12.25,Suspicious
2026-08-15 16:10:00,AI Lab,5.62,19.86,3.54,Normal
2026-08-04 13:40:00,AIML Department,3.12,7.49,2.41,Normal
2026-07-18 16:00:00,AIML Department,4.85,36.74,7.57,Normal
2026-08-07 17:00:00,New Seminar Hall,6.61,15.17,2.29,Normal
2026-07-03 16:40:00,IT Department,13.52,550.04,40.69,Critical
2026-08-15 14:10:00,Electronics Department,14.9,619.91,41.6,Critical
2026-07-12 10:50:00,Electronics Department,3.75,12.82,3.42,Normal
2026-08-02 02:40:00,Biotech Department,12.85,275.42,21.43,Suspicious
2026-07-27 04:50:00,AI Lab,5.11,33.76,6.61,Normal
2026-08-25 07:30:00,Electronics Department,3.67,14.33,3.9,Normal
2026-07-20 16:10:00,BT Department,5.69,42.07,7.39,Normal
2026-07-11 21:50:00,HOD Department,3.56,26.7,7.51,Normal
2026-08-11 18:30:00,Chemistry Lab,5.96,49.44,8.3,Normal
2026-08-19 16:20:00,Mechanical Lab,4.54,18.75,4.13,Normal
2026-08-21 19:00:00,IT Department,2.96,26.54,8.98,Normal
2026-08-09 12:20:00,Physics Lab,6.95,59.35,8.54,Normal
2026-08-15 06:30:00,Biotech Department,5.11,42.52,8.32,Normal
2026-07-13 14:20:00,Mechanical Lab,5.16,29.6,5.73,Normal
2026-08-25 02:50:00,BT Department,1.52,6.79,4.47,Normal
2026-07-29 08:50:00,Mechanical Lab,4.37,7.98,1.83,Normal
2026-08-08 08:40:00,Chemistry Lab,6.88,61.73,8.97,Normal
2026-08-14 06:20:00,CSE Department,3.28,28.1,8.56,Normal
2026-08-15 09:20:00,New Seminar Hall,5.19,23.22,4.48,Normal
2026-08-22 06:40:00,Mechanical Lab,7.12,58.37,8.2,Normal
2026-07-03 20:30:00,Mechanical Lab,5.07,45.52,8.98,Normal
2026-08-25 06:10:00,Electronics Department,12.86,267.75,20.81,Suspicious
2026-08-20 07:30:00,Mechanical Lab,5.61,37.4,6.67,Normal
2026-08-03 03:30:00,Physics Lab,4.53,28.34,6.26,Normal
2026-08-01 04:30:00,HOD Department,3.01,24.7,8.21,Normal
2026-08-14 15:20:00,IT Department,4.41,5.29,1.2,Normal
2026-08-21 15:10:00,AI Lab,5.62,26.92,4.79,Normal
2026-07-19 03:00:00,BT Department,4.99,33.89,6.8,Normal
2026-08-09 05:30:00,AIML Department,4.03,4.18,1.04,Normal
2026-08-21 06:20:00,HOD Department,8.38,236.75,28.26,Suspicious
2026-08-21 21:20:00,Biotech Department,3.84,8.73,2.28,Normal
2026-07-22 17:50:00,AIML Department,4.8,11.02,2.29,Normal
2026-08-21 12:20:00,Electronics Department,3.84,19.67,5.12,Normal
2026-07-15 22:20:00,Electronics Department,4.2,16.33,3.89,Normal
2026-07-05 17:20:00,Physics Lab,3.86,7.43,1.93,Normal
2026-07-18 15:30:00,Electronics Department,3.53,33.65,9.53,Normal
2026-07-19 20:10:00,IT Department,4.76,6.15,1.29,Normal
2026-08-10 15:10:00,Electronics Department,11.28,189.18,16.77,Suspicious
2026-07-31 22:20:00,BT Department,4.09,21.78,5.32,Normal
2026-08-11 04:40:00,BT Department,3.42,23.99,7.02,Normal
2026-08-23 22:30:00,HOD Department,4.17,32.33,7.75,Normal
2026-07-17 13:00:00,Biotech Department,4.46,43.84,9.83,Normal
2026-08-12 23:20:00,AIML Department,4.59,44.12,9.61,Normal
2026-07-26 11:10:00,New Seminar Hall,5.69,30.0,5.28,Normal
2026-07-28 07:10:00,Biotech Department,6.42,59.96,9.34,Normal
2026-08-08 02:20:00,AI Lab,5.05,27.64,5.47,Normal
2026-07-30 13:50:00,CSE Department,5.6,32.29,5.77,Normal
2026-07-11 17:00:00,CSE Department,6.33,40.29,6.37,Normal
2026-07-18 00:10:00,Mechanical Lab,22.42,973.47,43.43,Critical
2026-07-28 05:40:00,Mechanical Lab,6.24,43.27,6.93,Normal
2026-07-09 21:20:00,Electronics Department,5.44,18.01,3.31,Normal
2026-07-19 19:30:00,Electronics Department,10.33,143.92,13.93,Suspicious
2026-07-20 21:30:00,Chemistry Lab,4.33,17.32,4.0,Normal
2026-08-08 07:40:00,HOD Department,4.01,20.12,5.01,Normal
2026-08-21 02:20:00,Chemistry Lab,18.1,1288.66,71.21,Critical
2026-08-23 21:20:00,Biotech Department,5.6,29.06,5.19,Normal
2026-08-14 11:20:00,AI Lab,3.27,20.58,6.29,Normal
2026-07-30 04:10:00,Physics Lab,7.23,37.37,5.17,Normal
2026-08-11 18:40:00,Chemistry Lab,5.65,47.62,8.43,Normal
2026-07-22 14:10:00,BT Department,22.49,1821.55,80.98,Critical
2026-08-17 20:30:00,AI Lab,6.13,55.08,8.98,Normal
2026-08-25 06:20:00,Electronics Department,4.21,29.69,7.06,Normal
2026-07-13 09:10:00,HOD Department,3.25,13.68,4.21,Normal
2026-07-20 22:30:00,Biotech Department,4.38,22.86,5.21,Normal
2026-08-12 17:50:00,Chemistry Lab,6.6,19.55,2.96,Normal
2026-08-24 06:00:00,BT Department,5.9,19.22,3.26,Normal
2026-07-18 12:30:00,HOD Department,13.47,746.59,55.41,Critical
2026-07-19 03:20:00,Electronics Department,4.04,12.97,3.21,Normal
2026-08-25 16:20:00,Chemistry Lab,6.87,37.4,5.44,Normal
2026-08-17 03:30:00,BT Department,3.88,38.41,9.89,Normal
2026-08-13 08:20:00,Chemistry Lab,6.56,50.61,7.71,Normal
2026-07-06 05:50:00,Chemistry Lab,5.26,14.26,2.71,Normal
2026-07-22 11:40:00,New Seminar Hall,6.96,55.02,7.91,Normal
2026-08-17 18:30:00,IT Department,10.81,127.04,11.75,Suspicious
2026-08-06 08:50:00,New Seminar Hall,13.35,173.11,12.97,Suspicious
2026-08-12 18:50:00,Mechanical Lab,7.14,8.07,1.13,Normal
2026-07-01 20:00:00,AIML Department,3.06,16.73,5.48,Normal
2026-08-01 05:20:00,Physics Lab,6.73,64.95,9.65,Normal
2026-08-03 22:30:00,Physics Lab,7.22,66.51,9.22,Normal
2026-08-22 07:10:00,Biotech Department,5.64,40.05,7.11,Normal
2026-08-05 18:10:00,New Seminar Hall,25.16,2160.81,85.87,Critical
2026-07-09 14:20:00,CSE Department,4.54,20.36,4.48,Normal
2026-07-19 09:30:00,Electronics Department,4.68,22.61,4.83,Normal
2026-07-09 03:30:00,New Seminar Hall,6.64,41.7,6.28,Normal
2026-07-09 22:50:00,Chemistry Lab,6.13,51.23,8.36,Normal
2026-08-20 03:00:00,Biotech Department,4.42,34.08,7.72,Normal
2026-08-16 04:40:00,Physics Lab,6.63,54.98,8.29,Normal
2026-08-12 01:20:00,Electronics Department,3.9,36.4,9.33,Normal
2026-07-24 14:30:00,Mechanical Lab,27.91,1743.12,62.46,Critical
2026-08-05 17:00:00,Electronics Department,4.52,12.73,2.81,Normal
2026-07-29 04:00:00,Mechanical Lab,6.36,34.05,5.36,Normal
2026-07-12 06:50:00,New Seminar Hall,5.09,9.66,1.9,Normal
2026-07-28 11:00:00,Electronics Department,3.89,17.04,4.37,Normal
2026-07-27 05:30:00,BT Department,3.45,8.21,2.38,Normal
2026-07-31 14:20:00,HOD Department,4.93,39.17,7.94,Normal
2026-07-10 15:50:00,Electronics Department,3.16,4.33,1.37,Normal
2026-08-25 17:30:00,Biotech Department,5.53,40.24,7.27,Normal
2026-08-18 19:10:00,Chemistry Lab,4.89,16.47,3.37,Normal
2026-07-04 09:20:00,Chemistry Lab,5.02,48.33,9.63,Normal
2026-07-08 23:20:00,Chemistry Lab,6.07,25.03,4.12,Normal
2026-07-19 15:30:00,HOD Department,4.92,24.62,5.0,Normal
2026-08-09 14:00:00,CSE Department,4.03,14.96,3.71,Normal
2026-07-05 20:10:00,New Seminar Hall,7.62,71.83,9.43,Normal
2026-07-12 01:40:00,BT Department,4.42,10.54,2.38,Normal
2026-08-12 15:20:00,Physics Lab,7.29,56.7,7.78,Normal
2026-08-12 18:40:00,AIML Department,16.51,1281.3,77.6,Critical
2026-07-21 03:20:00,Physics Lab,5.43,48.68,8.96,Normal
2026-07-25 15:50:00,HOD Department,2.07,9.48,4.58,Normal
2026-08-10 09:50:00,Mechanical Lab,4.54,7.61,1.68,Normal
2026-07-05 17:00:00,New Seminar Hall,4.52,17.19,3.8,Normal
2026-08-03 10:40:00,Chemistry Lab,5.85,40.44,6.91,Normal
2026-07-10 00:10:00,CSE Department,3.2,27.61,8.64,Normal
2026-08-08 09:50:00,AI Lab,2.87,25.49,8.87,Normal
2026-07-04 16:20:00,AI Lab,4.33,28.11,6.49,Normal
2026-07-12 08:00:00,Biotech Department,4.64,41.07,8.84,Normal
2026-08-02 19:20:00,Biotech Department,13.6,388.26,28.56,Suspicious
2026-07-11 11:40:00,Chemistry Lab,4.94,11.81,2.39,Normal
2026-07-22 10:40:00,Biotech Department,6.18,58.68,9.5,Normal
2026-08-05 03:00:00,Electronics Department,5.11,34.52,6.76,Normal
2026-08-13 03:00:00,AI Lab,3.95,6.57,1.66,Normal
2026-07-24 01:30:00,Mechanical Lab,17.41,316.23,18.17,Suspicious
2026-07-26 21:50:00,Electronics Department,11.26,335.17,29.77,Suspicious
2026-07-30 02:50:00,Electronics Department,3.44,25.74,7.49,Normal
2026-08-19 19:10:00,CSE Department,3.47,19.17,5.53,Normal
2026-08-04 17:40:00,BT Department,15.27,1094.0,71.66,Critical
2026-07-23 17:30:00,AI Lab,5.29,8.57,1.62,Normal
2026-07-08 18:40:00,IT Department,5.52,7.23,1.31,Normal
2026-08-03 18:30:00,AI Lab,13.81,256.59,18.58,Suspicious
2026-07-19 14:30:00,Biotech Department,3.79,12.26,3.24,Normal
2026-07-12 20:40:00,Physics Lab,8.32,34.36,4.13,Normal
2026-07-18 04:10:00,Mechanical Lab,4.82,34.29,7.11,Normal
2026-08-05 14:30:00,IT Department,11.3,312.39,27.65,Suspicious
2026-08-21 01:40:00,IT Department,5.67,5.99,1.06,Normal
2026-08-12 14:30:00,Mechanical Lab,6.3,51.81,8.22,Normal
2026-07-22 20:10:00,Physics Lab,4.63,12.21,2.64,Normal
2026-07-28 22:40:00,HOD Department,2.37,12.7,5.37,Normal
2026-08-20 23:00:00,CSE Department,3.79,22.04,5.82,Normal
2026-08-23 01:00:00,New Seminar Hall,4.49,10.74,2.39,Normal
2026-08-09 21:40:00,HOD Department,4.06,13.31,3.27,Normal
2026-08-14 09:30:00,Mechanical Lab,7.08,31.39,4.43,Normal
2026-08-07 01:50:00,AI Lab,6.04,29.85,4.94,Normal
2026-07-11 02:40:00,New Seminar Hall,8.37,20.12,2.41,Normal
2026-07-14 03:30:00,Electronics Department,16.99,1075.96,63.33,Critical
2026-07-13 19:40:00,Physics Lab,7.36,10.78,1.47,Normal
2026-07-28 19:30:00,Electronics Department,4.07,38.64,9.5,Normal
2026-07-11 13:50:00,Physics Lab,4.95,14.51,2.93,Normal
2026-08-10 15:20:00,IT Department,4.95,12.3,2.48,Normal
2026-07-01 13:50:00,Physics Lab,5.79,55.35,9.56,Normal
2026-08-13 02:10:00,Electronics Department,5.48,18.0,3.29,Normal
2026-07-04 10:00:00,HOD Department,4.22,24.68,5.85,Normal
2026-07-17 17:10:00,Physics Lab,6.52,62.72,9.61,Normal
2026-07-26 17:00:00,Chemistry Lab,6.99,64.11,9.17,Normal
2026-08-14 00:30:00,Electronics Department,5.28,40.28,7.63,Normal
2026-07-23 09:50:00,Electronics Department,9.34,258.29,27.66,Suspicious
2026-07-10 06:20:00,IT Department,4.43,15.12,3.41,Normal
2026-08-11 14:00:00,Mechanical Lab,5.91,23.11,3.91,Normal
2026-08-01 04:50:00,Chemistry Lab,4.44,30.08,6.78,Normal
2026-07-25 01:20:00,Electronics Department,5.99,15.75,2.63,Normal
2026-07-16 04:10:00,BT Department,4.95,13.56,2.74,Normal
2026-07-19 15:20:00,Physics Lab,5.1,36.7,7.2,Normal
2026-07-29 05:20:00,AIML Department,11.91,142.52,11.96,Suspicious
2026-08-23 23:00:00,HOD Department,3.75,19.36,5.16,Normal
2026-07-13 00:10:00,IT Department,3.28,5.97,1.82,Normal
2026-08-10 19:30:00,HOD Department,3.38,6.25,1.85,Normal
2026-08-06 23:10:00,Chemistry Lab,4.11,25.73,6.25,Normal
2026-07-13 02:00:00,HOD Department,7.3,110.08,15.08,Suspicious
2026-08-13 16:40:00,CSE Department,7.84,95.53,12.18,Suspicious
2026-08-14 14:30:00,AI Lab,6.86,46.38,6.76,Normal
2026-07-26 13:50:00,CSE Department,4.34,8.83,2.03,Normal
2026-07-03 22:00:00,CSE Department,4.49,31.39,6.99,Normal
2026-08-13 01:40:00,CSE Department,11.64,309.62,26.6,Suspicious
2026-08-08 04:50:00,Electronics Department,3.22,8.95,2.78,Normal
2026-08-04 05:40:00,New Seminar Hall,15.85,318.23,20.07,Suspicious
2026-08-22 22:40:00,HOD Department,3.65,5.89,1.61,Normal
2026-07-02 07:20:00,BT Department,4.34,18.22,4.2,Normal
2026-08-04 06:00:00,BT Department,19.31,1586.1,82.15,Critical
2026-08-01 00:30:00,Mechanical Lab,5.55,16.38,2.95,Normal
2026-08-22 02:00:00,CSE Department,3.52,30.56,8.68,Normal
2026-08-16 00:40:00,BT Department,11.41,156.65,13.72,Suspicious
2026-07-06 07:00:00,AI Lab,5.94,23.24,3.91,Normal
2026-08-06 17:50:00,Chemistry Lab,5.61,51.27,9.15,Normal
2026-07-23 11:20:00,Chemistry Lab,6.94,22.22,3.2,Normal
2026-08-19 10:20:00,BT Department,3.9,35.15,9.0,Normal
2026-08-01 02:30:00,Chemistry Lab,2.98,6.05,2.03,Normal
2026-08-09 07:30:00,HOD Department,9.37,258.23,27.55,Suspicious
2026-07-04 03:40:00,New Seminar Hall,4.74,26.65,5.62,Normal
2026-07-01 11:20:00,HOD Department,3.12,12.55,4.02,Normal
2026-07-08 07:20:00,AI Lab,6.07,10.03,1.65,Normal
2026-08-04 23:00:00,HOD Department,3.07,16.14,5.25,Normal
2026-07-18 01:50:00,CSE Department,4.49,40.41,9.0,Normal
2026-07-19 00:10:00,AI Lab,4.78,33.19,6.94,Normal
2026-08-12 00:40:00,Electronics Department,4.1,10.9,2.66,Normal
2026-07-17 22:20:00,BT Department,1.88,4.62,2.46,Normal
2026-08-24 20:50:00,Chemistry Lab,14.86,432.34,29.1,Suspicious
2026-07-01 15:00:00,AI Lab,6.15,27.41,4.46,Normal
2026-07-20 23:40:00,IT Department,2.27,10.84,4.77,Normal
2026-07-24 17:50:00,AI Lab,3.71,15.39,4.15,Normal
2026-07-22 07:40:00,AI Lab,6.24,47.78,7.66,Normal
2026-07-24 16:40:00,CSE Department,3.47,8.93,2.58,Normal
2026-07-31 21:10:00,BT Department,4.39,40.86,9.32,Normal
2026-08-06 19:20:00,Physics Lab,8.25,35.33,4.28,Normal
2026-07-01 09:50:00,HOD Department,2.85,8.75,3.07,Normal
2026-08-03 09:20:00,HOD Department,4.13,12.77,3.09,Normal
2026-07-09 12:10:00,Physics Lab,7.01,24.8,3.54,Normal
2026-07-14 20:30:00,AIML Department,3.22,7.38,2.29,Normal
2026-07-18 16:50:00,Chemistry Lab,5.42,20.56,3.79,Normal
2026-07-21 05:10:00,Physics Lab,5.6,7.4,1.32,Normal
2026-07-28 04:10:00,AIML Department,5.56,16.48,2.96,Normal
2026-07-08 11:00:00,Chemistry Lab,21.58,1202.2,55.7,Critical
2026-07-28 01:20:00,AI Lab,1.22,3.83,3.15,Normal
2026-07-22 02:10:00,New Seminar Hall,5.83,9.5,1.63,Normal
2026-07-08 00:10:00,Physics Lab,23.9,1417.72,59.33,Critical
2026-07-21 09:30:00,Physics Lab,13.77,298.95,21.72,Suspicious
2026-07-22 06:30:00,IT Department,3.04,6.47,2.13,Normal
2026-07-24 12:20:00,Biotech Department,6.74,24.43,3.62,Normal
2026-08-09 16:10:00,CSE Department,3.44,25.81,7.51,Normal
2026-07-06 10:30:00,Physics Lab,5.51,48.28,8.76,Normal
2026-07-31 21:20:00,AI Lab,4.08,5.85,1.44,Normal
2026-07-11 08:00:00,Physics Lab,4.26,5.69,1.34,Normal
2026-07-21 07:10:00,IT Department,1.06,5.52,5.19,Normal
2026-07-29 00:20:00,Mechanical Lab,5.05,23.69,4.69,Normal
2026-07-07 16:40:00,Physics Lab,4.08,19.64,4.81,Normal
2026-08-16 17:20:00,IT Department,8.27,180.61,21.83,Suspicious
2026-08-13 17:10:00,New Seminar Hall,7.3,43.78,6.0,Normal
2026-07-29 17:30:00,Mechanical Lab,5.78,16.93,2.93,Normal
2026-08-21 15:30:00,Physics Lab,3.65,25.5,6.99,Normal
2026-08-13 18:40:00,Electronics Department,3.68,5.85,1.59,Normal
2026-07-20 14:00:00,AIML Department,4.98,35.14,7.05,Normal
2026-07-12 14:40:00,BT Department,12.39,344.38,27.79,Suspicious
2026-08-14 09:50:00,IT Department,3.86,15.64,4.05,Normal
2026-07-07 00:50:00,Biotech Department,3.93,8.38,2.13,Normal
2026-07-10 19:50:00,AIML Department,3.72,9.73,2.62,Normal
2026-07-27 02:40:00,Mechanical Lab,3.81,35.54,9.32,Normal
2026-08-24 07:40:00,HOD Department,3.72,8.67,2.33,Normal
2026-08-20 06:20:00,HOD Department,4.55,36.65,8.06,Normal
2026-07-07 05:40:00,AIML Department,5.33,31.89,5.98,Normal
2026-07-08 06:40:00,Electronics Department,17.95,739.51,41.19,Critical
2026-08-11 16:50:00,Chemistry Lab,6.79,55.79,8.22,Normal
2026-07-29 21:40:00,New Seminar Hall,5.92,41.62,7.03,Normal
2026-07-12 16:50:00,Biotech Department,13.71,377.67,27.55,Suspicious
2026-07-12 21:50:00,New Seminar Hall,7.91,33.7,4.26,Normal
2026-08-02 04:50:00,CSE Department,4.46,6.3,1.41,Normal
2026-07-23 08:50:00,New Seminar Hall,5.8,11.04,1.9,Normal
2026-08-14 23:50:00,HOD Department,4.62,31.07,6.72,Normal
2026-07-10 16:30:00,BT Department,10.12,259.75,25.67,Suspicious
2026-08-13 18:10:00,Biotech Department,6.35,6.62,1.04,Normal
2026-07-23 18:20:00,IT Department,4.81,9.36,1.94,Normal
2026-08-23 00:20:00,AIML Department,3.23,23.77,7.35,Normal
2026-08-13 02:00:00,Mechanical Lab,8.98,19.65,2.19,Normal
2026-08-03 13:10:00,Physics Lab,5.39,11.93,2.21,Normal
2026-08-13 19:00:00,CSE Department,4.8,47.47,9.88,Normal
2026-07-23 18:40:00,AI Lab,4.77,32.64,6.85,Normal
2026-08-15 19:30:00,Chemistry Lab,5.84,35.56,6.09,Normal
2026-07-06 05:10:00,Mechanical Lab,7.35,19.8,2.69,Normal
2026-08-05 18:50:00,Electronics Department,5.09,45.48,8.93,Normal
2026-08-14 15:30:00,Mechanical Lab,3.7,24.33,6.58,Normal
2026-07-24 04:30:00,HOD Department,2.76,21.62,7.82,Normal
2026-07-26 20:10:00,BT Department,8.87,245.51,27.66,Suspicious
2026-07-18 01:20:00,Electronics Department,3.3,18.9,5.72,Normal
2026-08-21 13:50:00,Chemistry Lab,6.21,23.8,3.83,Normal
2026-07-10 13:10:00,New Seminar Hall,8.78,80.49,9.17,Normal
2026-08-22 00:50:00,Chemistry Lab,6.81,22.21,3.26,Normal
2026-08-07 21:00:00,AI Lab,5.69,25.64,4.51,Normal
2026-08-15 22:00:00,IT Department,2.98,13.83,4.64,Normal
2026-08-04 10:10:00,Biotech Department,5.84,40.13,6.87,Normal
2026-08-01 04:00:00,BT Department,3.79,37.74,9.95,Normal
2026-08-16 18:50:00,IT Department,3.36,12.9,3.84,Normal
2026-07-08 04:20:00,AIML Department,2.58,7.4,2.87,Normal
2026-08-14 11:40:00,Biotech Department,3.34,21.16,6.33,Normal
2026-08-20 18:20:00,Electronics Department,4.72,26.27,5.57,Normal
2026-08-18 03:40:00,Mechanical Lab,7.33,71.49,9.76,Normal
2026-08-24 12:00:00,Biotech Department,5.48,5.73,1.05,Normal
2026-07-29 10:50:00,IT Department,3.5,3.96,1.13,Normal
2026-07-25 12:50:00,AI Lab,3.42,32.33,9.45,Normal
2026-07-18 12:20:00,Electronics Department,4.08,36.47,8.94,Normal
2026-08-06 17:00:00,Electronics Department,2.33,12.57,5.39,Normal
2026-07-28 05:30:00,HOD Department,4.87,12.4,2.55,Normal
2026-07-09 15:40:00,BT Department,5.18,38.52,7.44,Normal
2026-07-30 08:50:00,Physics Lab,4.76,6.4,1.34,Normal
2026-07-11 21:00:00,Physics Lab,5.75,23.41,4.07,Normal
2026-08-16 10:50:00,Electronics Department,13.09,267.21,20.42,Suspicious
2026-08-08 08:50:00,Physics Lab,4.7,35.64,7.58,Normal
2026-07-13 19:50:00,Biotech Department,4.19,37.71,9.01,Normal
2026-07-08 09:00:00,Electronics Department,4.42,28.62,6.48,Normal
2026-07-02 05:20:00,New Seminar Hall,11.81,319.83,27.07,Suspicious
2026-07-10 19:20:00,Electronics Department,4.4,5.71,1.3,Normal
2026-08-13 03:10:00,AIML Department,4.96,11.61,2.34,Normal
2026-08-01 09:00:00,CSE Department,4.62,9.27,2.01,Normal
2026-07-07 12:30:00,IT Department,1.64,7.12,4.33,Normal
2026-07-20 17:30:00,New Seminar Hall,6.8,19.15,2.81,Normal
2026-08-17 00:20:00,BT Department,9.12,144.83,15.88,Suspicious
2026-08-08 05:10:00,Biotech Department,4.23,8.56,2.02,Normal
2026-07-31 21:50:00,Mechanical Lab,6.27,20.78,3.32,Normal
2026-08-23 05:00:00,BT Department,2.84,4.15,1.46,Normal
2026-08-07 22:10:00,AI Lab,6.21,38.9,6.26,Normal
2026-08-18 00:40:00,HOD Department,9.09,237.66,26.13,Suspicious
2026-07-23 21:30:00,Biotech Department,5.4,31.09,5.76,Normal
2026-08-17 12:30:00,IT Department,5.7,53.3,9.35,Normal
2026-07-09 17:20:00,IT Department,5.06,32.75,6.47,Normal
2026-07-28 04:40:00,Biotech Department,4.59,42.77,9.32,Normal
2026-08-20 05:20:00,New Seminar Hall,19.39,1628.81,83.99,Critical
2026-07-29 13:30:00,Electronics Department,4.45,10.78,2.42,Normal
2026-08-17 21:40:00,BT Department,5.89,49.83,8.46,Normal
2026-08-12 13:00:00,New Seminar Hall,7.01,56.11,8.01,Normal
2026-07-09 22:30:00,AI Lab,4.1,21.92,5.34,Normal
2026-07-17 05:30:00,IT Department,5.01,36.05,7.19,Normal
2026-07-20 08:40:00,CSE Department,2.68,23.82,8.89,Normal
2026-07-03 05:50:00,Chemistry Lab,5.36,14.53,2.71,Normal
2026-08-02 04:10:00,Chemistry Lab,5.34,34.24,6.42,Normal
2026-07-08 12:30:00,Electronics Department,4.44,14.57,3.28,Normal
2026-07-09 20:50:00,BT Department,12.64,370.35,29.31,Suspicious
2026-07-08 08:00:00,HOD Department,8.33,91.52,10.99,Suspicious
2026-08-15 15:30:00,AIML Department,3.42,8.96,2.62,Normal
2026-08-06 07:00:00,Chemistry Lab,6.92,7.67,1.11,Normal
2026-07-27 22:00:00,New Seminar Hall,5.7,38.6,6.77,Normal
2026-07-18 22:00:00,New Seminar Hall,6.27,54.08,8.62,Normal
2026-07-31 03:30:00,Biotech Department,5.96,58.57,9.82,Normal
2026-07-08 16:20:00,Mechanical Lab,5.3,34.63,6.53,Normal
2026-08-21 19:40:00,BT Department,3.61,19.71,5.46,Normal
2026-07-03 06:50:00,Physics Lab,6.95,55.99,8.05,Normal
2026-07-08 13:50:00,Physics Lab,4.99,14.04,2.81,Normal
2026-07-10 11:20:00,New Seminar Hall,4.45,34.47,7.74,Normal
2026-07-08 01:20:00,Physics Lab,7.14,47.03,6.58,Normal
2026-07-17 20:50:00,New Seminar Hall,3.7,16.61,4.49,Normal
2026-08-15 19:20:00,BT Department,4.61,42.85,9.3,Normal
2026-07-14 19:10:00,Biotech Department,13.26,250.57,18.9,Suspicious
2026-08-10 07:10:00,CSE Department,4.03,15.92,3.95,Normal
2026-07-10 04:20:00,Electronics Department,4.79,32.68,6.83,Normal
2026-07-05 15:10:00,BT Department,6.24,50.2,8.04,Normal
2026-08-10 18:20:00,Mechanical Lab,4.59,45.31,9.87,Normal
2026-07-13 10:20:00,AI Lab,21.8,943.77,43.29,Critical
2026-07-10 23:40:00,New Seminar Hall,14.44,332.28,23.01,Suspicious
2026-08-15 14:20:00,Chemistry Lab,14.21,172.6,12.14,Suspicious
2026-07-12 07:10:00,Mechanical Lab,15.73,456.24,29.0,Suspicious
2026-07-12 19:50:00,AIML Department,8.2,183.64,22.38,Suspicious
2026-07-26 02:40:00,AI Lab,5.59,11.56,2.07,Normal
2026-07-17 16:00:00,Electronics Department,6.3,21.72,3.45,Normal
2026-07-16 16:40:00,AI Lab,3.56,29.08,8.16,Normal
2026-08-25 12:50:00,Electronics Department,6.13,49.56,8.08,Normal
2026-07-23 09:40:00,Mechanical Lab,22.78,774.12,33.98,Critical
2026-07-23 12:00:00,Mechanical Lab,2.97,14.53,4.9,Normal
2026-07-10 09:50:00,New Seminar Hall,6.55,55.28,8.44,Normal
2026-07-05 07:50:00,BT Department,4.17,26.19,6.29,Normal
2026-07-17 17:20:00,AI Lab,5.42,40.82,7.53,Normal
2026-07-10 05:20:00,Mechanical Lab,4.73,39.76,8.41,Normal
2026-08-15 13:20:00,CSE Department,3.53,16.35,4.64,Normal
2026-08-04 18:10:00,Mechanical Lab,27.93,1511.94,54.13,Critical
2026-08-16 08:00:00,Chemistry Lab,6.03,53.77,8.92,Normal
2026-07-15 04:10:00,Electronics Department,5.18,14.18,2.74,Normal
2026-07-19 15:50:00,BT Department,4.23,19.59,4.63,Normal
2026-07-03 04:50:00,CSE Department,2.84,20.64,7.27,Normal
2026-07-05 16:50:00,AI Lab,6.82,66.01,9.68,Normal
2026-08-11 13:40:00,CSE Department,9.93,190.3,19.16,Suspicious
2026-07-22 17:30:00,CSE Department,19.11,993.89,52.02,Critical
2026-07-25 09:40:00,HOD Department,4.33,9.34,2.16,Normal
2026-08-18 21:20:00,BT Department,3.73,4.82,1.29,Normal
2026-07-31 20:40:00,Electronics Department,3.51,3.66,1.04,Normal
2026-07-29 06:30:00,Biotech Department,6.66,25.62,3.84,Normal
2026-08-22 23:00:00,Physics Lab,5.23,52.06,9.96,Normal
2026-08-08 19:50:00,Biotech Department,4.97,5.88,1.18,Normal
2026-08-09 00:00:00,HOD Department,12.07,384.44,31.86,Critical
2026-07-15 13:00:00,IT Department,4.44,10.78,2.43,Normal
2026-07-31 14:00:00,New Seminar Hall,4.45,44.41,9.98,Normal
2026-08-17 21:20:00,Chemistry Lab,5.94,55.49,9.35,Normal
2026-07-16 00:10:00,BT Department,17.09,1019.61,59.68,Critical
2026-07-01 12:30:00,Mechanical Lab,3.6,33.95,9.44,Normal
2026-07-15 12:00:00,AIML Department,4.22,19.08,4.52,Normal
2026-07-28 14:40:00,Mechanical Lab,6.3,39.13,6.21,Normal
2026-08-20 13:40:00,IT Department,4.21,14.31,3.4,Normal
2026-07-23 16:00:00,Physics Lab,6.22,43.48,6.99,Normal
2026-08-22 02:10:00,HOD Department,3.23,27.15,8.41,Normal
2026-07-27 19:40:00,Mechanical Lab,3.8,37.61,9.9,Normal
2026-07-02 05:30:00,New Seminar Hall,7.3,59.16,8.11,Normal
2026-08-11 14:20:00,Physics Lab,6.77,44.47,6.56,Normal
2026-08-25 14:10:00,HOD Department,2.69,18.16,6.74,Normal
2026-08-02 06:30:00,HOD Department,3.39,17.39,5.13,Normal
2026-07-01 10:10:00,Electronics Department,3.93,5.07,1.29,Normal
2026-08-18 00:50:00,New Seminar Hall,19.19,1240.45,64.63,Critical
2026-08-01 10:00:00,Chemistry Lab,6.14,50.04,8.15,Normal
2026-07-11 22:10:00,HOD Department,2.06,5.67,2.76,Normal
2026-07-17 18:10:00,CSE Department,4.06,35.77,8.8,Normal
2026-08-02 14:40:00,IT Department,4.62,28.41,6.15,Normal
2026-07-22 12:40:00,AI Lab,5.0,23.42,4.69,Normal
2026-07-29 03:30:00,IT Department,3.61,29.44,8.16,Normal
2026-07-17 14:00:00,AI Lab,3.63,16.74,4.62,Normal
2026-07-03 22:20:00,IT Department,3.18,22.7,7.15,Normal
2026-08-10 21:30:00,Physics Lab,5.85,12.91,2.21,Normal
2026-08-18 03:00:00,AIML Department,2.88,27.52,9.57,Normal
2026-07-07 20:30:00,HOD Department,6.62,154.15,23.28,Suspicious
2026-08-23 11:30:00,AIML Department,10.76,311.83,28.99,Suspicious
2026-08-10 01:00:00,Mechanical Lab,6.05,36.29,6.0,Normal
2026-08-02 02:10:00,AI Lab,11.4,189.66,16.63,Suspicious
2026-07-16 05:50:00,BT Department,5.41,22.39,4.14,Normal
2026-07-26 06:30:00,AI Lab,5.21,32.55,6.25,Normal
2026-08-14 06:40:00,Mechanical Lab,8.05,63.89,7.94,Normal
2026-08-20 19:00:00,BT Department,4.05,12.81,3.16,Normal
2026-08-17 02:00:00,IT Department,2.79,15.14,5.42,Normal
2026-07-26 11:50:00,CSE Department,2.59,12.67,4.89,Normal
2026-07-05 00:10:00,CSE Department,3.07,13.43,4.37,Normal
2026-07-27 03:00:00,IT Department,5.64,32.21,5.71,Normal
2026-08-13 18:50:00,IT Department,10.07,150.73,14.96,Suspicious
2026-08-03 04:40:00,New Seminar Hall,4.5,37.2,8.26,Normal
2026-07-10 03:30:00,AIML Department,4.52,10.88,2.41,Normal
2026-07-31 01:30:00,New Seminar Hall,5.94,58.82,9.9,Normal
2026-07-11 00:20:00,CSE Department,3.25,29.34,9.03,Normal
2026-08-04 00:20:00,Electronics Department,4.02,5.76,1.43,Normal
2026-07-29 04:10:00,AI Lab,5.58,37.61,6.74,Normal
2026-07-31 19:40:00,AIML Department,5.73,29.33,5.12,Normal
2026-07-13 19:30:00,CSE Department,4.66,17.07,3.66,Normal
2026-07-22 00:30:00,BT Department,3.37,21.46,6.36,Normal
2026-07-11 08:10:00,CSE Department,3.85,14.97,3.89,Normal
2026-08-11 23:00:00,BT Department,5.25,32.55,6.2,Normal
2026-08-24 09:40:00,BT Department,4.11,28.98,7.05,Normal
2026-07-27 19:10:00,Physics Lab,2.44,12.92,5.29,Normal
2026-08-09 10:30:00,HOD Department,2.59,12.54,4.84,Normal
2026-07-10 04:10:00,CSE Department,2.92,14.3,4.89,Normal
2026-08-02 23:50:00,AIML Department,8.93,176.79,19.79,Suspicious
2026-07-13 05:20:00,HOD Department,4.15,31.07,7.49,Normal
2026-07-07 23:10:00,Physics Lab,7.07,65.01,9.19,Normal
2026-08-11 13:20:00,New Seminar Hall,6.12,35.85,5.86,Normal
2026-08-25 15:20:00,Physics Lab,4.97,14.3,2.88,Normal
2026-08-19 12:10:00,Biotech Department,5.19,21.96,4.23,Normal
2026-08-21 08:20:00,AI Lab,3.88,36.95,9.53,Normal
2026-07-04 03:10:00,Biotech Department,4.72,24.51,5.2,Normal
2026-07-15 17:10:00,New Seminar Hall,7.23,34.94,4.83,Normal
2026-08-23 02:10:00,Biotech Department,4.42,4.86,1.1,Normal
2026-07-15 01:30:00,Physics Lab,4.85,48.04,9.91,Normal
2026-07-02 10:20:00,New Seminar Hall,6.15,22.84,3.71,Normal
2026-07-28 08:00:00,CSE Department,3.92,37.35,9.52,Normal
2026-08-08 04:30:00,BT Department,3.37,30.33,9.0,Normal
2026-07-07 14:20:00,Physics Lab,5.43,12.37,2.28,Normal
2026-07-03 18:40:00,BT Department,3.97,37.53,9.44,Normal
2026-08-07 07:40:00,Mechanical Lab,7.18,25.45,3.54,Normal
2026-08-01 20:40:00,Mechanical Lab,3.77,7.27,1.93,Normal
2026-07-30 00:20:00,AI Lab,4.2,9.13,2.17,Normal
2026-07-06 13:40:00,Electronics Department,5.3,31.39,5.92,Normal
2026-07-21 23:10:00,IT Department,3.53,20.14,5.71,Normal
2026-08-25 14:30:00,Chemistry Lab,6.0,33.52,5.58,Normal
2026-07-21 14:40:00,Mechanical Lab,6.52,21.23,3.26,Normal
2026-07-03 11:50:00,HOD Department,13.96,848.68,60.81,Critical
2026-08-02 14:00:00,AI Lab,4.88,21.36,4.38,Normal
2026-07-05 22:10:00,HOD Department,7.09,158.48,22.34,Suspicious
2026-07-15 03:30:00,IT Department,9.58,161.58,16.86,Suspicious
2026-07-26 18:50:00,Chemistry Lab,19.06,1061.46,55.69,Critical
2026-07-03 11:00:00,CSE Department,4.22,25.99,6.16,Normal
2026-07-17 13:10:00,BT Department,3.01,7.3,2.42,Normal
2026-08-03 14:20:00,Electronics Department,20.82,1553.71,74.62,Critical
2026-07-17 16:40:00,Electronics Department,5.32,9.58,1.8,Normal
2026-07-27 01:00:00,CSE Department,5.07,15.15,2.99,Normal
2026-07-27 18:00:00,New Seminar Hall,5.33,21.49,4.03,Normal
2026-07-14 17:10:00,Physics Lab,24.26,941.23,38.79,Critical
2026-08-19 02:10:00,HOD Department,1.94,18.85,9.69,Normal
2026-07-25 03:10:00,New Seminar Hall,6.21,43.32,6.98,Normal
2026-07-06 12:50:00,Biotech Department,5.26,52.45,9.97,Normal
2026-07-26 14:20:00,BT Department,4.84,30.82,6.37,Normal
2026-08-10 20:00:00,AI Lab,6.22,30.43,4.89,Normal
2026-07-10 03:00:00,Biotech Department,2.88,14.41,5.0,Normal
2026-08-11 01:10:00,Physics Lab,5.96,33.77,5.67,Normal
2026-08-12 14:00:00,Chemistry Lab,3.0,27.85,9.28,Normal
2026-08-19 11:40:00,Chemistry Lab,6.29,62.3,9.91,Normal
2026-07-26 07:10:00,Mechanical Lab,4.36,14.1,3.23,Normal
2026-07-16 03:40:00,New Seminar Hall,9.46,14.47,1.53,Normal
2026-08-05 12:20:00,AI Lab,6.49,36.57,5.63,Normal
2026-07-29 20:50:00,AI Lab,5.22,12.23,2.34,Normal
2026-08-04 20:10:00,Mechanical Lab,3.97,21.73,5.47,Normal
2026-08-04 09:20:00,Physics Lab,21.02,990.78,47.14,Critical
2026-07-04 21:40:00,BT Department,2.25,3.23,1.43,Normal
2026-08-20 00:50:00,Biotech Department,5.14,7.87,1.53,Normal
2026-07-04 04:10:00,AIML Department,4.95,47.47,9.6,Normal
2026-08-23 03:40:00,IT Department,2.66,18.55,6.99,Normal
2026-08-25 15:40:00,AI Lab,4.48,13.75,3.07,Normal
2026-08-25 05:30:00,IT Department,4.33,39.31,9.08,Normal
2026-08-19 06:40:00,BT Department,5.43,30.86,5.68,Normal
2026-07-02 18:30:00,CSE Department,2.75,9.26,3.36,Normal
2026-08-15 13:30:00,Mechanical Lab,5.25,14.76,2.81,Normal
2026-07-04 12:20:00,AIML Department,4.38,25.04,5.71,Normal
2026-07-15 14:20:00,CSE Department,3.61,8.67,2.4,Normal
2026-07-18 05:00:00,HOD Department,3.4,9.58,2.82,Normal
2026-07-03 01:40:00,Chemistry Lab,4.84,5.62,1.16,Normal
2026-08-17 19:30:00,Electronics Department,2.58,13.34,5.16,Normal
2026-08-08 02:10:00,HOD Department,7.38,127.93,17.35,Suspicious
2026-07-09 00:30:00,HOD Department,12.89,584.66,45.37,Critical
2026-08-15 10:30:00,Chemistry Lab,6.15,53.18,8.65,Normal
2026-07-13 05:30:00,Chemistry Lab,11.56,151.87,13.14,Suspicious
2026-07-28 11:50:00,Electronics Department,5.14,23.21,4.51,Normal
2026-08-15 02:10:00,Chemistry Lab,6.48,59.01,9.11,Normal
2026-07-06 07:10:00,AIML Department,9.64,226.4,23.48,Suspicious
2026-07-05 04:00:00,AIML Department,2.08,16.38,7.89,Normal
2026-07-11 07:50:00,New Seminar Hall,6.93,21.96,3.17,Normal
2026-07-17 02:20:00,BT Department,2.26,15.43,6.81,Normal
2026-07-23 04:00:00,Mechanical Lab,5.58,36.54,6.55,Normal
2026-08-23 08:10:00,Electronics Department,4.49,4.85,1.08,Normal
2026-07-14 16:50:00,Electronics Department,5.62,46.8,8.33,Normal
2026-07-05 17:40:00,New Seminar Hall,7.61,70.95,9.33,Normal
2026-07-03 12:40:00,IT Department,5.99,52.56,8.77,Normal
2026-08-25 09:00:00,New Seminar Hall,8.31,16.75,2.02,Normal
2026-08-08 00:00:00,Biotech Department,5.25,48.92,9.32,Normal
2026-07-04 07:10:00,Biotech Department,4.45,13.48,3.03,Normal
2026-08-11 15:40:00,IT Department,3.52,23.79,6.77,Normal
2026-07-02 01:30:00,Mechanical Lab,4.94,46.75,9.46,Normal
2026-07-22 10:50:00,AIML Department,2.01,19.13,9.53,Normal
2026-07-30 18:20:00,Biotech Department,5.07,48.93,9.66,Normal
2026-07-16 09:30:00,New Seminar Hall,2.71,20.51,7.58,Normal
2026-07-13 04:50:00,HOD Department,2.82,3.7,1.31,Normal
2026-07-01 22:50:00,BT Department,4.97,7.64,1.54,Normal
2026-07-16 21:30:00,IT Department,3.39,4.62,1.36,Normal
2026-07-23 09:00:00,AI Lab,5.58,7.66,1.37,Normal
2026-08-11 21:10:00,Physics Lab,7.66,11.42,1.49,Normal
2026-07-14 20:50:00,New Seminar Hall,4.26,4.72,1.11,Normal
2026-07-29 10:00:00,CSE Department,3.73,14.84,3.98,Normal
2026-07-21 02:40:00,Physics Lab,3.98,25.94,6.51,Normal
2026-07-01 08:10:00,Electronics Department,5.83,15.44,2.65,Normal
2026-07-31 10:50:00,CSE Department,5.75,9.81,1.71,Normal
2026-07-07 19:50:00,HOD Department,3.21,26.1,8.12,Normal
2026-08-17 22:40:00,Physics Lab,4.87,36.62,7.52,Normal
2026-07-20 05:20:00,BT Department,3.77,13.63,3.62,Normal
2026-08-06 11:30:00,Chemistry Lab,5.13,37.49,7.31,Normal
2026-08-14 10:00:00,BT Department,4.17,5.73,1.37,Normal
2026-07-05 10:30:00,BT Department,5.31,39.88,7.51,Normal
2026-08-23 20:40:00,Mechanical Lab,6.56,41.04,6.26,Normal
2026-08-12 02:20:00,Electronics Department,3.6,8.87,2.47,Normal
2026-07-21 17:20:00,CSE Department,4.12,11.64,2.83,Normal
2026-07-18 08:00:00,AIML Department,3.15,27.48,8.72,Normal
2026-07-12 06:40:00,Physics Lab,7.58,42.19,5.57,Normal
2026-08-15 01:50:00,Mechanical Lab,4.32,10.09,2.34,Normal
2026-08-16 18:10:00,BT Department,4.47,37.86,8.48,Normal
2026-07-02 19:30:00,AIML Department,3.75,18.33,4.89,Normal
2026-07-06 17:40:00,AI Lab,4.01,10.98,2.74,Normal
2026-08-24 05:30:00,Mechanical Lab,22.36,894.59,40.01,Critical
2026-07-25 14:40:00,New Seminar Hall,6.7,41.96,6.26,Normal
2026-08-17 07:20:00,Biotech Department,11.08,242.4,21.88,Suspicious
2026-07-15 12:30:00,New Seminar Hall,7.79,51.87,6.66,Normal
2026-08-20 17:40:00,Mechanical Lab,7.01,22.9,3.26,Normal
2026-08-07 23:20:00,HOD Department,3.52,8.78,2.5,Normal
2026-07-12 05:10:00,HOD Department,3.33,18.53,5.56,Normal
2026-07-02 11:30:00,Biotech Department,4.34,19.53,4.5,Normal
2026-08-02 23:40:00,Physics Lab,4.92,14.09,2.87,Normal
2026-07-26 02:20:00,AIML Department,4.76,32.25,6.78,Normal
2026-08-12 22:10:00,AIML Department,5.0,10.23,2.05,Normal
2026-08-23 03:00:00,New Seminar Hall,7.39,26.01,3.52,Normal
2026-08-08 02:30:00,Biotech Department,20.0,1435.74,71.77,Critical
2026-07-15 07:30:00,IT Department,4.31,32.41,7.53,Normal
2026-07-03 05:30:00,HOD Department,4.59,35.28,7.69,Normal
2026-07-28 03:20:00,Biotech Department,4.47,41.2,9.22,Normal
2026-07-30 06:30:00,Electronics Department,5.59,54.37,9.72,Normal
2026-08-14 16:40:00,Biotech Department,5.83,34.26,5.88,Normal
2026-07-27 15:20:00,Electronics Department,5.11,34.81,6.81,Normal
2026-08-06 07:50:00,Electronics Department,4.26,31.22,7.33,Normal
2026-07-04 01:40:00,Chemistry Lab,5.69,26.73,4.7,Normal
2026-07-05 09:10:00,CSE Department,5.09,19.45,3.82,Normal
2026-08-24 22:50:00,Chemistry Lab,6.37,29.8,4.68,Normal
2026-08-25 16:40:00,Mechanical Lab,12.41,300.66,24.22,Suspicious
2026-08-21 19:50:00,Biotech Department,4.95,19.84,4.01,Normal
2026-08-16 00:50:00,AI Lab,5.43,26.41,4.87,Normal
2026-08-23 10:20:00,HOD Department,3.01,19.7,6.56,Normal
2026-08-15 07:30:00,BT Department,3.27,30.54,9.34,Normal
2026-07-04 22:40:00,IT Department,18.29,1588.75,86.87,Critical
2026-07-13 13:50:00,AIML Department,4.37,32.01,7.33,Normal
2026-07-14 08:30:00,IT Department,5.0,19.98,3.99,Normal
2026-08-07 12:30:00,Biotech Department,5.36,12.92,2.41,Normal
2026-07-28 20:50:00,Mechanical Lab,7.07,48.33,6.83,Normal
2026-07-24 13:20:00,IT Department,4.57,26.91,5.89,Normal
2026-07-16 23:30:00,HOD Department,4.49,17.54,3.9,Normal
2026-07-23 17:20:00,Electronics Department,21.43,1835.22,85.63,Critical
2026-07-04 23:40:00,HOD Department,3.22,5.05,1.57,Normal
2026-07-21 19:00:00,Biotech Department,4.85,46.3,9.55,Normal
2026-08-01 09:30:00,AIML Department,4.27,31.14,7.29,Normal
2026-07-28 09:50:00,New Seminar Hall,5.83,28.54,4.9,Normal
2026-08-09 14:30:00,AIML Department,11.38,205.73,18.07,Suspicious
2026-07-06 03:20:00,Mechanical Lab,18.27,1125.01,61.59,Critical
2026-08-22 19:40:00,AIML Department,2.69,22.58,8.4,Normal
2026-08-01 04:40:00,CSE Department,4.09,20.27,4.96,Normal
2026-07-26 13:30:00,Chemistry Lab,18.12,786.11,43.38,Critical
2026-08-10 15:30:00,Physics Lab,5.01,16.01,3.19,Normal
2026-07-08 15:00:00,CSE Department,4.73,21.41,4.53,Normal
2026-07-05 10:20:00,New Seminar Hall,5.07,10.34,2.04,Normal
2026-07-04 22:30:00,Physics Lab,13.97,228.75,16.37,Suspicious
2026-07-24 19:20:00,AI Lab,4.18,35.99,8.61,Normal
2026-07-26 20:40:00,Biotech Department,5.33,12.39,2.32,Normal
2026-08-10 10:40:00,CSE Department,5.8,40.3,6.95,Normal
2026-08-16 03:30:00,CSE Department,8.29,114.97,13.87,Suspicious
2026-08-06 07:10:00,AIML Department,3.59,29.68,8.26,Normal
2026-07-12 11:50:00,Mechanical Lab,8.13,28.13,3.46,Normal
2026-07-26 09:40:00,Electronics Department,16.41,1366.16,83.26,Critical
2026-08-23 07:20:00,Mechanical Lab,6.42,28.69,4.47,Normal
2026-08-25 20:40:00,IT Department,5.29,19.75,3.74,Normal
2026-07-13 21:30:00,Chemistry Lab,8.01,43.39,5.42,Normal
2026-07-06 19:50:00,Mechanical Lab,7.81,13.18,1.69,Normal
2026-07-06 20:00:00,CSE Department,3.84,8.57,2.23,Normal
2026-08-24 01:10:00,New Seminar Hall,5.75,30.93,5.38,Normal
2026-07-14 05:10:00,Biotech Department,5.92,45.89,7.75,Normal
2026-07-15 02:00:00,Mechanical Lab,7.74,28.27,3.65,Normal
2026-07-23 18:50:00,Electronics Department,3.78,33.71,8.92,Normal
2026-07-26 07:40:00,IT Department,3.9,13.83,3.54,Normal
2026-07-07 19:30:00,Mechanical Lab,6.06,25.02,4.13,Normal
2026-07-28 20:30:00,Biotech Department,6.97,11.89,1.7,Normal
2026-08-20 04:10:00,Electronics Department,4.53,22.16,4.9,Normal
2026-08-09 09:40:00,Electronics Department,4.83,25.99,5.39,Normal
2026-08-08 13:40:00,Electronics Department,4.78,8.99,1.88,Normal
2026-08-21 21:30:00,Physics Lab,5.56,23.44,4.21,Normal
2026-07-30 08:30:00,AI Lab,5.15,13.67,2.65,Normal
2026-07-29 07:00:00,New Seminar Hall,5.54,21.09,3.81,Normal
2026-08-20 13:50:00,AIML Department,9.48,174.43,18.4,Suspicious
2026-07-29 22:00:00,IT Department,3.53,18.48,5.23,Normal
2026-07-08 04:40:00,HOD Department,4.15,41.22,9.93,Normal
2026-08-13 05:40:00,Biotech Department,5.16,38.4,7.45,Normal
2026-07-25 07:30:00,Physics Lab,5.16,21.19,4.11,Normal
2026-08-21 02:10:00,AI Lab,5.57,29.56,5.3,Normal
2026-07-27 13:40:00,AI Lab,5.91,31.25,5.29,Normal
2026-08-09 15:00:00,BT Department,4.66,24.18,5.19,Normal
2026-08-16 23:40:00,Chemistry Lab,6.38,12.81,2.01,Normal
2026-07-22 19:30:00,Biotech Department,5.55,32.11,5.78,Normal
2026-07-23 05:50:00,AIML Department,4.45,7.46,1.68,Normal
2026-08-05 12:50:00,AIML Department,3.85,33.45,8.69,Normal
2026-08-10 15:40:00,Mechanical Lab,4.13,15.6,3.78,Normal
2026-07-23 13:30:00,Biotech Department,8.19,30.93,3.77,Normal
2026-08-15 05:00:00,Physics Lab,5.6,27.99,5.0,Normal
2026-07-08 23:00:00,BT Department,3.58,28.45,7.94,Normal
2026-08-16 12:30:00,AI Lab,4.74,32.4,6.83,Normal
2026-07-21 02:00:00,CSE Department,11.52,209.26,18.16,Suspicious
2026-07-07 11:40:00,Electronics Department,3.13,18.3,5.84,Normal
2026-08-25 03:00:00,HOD Department,3.85,11.32,2.94,Normal
2026-08-14 04:00:00,Mechanical Lab,13.05,254.66,19.51,Suspicious
2026-07-04 21:50:00,Electronics Department,5.53,38.98,7.05,Normal
2026-08-21 14:20:00,New Seminar Hall,4.86,36.27,7.46,Normal
2026-08-03 21:30:00,CSE Department,4.97,10.17,2.05,Normal
2026-07-11 10:10:00,Electronics Department,2.25,12.95,5.75,Normal
2026-07-26 00:10:00,AI Lab,4.83,28.05,5.81,Normal
2026-07-26 09:30:00,Biotech Department,5.04,28.53,5.66,Normal
2026-08-02 17:30:00,Chemistry Lab,5.7,27.68,4.86,Normal
2026-07-18 17:40:00,IT Department,8.62,219.38,25.44,Suspicious
2026-07-22 03:00:00,HOD Department,3.42,13.96,4.08,Normal
2026-07-29 02:30:00,CSE Department,3.81,11.7,3.07,Normal
2026-08-22 23:20:00,Biotech Department,3.59,33.76,9.4,Normal
2026-07-07 15:00:00,CSE Department,4.03,11.79,2.93,Normal
2026-07-01 12:40:00,Physics Lab,5.97,47.36,7.93,Normal
2026-08-18 01:10:00,New Seminar Hall,4.69,19.15,4.08,Normal
2026-07-18 17:50:00,Electronics Department,4.7,12.17,2.59,Normal
2026-07-18 04:40:00,Chemistry Lab,4.65,41.99,9.02,Normal
2026-08-05 08:30:00,Mechanical Lab,3.73,33.75,9.05,Normal
2026-08-07 11:00:00,HOD Department,4.04,7.6,1.88,Normal
2026-07-06 15:00:00,AIML Department,3.54,6.84,1.93,Normal
2026-07-27 08:30:00,BT Department,2.9,10.45,3.6,Normal
2026-08-03 17:50:00,New Seminar Hall,12.48,176.57,14.15,Suspicious
2026-07-03 07:20:00,Mechanical Lab,7.84,56.22,7.17,Normal
2026-07-06 02:20:00,Mechanical Lab,7.47,50.92,6.81,Normal
2026-08-21 16:30:00,AIML Department,3.03,23.12,7.63,Normal
2026-07-17 16:10:00,AIML Department,4.42,41.71,9.45,Normal
2026-08-15 01:30:00,AIML Department,13.87,646.67,46.61,Critical
2026-08-18 19:50:00,New Seminar Hall,8.06,21.42,2.66,Normal
2026-07-01 11:30:00,Mechanical Lab,14.62,338.58,23.17,Suspicious
2026-07-20 10:40:00,AI Lab,4.89,14.57,2.98,Normal
2026-07-07 11:30:00,HOD Department,1.95,7.86,4.02,Normal
2026-07-07 16:50:00,AI Lab,6.99,65.28,9.33,Normal
2026-07-08 13:20:00,CSE Department,3.02,18.72,6.2,Normal
2026-08-14 10:40:00,AI Lab,4.81,30.74,6.39,Normal
2026-07-10 02:50:00,Chemistry Lab,12.69,371.64,29.28,Suspicious
2026-08-02 03:10:00,CSE Department,4.4,38.36,8.73,Normal
2026-08-18 11:20:00,AIML Department,3.13,28.45,9.1,Normal
2026-08-22 00:00:00,Electronics Department,3.91,21.65,5.54,Normal
2026-07-03 06:10:00,AI Lab,22.03,775.52,35.2,Critical
2026-08-05 15:20:00,Biotech Department,5.75,19.75,3.44,Normal
2026-07-15 19:20:00,BT Department,4.1,30.54,7.45,Normal
2026-07-09 23:30:00,AIML Department,4.48,10.61,2.37,Normal
2026-07-17 21:00:00,Chemistry Lab,1.78,1.93,1.08,Normal
2026-07-05 07:10:00,Chemistry Lab,9.96,196.32,19.71,Suspicious
2026-07-11 07:10:00,AIML Department,4.76,28.46,5.98,Normal
2026-07-28 10:20:00,Physics Lab,7.21,69.6,9.66,Normal
2026-08-05 16:10:00,CSE Department,3.43,25.08,7.31,Normal
2026-07-09 23:50:00,AIML Department,4.72,9.68,2.05,Normal
2026-08-12 01:50:00,AIML Department,5.79,38.79,6.7,Normal
2026-08-02 20:10:00,Biotech Department,5.42,52.33,9.65,Normal
2026-07-25 19:40:00,AIML Department,3.81,33.58,8.81,Normal
2026-07-18 19:00:00,IT Department,5.71,31.12,5.45,Normal
2026-08-08 03:30:00,CSE Department,4.89,32.56,6.66,Normal
2026-07-08 07:50:00,IT Department,3.51,6.67,1.9,Normal
2026-08-03 11:00:00,New Seminar Hall,5.87,24.05,4.1,Normal
2026-08-01 21:10:00,HOD Department,4.53,15.24,3.36,Normal
2026-08-14 21:20:00,BT Department,10.87,142.86,13.14,Suspicious
2026-08-18 12:10:00,AIML Department,3.82,27.07,7.09,Normal
2026-07-15 16:00:00,BT Department,3.07,19.34,6.29,Normal
2026-08-07 12:00:00,Chemistry Lab,5.72,37.84,6.61,Normal
2026-08-14 05:40:00,IT Department,15.26,609.32,39.94,Critical
2026-07-13 01:40:00,Chemistry Lab,7.92,73.83,9.32,Normal
2026-08-18 08:00:00,IT Department,6.31,41.29,6.54,Normal
2026-08-20 19:30:00,Physics Lab,3.35,31.74,9.47,Normal
2026-08-07 10:30:00,Electronics Department,4.98,32.83,6.59,Normal
2026-07-15 02:50:00,Mechanical Lab,22.08,1343.87,60.85,Critical
2026-07-03 09:00:00,BT Department,5.77,12.65,2.19,Normal
2026-07-12 01:50:00,Biotech Department,7.02,22.37,3.19,Normal
2026-07-15 07:20:00,IT Department,4.21,35.48,8.42,Normal
2026-07-05 10:00:00,New Seminar Hall,6.05,40.94,6.77,Normal
2026-07-24 10:50:00,Chemistry Lab,8.3,8.4,1.01,Normal
2026-07-18 00:30:00,Electronics Department,4.85,35.85,7.4,Normal
2026-07-16 02:50:00,AI Lab,22.94,1182.34,51.53,Critical
2026-07-29 02:20:00,Physics Lab,12.32,234.25,19.01,Suspicious
2026-08-19 00:30:00,Biotech Department,4.0,22.14,5.53,Normal
2026-07-27 07:30:00,BT Department,5.84,17.27,2.96,Normal
2026-07-25 16:40:00,HOD Department,2.54,21.84,8.59,Normal
2026-07-20 05:10:00,Electronics Department,5.06,15.52,3.07,Normal
2026-08-01 17:30:00,CSE Department,4.95,5.03,1.02,Normal
2026-08-06 02:20:00,Electronics Department,2.2,19.98,9.1,Normal
2026-08-20 22:50:00,AI Lab,5.66,33.26,5.88,Normal
2026-08-21 00:10:00,AIML Department,3.75,27.4,7.3,Normal
2026-07-05 04:40:00,New Seminar Hall,5.56,12.09,2.18,Normal
2026-08-03 15:10:00,Mechanical Lab,6.61,32.28,4.88,Normal
2026-07-18 11:30:00,Mechanical Lab,4.79,32.6,6.81,Normal
2026-07-27 07:00:00,Biotech Department,5.21,18.36,3.53,Normal
2026-07-31 02:20:00,Chemistry Lab,3.35,3.69,1.1,Normal
2026-08-16 02:40:00,CSE Department,4.04,40.13,9.94,Normal
2026-08-07 01:30:00,CSE Department,3.09,9.06,2.93,Normal
2026-07-13 06:00:00,AIML Department,4.72,11.86,2.51,Normal
2026-07-19 10:00:00,HOD Department,3.07,25.92,8.44,Normal
2026-08-16 04:30:00,Mechanical Lab,3.66,9.7,2.65,Normal
2026-07-13 04:00:00,AI Lab,13.81,269.17,19.5,Suspicious
2026-07-16 04:30:00,Chemistry Lab,6.58,27.68,4.21,Normal
2026-07-23 19:50:00,Mechanical Lab,29.95,1847.86,61.7,Critical
2026-07-17 21:10:00,Physics Lab,5.35,24.39,4.56,Normal
2026-07-31 06:30:00,Chemistry Lab,5.7,26.13,4.59,Normal
2026-07-10 06:10:00,New Seminar Hall,6.4,45.89,7.17,Normal
2026-08-17 16:20:00,Electronics Department,5.0,41.5,8.3,Normal
2026-08-25 06:50:00,New Seminar Hall,5.35,34.52,6.46,Normal
2026-08-20 00:00:00,Mechanical Lab,3.17,11.42,3.61,Normal
2026-07-28 15:00:00,AI Lab,5.28,23.26,4.41,Normal
2026-08-11 21:30:00,Mechanical Lab,6.86,59.26,8.64,Normal
2026-08-12 10:30:00,Physics Lab,6.52,12.05,1.85,Normal
2026-07-12 09:10:00,New Seminar Hall,5.16,46.25,8.96,Normal
2026-08-22 12:20:00,Physics Lab,6.15,56.53,9.19,Normal
2026-08-19 14:20:00,Electronics Department,4.35,13.99,3.22,Normal
2026-07-16 08:20:00,Biotech Department,6.15,51.84,8.42,Normal
2026-07-17 23:20:00,AI Lab,4.22,32.63,7.73,Normal
2026-07-03 12:50:00,AI Lab,3.15,7.67,2.43,Normal
2026-08-20 05:10:00,AIML Department,4.25,10.55,2.48,Normal
2026-07-22 22:30:00,HOD Department,2.86,5.98,2.09,Normal
2026-08-06 16:10:00,Biotech Department,4.59,24.47,5.33,Normal
2026-08-14 17:40:00,Physics Lab,21.79,1625.7,74.6,Critical
2026-08-24 05:10:00,Physics Lab,4.65,28.26,6.08,Normal
2026-07-29 08:40:00,Biotech Department,3.37,14.56,4.32,Normal
2026-07-06 20:30:00,Biotech Department,5.48,16.6,3.03,Normal
2026-07-22 07:20:00,Biotech Department,18.01,821.86,45.64,Critical
2026-07-13 05:10:00,Biotech Department,4.16,22.64,5.45,Normal
2026-07-24 20:30:00,IT Department,4.66,42.98,9.21,Normal
2026-07-01 14:00:00,Mechanical Lab,7.7,56.16,7.3,Normal
2026-08-01 22:10:00,New Seminar Hall,6.53,60.7,9.3,Normal
2026-07-07 16:10:00,Physics Lab,6.34,14.75,2.33,Normal
2026-08-10 01:30:00,New Seminar Hall,4.77,19.01,3.98,Normal
2026-08-07 02:30:00,Mechanical Lab,7.26,16.82,2.32,Normal
2026-07-28 22:00:00,CSE Department,3.04,28.01,9.22,Normal
2026-08-07 15:00:00,BT Department,4.09,38.9,9.51,Normal
2026-07-30 00:50:00,Mechanical Lab,4.32,15.79,3.66,Normal
2026-07-08 02:20:00,AIML Department,4.22,28.8,6.83,Normal
2026-07-08 03:50:00,Biotech Department,6.06,55.36,9.14,Normal
2026-08-15 17:30:00,Mechanical Lab,6.13,7.16,1.17,Normal
2026-07-11 04:20:00,AIML Department,18.15,728.14,40.12,Critical
2026-07-12 04:00:00,New Seminar Hall,7.0,17.24,2.46,Normal
2026-07-30 01:10:00,New Seminar Hall,6.97,19.19,2.75,Normal
2026-08-09 02:20:00,Electronics Department,6.57,28.64,4.36,Normal
2026-08-14 15:50:00,IT Department,4.23,6.78,1.6,Normal
2026-07-30 22:50:00,Mechanical Lab,11.51,243.01,21.11,Suspicious
2026-07-10 17:50:00,BT Department,2.66,26.26,9.87,Normal
2026-08-22 08:10:00,BT Department,4.82,5.67,1.18,Normal
2026-08-22 23:50:00,Biotech Department,3.66,4.27,1.17,Normal
2026-07-08 04:30:00,Chemistry Lab,5.25,12.41,2.37,Normal
2026-07-19 23:00:00,Physics Lab,5.35,14.55,2.72,Normal
2026-08-05 09:10:00,Physics Lab,6.91,44.68,6.47,Normal
2026-07-12 17:20:00,HOD Department,5.37,9.21,1.71,Normal
2026-07-10 07:00:00,CSE Department,4.28,10.0,2.34,Normal
2026-07-26 21:30:00,CSE Department,4.49,29.59,6.59,Normal
2026-07-10 22:00:00,IT Department,2.95,6.22,2.11,Normal
2026-07-14 18:10:00,CSE Department,3.23,3.75,1.16,Normal
2026-08-02 19:10:00,Chemistry Lab,6.76,14.52,2.15,Normal
2026-08-24 21:30:00,New Seminar Hall,5.08,11.82,2.33,Normal
2026-07-23 06:40:00,Chemistry Lab,3.81,12.87,3.38,Normal
2026-07-15 10:20:00,AIML Department,3.33,11.34,3.41,Normal
2026-07-07 12:40:00,IT Department,4.52,44.47,9.83,Normal
2026-08-04 04:40:00,AI Lab,4.36,7.42,1.7,Normal
2026-07-29 14:10:00,IT Department,4.0,14.39,3.6,Normal
2026-07-30 21:10:00,CSE Department,4.63,11.48,2.48,Normal
2026-07-01 08:20:00,Chemistry Lab,15.8,454.61,28.78,Suspicious
2026-07-15 23:30:00,Electronics Department,8.12,171.44,21.1,Suspicious
2026-07-07 05:30:00,IT Department,1.94,11.1,5.73,Normal
2026-07-20 08:10:00,Physics Lab,4.69,28.63,6.11,Normal
2026-07-18 11:00:00,Electronics Department,11.03,129.91,11.78,Suspicious
2026-07-14 15:00:00,Chemistry Lab,6.26,56.84,9.08,Normal
2026-07-12 10:00:00,New Seminar Hall,6.46,26.72,4.13,Normal
2026-08-11 02:40:00,HOD Department,4.09,6.38,1.56,Normal
2026-07-14 14:50:00,HOD Department,4.04,36.03,8.91,Normal
2026-08-06 00:30:00,Chemistry Lab,6.32,56.12,8.89,Normal
2026-08-22 15:20:00,AIML Department,5.66,47.77,8.44,Normal
2026-08-09 12:00:00,BT Department,3.95,10.45,2.65,Normal
2026-07-20 08:00:00,HOD Department,3.7,17.04,4.61,Normal
2026-07-06 09:00:00,Mechanical Lab,9.24,44.07,4.77,Normal
2026-07-01 16:50:00,Mechanical Lab,7.87,40.15,5.1,Normal
2026-07-13 19:20:00,Biotech Department,3.9,19.07,4.89,Normal
2026-07-28 00:50:00,AIML Department,3.47,30.88,8.9,Normal
2026-08-12 01:10:00,Biotech Department,5.44,23.54,4.32,Normal
2026-07-19 01:30:00,Electronics Department,4.44,7.84,1.77,Normal
2026-07-20 18:40:00,BT Department,3.92,8.63,2.2,Normal
2026-07-07 20:00:00,AIML Department,10.21,192.99,18.91,Suspicious
2026-08-16 04:10:00,AI Lab,4.94,35.07,7.1,Normal
2026-07-07 01:20:00,Chemistry Lab,3.6,35.98,9.98,Normal
2026-07-31 08:10:00,CSE Department,13.98,1211.1,86.63,Critical
2026-07-24 22:50:00,Electronics Department,4.87,18.0,3.7,Normal
2026-07-10 23:30:00,Chemistry Lab,4.29,18.69,4.36,Normal
2026-07-26 02:00:00,IT Department,3.51,8.09,2.31,Normal
2026-07-07 11:20:00,Biotech Department,4.0,16.05,4.02,Normal
2026-08-08 00:50:00,Mechanical Lab,4.59,45.03,9.81,Normal
2026-08-09 22:30:00,BT Department,5.65,46.75,8.27,Normal
2026-08-09 20:20:00,New Seminar Hall,4.1,34.56,8.43,Normal
2026-08-04 03:10:00,BT Department,2.35,22.53,9.58,Normal
2026-07-14 07:20:00,CSE Department,2.63,11.13,4.24,Normal
2026-08-06 07:30:00,Chemistry Lab,4.64,6.79,1.46,Normal
2026-07-01 09:40:00,Chemistry Lab,15.12,330.04,21.83,Suspicious
2026-07-25 01:10:00,Physics Lab,3.73,26.07,6.99,Normal
2026-08-07 23:30:00,AI Lab,4.52,37.2,8.22,Normal
2026-07-11 11:50:00,New Seminar Hall,5.26,19.58,3.72,Normal
2026-07-06 22:20:00,BT Department,5.6,30.7,5.48,Normal
2026-08-23 21:50:00,BT Department,3.91,27.52,7.03,Normal
2026-08-23 06:50:00,Mechanical Lab,5.06,45.71,9.04,Normal
2026-07-29 14:00:00,AI Lab,5.54,19.63,3.54,Normal
2026-07-15 23:20:00,Biotech Department,6.75,37.72,5.59,Normal
2026-08-17 06:10:00,AI Lab,4.91,33.79,6.89,Normal
2026-08-25 09:20:00,Physics Lab,5.8,35.88,6.18,Normal
2026-07-16 20:20:00,AI Lab,5.83,34.43,5.91,Normal
2026-07-08 00:30:00,AI Lab,16.91,514.5,30.43,Critical
2026-08-01 13:00:00,CSE Department,15.16,926.37,61.11,Critical
2026-07-19 14:40:00,Biotech Department,23.21,1586.2,68.33,Critical
2026-08-12 15:40:00,Electronics Department,3.96,7.9,2.0,Normal
2026-07-06 05:20:00,BT Department,4.45,17.72,3.98,Normal
2026-07-04 07:50:00,Biotech Department,4.77,23.4,4.91,Normal
2026-07-31 19:20:00,Electronics Department,2.9,5.4,1.86,Normal
2026-08-12 12:50:00,Electronics Department,11.09,181.55,16.37,Suspicious
2026-07-02 08:10:00,New Seminar Hall,3.92,23.54,6.01,Normal
2026-07-15 10:50:00,AI Lab,4.37,39.96,9.14,Normal
2026-08-16 23:50:00,AIML Department,3.36,4.96,1.48,Normal
2026-07-09 10:10:00,AIML Department,8.78,92.48,10.54,Suspicious
2026-07-25 15:20:00,IT Department,4.52,29.65,6.56,Normal
2026-07-15 13:40:00,IT Department,4.88,30.16,6.18,Normal
2026-07-27 10:40:00,CSE Department,3.58,12.39,3.46,Normal
2026-07-19 13:20:00,BT Department,5.35,38.99,7.29,Normal
2026-08-01 11:20:00,AIML Department,11.47,227.09,19.8,Suspicious
2026-08-01 03:10:00,Biotech Department,6.51,17.84,2.74,Normal
2026-08-14 15:00:00,CSE Department,3.51,16.18,4.61,Normal
2026-08-13 10:40:00,CSE Department,5.09,30.31,5.95,Normal
2026-07-31 14:50:00,Electronics Department,3.05,24.63,8.08,Normal
2026-07-18 04:00:00,AIML Department,4.79,24.02,5.02,Normal
2026-07-10 02:20:00,HOD Department,4.26,21.58,5.06,Normal
2026-07-13 15:10:00,AI Lab,17.33,988.65,57.05,Critical
2026-07-25 17:10:00,CSE Department,3.62,20.17,5.58,Normal
2026-07-03 05:10:00,New Seminar Hall,5.53,36.36,6.58,Normal
2026-08-03 14:40:00,Mechanical Lab,6.45,44.45,6.9,Normal
2026-08-25 15:10:00,Mechanical Lab,5.73,39.46,6.88,Normal
2026-07-03 00:40:00,HOD Department,2.95,27.05,9.17,Normal
2026-08-24 03:50:00,Chemistry Lab,11.77,174.68,14.84,Suspicious
2026-08-02 02:00:00,BT Department,5.16,40.32,7.82,Normal
2026-07-15 10:40:00,IT Department,4.38,15.17,3.47,Normal
2026-08-21 13:00:00,HOD Department,3.87,31.83,8.21,Normal
2026-08-18 16:20:00,Biotech Department,10.01,277.61,27.74,Suspicious
2026-07-06 23:30:00,HOD Department,2.66,3.5,1.32,Normal
2026-08-12 01:40:00,Biotech Department,14.82,200.36,13.52,Suspicious
2026-07-27 19:00:00,Biotech Department,5.41,40.78,7.54,Normal
2026-08-24 13:30:00,AI Lab,3.51,9.92,2.83,Normal
2026-08-25 10:20:00,IT Department,5.27,26.14,4.96,Normal
2026-08-15 11:30:00,Mechanical Lab,9.37,62.36,6.65,Normal
2026-07-13 20:40:00,Chemistry Lab,4.18,30.46,7.29,Normal
2026-08-17 13:40:00,Mechanical Lab,5.49,23.58,4.3,Normal
2026-07-31 12:20:00,IT Department,4.0,8.37,2.09,Normal
2026-07-18 10:10:00,New Seminar Hall,19.48,1105.63,56.74,Critical
2026-07-05 02:50:00,CSE Department,2.36,14.05,5.96,Normal
2026-07-23 20:10:00,Chemistry Lab,6.02,55.44,9.21,Normal
2026-07-06 11:00:00,Physics Lab,24.81,1829.49,73.73,Critical
2026-07-03 11:40:00,CSE Department,4.29,25.14,5.86,Normal
2026-07-25 18:50:00,New Seminar Hall,3.64,8.34,2.29,Normal
2026-07-09 04:30:00,IT Department,10.0,250.34,25.05,Suspicious
2026-08-08 20:10:00,Biotech Department,4.54,26.26,5.79,Normal
2026-08-25 00:00:00,AI Lab,7.57,61.9,8.18,Normal
2026-07-29 21:10:00,Chemistry Lab,3.99,5.62,1.41,Normal
2026-07-20 13:30:00,Physics Lab,5.43,32.03,5.9,Normal
2026-07-07 17:20:00,HOD Department,9.3,201.61,21.69,Suspicious
2026-08-16 22:00:00,AI Lab,6.73,51.04,7.58,Normal
2026-07-26 05:50:00,AIML Department,4.12,33.96,8.24,Normal
2026-07-28 19:50:00,AIML Department,3.11,27.38,8.8,Normal
2026-07-01 14:20:00,IT Department,4.78,36.01,7.54,Normal
2026-08-01 07:10:00,Electronics Department,2.73,10.01,3.67,Normal
2026-07-31 01:00:00,Mechanical Lab,7.07,25.15,3.56,Normal
2026-07-22 01:10:00,Physics Lab,13.54,208.12,15.37,Suspicious
2026-08-07 01:40:00,New Seminar Hall,5.68,14.57,2.56,Normal
2026-08-25 18:00:00,Mechanical Lab,7.11,26.43,3.72,Normal
2026-08-06 13:30:00,BT Department,3.44,31.92,9.29,Normal
2026-07-19 20:30:00,Electronics Department,4.12,33.52,8.14,Normal
2026-07-23 17:10:00,CSE Department,3.78,30.29,8.02,Normal
2026-07-09 13:00:00,New Seminar Hall,4.84,46.07,9.51,Normal
2026-08-20 18:30:00,New Seminar Hall,7.15,57.53,8.05,Normal
2026-07-05 14:20:00,Mechanical Lab,8.6,37.19,4.33,Normal
2026-08-24 20:20:00,Biotech Department,3.43,5.93,1.73,Normal
2026-07-11 12:20:00,Biotech Department,23.29,707.97,30.4,Critical
2026-08-01 13:30:00,New Seminar Hall,6.96,19.43,2.79,Normal
2026-07-22 11:00:00,HOD Department,3.64,5.03,1.38,Normal
2026-07-07 19:40:00,New Seminar Hall,11.11,200.14,18.01,Suspicious
2026-07-18 03:10:00,AI Lab,5.35,6.73,1.26,Normal
2026-08-05 15:30:00,AI Lab,4.01,33.09,8.25,Normal
2026-08-20 11:40:00,CSE Department,4.07,30.56,7.51,Normal
2026-08-23 10:40:00,BT Department,4.17,36.03,8.64,Normal
2026-08-03 19:40:00,Physics Lab,5.21,17.84,3.42,Normal
2026-07-07 01:40:00,Mechanical Lab,6.76,63.12,9.34,Normal
2026-07-11 21:30:00,CSE Department,2.98,15.72,5.28,Normal
2026-07-21 16:20:00,Electronics Department,4.12,33.26,8.07,Normal
2026-07-30 17:20:00,New Seminar Hall,6.15,58.88,9.57,Normal
2026-07-05 16:40:00,New Seminar Hall,9.14,17.91,1.96,Normal
2026-08-01 02:20:00,AI Lab,4.52,13.97,3.09,Normal
2026-07-28 02:10:00,IT Department,4.64,20.94,4.51,Normal
2026-07-04 01:00:00,AIML Department,2.7,9.19,3.4,Normal
2026-07-31 12:10:00,HOD Department,4.28,29.74,6.95,Normal
2026-08-24 10:00:00,New Seminar Hall,6.7,64.51,9.62,Normal
2026-08-11 09:30:00,New Seminar Hall,4.81,16.71,3.48,Normal
2026-07-29 01:00:00,AI Lab,4.87,24.63,5.06,Normal
2026-07-04 02:40:00,CSE Department,2.91,22.91,7.86,Normal
2026-08-03 17:00:00,Biotech Department,3.71,8.14,2.2,Normal
2026-08-05 23:50:00,Chemistry Lab,16.27,259.49,15.95,Suspicious
2026-08-15 06:20:00,Biotech Department,4.05,10.65,2.63,Normal
2026-07-24 15:50:00,BT Department,4.75,38.7,8.15,Normal
2026-07-01 15:40:00,New Seminar Hall,6.02,20.97,3.48,Normal
2026-08-09 14:50:00,Physics Lab,5.15,48.21,9.37,Normal
2026-08-23 13:50:00,CSE Department,16.24,1268.69,78.13,Critical
2026-08-25 00:50:00,IT Department,3.44,11.5,3.34,Normal
2026-07-26 15:00:00,HOD Department,2.54,20.66,8.14,Normal
2026-07-27 05:00:00,HOD Department,7.09,100.67,14.2,Suspicious
2026-08-21 04:40:00,Physics Lab,4.61,32.23,6.99,Normal
2026-08-06 12:00:00,Chemistry Lab,4.33,5.07,1.17,Normal
2026-08-07 06:30:00,Electronics Department,3.67,20.38,5.55,Normal
2026-08-24 04:30:00,Chemistry Lab,7.07,23.2,3.28,Normal
2026-07-18 03:30:00,Electronics Department,5.14,40.67,7.9,Normal
2026-08-09 06:00:00,Mechanical Lab,29.71,2485.4,83.65,Critical
2026-07-13 11:40:00,Mechanical Lab,5.28,31.27,5.93,Normal
2026-08-23 23:30:00,BT Department,3.94,16.93,4.3,Normal
2026-08-15 20:50:00,IT Department,4.52,26.42,5.84,Normal
2026-07-29 13:00:00,AIML Department,3.11,19.91,6.4,Normal
2026-08-22 21:00:00,AIML Department,7.49,154.36,20.6,Suspicious
2026-07-03 16:20:00,Mechanical Lab,8.87,20.58,2.32,Normal
2026-07-02 19:50:00,CSE Department,4.22,21.84,5.18,Normal
2026-07-26 18:30:00,AIML Department,5.09,19.85,3.9,Normal
2026-07-10 15:30:00,HOD Department,9.85,160.21,16.26,Suspicious
2026-08-21 03:30:00,Electronics Department,3.46,34.61,10.0,Normal
2026-08-24 01:20:00,HOD Department,4.34,7.54,1.74,Normal
2026-07-28 09:00:00,IT Department,2.49,4.45,1.78,Normal
2026-07-26 14:40:00,AIML Department,4.78,22.69,4.74,Normal
2026-07-03 14:50:00,CSE Department,5.96,54.08,9.07,Normal
2026-08-14 01:50:00,Physics Lab,3.91,26.3,6.72,Normal
2026-07-22 04:40:00,Electronics Department,4.59,30.63,6.68,Normal
2026-08-23 08:30:00,Physics Lab,4.9,44.31,9.05,Normal
2026-07-22 23:10:00,Physics Lab,6.37,35.63,5.59,Normal
2026-08-25 14:50:00,Electronics Department,2.49,9.06,3.64,Normal
2026-07-17 11:00:00,Electronics Department,5.86,30.59,5.22,Normal
2026-07-30 11:30:00,BT Department,5.48,43.26,7.89,Normal
2026-07-25 23:30:00,Physics Lab,7.49,18.67,2.49,Normal
2026-07-11 11:00:00,HOD Department,2.38,21.0,8.81,Normal
2026-07-02 12:30:00,Biotech Department,3.66,11.16,3.05,Normal
2026-07-30 12:30:00,Physics Lab,6.64,47.57,7.16,Normal
2026-08-16 21:30:00,Physics Lab,3.58,24.13,6.73,Normal
2026-07-26 02:50:00,Mechanical Lab,8.12,59.33,7.3,Normal
2026-07-30 16:20:00,Mechanical Lab,3.49,5.64,1.62,Normal
2026-08-06 03:40:00,BT Department,2.55,22.87,8.97,Normal
2026-08-15 16:30:00,AI Lab,6.56,65.19,9.94,Normal
2026-08-13 06:50:00,HOD Department,2.88,18.24,6.33,Normal
2026-08-16 03:20:00,HOD Department,3.46,3.63,1.05,Normal
2026-07-07 20:20:00,Chemistry Lab,13.99,185.66,13.27,Suspicious
2026-07-01 18:00:00,Electronics Department,8.25,93.16,11.29,Suspicious
2026-07-09 22:40:00,Physics Lab,4.97,36.7,7.39,Normal
2026-08-10 08:00:00,Biotech Department,5.47,40.11,7.33,Normal
2026-08-06 00:00:00,CSE Department,5.27,17.04,3.23,Normal
2026-08-16 19:00:00,HOD Department,2.57,10.67,4.16,Normal
2026-07-16 01:20:00,Mechanical Lab,12.76,377.38,29.56,Suspicious
2026-07-11 22:00:00,IT Department,5.42,29.94,5.52,Normal
2026-07-02 09:30:00,New Seminar Hall,17.47,453.53,25.96,Suspicious
2026-07-04 16:10:00,Biotech Department,3.06,14.29,4.66,Normal
2026-08-12 20:20:00,HOD Department,3.87,30.21,7.81,Normal
2026-08-01 07:20:00,AI Lab,6.93,44.12,6.36,Normal
2026-07-28 13:20:00,Mechanical Lab,5.23,26.82,5.13,Normal
2026-07-13 13:40:00,New Seminar Hall,6.72,30.78,4.58,Normal
2026-07-06 13:00:00,CSE Department,2.61,15.92,6.09,Normal
2026-07-13 17:30:00,Mechanical Lab,7.37,36.29,4.92,Normal
2026-08-16 13:30:00,BT Department,3.92,12.94,3.3,Normal
2026-08-13 11:20:00,AIML Department,2.65,6.89,2.6,Normal
2026-08-01 14:10:00,Physics Lab,5.99,9.48,1.58,Normal
2026-08-04 00:50:00,Physics Lab,10.38,203.99,19.66,Suspicious
2026-07-20 03:50:00,Chemistry Lab,13.23,348.49,26.35,Suspicious
2026-08-15 06:40:00,Mechanical Lab,6.58,35.94,5.47,Normal
2026-07-30 10:50:00,Biotech Department,5.16,43.18,8.37,Normal
2026-07-10 14:10:00,IT Department,3.47,31.65,9.13,Normal
2026-08-23 18:10:00,AIML Department,4.56,7.09,1.56,Normal
2026-07-21 03:40:00,New Seminar Hall,20.89,1338.83,64.1,Critical
2026-07-02 15:00:00,Chemistry Lab,14.39,413.92,28.77,Suspicious
2026-07-09 05:20:00,Electronics Department,5.57,19.52,3.51,Normal
2026-07-15 15:00:00,Electronics Department,3.54,28.26,7.98,Normal
2026-08-22 02:50:00,BT Department,5.75,28.64,4.98,Normal
2026-08-16 21:50:00,BT Department,3.7,6.63,1.79,Normal
2026-07-02 08:40:00,AI Lab,6.75,17.7,2.62,Normal
2026-07-29 23:20:00,HOD Department,2.66,8.18,3.08,Normal
2026-08-04 06:50:00,AIML Department,4.05,7.69,1.9,Normal
2026-08-21 11:40:00,AIML Department,4.67,23.88,5.12,Normal
2026-07-24 16:30:00,AI Lab,4.1,25.86,6.3,Normal
2026-08-03 14:00:00,Physics Lab,20.59,1679.2,81.57,Critical
2026-07-21 05:40:00,Biotech Department,4.53,17.04,3.76,Normal
2026-07-27 13:20:00,Chemistry Lab,4.99,5.99,1.2,Normal
2026-07-10 23:00:00,CSE Department,2.64,16.69,6.31,Normal
2026-08-11 14:10:00,AI Lab,7.2,50.13,6.96,Normal
2026-08-25 06:00:00,Electronics Department,4.65,36.59,7.87,Normal
2026-08-16 07:40:00,IT Department,5.12,22.51,4.4,Normal
2026-08-09 21:10:00,AI Lab,4.28,36.06,8.42,Normal
2026-07-26 12:50:00,AIML Department,3.24,19.92,6.15,Normal
2026-08-20 07:50:00,IT Department,5.02,22.85,4.56,Normal
2026-08-03 15:30:00,AIML Department,5.37,5.94,1.11,Normal
2026-07-22 08:40:00,Chemistry Lab,5.75,11.74,2.04,Normal
2026-07-21 22:50:00,CSE Department,3.64,30.13,8.27,Normal
2026-08-18 16:10:00,Electronics Department,2.82,22.03,7.8,Normal
2026-07-13 04:40:00,AIML Department,9.39,101.17,10.78,Suspicious
2026-07-21 20:10:00,Biotech Department,5.14,43.53,8.46,Normal
2026-07-04 11:40:00,IT Department,5.84,42.46,7.27,Normal
2026-08-12 22:40:00,AI Lab,4.87,29.28,6.01,Normal
2026-08-23 13:10:00,BT Department,12.33,242.53,19.67,Suspicious
2026-07-05 13:30:00,AI Lab,4.58,39.41,8.6,Normal
2026-07-30 22:30:00,Biotech Department,4.49,26.16,5.82,Normal
2026-08-03 20:20:00,New Seminar Hall,5.09,41.04,8.06,Normal
2026-08-18 08:40:00,IT Department,2.9,27.81,9.6,Normal
2026-07-15 17:40:00,AIML Department,4.86,18.43,3.79,Normal
2026-07-29 11:20:00,Biotech Department,2.82,12.74,4.51,Normal
2026-08-15 12:40:00,Mechanical Lab,6.38,40.3,6.32,Normal
2026-07-12 14:20:00,AI Lab,5.34,14.8,2.77,Normal
2026-08-02 20:30:00,AIML Department,2.93,8.7,2.97,Normal
2026-08-08 12:10:00,HOD Department,4.82,18.25,3.78,Normal
2026-08-10 14:00:00,Chemistry Lab,5.95,41.59,6.99,Normal
2026-08-19 01:00:00,Electronics Department,4.18,40.82,9.77,Normal
2026-07-01 14:40:00,New Seminar Hall,13.05,204.86,15.7,Suspicious
2026-08-08 08:30:00,HOD Department,4.43,17.59,3.97,Normal
2026-07-15 20:10:00,HOD Department,4.44,9.04,2.04,Normal
2026-07-28 14:00:00,HOD Department,3.47,32.22,9.28,Normal
2026-07-16 10:30:00,HOD Department,4.08,30.19,7.39,Normal
2026-07-01 20:20:00,Biotech Department,7.35,52.9,7.2,Normal
2026-08-14 19:40:00,Physics Lab,16.09,261.95,16.28,Suspicious
2026-08-25 02:30:00,Mechanical Lab,11.95,203.5,17.03,Suspicious
2026-07-19 18:50:00,BT Department,4.96,45.04,9.08,Normal
2026-07-23 10:00:00,Biotech Department,13.95,163.61,11.73,Suspicious
2026-07-15 18:00:00,Biotech Department,5.21,11.49,2.2,Normal
2026-07-04 09:30:00,Mechanical Lab,7.47,65.52,8.77,Normal
2026-07-15 13:50:00,AIML Department,4.34,29.33,6.76,Normal
2026-07-18 23:30:00,AIML Department,4.02,16.46,4.09,Normal
2026-07-10 08:50:00,AIML Department,4.21,25.99,6.17,Normal
2026-08-21 10:10:00,AIML Department,4.56,5.98,1.31,Normal
2026-07-25 03:40:00,Electronics Department,4.65,36.88,7.93,Normal
2026-07-10 09:20:00,Electronics Department,4.32,40.81,9.44,Normal
2026-07-02 23:20:00,New Seminar Hall,5.33,44.41,8.33,Normal
2026-08-16 16:10:00,Mechanical Lab,5.81,37.13,6.4,Normal
2026-07-19 09:10:00,Mechanical Lab,5.48,51.18,9.33,Normal
2026-08-02 09:20:00,Physics Lab,5.16,39.32,7.62,Normal
2026-07-19 04:50:00,Biotech Department,4.95,21.15,4.27,Normal
2026-07-24 02:40:00,AIML Department,4.56,39.11,8.58,Normal
2026-07-23 11:00:00,Chemistry Lab,3.86,16.42,4.25,Normal
2026-07-28 18:50:00,AI Lab,10.22,107.14,10.48,Suspicious
2026-07-20 13:20:00,Chemistry Lab,3.68,16.0,4.34,Normal
2026-08-03 21:10:00,Electronics Department,4.68,46.09,9.86,Normal
2026-07-30 15:50:00,Chemistry Lab,13.39,328.15,24.5,Suspicious
2026-07-15 23:00:00,CSE Department,11.7,172.47,14.75,Suspicious
2026-07-19 22:30:00,AIML Department,5.93,8.28,1.4,Normal
2026-07-20 12:10:00,Chemistry Lab,5.07,31.26,6.16,Normal
2026-08-02 21:20:00,Electronics Department,13.76,1074.97,78.1,Critical
2026-08-07 19:50:00,AI Lab,5.87,20.84,3.55,Normal
2026-07-10 23:10:00,Physics Lab,4.56,10.78,2.37,Normal
2026-08-22 11:10:00,New Seminar Hall,23.79,2103.03,88.38,Critical
2026-08-20 15:00:00,Biotech Department,4.72,5.7,1.21,Normal
2026-08-15 00:50:00,Chemistry Lab,10.06,128.7,12.79,Suspicious
2026-08-18 04:20:00,IT Department,4.01,13.46,3.36,Normal
2026-08-23 21:10:00,BT Department,19.33,976.1,50.5,Critical
2026-08-05 01:20:00,Electronics Department,2.83,21.55,7.62,Normal
2026-08-10 23:30:00,Chemistry Lab,5.93,23.33,3.94,Normal
2026-07-10 05:10:00,Biotech Department,3.73,11.03,2.96,Normal
2026-08-19 22:30:00,Electronics Department,5.77,10.31,1.79,Normal
2026-08-24 17:40:00,Physics Lab,3.99,39.04,9.79,Normal
2026-08-14 19:20:00,AI Lab,4.64,34.65,7.46,Normal
2026-07-12 03:10:00,AIML Department,7.64,224.65,29.41,Suspicious
2026-08-20 14:10:00,AIML Department,11.28,277.56,24.6,Suspicious
2026-07-23 11:40:00,Biotech Department,6.63,14.78,2.23,Normal
2026-08-02 01:00:00,BT Department,2.75,4.07,1.48,Normal
2026-08-03 16:20:00,Electronics Department,3.87,15.09,3.9,Normal
2026-08-22 10:20:00,BT Department,6.45,62.43,9.68,Normal
2026-08-03 22:50:00,AI Lab,2.96,12.87,4.34,Normal
2026-07-26 07:00:00,Physics Lab,6.13,7.95,1.3,Normal
2026-08-12 05:50:00,Electronics Department,4.46,19.91,4.47,Normal
2026-07-14 16:00:00,Mechanical Lab,6.84,59.33,8.68,Normal
2026-07-04 21:30:00,Biotech Department,5.37,47.95,8.93,Normal
2026-07-30 08:10:00,Mechanical Lab,8.04,36.86,4.59,Normal
2026-07-10 10:00:00,New Seminar Hall,4.93,36.25,7.36,Normal
2026-08-09 16:30:00,Biotech Department,3.55,32.9,9.26,Normal
2026-07-07 16:20:00,Chemistry Lab,7.25,25.54,3.52,Normal
2026-07-25 07:20:00,Biotech Department,7.61,32.93,4.33,Normal
2026-07-26 23:50:00,New Seminar Hall,4.47,29.57,6.62,Normal
2026-07-30 19:00:00,Chemistry Lab,3.58,33.14,9.26,Normal
2026-07-23 06:00:00,Chemistry Lab,4.65,29.68,6.39,Normal
2026-07-16 14:20:00,CSE Department,3.49,7.84,2.25,Normal
2026-07-06 17:00:00,CSE Department,5.55,32.48,5.86,Normal
2026-08-01 01:30:00,BT Department,2.25,18.65,8.3,Normal
2026-08-13 01:00:00,Electronics Department,3.72,8.35,2.24,Normal
2026-08-12 16:10:00,Physics Lab,4.79,43.68,9.11,Normal
2026-07-07 21:10:00,New Seminar Hall,4.32,41.54,9.61,Normal
2026-07-07 01:00:00,Biotech Department,6.98,30.69,4.4,Normal
2026-08-05 02:10:00,IT Department,12.58,363.61,28.91,Suspicious
2026-07-31 00:50:00,Physics Lab,8.86,16.06,1.81,Normal
2026-07-02 11:20:00,IT Department,4.23,23.14,5.46,Normal
2026-08-09 08:30:00,IT Department,3.85,35.64,9.25,Normal
2026-08-01 21:50:00,BT Department,3.08,13.74,4.47,Normal
2026-07-28 23:50:00,BT Department,8.53,151.74,17.79,Suspicious
2026-07-18 23:00:00,Chemistry Lab,4.93,27.97,5.67,Normal
2026-08-23 06:30:00,AIML Department,3.95,20.93,5.29,Normal
2026-07-10 10:30:00,Physics Lab,6.28,27.44,4.37,Normal
2026-08-06 11:50:00,AIML Department,18.92,1173.51,62.03,Critical
2026-08-20 20:40:00,IT Department,3.39,27.12,8.0,Normal
2026-08-07 17:10:00,New Seminar Hall,11.83,190.59,16.11,Suspicious
2026-08-16 16:30:00,Mechanical Lab,5.82,32.94,5.66,Normal
2026-08-21 20:40:00,CSE Department,2.87,17.05,5.94,Normal
2026-07-24 06:00:00,IT Department,3.86,31.19,8.07,Normal
2026-07-24 07:40:00,IT Department,5.29,35.33,6.68,Normal
2026-07-03 14:30:00,CSE Department,6.08,14.11,2.32,Normal
2026-08-11 05:00:00,HOD Department,2.7,13.69,5.07,Normal
2026-07-18 15:00:00,Biotech Department,20.6,1731.33,84.04,Critical
2026-08-22 14:00:00,IT Department,3.97,18.66,4.71,Normal
2026-08-12 17:10:00,IT Department,14.09,952.69,67.63,Critical
2026-08-11 16:20:00,Biotech Department,5.26,14.53,2.76,Normal
2026-08-22 08:50:00,IT Department,9.13,229.38,25.11,Suspicious
2026-07-31 22:40:00,Physics Lab,6.83,9.83,1.44,Normal
2026-07-07 02:40:00,AI Lab,5.54,41.4,7.47,Normal
2026-07-22 17:10:00,New Seminar Hall,6.13,30.2,4.93,Normal
2026-07-25 09:00:00,IT Department,3.4,18.06,5.32,Normal
2026-08-07 02:50:00,BT Department,4.61,31.38,6.81,Normal
2026-08-19 01:10:00,New Seminar Hall,7.31,15.24,2.08,Normal
2026-07-01 17:00:00,AIML Department,4.56,4.71,1.03,Normal
2026-08-13 14:20:00,Electronics Department,6.42,57.39,8.95,Normal
2026-07-29 13:20:00,CSE Department,4.57,12.17,2.67,Normal
2026-07-25 07:10:00,Mechanical Lab,6.47,36.81,5.69,Normal
2026-08-14 02:50:00,Mechanical Lab,17.68,374.5,21.18,Suspicious
2026-07-14 12:50:00,CSE Department,5.32,28.93,5.44,Normal
2026-07-11 14:50:00,Chemistry Lab,6.1,17.85,2.92,Normal
2026-08-04 04:10:00,IT Department,4.12,21.13,5.13,Normal
2026-08-04 07:50:00,Physics Lab,4.13,24.91,6.03,Normal
2026-07-30 03:40:00,AI Lab,4.98,29.28,5.87,Normal
2026-07-24 11:50:00,Physics Lab,6.14,36.82,6.0,Normal
2026-08-12 02:40:00,New Seminar Hall,6.67,57.59,8.63,Normal
2026-08-04 13:00:00,AIML Department,7.49,170.01,22.71,Suspicious
2026-07-07 21:40:00,AIML Department,5.72,48.37,8.46,Normal
2026-08-10 14:10:00,Mechanical Lab,15.45,303.08,19.61,Suspicious
2026-07-24 04:50:00,New Seminar Hall,6.67,59.24,8.88,Normal
2026-07-16 08:10:00,Mechanical Lab,7.41,61.19,8.26,Normal
2026-08-24 01:40:00,IT Department,3.62,33.92,9.38,Normal
2026-08-05 15:10:00,CSE Department,3.2,28.72,8.96,Normal
2026-08-17 09:50:00,HOD Department,11.5,920.08,80.0,Critical
2026-07-22 13:30:00,BT Department,5.01,27.0,5.39,Normal
2026-08-08 11:00:00,AIML Department,2.57,21.4,8.31,Normal
2026-07-06 16:00:00,New Seminar Hall,7.49,23.06,3.08,Normal
2026-08-22 13:10:00,Chemistry Lab,5.88,55.67,9.46,Normal
2026-07-25 14:30:00,New Seminar Hall,5.93,35.83,6.05,Normal
2026-07-03 07:30:00,Physics Lab,10.08,282.01,27.98,Suspicious
2026-08-25 04:50:00,BT Department,3.66,31.24,8.53,Normal
2026-08-01 18:00:00,IT Department,10.87,320.31,29.45,Suspicious
2026-08-19 18:30:00,BT Department,1.6,5.62,3.53,Normal
2026-07-17 12:40:00,New Seminar Hall,6.7,51.55,7.7,Normal
2026-07-20 04:50:00,CSE Department,2.2,6.44,2.93,Normal
2026-07-15 18:30:00,AI Lab,5.2,41.08,7.9,Normal
2026-07-24 20:50:00,AIML Department,3.07,21.97,7.15,Normal
2026-07-06 08:20:00,IT Department,4.88,33.52,6.87,Normal
2026-07-07 22:30:00,AI Lab,4.71,12.74,2.71,Normal
2026-08-18 18:50:00,Chemistry Lab,4.74,24.37,5.14,Normal
2026-07-17 01:00:00,Biotech Department,15.0,239.36,15.96,Suspicious
2026-07-08 04:50:00,Chemistry Lab,5.61,20.11,3.59,Normal
2026-07-23 15:20:00,AIML Department,10.35,164.73,15.91,Suspicious
2026-07-13 13:10:00,Physics Lab,18.37,1170.61,63.71,Critical
2026-08-15 23:40:00,IT Department,14.04,546.15,38.89,Critical
2026-08-01 01:00:00,IT Department,4.99,25.61,5.14,Normal
2026-08-08 09:10:00,New Seminar Hall,6.64,26.85,4.04,Normal
2026-07-13 07:20:00,HOD Department,3.35,28.36,8.47,Normal
2026-08-06 07:40:00,AI Lab,4.21,36.54,8.68,Normal
2026-07-03 16:50:00,Biotech Department,3.87,5.31,1.37,Normal
2026-07-27 00:50:00,Physics Lab,6.37,63.55,9.98,Normal
2026-07-30 19:10:00,AIML Department,3.74,19.65,5.25,Normal
2026-07-06 02:40:00,AI Lab,3.36,9.8,2.92,Normal
2026-07-25 04:00:00,Mechanical Lab,8.01,45.17,5.64,Normal
2026-08-06 11:10:00,Biotech Department,5.13,26.15,5.1,Normal
2026-08-04 16:00:00,CSE Department,4.59,20.2,4.4,Normal
2026-07-08 01:00:00,AI Lab,2.59,15.2,5.86,Normal
2026-08-22 18:20:00,Electronics Department,5.63,27.77,4.93,Normal
2026-08-20 13:30:00,New Seminar Hall,4.35,17.38,3.99,Normal
2026-07-16 15:10:00,AI Lab,3.53,20.03,5.68,Normal
2026-07-20 04:10:00,IT Department,6.17,6.58,1.07,Normal
2026-08-03 08:50:00,Biotech Department,4.83,23.72,4.91,Normal
2026-08-05 17:40:00,New Seminar Hall,8.13,52.55,6.47,Normal
2026-08-19 07:20:00,Chemistry Lab,6.68,55.86,8.36,Normal
2026-08-21 03:50:00,New Seminar Hall,5.29,36.02,6.81,Normal
2026-08-19 07:50:00,New Seminar Hall,4.11,39.99,9.73,Normal
2026-08-07 00:00:00,BT Department,8.81,142.68,16.2,Suspicious
2026-08-11 19:50:00,Chemistry Lab,5.66,35.16,6.21,Normal
2026-07-26 03:20:00,CSE Department,3.97,36.33,9.16,Normal
2026-08-03 16:50:00,Chemistry Lab,6.26,28.57,4.57,Normal
2026-08-07 03:10:00,Mechanical Lab,5.64,41.86,7.43,Normal
2026-07-15 03:40:00,Physics Lab,5.32,29.68,5.58,Normal
2026-07-29 22:40:00,CSE Department,11.04,169.65,15.37,Suspicious
2026-08-03 09:10:00,New Seminar Hall,7.25,61.47,8.47,Normal
2026-08-15 22:30:00,HOD Department,2.86,18.08,6.33,Normal
2026-08-07 03:00:00,New Seminar Hall,5.43,17.36,3.2,Normal
2026-08-18 22:10:00,BT Department,4.52,29.92,6.62,Normal
2026-08-04 20:30:00,Biotech Department,2.77,22.08,7.96,Normal
2026-08-22 22:50:00,Electronics Department,4.38,41.1,9.38,Normal
2026-08-05 07:00:00,Physics Lab,6.62,65.39,9.88,Normal
2026-07-26 08:00:00,Mechanical Lab,5.02,20.02,3.99,Normal
2026-08-15 09:40:00,Biotech Department,5.02,40.29,8.03,Normal
2026-08-21 01:00:00,CSE Department,3.06,4.61,1.51,Normal
2026-08-25 14:40:00,CSE Department,8.84,165.59,18.72,Suspicious
2026-08-16 03:40:00,AI Lab,6.78,52.65,7.77,Normal
2026-07-04 00:10:00,Biotech Department,3.69,27.23,7.38,Normal
2026-08-18 20:30:00,Physics Lab,5.96,40.96,6.87,Normal
2026-08-21 01:20:00,IT Department,2.86,5.44,1.91,Normal
2026-07-05 01:20:00,IT Department,5.34,16.35,3.06,Normal
2026-08-14 16:30:00,IT Department,5.66,41.32,7.31,Normal
2026-08-22 03:40:00,Physics Lab,5.76,40.34,7.0,Normal
2026-08-05 06:40:00,BT Department,5.34,40.27,7.54,Normal
2026-07-30 14:00:00,Chemistry Lab,7.55,15.49,2.05,Normal
2026-08-15 04:00:00,Chemistry Lab,6.29,25.19,4.01,Normal
2026-07-25 16:30:00,HOD Department,2.5,13.32,5.32,Normal
2026-07-02 17:30:00,HOD Department,2.86,11.57,4.04,Normal
2026-07-10 14:00:00,BT Department,4.96,37.79,7.62,Normal
2026-07-25 15:40:00,CSE Department,4.9,7.47,1.53,Normal
2026-07-20 03:20:00,HOD Department,4.23,6.65,1.57,Normal
2026-08-12 05:00:00,Biotech Department,5.29,27.81,5.26,Normal
2026-08-05 06:30:00,Physics Lab,6.54,34.38,5.26,Normal
2026-08-15 13:40:00,Chemistry Lab,6.33,60.91,9.62,Normal
2026-08-02 17:00:00,AI Lab,5.11,38.81,7.6,Normal
2026-07-29 06:10:00,Biotech Department,6.42,57.5,8.95,Normal
2026-07-14 05:00:00,Mechanical Lab,6.52,64.35,9.87,Normal
2026-08-20 00:20:00,IT Department,5.04,14.61,2.9,Normal
2026-07-21 06:40:00,AI Lab,5.32,41.18,7.75,Normal
2026-07-22 09:00:00,AIML Department,4.57,8.99,1.97,Normal
2026-07-09 16:50:00,Physics Lab,16.24,235.65,14.51,Suspicious
2026-08-15 21:50:00,Biotech Department,5.8,55.49,9.57,Normal
2026-07-12 18:10:00,Electronics Department,3.44,22.69,6.6,Normal
2026-07-25 01:30:00,Biotech Department,5.66,11.01,1.94,Normal
2026-07-25 11:20:00,Physics Lab,5.99,18.33,3.06,Normal
2026-08-17 02:50:00,Chemistry Lab,5.91,30.11,5.09,Normal
2026-07-21 04:50:00,Electronics Department,5.54,36.86,6.65,Normal
2026-07-13 18:40:00,Electronics Department,5.11,14.3,2.8,Normal
2026-08-08 17:00:00,CSE Department,5.98,24.27,4.06,Normal
2026-07-27 16:50:00,CSE Department,3.79,33.49,8.83,Normal
2026-07-24 17:20:00,Chemistry Lab,4.35,32.02,7.37,Normal
2026-07-24 17:10:00,AI Lab,13.04,272.78,20.92,Suspicious
2026-07-25 20:50:00,Mechanical Lab,5.94,47.22,7.95,Normal
2026-08-22 19:50:00,Biotech Department,6.18,6.96,1.13,Normal
2026-08-05 19:30:00,Mechanical Lab,7.16,40.21,5.62,Normal
2026-08-12 04:00:00,Electronics Department,4.47,7.44,1.66,Normal
2026-07-25 06:50:00,AIML Department,4.78,15.05,3.15,Normal
2026-07-05 12:30:00,Biotech Department,5.35,24.81,4.64,Normal
2026-07-22 13:20:00,AIML Department,3.57,14.28,4.0,Normal
2026-08-18 17:10:00,HOD Department,2.62,19.58,7.46,Normal
2026-07-02 05:00:00,AIML Department,4.13,18.07,4.37,Normal
2026-08-24 19:10:00,Physics Lab,7.78,72.92,9.37,Normal
2026-07-28 06:00:00,New Seminar Hall,7.92,16.23,2.05,Normal
2026-07-21 17:10:00,New Seminar Hall,5.2,9.15,1.76,Normal
2026-08-08 03:10:00,Chemistry Lab,13.57,387.74,28.58,Suspicious
2026-08-01 05:50:00,AI Lab,6.26,59.91,9.57,Normal
2026-07-25 20:30:00,BT Department,5.25,35.32,6.73,Normal
2026-07-20 07:00:00,IT Department,3.42,29.03,8.49,Normal
2026-07-07 01:50:00,CSE Department,12.68,586.71,46.27,Critical
2026-07-12 17:10:00,HOD Department,4.96,43.08,8.69,Normal
2026-07-08 04:00:00,Electronics Department,3.84,17.41,4.53,Normal
2026-07-24 02:50:00,IT Department,4.02,36.88,9.18,Normal
2026-08-25 12:40:00,AI Lab,11.98,131.3,10.96,Suspicious
2026-07-16 12:40:00,CSE Department,5.8,48.47,8.36,Normal
2026-08-21 12:10:00,CSE Department,4.74,24.3,5.12,Normal
2026-07-18 07:10:00,Mechanical Lab,16.24,463.34,28.54,Suspicious
2026-07-03 20:20:00,CSE Department,3.54,8.4,2.37,Normal
2026-07-17 15:30:00,Physics Lab,15.3,454.83,29.73,Suspicious
2026-07-03 17:30:00,Biotech Department,24.7,1385.55,56.1,Critical
2026-07-06 23:40:00,AIML Department,4.73,7.26,1.54,Normal
2026-08-13 03:40:00,Mechanical Lab,6.68,19.82,2.97,Normal
2026-08-03 17:10:00,HOD Department,3.2,24.71,7.73,Normal
2026-07-23 14:10:00,Mechanical Lab,6.86,23.02,3.35,Normal
2026-08-16 12:20:00,AIML Department,3.8,27.07,7.13,Normal
2026-08-23 12:50:00,HOD Department,3.43,32.08,9.35,Normal
2026-08-11 17:30:00,Electronics Department,5.37,13.39,2.5,Normal
2026-07-24 10:10:00,BT Department,4.42,27.39,6.2,Normal
2026-07-29 20:20:00,Physics Lab,5.2,22.14,4.26,Normal
2026-08-24 20:00:00,Biotech Department,19.57,637.05,32.55,Critical
2026-07-16 00:40:00,BT Department,3.58,35.34,9.88,Normal
2026-07-14 01:40:00,Biotech Department,3.89,24.31,6.25,Normal
2026-07-06 20:10:00,BT Department,6.87,64.73,9.42,Normal
2026-08-25 06:30:00,IT Department,2.35,11.04,4.71,Normal
2026-07-19 21:40:00,CSE Department,4.44,33.05,7.45,Normal
2026-07-01 23:40:00,AI Lab,5.27,47.28,8.98,Normal
2026-07-30 16:10:00,AI Lab,6.15,16.26,2.64,Normal
2026-07-27 10:00:00,AI Lab,9.3,253.05,27.2,Suspicious
2026-07-21 09:50:00,Biotech Department,3.79,14.73,3.88,Normal
2026-07-17 19:10:00,Mechanical Lab,7.8,28.54,3.66,Normal
2026-08-21 09:30:00,Physics Lab,4.89,18.88,3.86,Normal
2026-08-16 08:50:00,CSE Department,2.64,18.82,7.14,Normal
2026-08-19 14:30:00,Electronics Department,5.53,16.76,3.03,Normal
2026-07-23 18:00:00,Physics Lab,5.89,29.9,5.07,Normal
2026-08-13 02:20:00,HOD Department,6.4,174.52,27.28,Suspicious
2026-08-14 11:50:00,Electronics Department,5.42,42.9,7.91,Normal
2026-08-11 23:20:00,Electronics Department,6.97,60.38,8.66,Normal
2026-08-17 19:40:00,AIML Department,5.66,33.31,5.89,Normal
2026-08-19 21:00:00,HOD Department,4.47,4.63,1.03,Normal
2026-08-12 04:40:00,IT Department,3.88,24.7,6.37,Normal
2026-07-21 03:30:00,BT Department,6.18,38.99,6.31,Normal
2026-08-21 17:50:00,CSE Department,12.86,972.14,75.61,Critical
2026-07-21 13:20:00,Electronics Department,3.88,29.96,7.72,Normal
2026-07-14 06:50:00,HOD Department,4.08,11.27,2.77,Normal
2026-08-10 07:00:00,HOD Department,3.46,29.96,8.65,Normal
2026-08-02 08:40:00,Mechanical Lab,6.12,31.11,5.08,Normal
2026-07-14 05:30:00,IT Department,4.18,29.56,7.07,Normal
2026-07-19 16:50:00,BT Department,1.56,10.64,6.82,Normal
2026-07-16 21:50:00,AI Lab,5.19,29.01,5.59,Normal
2026-08-07 15:30:00,AI Lab,6.35,16.13,2.54,Normal
2026-07-17 13:20:00,Biotech Department,3.63,19.96,5.5,Normal
2026-07-07 22:20:00,IT Department,4.42,11.05,2.5,Normal
2026-07-22 15:20:00,Mechanical Lab,8.02,59.43,7.41,Normal
2026-07-09 02:40:00,AIML Department,4.29,31.75,7.4,Normal
2026-07-19 08:50:00,IT Department,4.54,17.99,3.97,Normal
2026-07-16 15:20:00,Physics Lab,4.8,33.7,7.01,Normal
2026-07-04 05:50:00,HOD Department,5.06,38.9,7.68,Normal
2026-07-07 17:40:00,CSE Department,2.61,10.12,3.87,Normal
2026-07-10 01:00:00,IT Department,6.29,27.76,4.41,Normal
2026-07-04 15:30:00,Physics Lab,6.24,39.56,6.34,Normal
2026-07-15 11:10:00,Physics Lab,3.87,29.75,7.69,Normal
2026-08-21 11:10:00,Physics Lab,2.2,15.18,6.9,Normal
2026-08-10 12:40:00,AIML Department,8.13,159.19,19.57,Suspicious
2026-08-10 05:00:00,BT Department,20.09,1479.29,73.62,Critical
2026-08-08 23:50:00,IT Department,3.37,3.42,1.02,Normal
2026-07-09 16:20:00,Physics Lab,5.83,35.64,6.12,Normal
2026-08-15 17:00:00,Chemistry Lab,17.25,523.82,30.37,Critical
2026-07-19 13:40:00,BT Department,12.61,172.61,13.68,Suspicious
2026-08-10 08:50:00,Biotech Department,21.51,717.89,33.37,Critical
2026-08-23 18:20:00,AI Lab,3.9,24.31,6.23,Normal
2026-07-15 00:20:00,New Seminar Hall,6.31,63.02,9.99,Normal
2026-07-22 22:20:00,HOD Department,3.11,17.98,5.78,Normal
2026-07-29 05:40:00,AI Lab,4.32,33.54,7.76,Normal
2026-07-16 06:30:00,Chemistry Lab,5.45,29.28,5.37,Normal
2026-07-26 22:30:00,BT Department,4.74,19.01,4.01,Normal
2026-08-04 11:20:00,AI Lab,3.39,8.39,2.48,Normal
2026-07-15 04:50:00,New Seminar Hall,4.58,24.53,5.35,Normal
2026-07-29 08:10:00,AIML Department,4.56,17.9,3.93,Normal
2026-08-24 18:20:00,CSE Department,4.96,35.92,7.24,Normal
2026-07-22 13:00:00,Physics Lab,6.87,39.54,5.75,Normal
2026-07-10 00:00:00,Chemistry Lab,13.66,182.64,13.37,Suspicious
2026-07-16 13:20:00,CSE Department,16.11,654.76,40.65,Critical
2026-07-20 04:00:00,CSE Department,9.02,114.38,12.68,Suspicious
2026-07-08 05:20:00,AI Lab,5.64,41.46,7.35,Normal
2026-07-16 13:00:00,HOD Department,4.17,34.1,8.17,Normal
2026-08-02 18:20:00,IT Department,3.37,16.4,4.87,Normal
2026-08-06 01:00:00,Chemistry Lab,4.95,43.45,8.77,Normal
2026-08-11 21:20:00,Electronics Department,3.63,25.12,6.93,Normal
2026-08-15 22:10:00,IT Department,5.3,34.74,6.56,Normal
2026-07-27 11:00:00,IT Department,4.77,45.03,9.43,Normal
2026-07-26 07:30:00,AIML Department,4.03,9.79,2.43,Normal
2026-08-03 01:10:00,AI Lab,4.08,25.78,6.31,Normal
2026-07-10 11:40:00,Mechanical Lab,15.36,365.11,23.77,Suspicious
2026-07-14 06:30:00,Mechanical Lab,5.81,33.44,5.76,Normal
2026-07-17 14:30:00,Physics Lab,23.04,1859.12,80.69,Critical
2026-07-18 08:10:00,New Seminar Hall,14.56,370.47,25.44,Suspicious
2026-07-16 04:00:00,Biotech Department,4.03,12.9,3.2,Normal
2026-07-08 17:30:00,AI Lab,4.63,7.66,1.66,Normal
2026-08-11 02:00:00,BT Department,2.86,14.4,5.04,Normal
2026-08-25 10:00:00,Chemistry Lab,5.87,44.26,7.54,Normal
2026-07-30 16:30:00,Chemistry Lab,4.42,20.96,4.75,Normal
2026-07-19 12:50:00,Mechanical Lab,5.99,56.6,9.45,Normal
2026-07-01 20:50:00,Biotech Department,13.89,396.49,28.55,Suspicious
2026-07-21 11:00:00,Biotech Department,4.55,39.4,8.65,Normal
2026-08-13 00:40:00,AI Lab,6.31,22.76,3.61,Normal
2026-08-03 19:20:00,BT Department,5.48,7.05,1.29,Normal
2026-07-10 11:00:00,Mechanical Lab,3.95,29.95,7.59,Normal
2026-08-11 15:10:00,CSE Department,3.13,3.4,1.09,Normal
2026-08-25 03:20:00,Mechanical Lab,12.67,377.45,29.8,Suspicious
2026-08-18 21:00:00,AIML Department,16.38,1351.89,82.56,Critical
2026-07-07 09:20:00,AIML Department,3.12,18.3,5.86,Normal
2026-07-28 01:40:00,Electronics Department,3.95,23.56,5.97,Normal
2026-08-08 07:20:00,HOD Department,3.55,8.02,2.26,Normal
2026-08-11 15:50:00,BT Department,5.74,40.53,7.07,Normal
2026-08-23 10:10:00,New Seminar Hall,4.33,17.54,4.05,Normal
2026-07-21 22:10:00,Chemistry Lab,5.96,15.34,2.57,Normal
2026-07-24 21:10:00,BT Department,4.37,40.9,9.35,Normal
2026-08-07 22:30:00,Physics Lab,6.19,25.25,4.08,Normal
2026-07-19 02:40:00,AIML Department,2.89,4.82,1.67,Normal
2026-08-24 16:50:00,Physics Lab,5.54,17.73,3.2,Normal
2026-07-19 15:10:00,New Seminar Hall,7.26,54.94,7.56,Normal
2026-08-06 20:00:00,Biotech Department,6.13,49.45,8.06,Normal
2026-07-25 20:20:00,AIML Department,3.51,32.17,9.17,Normal
2026-07-03 22:30:00,Mechanical Lab,17.26,287.43,16.65,Suspicious
2026-07-14 14:00:00,AI Lab,3.26,18.76,5.76,Normal
2026-08-01 02:10:00,BT Department,9.28,264.52,28.51,Suspicious
2026-08-18 10:30:00,Physics Lab,18.26,834.12,45.69,Critical
2026-08-18 22:40:00,IT Department,4.37,29.87,6.83,Normal
2026-07-29 07:10:00,AIML Department,5.7,49.63,8.7,Normal
2026-08-15 04:50:00,AIML Department,5.48,27.03,4.94,Normal
2026-07-12 11:20:00,Mechanical Lab,7.88,65.34,8.29,Normal
2026-07-09 02:20:00,CSE Department,2.28,9.33,4.1,Normal
2026-07-26 20:50:00,Electronics Department,5.31,15.25,2.87,Normal
2026-07-25 13:40:00,CSE Department,4.73,30.45,6.44,Normal
2026-08-24 07:10:00,Electronics Department,4.91,33.06,6.74,Normal
2026-08-12 06:30:00,Electronics Department,5.89,13.98,2.37,Normal
2026-07-21 21:00:00,Physics Lab,12.51,209.61,16.75,Suspicious
2026-07-15 04:20:00,HOD Department,4.29,6.32,1.47,Normal
2026-08-25 09:10:00,BT Department,9.71,150.66,15.51,Suspicious
2026-08-25 02:40:00,New Seminar Hall,7.05,70.01,9.93,Normal
2026-07-17 20:00:00,CSE Department,4.34,17.04,3.93,Normal
2026-08-21 04:50:00,CSE Department,4.4,17.59,4.0,Normal
2026-07-10 15:40:00,Chemistry Lab,5.17,28.67,5.55,Normal
2026-07-03 13:20:00,AIML Department,4.44,8.43,1.9,Normal
2026-07-12 13:50:00,Electronics Department,4.78,6.15,1.29,Normal
2026-07-27 02:50:00,HOD Department,2.99,12.04,4.03,Normal
2026-08-21 04:20:00,Mechanical Lab,6.72,45.85,6.83,Normal
2026-07-15 15:20:00,Physics Lab,5.19,17.18,3.31,Normal
2026-07-16 17:50:00,Biotech Department,4.71,43.95,9.34,Normal
2026-07-12 22:50:00,CSE Department,4.46,11.68,2.62,Normal
2026-08-12 06:20:00,BT Department,5.13,24.47,4.77,Normal
2026-07-03 03:20:00,Electronics Department,4.55,28.37,6.24,Normal
2026-08-19 09:50:00,Electronics Department,3.32,26.88,8.1,Normal
2026-07-15 11:50:00,AIML Department,3.68,10.93,2.97,Normal
2026-08-03 13:30:00,Chemistry Lab,4.85,31.46,6.49,Normal
2026-07-07 14:10:00,Mechanical Lab,5.77,13.67,2.37,Normal
2026-07-27 08:00:00,Biotech Department,4.64,27.04,5.82,Normal
2026-08-14 19:00:00,AIML Department,3.37,18.36,5.45,Normal
2026-07-15 09:40:00,Mechanical Lab,6.8,56.6,8.32,Normal
2026-07-30 17:40:00,Biotech Department,2.53,21.97,8.67,Normal
2026-07-14 15:30:00,HOD Department,3.72,18.74,5.03,Normal
2026-07-14 00:40:00,New Seminar Hall,7.6,13.86,1.82,Normal
2026-07-12 06:10:00,BT Department,5.9,46.13,7.81,Normal
2026-07-31 23:50:00,IT Department,4.17,30.77,7.37,Normal
2026-08-03 07:30:00,AIML Department,7.22,140.67,19.49,Suspicious
2026-08-13 14:50:00,AI Lab,5.84,31.87,5.45,Normal
2026-08-19 02:30:00,CSE Department,19.09,1708.86,89.53,Critical
2026-08-02 15:40:00,Biotech Department,2.45,16.24,6.63,Normal
2026-08-13 23:10:00,IT Department,5.27,34.86,6.62,Normal
2026-07-30 13:20:00,Chemistry Lab,4.86,11.03,2.27,Normal
2026-08-02 11:10:00,AIML Department,4.51,8.81,1.95,Normal
2026-07-02 21:20:00,Mechanical Lab,6.1,36.81,6.03,Normal
2026-07-06 08:30:00,New Seminar Hall,5.76,53.1,9.21,Normal
2026-08-20 04:20:00,IT Department,2.13,5.32,2.5,Normal
2026-07-09 06:10:00,AI Lab,4.78,23.66,4.95,Normal
2026-08-08 17:30:00,Physics Lab,6.37,28.45,4.47,Normal
2026-08-15 06:10:00,Physics Lab,5.39,25.64,4.76,Normal
2026-08-10 08:40:00,HOD Department,3.13,28.52,9.1,Normal
2026-08-22 01:10:00,Mechanical Lab,5.62,45.31,8.06,Normal
2026-08-08 21:40:00,Chemistry Lab,5.37,26.11,4.86,Normal
2026-08-23 00:10:00,Mechanical Lab,6.12,31.34,5.12,Normal
2026-07-20 12:20:00,HOD Department,3.57,14.4,4.03,Normal
2026-07-07 05:00:00,AIML Department,8.47,226.08,26.7,Suspicious
2026-07-31 02:50:00,Mechanical Lab,5.97,12.17,2.04,Normal
2026-08-08 22:40:00,HOD Department,2.54,13.02,5.13,Normal
2026-08-16 23:30:00,New Seminar Hall,6.82,28.81,4.22,Normal
2026-08-05 08:20:00,New Seminar Hall,9.24,75.19,8.14,Normal
2026-08-12 19:30:00,Mechanical Lab,7.44,47.43,6.37,Normal
2026-07-19 01:10:00,CSE Department,2.87,13.44,4.68,Normal
2026-08-10 02:10:00,Biotech Department,3.59,21.95,6.12,Normal
2026-07-21 16:00:00,Biotech Department,4.09,27.08,6.63,Normal
2026-07-02 03:30:00,Physics Lab,4.69,19.85,4.23,Normal
2026-07-05 19:30:00,Physics Lab,7.09,52.53,7.41,Normal
2026-08-11 18:20:00,Chemistry Lab,5.52,30.44,5.52,Normal
2026-07-01 08:30:00,HOD Department,2.65,11.8,4.46,Normal
2026-07-30 07:00:00,Chemistry Lab,4.39,23.9,5.44,Normal
2026-08-10 23:10:00,Mechanical Lab,6.23,7.64,1.23,Normal
2026-07-04 13:50:00,New Seminar Hall,4.23,29.36,6.95,Normal
2026-07-01 08:50:00,New Seminar Hall,6.28,22.98,3.66,Normal
2026-08-07 10:20:00,Biotech Department,5.71,47.08,8.24,Normal
2026-07-07 17:10:00,Biotech Department,3.78,35.16,9.3,Normal
2026-07-19 08:30:00,AI Lab,4.24,15.16,3.57,Normal
2026-07-31 08:40:00,Physics Lab,10.46,276.15,26.41,Suspicious
2026-07-08 17:10:00,CSE Department,5.45,32.37,5.94,Normal
2026-07-19 07:40:00,New Seminar Hall,2.99,27.72,9.28,Normal
2026-07-03 00:20:00,CSE Department,3.72,21.07,5.66,Normal
2026-08-18 17:20:00,HOD Department,11.53,543.35,47.11,Critical
2026-07-09 09:20:00,HOD Department,3.57,19.29,5.41,Normal
2026-07-21 06:20:00,AIML Department,4.36,28.31,6.49,Normal
2026-07-27 06:30:00,CSE Department,4.77,18.5,3.88,Normal
2026-08-21 03:20:00,AIML Department,5.7,25.46,4.46,Normal
2026-07-17 23:30:00,CSE Department,4.12,28.5,6.92,Normal
2026-07-25 18:10:00,HOD Department,16.18,1136.85,70.27,Critical
2026-07-25 02:10:00,Biotech Department,2.72,12.15,4.46,Normal
2026-07-19 03:10:00,AIML Department,2.89,10.21,3.53,Normal
2026-08-17 07:50:00,AIML Department,9.29,203.05,21.87,Suspicious
2026-08-09 09:00:00,Biotech Department,5.16,31.24,6.06,Normal
2026-07-12 11:30:00,AI Lab,4.58,32.13,7.02,Normal
2026-08-23 20:30:00,Chemistry Lab,5.75,47.2,8.21,Normal
2026-07-17 11:20:00,Biotech Department,6.34,7.91,1.25,Normal
2026-07-20 03:30:00,AI Lab,6.11,46.61,7.63,Normal
2026-08-19 03:50:00,New Seminar Hall,7.06,33.47,4.74,Normal
2026-07-10 10:40:00,IT Department,4.47,17.24,3.86,Normal
2026-07-25 06:40:00,AI Lab,6.99,26.81,3.83,Normal
2026-07-27 19:20:00,Physics Lab,6.62,53.44,8.07,Normal
2026-08-12 14:10:00,Mechanical Lab,7.08,20.32,2.87,Normal
2026-08-21 23:40:00,Physics Lab,6.22,62.15,10.0,Normal
2026-07-17 17:40:00,IT Department,11.42,229.81,20.13,Suspicious
2026-07-15 01:10:00,Physics Lab,4.36,27.24,6.24,Normal
2026-07-25 17:40:00,Mechanical Lab,6.07,24.24,3.99,Normal
2026-07-13 13:30:00,BT Department,4.64,42.36,9.13,Normal
2026-08-07 20:10:00,AIML Department,4.45,34.78,7.81,Normal
2026-07-20 08:30:00,Mechanical Lab,4.29,22.1,5.15,Normal
2026-08-09 11:30:00,IT Department,2.62,3.37,1.29,Normal
2026-08-22 01:20:00,CSE Department,5.26,24.62,4.68,Normal
2026-07-18 12:00:00,Biotech Department,6.11,26.47,4.33,Normal
2026-08-17 03:00:00,Biotech Department,5.24,36.91,7.04,Normal
2026-07-29 03:50:00,IT Department,4.44,17.84,4.02,Normal
2026-08-03 02:20:00,IT Department,3.17,12.13,3.83,Normal
2026-08-13 05:30:00,Mechanical Lab,6.19,33.57,5.42,Normal
2026-07-11 16:50:00,CSE Department,3.66,27.2,7.44,Normal
2026-07-30 13:00:00,HOD Department,2.71,22.07,8.15,Normal
2026-08-14 13:50:00,Mechanical Lab,21.83,1910.95,87.52,Critical
2026-07-16 07:40:00,Chemistry Lab,10.11,273.4,27.05,Suspicious
2026-07-09 10:50:00,Electronics Department,16.09,1431.68,88.98,Critical
2026-08-20 12:30:00,Mechanical Lab,5.21,31.93,6.13,Normal
2026-07-02 22:40:00,BT Department,3.83,18.01,4.7,Normal
2026-07-01 19:00:00,IT Department,2.67,14.79,5.53,Normal
2026-07-12 11:10:00,BT Department,4.79,45.17,9.43,Normal
2026-08-13 04:00:00,New Seminar Hall,6.43,19.84,3.09,Normal
2026-07-24 03:10:00,HOD Department,7.38,163.39,22.14,Suspicious
2026-07-26 07:20:00,Mechanical Lab,6.66,61.17,9.19,Normal
2026-08-14 00:00:00,AI Lab,5.07,45.94,9.05,Normal
2026-08-02 12:00:00,HOD Department,8.98,261.18,29.07,Suspicious
2026-07-02 04:50:00,Mechanical Lab,7.81,77.38,9.91,Normal
2026-08-13 14:10:00,Chemistry Lab,7.48,70.1,9.37,Normal
2026-08-07 11:40:00,AIML Department,3.35,14.24,4.25,Normal
2026-07-10 08:00:00,AIML Department,5.54,32.75,5.91,Normal
2026-07-15 01:20:00,Biotech Department,4.48,28.79,6.42,Normal
2026-08-20 12:40:00,BT Department,6.8,42.97,6.32,Normal
2026-08-20 03:20:00,New Seminar Hall,5.31,18.25,3.44,Normal
2026-07-15 17:50:00,New Seminar Hall,5.32,28.74,5.4,Normal
2026-08-02 03:20:00,AIML Department,4.19,15.33,3.66,Normal
2026-08-10 06:20:00,CSE Department,3.69,17.46,4.73,Normal
2026-08-22 18:30:00,AIML Department,11.26,170.04,15.09,Suspicious
2026-07-22 18:20:00,Chemistry Lab,3.65,17.23,4.72,Normal
2026-08-18 13:30:00,Physics Lab,14.58,165.75,11.37,Suspicious
2026-07-24 13:30:00,AI Lab,3.38,14.21,4.2,Normal
2026-08-19 23:10:00,Chemistry Lab,4.89,40.76,8.34,Normal
2026-08-11 02:20:00,Electronics Department,5.09,11.87,2.33,Normal
2026-08-15 12:20:00,Chemistry Lab,5.67,10.16,1.79,Normal
2026-07-20 18:10:00,AI Lab,5.34,13.04,2.44,Normal
2026-07-07 17:00:00,AI Lab,5.84,42.98,7.37,Normal
2026-07-12 18:20:00,Electronics Department,4.91,7.59,1.55,Normal
2026-08-05 21:40:00,AIML Department,10.26,136.19,13.27,Suspicious
2026-08-05 22:20:00,Chemistry Lab,3.26,10.19,3.13,Normal
2026-08-04 21:40:00,IT Department,5.43,11.89,2.19,Normal
2026-08-08 01:10:00,Biotech Department,15.26,998.56,65.42,Critical
2026-08-17 20:20:00,Physics Lab,7.16,64.46,9.0,Normal
2026-08-02 10:10:00,CSE Department,4.23,19.75,4.67,Normal
2026-08-17 14:50:00,BT Department,3.69,5.43,1.47,Normal
2026-07-03 20:40:00,Mechanical Lab,6.61,19.96,3.02,Normal
2026-07-24 03:50:00,AI Lab,4.29,7.38,1.72,Normal
2026-07-16 02:10:00,Chemistry Lab,7.47,9.89,1.32,Normal
2026-07-29 23:10:00,HOD Department,4.18,37.54,8.98,Normal
2026-08-02 01:30:00,CSE Department,5.94,46.59,7.85,Normal
2026-07-04 23:30:00,Electronics Department,4.33,39.65,9.16,Normal
2026-08-03 19:30:00,CSE Department,3.38,21.45,6.35,Normal
2026-07-01 17:10:00,Physics Lab,6.87,22.55,3.28,Normal
2026-07-05 18:20:00,New Seminar Hall,5.5,13.38,2.43,Normal
2026-07-03 10:20:00,Electronics Department,9.19,105.56,11.49,Suspicious
2026-07-20 13:00:00,Mechanical Lab,9.37,33.12,3.53,Normal
2026-08-10 16:30:00,Chemistry Lab,5.67,39.75,7.01,Normal
2026-07-10 04:40:00,CSE Department,4.47,13.69,3.06,Normal
2026-08-22 08:30:00,HOD Department,3.15,25.79,8.2,Normal
2026-08-03 02:40:00,Mechanical Lab,16.05,236.5,14.73,Suspicious
2026-07-15 14:30:00,IT Department,4.16,33.45,8.03,Normal
2026-08-07 16:00:00,AIML Department,3.18,8.41,2.64,Normal
2026-08-06 01:30:00,IT Department,7.76,128.93,16.61,Suspicious
2026-08-01 02:40:00,IT Department,4.6,6.79,1.48,Normal
2026-07-26 15:20:00,Biotech Department,2.24,10.18,4.55,Normal
2026-07-30 02:30:00,BT Department,4.52,27.84,6.16,Normal
2026-07-21 07:40:00,HOD Department,10.35,139.22,13.45,Suspicious
2026-07-30 12:20:00,AIML Department,4.6,22.58,4.91,Normal
2026-08-15 10:10:00,New Seminar Hall,5.39,13.62,2.53,Normal
2026-08-06 06:30:00,AI Lab,5.61,53.94,9.61,Normal
2026-07-17 05:00:00,AI Lab,5.08,36.94,7.27,Normal
2026-07-17 00:50:00,AIML Department,2.71,12.66,4.68,Normal
2026-08-06 17:20:00,CSE Department,4.18,14.72,3.52,Normal
2026-08-19 18:50:00,New Seminar Hall,4.11,26.57,6.47,Normal
2026-07-17 06:40:00,BT Department,5.23,38.52,7.36,Normal
2026-08-11 12:40:00,Chemistry Lab,6.9,27.12,3.93,Normal
2026-07-13 12:10:00,Chemistry Lab,6.04,53.77,8.9,Normal
2026-08-06 10:10:00,AIML Department,2.97,19.18,6.47,Normal
2026-07-15 00:00:00,Electronics Department,14.04,436.06,31.06,Critical
2026-08-18 15:00:00,BT Department,4.39,21.25,4.84,Normal
2026-07-22 23:30:00,IT Department,4.96,46.08,9.28,Normal
2026-07-17 22:50:00,Physics Lab,5.97,11.36,1.9,Normal
2026-07-04 23:10:00,HOD Department,4.16,4.72,1.13,Normal
2026-08-14 14:40:00,Biotech Department,3.75,16.26,4.33,Normal
2026-08-17 11:20:00,AI Lab,7.32,58.45,7.98,Normal
2026-08-08 16:40:00,Chemistry Lab,4.54,32.03,7.05,Normal
2026-08-16 16:50:00,Mechanical Lab,5.36,48.4,9.04,Normal
2026-07-28 10:00:00,New Seminar Hall,5.94,40.95,6.9,Normal
2026-08-22 02:20:00,AIML Department,2.18,14.79,6.79,Normal
2026-08-02 23:10:00,Biotech Department,5.6,41.73,7.46,Normal
2026-08-09 02:50:00,Physics Lab,5.13,28.01,5.46,Normal
2026-08-19 09:10:00,New Seminar Hall,5.9,15.31,2.59,Normal
2026-07-23 00:20:00,Physics Lab,6.36,15.88,2.5,Normal
2026-08-17 09:30:00,CSE Department,4.43,39.42,8.9,Normal
2026-07-30 04:40:00,Physics Lab,7.42,32.45,4.37,Normal
2026-07-15 00:10:00,Chemistry Lab,5.73,35.03,6.11,Normal
2026-07-05 23:50:00,Mechanical Lab,14.27,281.12,19.7,Suspicious
2026-07-30 10:00:00,Chemistry Lab,4.57,14.06,3.08,Normal
2026-07-05 23:00:00,New Seminar Hall,7.04,25.63,3.64,Normal
2026-08-23 22:00:00,New Seminar Hall,5.95,9.08,1.53,Normal
2026-07-14 10:30:00,Electronics Department,2.64,4.76,1.8,Normal
2026-07-24 00:20:00,Physics Lab,3.53,25.44,7.21,Normal
2026-07-03 06:40:00,New Seminar Hall,14.45,248.76,17.22,Suspicious
2026-07-13 06:30:00,Mechanical Lab,7.59,33.98,4.48,Normal
2026-07-21 19:10:00,CSE Department,5.85,43.46,7.43,Normal
2026-08-01 06:30:00,Biotech Department,4.58,16.6,3.63,Normal
2026-07-07 13:50:00,BT Department,4.45,18.69,4.2,Normal
2026-08-12 05:10:00,Electronics Department,6.5,25.03,3.85,Normal
2026-08-24 02:40:00,Chemistry Lab,3.41,27.55,8.07,Normal
2026-08-12 15:00:00,New Seminar Hall,4.18,16.82,4.03,Normal
2026-08-19 00:40:00,Chemistry Lab,15.5,326.07,21.04,Suspicious
2026-07-06 14:40:00,BT Department,5.68,41.38,7.28,Normal
2026-08-13 18:20:00,Physics Lab,5.47,8.76,1.6,Normal
2026-07-14 13:40:00,Biotech Department,5.2,34.22,6.58,Normal
2026-07-29 09:40:00,Biotech Department,4.29,28.3,6.6,Normal
2026-07-27 21:10:00,AIML Department,3.41,27.72,8.13,Normal
2026-07-30 01:40:00,Electronics Department,4.01,10.88,2.72,Normal
2026-07-27 20:20:00,IT Department,4.81,31.57,6.56,Normal
2026-08-13 20:50:00,IT Department,10.01,165.82,16.57,Suspicious
2026-07-31 04:40:00,AI Lab,3.79,26.65,7.03,Normal
2026-08-09 00:10:00,Biotech Department,6.0,19.45,3.24,Normal
2026-08-13 08:40:00,BT Department,3.85,27.41,7.11,Normal
2026-07-19 08:10:00,IT Department,3.56,5.76,1.62,Normal
2026-07-30 06:00:00,BT Department,4.8,12.65,2.63,Normal
2026-07-22 09:10:00,Physics Lab,7.53,45.6,6.05,Normal
2026-08-11 19:10:00,New Seminar Hall,6.38,8.84,1.39,Normal
2026-07-26 04:30:00,New Seminar Hall,4.73,19.04,4.03,Normal
2026-07-21 00:00:00,New Seminar Hall,5.39,44.22,8.21,Normal
2026-08-08 04:10:00,AI Lab,5.75,24.67,4.29,Normal
2026-07-25 10:40:00,Chemistry Lab,5.44,22.07,4.06,Normal
2026-08-14 06:30:00,Physics Lab,6.26,60.44,9.65,Normal
2026-07-02 06:50:00,IT Department,4.89,9.48,1.94,Normal
2026-08-04 07:20:00,CSE Department,8.11,175.93,21.7,Suspicious
2026-07-16 11:20:00,CSE Department,3.34,25.93,7.77,Normal
2026-07-16 02:40:00,AIML Department,2.37,6.67,2.82,Normal
2026-07-23 09:30:00,Physics Lab,6.37,48.27,7.57,Normal
2026-08-04 01:00:00,Physics Lab,9.26,81.55,8.81,Normal
2026-08-02 12:50:00,Chemistry Lab,5.98,6.56,1.1,Normal
2026-08-05 20:30:00,Biotech Department,5.41,30.31,5.61,Normal
2026-08-18 19:00:00,CSE Department,5.09,6.91,1.36,Normal
2026-07-30 22:10:00,HOD Department,3.17,16.55,5.23,Normal
2026-07-31 12:00:00,Chemistry Lab,7.72,73.84,9.56,Normal
2026-07-10 13:50:00,AI Lab,4.13,34.46,8.35,Normal
2026-07-15 08:10:00,Mechanical Lab,6.58,14.13,2.15,Normal
2026-08-01 21:00:00,AIML Department,4.63,8.85,1.91,Normal
2026-07-18 13:40:00,Biotech Department,5.04,19.23,3.82,Normal
2026-07-10 18:20:00,Electronics Department,5.05,24.04,4.76,Normal
2026-08-18 12:50:00,New Seminar Hall,6.64,32.07,4.83,Normal
2026-08-13 16:10:00,AI Lab,1.94,10.24,5.28,Normal
2026-07-10 13:30:00,HOD Department,4.09,27.42,6.7,Normal
2026-08-25 16:50:00,HOD Department,3.75,15.77,4.21,Normal
2026-08-18 02:50:00,CSE Department,3.87,29.16,7.53,Normal
2026-08-25 00:30:00,Mechanical Lab,4.26,18.05,4.24,Normal
2026-07-16 06:20:00,Chemistry Lab,4.96,22.28,4.49,Normal
2026-08-01 19:00:00,HOD Department,3.67,5.27,1.44,Normal
2026-07-16 01:40:00,Mechanical Lab,6.28,38.98,6.21,Normal
2026-08-02 18:50:00,Physics Lab,5.78,29.63,5.13,Normal
2026-07-28 23:30:00,BT Department,5.36,17.5,3.26,Normal
2026-07-10 00:40:00,Mechanical Lab,14.84,166.49,11.22,Suspicious
2026-07-24 02:20:00,Electronics Department,3.87,9.41,2.43,Normal
2026-07-24 18:20:00,Electronics Department,3.05,26.89,8.8,Normal
2026-07-20 21:00:00,AIML Department,4.89,9.47,1.94,Normal
2026-08-03 02:30:00,HOD Department,9.93,214.78,21.63,Suspicious
2026-08-15 18:40:00,BT Department,3.01,24.81,8.25,Normal
2026-07-14 04:00:00,AI Lab,6.57,14.7,2.24,Normal
2026-08-04 01:40:00,BT Department,4.78,24.99,5.23,Normal
2026-07-22 10:10:00,CSE Department,11.01,183.36,16.66,Suspicious
2026-07-04 00:40:00,HOD Department,2.3,5.34,2.32,Normal
2026-07-02 23:10:00,Biotech Department,20.1,1218.74,60.65,Critical
2026-07-08 19:30:00,AIML Department,5.03,17.29,3.44,Normal
2026-07-15 02:40:00,Biotech Department,4.51,9.86,2.19,Normal
2026-07-31 15:10:00,Physics Lab,4.42,7.25,1.64,Normal
2026-07-28 20:20:00,CSE Department,5.65,24.53,4.34,Normal
2026-07-06 16:20:00,CSE Department,2.9,7.82,2.7,Normal
2026-07-16 08:50:00,Electronics Department,5.58,54.77,9.82,Normal
2026-08-01 19:30:00,Mechanical Lab,20.84,1023.01,49.1,Critical
2026-07-06 00:10:00,Mechanical Lab,6.55,33.13,5.06,Normal
2026-07-03 01:30:00,Biotech Department,5.77,13.44,2.33,Normal
2026-08-14 01:30:00,Electronics Department,3.83,13.61,3.56,Normal
2026-07-12 06:20:00,Chemistry Lab,5.58,31.62,5.66,Normal
2026-08-13 15:40:00,BT Department,12.29,288.1,23.43,Suspicious
2026-07-25 01:50:00,BT Department,1.1,6.42,5.81,Normal
2026-07-15 18:50:00,Mechanical Lab,5.32,38.49,7.24,Normal
2026-07-13 23:50:00,AIML Department,3.9,15.07,3.86,Normal
2026-08-23 08:00:00,AI Lab,4.47,14.63,3.27,Normal
2026-08-23 10:00:00,New Seminar Hall,6.58,7.89,1.2,Normal
2026-08-01 21:20:00,Biotech Department,2.96,14.53,4.91,Normal
2026-08-08 23:30:00,CSE Department,5.02,14.7,2.93,Normal
2026-07-06 07:20:00,AI Lab,6.88,10.95,1.59,Normal
2026-08-19 21:40:00,HOD Department,4.18,20.93,5.0,Normal
2026-08-22 04:10:00,New Seminar Hall,6.72,10.7,1.59,Normal
2026-07-15 13:20:00,Biotech Department,6.17,61.61,9.98,Normal
2026-08-11 23:30:00,Electronics Department,6.25,51.7,8.27,Normal
2026-08-16 04:00:00,Mechanical Lab,5.88,32.58,5.54,Normal
2026-08-06 21:20:00,HOD Department,3.57,17.41,4.87,Normal
2026-07-30 08:20:00,AI Lab,6.18,7.74,1.25,Normal
2026-08-03 17:30:00,Mechanical Lab,5.02,48.24,9.61,Normal
2026-07-20 06:00:00,Chemistry Lab,4.83,11.41,2.36,Normal
2026-08-20 13:20:00,Electronics Department,4.46,14.35,3.22,Normal
2026-07-11 11:20:00,Electronics Department,4.98,46.2,9.28,Normal
2026-08-18 08:20:00,Electronics Department,12.01,310.66,25.86,Suspicious
2026-08-11 22:10:00,New Seminar Hall,4.88,31.98,6.55,Normal
2026-07-12 22:00:00,CSE Department,5.11,39.5,7.73,Normal
2026-07-20 11:20:00,AIML Department,5.58,16.77,3.01,Normal
2026-07-15 05:20:00,AIML Department,2.56,20.18,7.87,Normal
2026-08-02 01:50:00,CSE Department,3.51,5.62,1.6,Normal
2026-08-02 08:50:00,AI Lab,4.83,21.74,4.5,Normal
2026-08-21 22:50:00,Chemistry Lab,6.84,39.14,5.72,Normal
2026-07-04 03:20:00,New Seminar Hall,5.58,10.38,1.86,Normal
2026-07-04 00:00:00,Physics Lab,5.49,28.25,5.15,Normal
2026-08-20 05:30:00,Physics Lab,8.13,42.46,5.22,Normal
2026-07-16 06:40:00,AIML Department,4.3,16.06,3.73,Normal
2026-07-12 16:10:00,BT Department,13.35,251.92,18.87,Suspicious
2026-08-21 05:30:00,BT Department,4.32,24.38,5.64,Normal
2026-08-09 02:00:00,CSE Department,2.38,19.97,8.4,Normal
2026-08-03 13:20:00,Chemistry Lab,6.68,7.49,1.12,Normal
2026-08-20 08:00:00,AIML Department,18.72,1272.92,68.0,Critical
2026-08-18 17:40:00,Electronics Department,5.53,32.76,5.93,Normal
2026-07-28 14:10:00,AIML Department,3.96,20.23,5.11,Normal
2026-08-07 09:20:00,Mechanical Lab,7.01,53.84,7.68,Normal
2026-07-30 05:00:00,Physics Lab,5.73,17.82,3.11,Normal
2026-08-04 16:40:00,CSE Department,4.22,37.21,8.82,Normal
2026-08-11 07:00:00,AI Lab,4.76,25.39,5.34,Normal
2026-08-21 14:40:00,Physics Lab,11.97,186.41,15.57,Suspicious
2026-08-07 13:00:00,HOD Department,3.97,36.23,9.12,Normal
2026-07-02 21:10:00,AIML Department,19.13,582.47,30.44,Critical
2026-07-16 13:30:00,Mechanical Lab,14.87,279.3,18.78,Suspicious
2026-07-23 02:40:00,Mechanical Lab,6.02,54.62,9.08,Normal
2026-08-01 08:50:00,Electronics Department,3.25,22.65,6.96,Normal
2026-07-14 00:00:00,Electronics Department,6.19,13.98,2.26,Normal
2026-08-21 08:40:00,CSE Department,4.57,37.62,8.23,Normal
2026-08-05 22:00:00,AI Lab,4.75,47.22,9.94,Normal
2026-08-04 20:40:00,AI Lab,5.36,34.77,6.49,Normal
2026-07-06 20:50:00,BT Department,4.42,26.62,6.02,Normal
2026-07-21 06:30:00,BT Department,10.86,193.0,17.76,Suspicious
2026-07-01 09:30:00,Chemistry Lab,5.97,18.36,3.08,Normal
2026-08-16 02:50:00,Physics Lab,6.11,30.6,5.01,Normal
2026-07-14 20:00:00,Physics Lab,4.21,6.07,1.44,Normal
2026-07-14 02:20:00,CSE Department,3.04,9.05,2.98,Normal
2026-08-03 16:40:00,New Seminar Hall,7.39,36.46,4.93,Normal
2026-07-03 02:30:00,Biotech Department,9.96,119.07,11.95,Suspicious
2026-08-19 03:00:00,Mechanical Lab,5.92,29.98,5.06,Normal
2026-08-10 00:10:00,CSE Department,9.09,146.78,16.15,Suspicious
2026-08-01 11:30:00,Chemistry Lab,5.62,33.07,5.89,Normal
2026-08-20 09:30:00,Chemistry Lab,13.4,272.47,20.34,Suspicious
2026-07-12 07:30:00,HOD Department,3.39,27.02,7.96,Normal
2026-07-21 20:40:00,New Seminar Hall,14.5,186.99,12.9,Suspicious
2026-07-07 18:00:00,Electronics Department,3.36,10.42,3.1,Normal
2026-08-23 17:40:00,BT Department,3.34,25.96,7.77,Normal
2026-08-19 14:00:00,CSE Department,2.35,13.8,5.86,Normal
2026-07-18 18:00:00,New Seminar Hall,5.44,18.56,3.41,Normal
2026-08-12 22:00:00,Electronics Department,5.82,54.63,9.38,Normal
2026-08-05 05:20:00,AIML Department,3.28,24.16,7.37,Normal
2026-08-07 06:40:00,IT Department,3.85,8.16,2.12,Normal
2026-08-16 11:30:00,AIML Department,3.0,3.39,1.13,Normal
2026-08-12 07:00:00,BT Department,4.11,19.57,4.76,Normal
2026-07-27 13:10:00,New Seminar Hall,16.97,308.47,18.18,Suspicious
2026-08-03 21:50:00,Mechanical Lab,4.0,4.01,1.0,Normal
2026-07-30 01:20:00,Mechanical Lab,7.18,58.74,8.18,Normal
2026-08-04 19:20:00,CSE Department,3.25,13.21,4.07,Normal
2026-07-20 15:10:00,Physics Lab,6.5,26.57,4.09,Normal
2026-07-05 01:50:00,CSE Department,2.71,14.24,5.26,Normal
2026-07-20 09:30:00,AIML Department,4.58,9.97,2.18,Normal
2026-08-20 14:00:00,Physics Lab,4.64,24.85,5.36,Normal
2026-08-21 02:00:00,HOD Department,3.39,31.03,9.14,Normal
2026-08-17 16:30:00,AIML Department,3.82,31.92,8.36,Normal
2026-08-08 07:10:00,CSE Department,5.4,7.96,1.47,Normal
2026-07-09 06:50:00,New Seminar Hall,7.38,62.54,8.47,Normal
2026-08-05 22:30:00,HOD Department,3.23,30.0,9.3,Normal
2026-08-01 08:40:00,IT Department,4.43,27.82,6.28,Normal
2026-07-05 23:10:00,AI Lab,4.73,36.82,7.78,Normal
2026-07-22 07:10:00,Physics Lab,5.52,47.7,8.64,Normal
2026-07-03 19:30:00,Mechanical Lab,3.93,21.42,5.45,Normal
2026-08-05 11:50:00,HOD Department,8.28,121.82,14.71,Suspicious
2026-07-20 23:50:00,New Seminar Hall,5.26,26.88,5.11,Normal
2026-07-20 15:50:00,Electronics Department,5.97,56.05,9.38,Normal
2026-07-10 17:30:00,CSE Department,2.92,3.22,1.1,Normal
2026-08-05 23:10:00,Biotech Department,4.66,41.1,8.83,Normal
2026-07-04 14:20:00,Physics Lab,4.16,38.8,9.32,Normal
2026-07-20 02:30:00,Mechanical Lab,11.2,302.49,27.01,Suspicious
2026-07-24 11:00:00,Electronics Department,19.04,1710.84,89.84,Critical
2026-07-26 14:10:00,Biotech Department,6.3,55.51,8.81,Normal
2026-07-11 00:40:00,HOD Department,3.55,30.57,8.61,Normal
2026-07-26 05:20:00,BT Department,3.2,6.92,2.16,Normal
2026-08-20 04:30:00,AI Lab,4.11,35.29,8.58,Normal
2026-08-06 21:00:00,HOD Department,2.85,24.51,8.61,Normal
2026-08-09 12:50:00,AIML Department,9.45,108.25,11.45,Suspicious
2026-07-24 18:40:00,Electronics Department,12.1,284.47,23.51,Suspicious
2026-07-10 01:20:00,HOD Department,3.61,34.89,9.67,Normal
2026-08-13 07:40:00,AIML Department,3.8,4.7,1.24,Normal
2026-07-25 17:20:00,Physics Lab,4.99,25.21,5.05,Normal
2026-08-09 13:50:00,New Seminar Hall,5.36,24.87,4.64,Normal
2026-08-10 11:00:00,AI Lab,11.07,182.6,16.5,Suspicious
2026-07-10 00:20:00,Chemistry Lab,7.74,61.94,8.0,Normal
2026-08-10 13:50:00,IT Department,3.74,28.63,7.65,Normal
2026-08-07 11:20:00,New Seminar Hall,27.08,2006.09,74.09,Critical
2026-08-23 15:50:00,AIML Department,3.12,16.14,5.17,Normal
2026-07-31 04:20:00,IT Department,17.21,997.23,57.95,Critical
2026-07-24 03:20:00,Mechanical Lab,3.6,30.11,8.36,Normal
2026-07-21 16:50:00,New Seminar Hall,6.8,28.67,4.21,Normal
2026-07-30 07:50:00,HOD Department,4.29,22.04,5.14,Normal
2026-08-06 22:00:00,HOD Department,3.35,5.35,1.6,Normal
2026-08-04 10:20:00,IT Department,4.5,24.07,5.35,Normal
2026-07-14 04:40:00,CSE Department,1.99,14.68,7.36,Normal
2026-08-14 04:40:00,Physics Lab,5.35,36.39,6.8,Normal
2026-08-17 15:50:00,Physics Lab,4.72,20.3,4.3,Normal
2026-08-22 07:00:00,Electronics Department,6.08,28.67,4.71,Normal
2026-08-24 08:10:00,AIML Department,4.47,38.55,8.63,Normal
2026-07-15 22:50:00,Mechanical Lab,7.44,54.1,7.27,Normal
2026-07-02 06:10:00,Mechanical Lab,5.46,51.5,9.42,Normal
2026-08-06 16:40:00,CSE Department,4.73,39.33,8.32,Normal
2026-08-05 06:10:00,AI Lab,6.44,59.65,9.27,Normal
2026-07-07 18:40:00,IT Department,19.27,1333.07,69.17,Critical
2026-07-07 01:10:00,IT Department,4.04,35.63,8.82,Normal
2026-08-20 19:50:00,New Seminar Hall,6.04,45.73,7.57,Normal
2026-07-11 23:10:00,Biotech Department,11.14,163.22,14.65,Suspicious
2026-07-09 18:20:00,CSE Department,12.06,834.33,69.17,Critical
2026-07-04 20:00:00,Physics Lab,4.83,41.88,8.67,Normal
2026-07-31 02:10:00,BT Department,5.99,17.94,2.99,Normal
2026-08-15 09:50:00,BT Department,3.72,30.89,8.3,Normal
2026-07-15 04:40:00,BT Department,5.55,32.64,5.88,Normal
2026-08-15 16:20:00,New Seminar Hall,5.28,44.19,8.37,Normal
2026-07-22 16:00:00,AIML Department,6.63,30.3,4.57,Normal
2026-07-14 22:20:00,Biotech Department,5.92,34.82,5.89,Normal
2026-07-10 22:40:00,Mechanical Lab,4.23,37.24,8.81,Normal
2026-07-07 13:00:00,AIML Department,1.98,6.91,3.49,Normal
2026-08-04 12:40:00,CSE Department,2.0,15.93,7.98,Normal
2026-07-04 11:50:00,New Seminar Hall,16.35,422.72,25.85,Suspicious
2026-08-16 07:10:00,Mechanical Lab,9.25,9.91,1.07,Normal
2026-08-10 11:10:00,AIML Department,5.49,33.69,6.14,Normal
2026-08-24 13:00:00,AIML Department,6.19,41.24,6.66,Normal
2026-07-27 02:10:00,Electronics Department,18.31,1321.85,72.2,Critical
2026-08-21 14:00:00,Mechanical Lab,5.42,17.27,3.19,Normal
2026-08-04 00:10:00,BT Department,3.09,13.99,4.52,Normal
2026-08-03 07:20:00,Physics Lab,5.74,40.56,7.07,Normal
2026-07-30 23:20:00,Physics Lab,3.83,9.43,2.46,Normal
2026-07-25 19:00:00,CSE Department,1.96,17.2,8.78,Normal
2026-07-30 01:00:00,Mechanical Lab,4.9,30.79,6.28,Normal
2026-07-26 08:20:00,AI Lab,2.56,18.41,7.19,Normal
2026-08-24 14:10:00,Electronics Department,5.44,31.18,5.73,Normal
2026-07-06 06:50:00,Electronics Department,3.8,26.68,7.03,Normal
2026-07-30 09:40:00,Electronics Department,5.87,37.55,6.4,Normal
2026-07-16 17:00:00,BT Department,13.73,980.3,71.4,Critical
2026-08-07 03:30:00,CSE Department,3.49,20.15,5.77,Normal
2026-07-21 15:10:00,IT Department,4.51,20.27,4.49,Normal
2026-08-20 16:20:00,IT Department,4.09,15.52,3.79,Normal
2026-07-13 21:40:00,IT Department,3.66,27.34,7.46,Normal
2026-07-25 13:00:00,HOD Department,2.32,19.79,8.53,Normal
2026-07-23 03:30:00,HOD Department,1.83,4.08,2.23,Normal
2026-07-14 00:30:00,AI Lab,3.33,6.86,2.06,Normal
2026-07-09 08:30:00,Biotech Department,7.06,53.89,7.64,Normal
2026-07-10 12:40:00,New Seminar Hall,3.51,12.08,3.44,Normal
2026-07-31 06:40:00,Physics Lab,3.39,25.04,7.38,Normal
2026-07-04 21:00:00,New Seminar Hall,7.3,52.72,7.22,Normal
2026-07-13 00:00:00,HOD Department,3.14,8.99,2.86,Normal
2026-07-04 19:10:00,CSE Department,3.76,20.8,5.53,Normal
2026-08-20 17:30:00,New Seminar Hall,6.67,52.9,7.93,Normal
2026-07-14 05:20:00,AIML Department,3.38,26.15,7.72,Normal
2026-07-10 23:20:00,HOD Department,2.84,18.39,6.47,Normal
2026-08-09 07:50:00,HOD Department,4.44,13.6,3.07,Normal
2026-07-27 03:50:00,CSE Department,8.63,106.44,12.34,Suspicious
2026-07-17 21:40:00,AI Lab,3.86,19.99,5.18,Normal
2026-08-08 19:30:00,HOD Department,13.74,1016.29,73.95,Critical
2026-07-23 19:20:00,Biotech Department,5.73,14.07,2.46,Normal
2026-08-13 04:40:00,BT Department,4.95,10.94,2.21,Normal
2026-07-12 00:40:00,Physics Lab,5.1,50.77,9.96,Normal
2026-07-09 18:50:00,Physics Lab,6.04,19.5,3.23,Normal
2026-07-19 22:50:00,CSE Department,3.82,11.88,3.11,Normal
2026-08-24 14:50:00,BT Department,4.19,31.83,7.6,Normal
2026-07-22 02:50:00,CSE Department,3.2,24.15,7.55,Normal
2026-08-08 14:40:00,CSE Department,4.58,14.1,3.08,Normal
2026-08-14 04:10:00,New Seminar Hall,15.68,257.18,16.41,Suspicious
2026-07-09 14:30:00,HOD Department,3.43,31.79,9.28,Normal
2026-08-10 10:00:00,Biotech Department,3.13,23.96,7.65,Normal
2026-08-07 02:10:00,BT Department,4.47,39.59,8.86,Normal
2026-07-12 01:00:00,New Seminar Hall,5.71,5.87,1.03,Normal
2026-07-24 06:10:00,AI Lab,11.76,122.16,10.39,Suspicious
2026-07-24 10:00:00,Electronics Department,3.73,18.35,4.92,Normal
2026-08-19 08:00:00,AIML Department,3.65,13.95,3.82,Normal
2026-07-18 23:10:00,AIML Department,6.61,14.6,2.21,Normal
2026-07-07 22:50:00,BT Department,4.75,37.64,7.92,Normal
2026-08-20 04:00:00,Chemistry Lab,6.33,33.55,5.3,Normal
2026-08-17 01:50:00,HOD Department,3.84,18.79,4.89,Normal
2026-08-03 23:40:00,AI Lab,4.64,29.56,6.38,Normal
2026-08-17 13:30:00,AIML Department,5.28,28.58,5.41,Normal
2026-07-31 09:40:00,Chemistry Lab,5.69,19.49,3.42,Normal
2026-07-06 10:00:00,Mechanical Lab,7.15,22.71,3.18,Normal
2026-08-25 19:20:00,CSE Department,3.17,5.06,1.6,Normal
2026-07-09 08:40:00,Biotech Department,4.88,23.67,4.85,Normal
2026-08-21 18:30:00,CSE Department,14.61,1294.17,88.59,Critical
2026-07-24 05:00:00,IT Department,2.38,20.19,8.48,Normal
2026-08-15 18:10:00,AI Lab,3.04,19.23,6.33,Normal
2026-07-22 01:00:00,BT Department,9.62,282.9,29.42,Suspicious
2026-08-07 04:10:00,AIML Department,3.96,27.79,7.02,Normal
2026-08-06 04:10:00,Biotech Department,7.36,37.8,5.13,Normal
2026-07-16 07:20:00,New Seminar Hall,5.25,29.17,5.55,Normal
2026-07-08 17:00:00,Electronics Department,6.26,13.12,2.1,Normal
2026-07-19 12:00:00,BT Department,18.15,1113.58,61.35,Critical
2026-07-09 10:30:00,IT Department,4.07,26.74,6.58,Normal
2026-07-23 17:00:00,IT Department,3.87,7.7,1.99,Normal
2026-07-26 14:00:00,CSE Department,3.71,32.74,8.83,Normal
2026-08-09 03:20:00,Electronics Department,3.95,35.84,9.08,Normal
2026-07-21 17:40:00,Electronics Department,3.63,23.29,6.42,Normal
2026-08-19 13:50:00,CSE Department,10.85,257.65,23.74,Suspicious
2026-08-20 06:40:00,IT Department,9.94,134.86,13.56,Suspicious
2026-08-01 12:30:00,Electronics Department,12.51,324.48,25.93,Suspicious
2026-07-23 03:20:00,AI Lab,5.05,22.5,4.46,Normal
2026-08-04 22:00:00,BT Department,3.95,7.5,1.9,Normal
2026-07-02 07:50:00,BT Department,14.8,1219.03,82.38,Critical
2026-08-25 08:10:00,BT Department,13.8,948.4,68.71,Critical
2026-07-26 04:10:00,CSE Department,4.7,19.96,4.25,Normal
2026-08-04 16:20:00,BT Department,4.27,13.19,3.09,Normal
2026-07-20 15:40:00,Biotech Department,3.52,14.04,3.99,Normal
2026-07-06 07:30:00,CSE Department,5.83,18.89,3.24,Normal
2026-07-13 23:10:00,Physics Lab,5.7,28.81,5.05,Normal
2026-07-18 17:00:00,AI Lab,6.87,16.86,2.46,Normal
2026-07-31 14:40:00,BT Department,4.71,19.27,4.09,Normal
2026-07-30 07:10:00,CSE Department,12.13,423.89,34.94,Critical
2026-08-16 02:00:00,HOD Department,3.99,35.87,9.0,Normal
2026-07-04 01:50:00,Physics Lab,6.85,58.56,8.54,Normal
2026-08-10 03:10:00,BT Department,5.72,52.3,9.15,Normal
2026-08-14 05:20:00,AIML Department,3.82,38.17,9.98,Normal
2026-08-20 05:40:00,CSE Department,5.47,42.0,7.68,Normal
2026-08-23 23:20:00,AI Lab,4.46,18.62,4.18,Normal
2026-08-01 12:40:00,BT Department,4.76,23.98,5.04,Normal
2026-07-10 19:30:00,Chemistry Lab,7.06,67.15,9.52,Normal
2026-08-20 23:20:00,Biotech Department,6.53,25.37,3.88,Normal
2026-08-11 23:50:00,Physics Lab,7.4,31.57,4.27,Normal
2026-07-05 11:10:00,New Seminar Hall,5.9,27.4,4.64,Normal
2026-08-13 10:10:00,New Seminar Hall,8.8,42.92,4.88,Normal
2026-07-28 18:40:00,IT Department,5.46,28.2,5.16,Normal
2026-08-07 18:40:00,AI Lab,18.01,1336.08,74.17,Critical
2026-08-11 10:10:00,HOD Department,3.17,11.62,3.67,Normal
2026-08-04 20:00:00,IT Department,3.88,24.43,6.29,Normal
2026-07-21 13:40:00,HOD Department,3.53,14.8,4.19,Normal
2026-08-25 00:40:00,Electronics Department,5.05,14.1,2.79,Normal
2026-07-17 11:40:00,Biotech Department,4.14,8.36,2.02,Normal
2026-08-09 12:40:00,New Seminar Hall,6.03,20.36,3.38,Normal
2026-07-27 11:40:00,Electronics Department,9.66,248.47,25.72,Suspicious
2026-07-25 05:20:00,New Seminar Hall,4.63,45.07,9.74,Normal
2026-07-28 01:50:00,Biotech Department,4.18,39.14,9.37,Normal
2026-07-30 00:40:00,AIML Department,4.48,18.86,4.21,Normal
2026-08-17 14:20:00,AIML Department,2.63,18.86,7.16,Normal
2026-08-21 06:30:00,HOD Department,4.3,32.43,7.53,Normal
2026-07-16 05:10:00,IT Department,3.59,34.18,9.52,Normal
2026-08-21 13:30:00,Mechanical Lab,6.96,59.58,8.56,Normal
2026-08-05 13:30:00,Chemistry Lab,4.24,7.97,1.88,Normal
2026-07-12 05:50:00,AIML Department,8.04,169.04,21.04,Suspicious
2026-07-29 15:50:00,Physics Lab,5.47,17.37,3.18,Normal
2026-07-09 03:00:00,HOD Department,3.33,9.47,2.85,Normal
2026-07-20 16:20:00,Mechanical Lab,4.97,18.86,3.79,Normal
2026-08-14 07:50:00,Biotech Department,5.27,51.56,9.78,Normal
2026-07-21 22:30:00,Biotech Department,6.92,62.05,8.97,Normal
2026-07-18 17:20:00,CSE Department,5.06,15.1,2.98,Normal
2026-08-11 22:00:00,BT Department,6.05,15.32,2.53,Normal
2026-07-25 09:30:00,Electronics Department,3.79,28.25,7.45,Normal
2026-07-06 00:30:00,New Seminar Hall,5.21,38.51,7.39,Normal
2026-07-20 20:00:00,Biotech Department,4.9,16.44,3.35,Normal
2026-08-20 02:00:00,Biotech Department,12.96,302.8,23.36,Suspicious
2026-07-24 14:00:00,New Seminar Hall,4.64,19.36,4.17,Normal
2026-07-06 09:20:00,HOD Department,3.44,24.29,7.06,Normal
2026-07-04 04:40:00,Mechanical Lab,8.48,25.66,3.03,Normal
2026-07-23 04:20:00,Physics Lab,2.3,11.95,5.21,Normal
2026-07-11 20:40:00,CSE Department,4.74,32.62,6.88,Normal
2026-08-10 05:30:00,AI Lab,3.45,23.63,6.84,Normal
2026-07-07 01:30:00,AIML Department,2.81,15.01,5.34,Normal
2026-07-24 00:30:00,Chemistry Lab,5.86,46.09,7.86,Normal
2026-07-28 22:20:00,Chemistry Lab,8.7,9.01,1.04,Normal
2026-07-05 14:40:00,IT Department,3.15,10.38,3.3,Normal
2026-07-02 03:00:00,CSE Department,2.84,26.0,9.15,Normal
2026-07-04 05:30:00,Electronics Department,3.93,28.66,7.29,Normal
2026-07-22 15:30:00,AI Lab,3.84,35.33,9.21,Normal
2026-07-12 14:50:00,AI Lab,6.14,34.19,5.57,Normal
2026-08-19 17:30:00,HOD Department,2.58,12.44,4.82,Normal
2026-08-17 04:40:00,Electronics Department,4.27,32.66,7.66,Normal
2026-08-25 07:20:00,BT Department,5.98,51.34,8.59,Normal
2026-07-30 09:30:00,Electronics Department,5.53,30.91,5.59,Normal
2026-07-21 10:40:00,BT Department,21.7,1070.75,49.35,Critical
2026-08-22 04:40:00,AIML Department,3.4,32.16,9.45,Normal
2026-07-15 19:00:00,AIML Department,4.29,11.32,2.64,Normal
2026-07-06 13:30:00,BT Department,4.38,33.65,7.69,Normal
2026-07-19 00:20:00,AIML Department,4.11,14.14,3.44,Normal
2026-07-28 21:30:00,Physics Lab,4.16,8.53,2.05,Normal
2026-07-24 18:10:00,AI Lab,5.15,5.23,1.01,Normal
2026-08-10 02:20:00,Mechanical Lab,7.58,49.41,6.52,Normal
2026-07-29 20:30:00,New Seminar Hall,7.98,14.48,1.81,Normal
2026-07-18 07:20:00,AIML Department,3.15,19.06,6.06,Normal
2026-07-31 18:00:00,HOD Department,4.0,4.18,1.04,Normal
2026-07-08 17:40:00,CSE Department,3.93,37.15,9.45,Normal
2026-07-28 12:10:00,HOD Department,3.79,37.06,9.77,Normal
2026-08-07 01:10:00,BT Department,11.1,251.27,22.63,Suspicious
2026-08-08 18:40:00,Physics Lab,4.87,40.89,8.39,Normal
2026-08-07 17:50:00,Electronics Department,3.66,18.16,4.97,Normal
2026-08-10 03:20:00,HOD Department,3.91,13.63,3.49,Normal
2026-07-25 15:00:00,New Seminar Hall,4.86,14.2,2.92,Normal
2026-07-20 08:20:00,Biotech Department,5.81,18.51,3.19,Normal
2026-08-05 10:00:00,Physics Lab,8.55,84.92,9.93,Normal
2026-07-29 02:40:00,BT Department,5.47,30.51,5.58,Normal
2026-07-12 05:20:00,IT Department,3.51,24.07,6.86,Normal
2026-07-18 04:30:00,Mechanical Lab,7.62,25.82,3.39,Normal
2026-07-27 08:20:00,Biotech Department,5.95,31.65,5.32,Normal
2026-08-17 18:50:00,Electronics Department,3.87,26.08,6.74,Normal
2026-08-21 19:10:00,HOD Department,3.5,18.84,5.38,Normal
2026-07-13 01:10:00,Electronics Department,7.43,73.63,9.91,Normal
2026-07-07 05:50:00,Electronics Department,5.88,54.19,9.21,Normal
2026-07-25 23:00:00,AIML Department,2.59,8.48,3.28,Normal
2026-08-14 02:30:00,New Seminar Hall,5.69,12.63,2.22,Normal
2026-07-07 13:10:00,Physics Lab,6.21,24.98,4.02,Normal
2026-08-02 05:20:00,New Seminar Hall,6.86,19.31,2.81,Normal
2026-08-14 18:50:00,CSE Department,5.7,24.72,4.34,Normal
2026-08-11 03:40:00,CSE Department,11.18,167.06,14.95,Suspicious
2026-07-03 15:50:00,IT Department,3.62,14.05,3.88,Normal
2026-07-21 01:10:00,HOD Department,2.41,8.4,3.48,Normal
2026-07-22 18:30:00,AI Lab,4.87,42.44,8.71,Normal
2026-08-02 08:30:00,BT Department,2.42,6.45,2.67,Normal
2026-07-10 16:40:00,New Seminar Hall,7.42,54.45,7.33,Normal
2026-07-08 09:10:00,Mechanical Lab,11.27,198.46,17.61,Suspicious
2026-07-20 21:20:00,Electronics Department,4.21,11.48,2.73,Normal
2026-07-12 15:50:00,Chemistry Lab,18.64,1059.58,56.84,Critical
2026-07-18 14:50:00,Mechanical Lab,4.43,34.83,7.86,Normal
2026-07-27 05:40:00,New Seminar Hall,15.23,334.06,21.93,Suspicious
2026-08-18 06:50:00,Electronics Department,3.52,34.07,9.69,Normal
2026-07-23 21:50:00,Mechanical Lab,6.45,6.65,1.03,Normal
2026-08-21 18:10:00,IT Department,3.59,15.17,4.23,Normal
2026-08-20 19:10:00,AIML Department,3.33,12.36,3.71,Normal
2026-08-11 03:30:00,Chemistry Lab,6.17,12.63,2.05,Normal
2026-08-16 14:50:00,Chemistry Lab,21.06,1412.05,67.05,Critical
2026-08-11 04:10:00,CSE Department,2.8,3.67,1.31,Normal
2026-07-15 17:00:00,HOD Department,3.79,5.0,1.32,Normal
2026-08-01 06:00:00,CSE Department,3.64,23.45,6.45,Normal
2026-08-24 12:10:00,IT Department,2.36,23.62,9.99,Normal
2026-08-07 21:20:00,CSE Department,4.5,32.73,7.28,Normal
2026-07-12 16:30:00,Chemistry Lab,7.11,45.55,6.41,Normal
2026-08-02 14:20:00,Electronics Department,5.26,39.79,7.56,Normal
2026-08-15 08:40:00,BT Department,4.44,5.55,1.25,Normal
2026-07-18 13:10:00,AI Lab,5.61,14.43,2.57,Normal
2026-08-16 06:50:00,AIML Department,3.66,36.39,9.93,Normal
2026-07-17 01:30:00,Physics Lab,6.6,27.0,4.09,Normal
2026-07-21 21:10:00,BT Department,5.19,14.17,2.73,Normal
2026-08-07 07:10:00,HOD Department,3.45,34.33,9.94,Normal
2026-08-22 19:20:00,CSE Department,2.74,12.92,4.71,Normal
2026-07-22 13:50:00,New Seminar Hall,29.81,1964.67,65.92,Critical
2026-08-05 10:10:00,Electronics Department,3.25,25.36,7.81,Normal
2026-08-11 02:10:00,Physics Lab,5.0,40.67,8.13,Normal
2026-07-16 04:50:00,CSE Department,5.69,51.85,9.11,Normal
2026-08-05 18:40:00,HOD Department,5.06,48.62,9.61,Normal
2026-07-22 23:40:00,CSE Department,5.63,37.48,6.65,Normal
2026-08-06 08:40:00,AIML Department,2.2,6.2,2.81,Normal
2026-08-22 17:50:00,BT Department,1.8,17.5,9.71,Normal
2026-07-29 10:10:00,Electronics Department,4.32,32.22,7.45,Normal
2026-07-24 15:20:00,Electronics Department,3.16,6.64,2.1,Normal
2026-07-20 09:20:00,AI Lab,4.99,28.78,5.77,Normal
2026-08-20 16:50:00,CSE Department,10.32,201.69,19.55,Suspicious
2026-08-05 16:40:00,Physics Lab,5.38,52.02,9.68,Normal
2026-07-25 16:20:00,Mechanical Lab,4.38,14.88,3.4,Normal
2026-07-12 23:50:00,CSE Department,2.83,22.16,7.84,Normal
2026-07-30 20:10:00,AIML Department,13.93,577.63,41.47,Critical
2026-07-23 04:30:00,Electronics Department,4.59,19.31,4.21,Normal
2026-07-17 06:20:00,AIML Department,3.22,26.55,8.24,Normal
2026-08-18 23:20:00,HOD Department,3.69,6.0,1.63,Normal
2026-08-18 11:30:00,Electronics Department,4.26,15.96,3.74,Normal
2026-07-05 08:40:00,AI Lab,13.0,279.43,21.49,Suspicious
2026-07-11 13:00:00,Biotech Department,4.75,32.12,6.76,Normal
2026-08-03 15:50:00,Chemistry Lab,4.21,34.53,8.21,Normal
2026-07-29 14:20:00,Biotech Department,4.33,18.52,4.28,Normal
2026-08-07 04:40:00,Mechanical Lab,8.71,29.61,3.4,Normal
2026-07-24 13:10:00,Physics Lab,5.91,6.99,1.18,Normal
2026-08-05 00:00:00,Electronics Department,6.05,36.09,5.96,Normal
2026-08-02 03:50:00,Biotech Department,4.3,42.32,9.84,Normal
2026-07-26 20:00:00,Mechanical Lab,5.17,9.6,1.86,Normal
2026-07-05 05:10:00,HOD Department,3.23,32.02,9.91,Normal
2026-08-06 16:50:00,AIML Department,4.05,26.18,6.47,Normal
2026-08-06 13:10:00,BT Department,5.76,34.35,5.97,Normal
2026-07-21 02:50:00,AIML Department,8.96,135.85,15.16,Suspicious
2026-07-04 21:20:00,Physics Lab,5.06,24.15,4.77,Normal
2026-08-03 04:10:00,New Seminar Hall,8.64,14.51,1.68,Normal
2026-07-08 20:10:00,AI Lab,3.67,19.36,5.27,Normal
2026-07-12 21:20:00,BT Department,9.72,255.79,26.31,Suspicious
2026-07-08 08:40:00,Biotech Department,5.43,30.04,5.53,Normal
2026-07-14 17:50:00,CSE Department,3.97,26.58,6.69,Normal
2026-07-09 07:40:00,Physics Lab,4.29,17.74,4.14,Normal
2026-07-21 01:00:00,Physics Lab,21.52,1194.29,55.5,Critical
2026-08-11 15:30:00,AIML Department,3.89,14.07,3.62,Normal
2026-07-02 03:20:00,BT Department,4.85,31.27,6.45,Normal
2026-07-06 11:20:00,Physics Lab,5.86,50.74,8.67,Normal
2026-08-23 15:10:00,AI Lab,12.24,148.81,12.16,Suspicious
2026-08-12 11:40:00,BT Department,19.54,1701.83,87.11,Critical
2026-08-06 06:50:00,IT Department,4.51,31.89,7.07,Normal
2026-07-26 20:30:00,New Seminar Hall,5.01,48.87,9.75,Normal
2026-08-11 08:20:00,AI Lab,7.09,68.68,9.69,Normal
2026-07-07 02:20:00,BT Department,9.62,196.47,20.43,Suspicious
2026-07-02 03:50:00,Physics Lab,4.34,39.87,9.18,Normal
2026-08-03 08:00:00,Electronics Department,4.06,4.34,1.07,Normal
2026-08-23 07:40:00,Chemistry Lab,25.72,1641.07,63.8,Critical
2026-08-22 22:00:00,Electronics Department,6.48,39.43,6.08,Normal
2026-08-25 05:10:00,AIML Department,4.34,8.03,1.85,Normal
2026-07-05 17:50:00,Physics Lab,3.95,12.77,3.23,Normal
2026-08-01 08:10:00,CSE Department,7.88,175.13,22.23,Suspicious
2026-07-31 15:20:00,Electronics Department,4.79,40.53,8.46,Normal
2026-08-17 13:10:00,IT Department,3.3,7.94,2.41,Normal
2026-08-19 11:50:00,Electronics Department,5.69,16.13,2.84,Normal
2026-08-18 17:00:00,CSE Department,3.6,5.85,1.62,Normal
2026-08-19 00:20:00,AIML Department,3.77,4.0,1.06,Normal
2026-07-30 02:20:00,New Seminar Hall,6.32,36.58,5.79,Normal
2026-08-19 03:10:00,AI Lab,5.7,54.99,9.65,Normal
2026-07-08 05:10:00,BT Department,6.29,43.97,6.99,Normal
2026-07-07 10:00:00,Chemistry Lab,4.09,36.99,9.05,Normal
2026-08-04 03:30:00,New Seminar Hall,5.76,43.39,7.53,Normal
2026-08-07 05:50:00,HOD Department,3.34,12.59,3.77,Normal
2026-08-06 14:20:00,AI Lab,4.39,21.75,4.96,Normal
2026-07-01 08:40:00,BT Department,3.6,5.39,1.5,Normal
2026-07-22 12:30:00,HOD Department,2.71,21.67,7.99,Normal
2026-08-09 20:30:00,IT Department,6.21,40.79,6.57,Normal
2026-07-23 00:40:00,Electronics Department,12.72,154.99,12.18,Suspicious
2026-08-14 19:50:00,AI Lab,5.13,9.33,1.82,Normal
2026-08-19 21:20:00,Physics Lab,3.87,23.99,6.2,Normal
2026-07-19 19:20:00,AIML Department,4.44,13.27,2.99,Normal
2026-07-18 15:10:00,Electronics Department,5.39,17.18,3.19,Normal
2026-08-19 23:00:00,AIML Department,5.32,14.35,2.7,Normal
2026-08-06 06:10:00,Physics Lab,6.22,26.34,4.23,Normal
2026-07-28 02:20:00,HOD Department,3.51,7.49,2.13,Normal
2026-08-04 14:10:00,New Seminar Hall,13.44,297.97,22.17,Suspicious
2026-08-03 12:10:00,AI Lab,6.57,32.61,4.96,Normal
2026-07-13 05:50:00,Physics Lab,4.54,45.17,9.95,Normal
2026-08-15 02:40:00,BT Department,6.77,56.53,8.36,Normal
2026-08-16 22:50:00,IT Department,3.06,14.57,4.77,Normal
2026-08-15 04:10:00,AIML Department,1.91,7.21,3.78,Normal
2026-08-14 00:50:00,Biotech Department,4.59,8.19,1.79,Normal
2026-07-09 07:20:00,Biotech Department,6.04,49.37,8.18,Normal
2026-07-23 23:30:00,Electronics Department,3.41,22.03,6.46,Normal
2026-07-05 07:40:00,AI Lab,14.86,168.43,11.33,Suspicious
2026-07-27 12:10:00,Physics Lab,5.43,20.88,3.84,Normal
2026-07-27 06:40:00,BT Department,4.24,32.84,7.75,Normal
2026-07-30 03:00:00,AIML Department,3.83,32.06,8.37,Normal
2026-07-07 06:10:00,Biotech Department,4.16,34.5,8.29,Normal
2026-07-15 02:20:00,Chemistry Lab,5.86,10.87,1.86,Normal
2026-07-20 14:20:00,AI Lab,10.15,133.04,13.11,Suspicious
2026-08-11 10:30:00,Physics Lab,5.5,30.39,5.52,Normal
2026-08-04 13:30:00,CSE Department,4.13,8.32,2.02,Normal
2026-08-06 12:30:00,AIML Department,3.89,32.93,8.46,Normal
2026-07-09 10:20:00,Chemistry Lab,4.36,28.69,6.57,Normal
2026-08-16 06:20:00,AIML Department,4.13,19.48,4.72,Normal
2026-08-12 00:20:00,Chemistry Lab,15.59,350.92,22.51,Suspicious
2026-07-08 01:50:00,AIML Department,4.95,15.4,3.11,Normal
2026-07-20 02:10:00,IT Department,3.81,32.09,8.43,Normal
2026-08-01 13:10:00,CSE Department,9.31,198.99,21.37,Suspicious
2026-08-16 13:10:00,IT Department,18.93,1582.03,83.55,Critical
2026-07-28 01:10:00,New Seminar Hall,10.81,290.27,26.85,Suspicious
2026-07-17 18:40:00,BT Department,4.52,28.4,6.29,Normal
2026-07-29 21:50:00,Electronics Department,5.7,47.33,8.31,Normal
2026-08-03 12:40:00,Chemistry Lab,4.9,29.26,5.97,Normal
2026-07-30 00:30:00,AIML Department,5.47,21.25,3.88,Normal
2026-07-21 19:40:00,Electronics Department,3.38,30.81,9.11,Normal
2026-08-09 09:30:00,Physics Lab,10.14,137.19,13.53,Suspicious
2026-08-18 17:50:00,IT Department,5.75,51.29,8.92,Normal
2026-07-04 23:20:00,BT Department,4.41,31.76,7.21,Normal
2026-07-18 09:10:00,Electronics Department,3.92,31.96,8.15,Normal
2026-08-05 04:00:00,Chemistry Lab,5.43,34.77,6.4,Normal
2026-07-14 02:50:00,Mechanical Lab,6.57,36.01,5.49,Normal
2026-08-11 21:40:00,Biotech Department,4.75,21.82,4.6,Normal
2026-07-05 01:30:00,Mechanical Lab,25.74,1289.43,50.09,Critical
2026-07-20 19:40:00,Chemistry Lab,5.35,35.02,6.54,Normal
2026-08-10 14:50:00,IT Department,5.38,8.42,1.57,Normal
2026-08-09 04:40:00,HOD Department,7.24,186.5,25.75,Suspicious
2026-08-20 09:00:00,CSE Department,2.95,21.29,7.21,Normal
2026-08-21 07:50:00,AI Lab,12.64,285.17,22.56,Suspicious
2026-07-31 11:30:00,AI Lab,5.17,10.44,2.02,Normal
2026-07-23 09:10:00,HOD Department,2.88,19.74,6.85,Normal
2026-07-06 18:40:00,AIML Department,8.54,116.14,13.61,Suspicious
2026-07-29 12:10:00,BT Department,5.74,8.87,1.55,Normal
2026-07-11 02:50:00,BT Department,4.52,41.96,9.28,Normal
2026-07-18 22:50:00,AIML Department,15.7,648.14,41.29,Critical
2026-07-02 09:40:00,CSE Department,10.15,127.65,12.57,Suspicious
2026-07-22 05:30:00,HOD Department,3.68,32.3,8.77,Normal
2026-07-13 01:00:00,AI Lab,12.4,129.56,10.45,Suspicious
2026-07-21 11:30:00,AI Lab,5.98,38.67,6.47,Normal
2026-08-25 07:10:00,Mechanical Lab,5.07,7.4,1.46,Normal
2026-08-22 02:30:00,Mechanical Lab,6.27,62.47,9.96,Normal
2026-08-03 02:50:00,CSE Department,2.51,8.49,3.38,Normal
2026-07-28 03:50:00,CSE Department,4.59,25.05,5.46,Normal
2026-07-20 07:30:00,BT Department,12.98,361.12,27.83,Suspicious
2026-07-14 11:50:00,BT Department,9.91,236.78,23.9,Suspicious
2026-08-08 03:00:00,IT Department,3.76,4.44,1.18,Normal
2026-07-05 06:50:00,BT Department,13.31,287.13,21.58,Suspicious
2026-08-16 22:10:00,AI Lab,5.83,51.15,8.77,Normal
2026-08-10 23:40:00,New Seminar Hall,8.4,49.19,5.85,Normal
2026-07-13 22:40:00,Biotech Department,12.58,217.89,17.32,Suspicious
2026-07-15 16:10:00,BT Department,6.14,54.9,8.94,Normal
2026-07-02 05:10:00,CSE Department,8.41,103.33,12.28,Suspicious
2026-07-24 21:40:00,BT Department,6.0,11.55,1.93,Normal
2026-07-24 10:30:00,IT Department,3.72,35.66,9.58,Normal
2026-08-25 16:00:00,New Seminar Hall,6.41,45.62,7.12,Normal
2026-08-12 17:00:00,Chemistry Lab,5.0,42.1,8.43,Normal
2026-07-21 23:50:00,IT Department,3.15,25.0,7.93,Normal
2026-07-08 03:20:00,Physics Lab,15.28,241.39,15.8,Suspicious
2026-07-17 07:20:00,IT Department,3.33,25.07,7.54,Normal
2026-07-02 15:40:00,IT Department,3.39,24.0,7.09,Normal
2026-07-09 05:50:00,Electronics Department,5.86,27.01,4.61,Normal
2026-08-05 16:00:00,IT Department,5.55,13.49,2.43,Normal
2026-07-06 04:30:00,Biotech Department,3.96,34.93,8.82,Normal
2026-08-23 07:50:00,Physics Lab,4.12,22.51,5.46,Normal
2026-07-05 13:00:00,CSE Department,3.78,14.19,3.75,Normal
2026-07-31 00:40:00,HOD Department,3.06,6.08,1.99,Normal
2026-07-03 10:10:00,IT Department,2.44,15.6,6.39,Normal
2026-08-16 10:40:00,AI Lab,5.67,43.17,7.61,Normal
2026-07-25 02:00:00,IT Department,3.49,33.57,9.62,Normal
2026-08-23 18:40:00,Physics Lab,3.81,20.88,5.49,Normal
2026-07-08 16:40:00,HOD Department,2.94,20.21,6.88,Normal
2026-08-24 05:00:00,BT Department,4.3,7.95,1.85,Normal
2026-08-24 17:30:00,AIML Department,3.38,12.93,3.83,Normal
2026-07-19 03:30:00,AI Lab,9.98,246.95,24.74,Suspicious
2026-08-25 18:40:00,AIML Department,4.32,9.22,2.13,Normal
2026-07-08 18:10:00,HOD Department,4.07,12.6,3.09,Normal
2026-07-18 20:40:00,Physics Lab,5.7,43.79,7.68,Normal
2026-07-16 15:30:00,Mechanical Lab,5.13,12.85,2.5,Normal
2026-07-09 23:10:00,AIML Department,2.02,14.8,7.32,Normal
2026-08-21 07:10:00,HOD Department,2.62,19.5,7.43,Normal
2026-07-01 10:40:00,IT Department,5.98,48.26,8.07,Normal
2026-07-23 00:00:00,BT Department,10.97,128.69,11.73,Suspicious
2026-08-25 16:30:00,BT Department,4.12,7.63,1.85,Normal
2026-08-02 13:40:00,Electronics Department,8.76,188.99,21.58,Suspicious
2026-08-03 08:20:00,HOD Department,3.5,9.93,2.83,Normal
2026-07-06 23:50:00,Mechanical Lab,5.05,32.16,6.37,Normal
2026-07-22 15:10:00,BT Department,2.97,26.01,8.76,Normal
2026-08-23 09:00:00,Chemistry Lab,14.16,403.14,28.47,Suspicious
2026-08-09 05:20:00,Physics Lab,5.33,46.78,8.77,Normal
2026-07-07 23:50:00,New Seminar Hall,6.18,25.28,4.09,Normal
2026-08-19 02:20:00,Electronics Department,5.49,12.91,2.35,Normal
2026-08-14 23:10:00,New Seminar Hall,6.59,48.07,7.29,Normal
2026-08-04 07:30:00,CSE Department,8.14,212.44,26.09,Suspicious
2026-08-22 00:40:00,Physics Lab,5.5,38.34,6.97,Normal
2026-07-02 21:30:00,Biotech Department,6.62,46.62,7.05,Normal
2026-08-13 04:20:00,BT Department,19.39,1323.29,68.24,Critical
2026-07-24 15:00:00,Mechanical Lab,5.81,57.23,9.86,Normal
2026-08-11 06:30:00,Chemistry Lab,4.19,15.0,3.58,Normal
2026-07-18 14:10:00,HOD Department,4.48,14.89,3.33,Normal
2026-07-05 05:40:00,Physics Lab,6.33,56.24,8.88,Normal
2026-07-25 04:40:00,AIML Department,4.25,14.17,3.33,Normal
2026-08-14 14:10:00,AI Lab,6.01,29.36,4.88,Normal
2026-08-13 06:10:00,Electronics Department,12.56,252.05,20.06,Suspicious
2026-07-13 02:10:00,IT Department,4.01,4.03,1.0,Normal
2026-08-18 04:50:00,AIML Department,5.08,37.74,7.43,Normal
2026-07-08 14:10:00,BT Department,4.18,15.17,3.63,Normal
2026-07-25 06:20:00,Biotech Department,4.71,28.57,6.07,Normal
2026-08-02 00:50:00,Chemistry Lab,19.8,1568.53,79.23,Critical
2026-07-07 23:00:00,Mechanical Lab,6.67,29.3,4.39,Normal
2026-08-25 15:50:00,CSE Department,4.98,28.77,5.77,Normal
2026-07-20 07:50:00,Biotech Department,5.58,6.99,1.25,Normal
2026-08-24 18:40:00,Chemistry Lab,3.46,26.05,7.52,Normal
2026-08-03 05:10:00,AI Lab,6.35,27.64,4.35,Normal
2026-08-23 19:10:00,IT Department,3.89,31.94,8.21,Normal
2026-07-09 19:00:00,Electronics Department,5.54,43.9,7.93,Normal
2026-08-06 19:40:00,BT Department,4.71,5.67,1.2,Normal
2026-08-08 14:30:00,Biotech Department,3.29,25.71,7.83,Normal
2026-08-23 03:20:00,Biotech Department,4.48,17.45,3.89,Normal
2026-07-11 22:30:00,CSE Department,14.59,1249.11,85.61,Critical
2026-07-29 00:30:00,Chemistry Lab,12.82,350.94,27.38,Suspicious
2026-08-25 03:10:00,Electronics Department,2.98,28.25,9.46,Normal
2026-07-10 08:40:00,CSE Department,4.09,26.83,6.56,Normal
2026-08-24 15:10:00,Chemistry Lab,16.2,417.84,25.79,Suspicious
2026-08-18 13:20:00,Chemistry Lab,6.99,10.89,1.56,Normal
2026-08-09 21:50:00,New Seminar Hall,6.53,10.27,1.57,Normal
2026-07-02 10:40:00,Chemistry Lab,3.68,19.13,5.2,Normal
2026-07-29 13:50:00,IT Department,4.4,23.56,5.36,Normal
2026-08-10 14:40:00,IT Department,9.73,173.23,17.8,Suspicious
2026-07-07 23:20:00,New Seminar Hall,3.94,32.01,8.12,Normal
2026-07-27 15:50:00,AI Lab,4.95,38.25,7.73,Normal
2026-07-23 19:00:00,Biotech Department,1.86,7.01,3.76,Normal
2026-07-21 06:10:00,AI Lab,6.4,40.96,6.4,Normal
2026-07-27 13:30:00,Chemistry Lab,7.11,25.92,3.65,Normal
2026-08-01 02:50:00,AI Lab,4.45,8.62,1.94,Normal
2026-08-04 20:50:00,New Seminar Hall,5.53,54.39,9.83,Normal
2026-08-12 02:30:00,IT Department,4.26,24.42,5.73,Normal
2026-07-21 21:30:00,Electronics Department,3.53,6.45,1.83,Normal
2026-08-11 20:40:00,BT Department,3.57,35.73,10.0,Normal
2026-07-16 14:40:00,IT Department,3.21,13.47,4.19,Normal
2026-07-02 00:20:00,AI Lab,5.62,8.28,1.47,Normal
2026-08-24 06:50:00,BT Department,4.37,7.47,1.71,Normal
2026-07-19 02:10:00,Biotech Department,14.08,250.92,17.82,Suspicious
2026-07-23 10:30:00,New Seminar Hall,5.03,48.16,9.57,Normal
2026-08-21 16:20:00,IT Department,3.3,29.73,9.0,Normal
2026-07-03 02:10:00,Mechanical Lab,4.43,40.16,9.06,Normal
2026-07-28 13:50:00,AIML Department,2.86,12.29,4.3,Normal
2026-07-30 11:50:00,Biotech Department,3.54,21.82,6.16,Normal
2026-07-11 08:50:00,Physics Lab,5.6,50.14,8.96,Normal
2026-08-08 19:10:00,HOD Department,4.15,36.02,8.67,Normal
2026-07-12 18:40:00,HOD Department,6.15,8.37,1.36,Normal
2026-08-02 20:20:00,Electronics Department,2.5,23.61,9.44,Normal
2026-08-03 03:10:00,AI Lab,3.74,17.36,4.65,Normal
2026-07-29 01:10:00,AI Lab,4.23,40.6,9.59,Normal
2026-07-13 02:40:00,AI Lab,5.19,19.42,3.74,Normal
2026-07-23 11:50:00,CSE Department,3.43,16.53,4.81,Normal
2026-08-13 08:50:00,Electronics Department,5.77,40.61,7.04,Normal
2026-08-14 01:10:00,IT Department,4.64,22.11,4.77,Normal
2026-08-01 13:50:00,CSE Department,3.83,37.32,9.73,Normal
2026-07-09 08:20:00,CSE Department,3.76,23.84,6.33,Normal
2026-07-16 23:50:00,AIML Department,2.78,8.34,3.0,Normal
2026-08-18 15:50:00,HOD Department,8.13,197.51,24.3,Suspicious
2026-07-13 00:20:00,IT Department,4.76,15.53,3.26,Normal
2026-07-23 08:20:00,BT Department,6.92,49.53,7.15,Normal
2026-08-21 17:20:00,Mechanical Lab,5.79,26.66,4.61,Normal
2026-07-15 14:40:00,Physics Lab,14.93,385.12,25.79,Suspicious
2026-08-20 01:00:00,Electronics Department,5.38,40.75,7.58,Normal
2026-07-29 17:40:00,Physics Lab,4.37,21.27,4.87,Normal
2026-08-24 10:30:00,HOD Department,3.37,19.26,5.72,Normal
2026-07-22 22:00:00,Biotech Department,4.62,32.46,7.03,Normal
2026-08-01 22:00:00,HOD Department,2.88,16.89,5.87,Normal
2026-07-27 04:30:00,HOD Department,14.59,980.02,67.18,Critical
2026-08-14 18:10:00,AI Lab,5.35,38.8,7.25,Normal
2026-08-07 23:50:00,Biotech Department,6.98,22.11,3.17,Normal
2026-08-19 05:20:00,BT Department,2.29,5.26,2.29,Normal
2026-07-15 13:30:00,Mechanical Lab,6.53,17.27,2.64,Normal
2026-08-04 21:20:00,AIML Department,4.23,6.34,1.5,Normal
2026-07-26 15:10:00,Mechanical Lab,6.17,19.1,3.09,Normal
2026-08-25 02:10:00,Mechanical Lab,6.12,8.83,1.44,Normal
2026-07-05 15:50:00,Electronics Department,4.05,39.83,9.84,Normal
2026-08-15 09:30:00,AI Lab,5.81,33.12,5.7,Normal
2026-08-23 17:30:00,AIML Department,4.84,20.21,4.17,Normal
2026-08-11 04:30:00,IT Department,5.37,29.88,5.57,Normal
2026-07-03 03:40:00,Physics Lab,5.38,10.63,1.98,Normal
2026-08-10 03:00:00,Physics Lab,6.91,30.71,4.44,Normal
2026-07-24 17:30:00,BT Department,4.14,34.42,8.32,Normal
2026-07-29 12:50:00,HOD Department,3.86,6.25,1.62,Normal
2026-08-08 18:20:00,CSE Department,4.03,20.95,5.2,Normal
2026-08-14 01:00:00,Chemistry Lab,6.55,44.47,6.79,Normal
2026-08-12 10:50:00,AIML Department,4.95,18.41,3.72,Normal
2026-08-16 06:40:00,Mechanical Lab,7.25,16.32,2.25,Normal
2026-07-13 20:20:00,Physics Lab,4.28,26.11,6.11,Normal
2026-08-03 05:20:00,BT Department,10.56,253.15,23.97,Suspicious
2026-08-25 18:20:00,HOD Department,4.74,40.21,8.48,Normal
2026-07-17 21:30:00,AI Lab,7.29,51.29,7.03,Normal
2026-08-16 19:40:00,Biotech Department,3.18,27.15,8.54,Normal
2026-08-10 07:50:00,CSE Department,4.71,36.39,7.73,Normal
2026-07-14 22:30:00,AI Lab,6.33,52.49,8.3,Normal
2026-07-22 00:00:00,Physics Lab,17.99,1015.11,56.43,Critical
2026-07-04 17:20:00,Biotech Department,7.75,20.54,2.65,Normal
2026-07-14 03:10:00,BT Department,6.42,36.96,5.75,Normal
2026-07-13 09:00:00,Biotech Department,4.65,28.47,6.13,Normal
2026-07-21 13:10:00,New Seminar Hall,5.27,8.47,1.61,Normal
2026-07-23 16:30:00,Chemistry Lab,19.96,1541.84,77.25,Critical
2026-07-02 08:20:00,New Seminar Hall,4.99,19.34,3.87,Normal
2026-08-09 10:20:00,IT Department,3.43,28.52,8.32,Normal
2026-07-15 03:00:00,New Seminar Hall,6.51,16.82,2.58,Normal
2026-07-10 20:10:00,New Seminar Hall,4.59,43.6,9.51,Normal
2026-08-15 19:00:00,BT Department,11.92,124.23,10.42,Suspicious
2026-08-12 08:30:00,New Seminar Hall,6.91,63.86,9.24,Normal
2026-08-19 15:00:00,Chemistry Lab,12.94,161.11,12.45,Suspicious
2026-07-20 20:30:00,Biotech Department,5.79,20.86,3.6,Normal
2026-07-05 21:50:00,Biotech Department,5.27,23.79,4.51,Normal
2026-07-13 19:00:00,CSE Department,4.41,36.76,8.34,Normal
2026-08-22 12:40:00,HOD Department,3.41,20.19,5.92,Normal
2026-07-18 18:30:00,AIML Department,4.4,30.95,7.03,Normal
2026-07-24 22:10:00,CSE Department,4.44,31.47,7.08,Normal
2026-07-31 01:40:00,HOD Department,2.38,16.66,7.01,Normal
2026-07-09 07:10:00,Electronics Department,2.73,11.41,4.18,Normal
2026-07-24 01:20:00,BT Department,3.96,28.34,7.16,Normal
2026-07-05 13:20:00,Mechanical Lab,5.53,53.25,9.62,Normal
2026-08-13 23:50:00,Mechanical Lab,7.63,58.26,7.64,Normal
2026-08-18 05:10:00,Biotech Department,4.08,24.56,6.02,Normal
2026-07-26 05:00:00,Biotech Department,5.27,39.17,7.43,Normal
2026-07-14 17:40:00,Mechanical Lab,6.43,39.98,6.22,Normal
2026-08-19 19:30:00,New Seminar Hall,7.21,65.17,9.03,Normal
2026-07-02 16:50:00,CSE Department,9.54,100.57,10.54,Suspicious
2026-07-21 16:30:00,IT Department,2.05,6.22,3.03,Normal
2026-07-17 11:50:00,CSE Department,3.62,25.74,7.12,Normal
2026-07-31 19:30:00,IT Department,4.45,39.27,8.82,Normal
2026-07-06 15:40:00,Chemistry Lab,5.38,38.16,7.1,Normal
2026-08-01 13:20:00,Mechanical Lab,7.26,49.63,6.84,Normal
2026-07-30 15:00:00,AI Lab,5.03,49.34,9.82,Normal
2026-07-23 22:30:00,Mechanical Lab,5.19,21.67,4.18,Normal
2026-07-02 17:40:00,Chemistry Lab,17.68,1270.07,71.83,Critical
2026-07-25 17:00:00,Mechanical Lab,5.43,49.19,9.05,Normal
2026-08-04 13:50:00,CSE Department,2.41,21.15,8.79,Normal
2026-08-14 17:00:00,Chemistry Lab,6.15,15.56,2.53,Normal
2026-08-08 18:30:00,CSE Department,2.28,18.58,8.16,Normal
2026-07-13 08:50:00,CSE Department,3.92,26.03,6.65,Normal
2026-08-10 13:10:00,AI Lab,5.92,25.65,4.33,Normal
2026-07-20 14:50:00,Chemistry Lab,6.18,37.35,6.05,Normal
2026-07-13 04:30:00,Chemistry Lab,4.32,28.22,6.54,Normal
2026-08-06 06:00:00,BT Department,5.84,46.94,8.04,Normal
2026-08-06 18:50:00,IT Department,6.12,56.21,9.18,Normal
2026-08-10 07:30:00,Biotech Department,4.85,44.82,9.24,Normal
2026-07-25 11:00:00,Mechanical Lab,8.04,71.02,8.83,Normal
2026-08-15 16:00:00,Physics Lab,6.82,25.37,3.72,Normal
2026-08-24 03:30:00,BT Department,4.2,30.84,7.35,Normal
2026-08-10 23:50:00,BT Department,6.06,41.1,6.78,Normal
2026-07-07 06:20:00,CSE Department,3.88,37.11,9.57,Normal
2026-08-09 19:30:00,BT Department,6.33,9.86,1.56,Normal
2026-08-14 12:30:00,Physics Lab,14.5,264.76,18.26,Suspicious
2026-08-03 05:30:00,Chemistry Lab,5.92,9.54,1.61,Normal
2026-07-29 18:50:00,AI Lab,5.91,16.65,2.82,Normal
2026-07-16 08:00:00,New Seminar Hall,17.38,333.9,19.21,Suspicious
2026-07-06 04:20:00,CSE Department,5.53,19.54,3.53,Normal
2026-08-25 06:40:00,Mechanical Lab,5.11,47.06,9.21,Normal
2026-07-22 03:50:00,Biotech Department,5.02,7.13,1.42,Normal
2026-07-27 00:00:00,IT Department,3.37,24.9,7.38,Normal
2026-07-12 16:40:00,Mechanical Lab,17.73,399.66,22.54,Suspicious
2026-08-20 21:20:00,AI Lab,6.24,40.64,6.51,Normal
2026-08-22 19:00:00,AIML Department,3.98,10.02,2.52,Normal
2026-07-25 08:10:00,Mechanical Lab,6.24,10.2,1.63,Normal
2026-07-26 04:50:00,AI Lab,2.6,20.14,7.74,Normal
2026-07-10 07:10:00,HOD Department,4.3,37.98,8.84,Normal
2026-08-02 16:30:00,AI Lab,6.02,44.6,7.4,Normal
2026-08-16 01:30:00,AIML Department,4.83,11.89,2.46,Normal
2026-08-09 08:00:00,New Seminar Hall,7.59,63.15,8.32,Normal
2026-07-14 04:50:00,Physics Lab,3.41,29.87,8.76,Normal
2026-08-06 16:00:00,Mechanical Lab,16.15,343.57,21.27,Suspicious
2026-07-27 11:10:00,Physics Lab,9.96,243.16,24.42,Suspicious
2026-07-24 06:40:00,Electronics Department,3.77,7.94,2.11,Normal
2026-08-24 22:10:00,HOD Department,3.55,7.18,2.02,Normal
2026-08-10 02:30:00,Physics Lab,6.79,15.12,2.23,Normal
2026-07-27 07:50:00,Chemistry Lab,5.79,17.96,3.1,Normal
2026-07-25 06:10:00,Biotech Department,3.7,27.79,7.51,Normal
2026-07-15 05:00:00,IT Department,3.13,14.52,4.64,Normal
2026-07-05 22:30:00,Biotech Department,6.74,9.04,1.34,Normal
2026-08-03 12:30:00,HOD Department,4.15,23.67,5.7,Normal
2026-08-07 12:10:00,Mechanical Lab,11.99,204.7,17.08,Suspicious
2026-08-24 06:20:00,Mechanical Lab,5.55,6.32,1.14,Normal
2026-07-27 08:40:00,Biotech Department,12.06,161.14,13.36,Suspicious
2026-07-31 23:30:00,BT Department,5.81,55.01,9.48,Normal
2026-08-03 06:40:00,CSE Department,3.85,23.13,6.01,Normal
2026-08-08 17:40:00,IT Department,4.61,15.19,3.29,Normal
2026-08-09 01:10:00,IT Department,2.5,2.73,1.09,Normal
2026-07-06 06:10:00,BT Department,2.59,15.4,5.96,Normal
2026-08-22 14:20:00,New Seminar Hall,6.34,51.26,8.09,Normal
2026-07-10 05:40:00,CSE Department,4.65,45.97,9.88,Normal
2026-08-11 01:20:00,AIML Department,5.21,24.06,4.62,Normal
2026-08-05 12:40:00,Chemistry Lab,5.95,32.87,5.53,Normal
2026-07-19 21:50:00,HOD Department,4.26,16.24,3.81,Normal
2026-08-17 09:20:00,AIML Department,4.36,21.71,4.98,Normal
2026-07-29 07:30:00,HOD Department,3.73,29.01,7.79,Normal
2026-07-10 09:40:00,HOD Department,3.58,14.33,4.0,Normal
2026-08-08 12:00:00,CSE Department,2.39,23.47,9.82,Normal
2026-08-08 13:20:00,BT Department,4.97,7.33,1.48,Normal
2026-08-21 16:00:00,AIML Department,3.05,6.74,2.21,Normal
2026-07-16 20:50:00,Mechanical Lab,6.05,9.14,1.51,Normal
2026-07-24 06:20:00,BT Department,5.09,39.6,7.78,Normal
2026-08-09 04:00:00,Physics Lab,4.29,17.57,4.09,Normal
2026-08-22 12:30:00,BT Department,17.66,623.87,35.32,Critical
2026-07-15 11:40:00,Electronics Department,3.13,18.77,6.0,Normal
2026-07-11 22:50:00,BT Department,3.83,27.72,7.23,Normal
2026-07-12 21:10:00,Biotech Department,4.73,39.69,8.39,Normal
2026-08-08 04:20:00,AI Lab,5.71,21.44,3.76,Normal
2026-08-25 03:40:00,New Seminar Hall,5.57,52.34,9.4,Normal
2026-08-25 08:30:00,Physics Lab,10.38,225.77,21.75,Suspicious
2026-07-26 12:30:00,Physics Lab,5.87,35.57,6.06,Normal
2026-08-10 04:30:00,New Seminar Hall,6.56,19.38,2.95,Normal
2026-08-06 01:50:00,IT Department,5.51,46.93,8.51,Normal
2026-08-04 07:10:00,Biotech Department,4.77,24.16,5.06,Normal
2026-07-20 00:50:00,Chemistry Lab,6.66,22.36,3.36,Normal
2026-07-22 14:00:00,Physics Lab,6.59,58.67,8.9,Normal
2026-07-12 10:10:00,AIML Department,3.35,6.4,1.91,Normal
2026-08-16 20:40:00,Mechanical Lab,25.68,1804.06,70.24,Critical
2026-07-20 06:50:00,Mechanical Lab,16.55,351.38,21.23,Suspicious
2026-07-19 13:30:00,Biotech Department,12.16,285.16,23.45,Suspicious
2026-08-11 09:50:00,Mechanical Lab,6.1,24.79,4.06,Normal
2026-07-23 06:10:00,IT Department,3.89,4.03,1.04,Normal
2026-07-24 08:20:00,CSE Department,3.2,16.76,5.24,Normal
2026-07-13 07:00:00,CSE Department,3.47,25.25,7.28,Normal
2026-08-06 23:50:00,Chemistry Lab,5.47,43.22,7.9,Normal
2026-08-16 15:20:00,New Seminar Hall,6.76,35.45,5.24,Normal
2026-07-08 16:30:00,AIML Department,3.2,19.0,5.95,Normal
2026-08-02 12:40:00,Physics Lab,5.74,26.92,4.69,Normal
2026-07-23 20:20:00,AIML Department,3.09,17.88,5.79,Normal
2026-07-12 23:40:00,AIML Department,4.35,29.44,6.77,Normal
2026-08-18 04:40:00,IT Department,4.3,42.07,9.78,Normal
2026-08-14 14:20:00,Physics Lab,5.53,37.33,6.76,Normal
2026-08-22 22:20:00,BT Department,4.88,21.86,4.48,Normal
2026-08-16 08:40:00,Mechanical Lab,4.83,19.88,4.11,Normal
2026-07-13 12:50:00,New Seminar Hall,7.37,24.8,3.37,Normal
2026-08-12 03:10:00,Biotech Department,7.58,26.3,3.47,Normal
2026-07-30 10:30:00,CSE Department,13.79,618.03,44.83,Critical
2026-08-05 20:40:00,Biotech Department,4.09,20.37,4.98,Normal
2026-07-05 05:50:00,AIML Department,4.15,29.43,7.09,Normal
2026-08-21 18:40:00,New Seminar Hall,6.59,47.15,7.16,Normal
2026-07-20 17:00:00,BT Department,19.03,785.59,41.28,Critical
2026-07-07 07:50:00,Physics Lab,5.48,13.16,2.4,Normal
2026-08-24 02:20:00,CSE Department,9.4,123.89,13.18,Suspicious
2026-07-11 15:20:00,Chemistry Lab,4.64,10.91,2.35,Normal
2026-08-19 04:30:00,HOD Department,4.37,15.02,3.43,Normal
2026-08-23 22:50:00,New Seminar Hall,5.76,10.36,1.8,Normal
2026-08-11 20:10:00,CSE Department,15.46,1151.88,74.5,Critical
2026-08-05 23:40:00,HOD Department,3.19,18.55,5.81,Normal
2026-07-02 18:20:00,Electronics Department,4.21,39.45,9.37,Normal
2026-08-01 12:00:00,Biotech Department,5.35,10.49,1.96,Normal
2026-08-18 12:20:00,New Seminar Hall,6.46,14.81,2.29,Normal
2026-07-07 09:00:00,HOD Department,3.06,19.97,6.54,Normal
2026-08-01 12:50:00,IT Department,13.52,824.38,60.97,Critical
2026-08-18 07:40:00,New Seminar Hall,12.74,378.38,29.7,Suspicious
2026-07-04 19:40:00,Mechanical Lab,13.76,303.26,22.04,Suspicious
2026-08-21 14:50:00,Electronics Department,3.92,6.99,1.79,Normal
2026-07-08 11:20:00,Physics Lab,5.96,55.66,9.34,Normal
2026-07-28 00:00:00,Mechanical Lab,5.57,21.2,3.81,Normal
2026-07-20 00:20:00,New Seminar Hall,6.94,29.63,4.27,Normal
2026-08-09 02:10:00,Chemistry Lab,5.46,33.66,6.16,Normal
2026-08-17 06:00:00,AIML Department,2.31,16.68,7.21,Normal
2026-08-05 10:40:00,BT Department,3.37,23.16,6.87,Normal
2026-07-12 05:40:00,Mechanical Lab,7.76,31.67,4.08,Normal
2026-07-20 14:10:00,New Seminar Hall,29.98,1148.82,38.32,Critical
2026-08-11 22:30:00,New Seminar Hall,6.04,39.06,6.47,Normal
2026-07-20 07:10:00,Chemistry Lab,4.25,16.5,3.88,Normal
2026-08-13 16:20:00,HOD Department,4.39,15.66,3.57,Normal
2026-07-06 22:00:00,IT Department,2.21,6.64,3.01,Normal
2026-08-10 22:30:00,AIML Department,3.28,5.84,1.78,Normal
2026-07-26 15:30:00,CSE Department,2.63,8.71,3.31,Normal
2026-07-18 09:00:00,Physics Lab,4.42,11.8,2.67,Normal
2026-08-02 06:20:00,Electronics Department,2.77,17.31,6.24,Normal
2026-08-20 10:30:00,HOD Department,4.7,37.3,7.94,Normal
2026-07-22 21:20:00,Physics Lab,5.08,19.13,3.77,Normal
2026-08-19 10:50:00,BT Department,4.77,28.47,5.97,Normal
2026-08-04 04:30:00,Biotech Department,4.49,11.23,2.5,Normal
2026-08-11 17:10:00,Mechanical Lab,4.51,18.95,4.2,Normal
2026-07-02 17:20:00,Mechanical Lab,4.81,16.2,3.37,Normal
2026-08-13 22:20:00,AI Lab,3.86,16.26,4.22,Normal
2026-07-22 20:30:00,BT Department,5.52,11.56,2.09,Normal
2026-08-13 06:40:00,Electronics Department,3.26,10.51,3.22,Normal
2026-08-20 01:30:00,Biotech Department,4.68,27.54,5.88,Normal
2026-07-17 03:40:00,Chemistry Lab,6.8,63.76,9.38,Normal
2026-07-26 01:30:00,BT Department,5.45,34.61,6.35,Normal
2026-08-11 06:00:00,Biotech Department,6.15,14.25,2.32,Normal
2026-08-01 09:40:00,HOD Department,4.72,20.99,4.44,Normal
2026-08-15 00:00:00,HOD Department,7.9,132.16,16.73,Suspicious
2026-08-01 16:20:00,New Seminar Hall,6.78,65.88,9.72,Normal
2026-08-10 13:40:00,New Seminar Hall,14.58,387.54,26.59,Suspicious
2026-07-04 01:10:00,Biotech Department,4.08,18.9,4.64,Normal
2026-08-17 02:40:00,Electronics Department,4.04,13.92,3.44,Normal
2026-08-09 08:20:00,AIML Department,15.84,782.8,49.42,Critical
2026-08-06 20:20:00,Electronics Department,11.78,192.99,16.38,Suspicious
2026-08-20 13:00:00,Mechanical Lab,7.45,11.44,1.54,Normal
2026-07-11 17:10:00,AI Lab,4.45,38.96,8.75,Normal
2026-07-20 01:10:00,HOD Department,2.3,8.1,3.53,Normal
2026-07-15 09:50:00,Electronics Department,4.43,17.63,3.98,Normal
2026-08-06 18:40:00,Biotech Department,5.68,12.74,2.24,Normal
2026-08-08 06:30:00,Biotech Department,5.42,21.24,3.92,Normal
2026-07-19 04:00:00,Mechanical Lab,10.54,35.5,3.37,Normal
2026-07-01 18:40:00,Mechanical Lab,6.36,33.01,5.19,Normal
2026-07-28 07:20:00,New Seminar Hall,5.74,30.9,5.39,Normal
2026-07-15 15:40:00,AIML Department,4.05,37.71,9.31,Normal
2026-08-06 23:20:00,New Seminar Hall,28.45,1171.49,41.18,Critical
2026-08-20 09:20:00,CSE Department,4.48,4.77,1.06,Normal
2026-07-04 18:00:00,Physics Lab,4.83,19.93,4.13,Normal
2026-07-03 23:10:00,New Seminar Hall,5.52,46.71,8.46,Normal
2026-08-14 07:10:00,HOD Department,8.84,115.58,13.07,Suspicious
2026-08-04 01:50:00,AI Lab,6.14,24.28,3.95,Normal
2026-08-14 12:00:00,Chemistry Lab,1.07,5.3,4.94,Normal
2026-07-29 01:30:00,Electronics Department,5.51,21.5,3.9,Normal
2026-08-04 06:30:00,Biotech Department,5.58,40.71,7.29,Normal
2026-07-08 19:20:00,Mechanical Lab,6.14,53.53,8.71,Normal
2026-07-07 10:20:00,Chemistry Lab,6.45,10.23,1.59,Normal
2026-07-03 16:10:00,CSE Department,3.09,20.57,6.66,Normal
2026-08-17 23:50:00,Biotech Department,23.16,948.3,40.94,Critical
2026-08-15 01:10:00,Chemistry Lab,6.67,9.22,1.38,Normal
2026-08-24 23:30:00,CSE Department,2.33,14.28,6.14,Normal
2026-07-08 09:20:00,Chemistry Lab,4.27,15.66,3.67,Normal
2026-07-10 04:30:00,AI Lab,6.78,26.71,3.94,Normal
2026-07-27 17:00:00,HOD Department,7.52,196.61,26.14,Suspicious
2026-08-23 07:30:00,Physics Lab,7.47,36.78,4.92,Normal
2026-08-01 22:30:00,New Seminar Hall,4.57,6.95,1.52,Normal
2026-07-24 13:00:00,IT Department,5.11,5.61,1.1,Normal
2026-08-04 10:30:00,Biotech Department,4.71,5.94,1.26,Normal
2026-08-14 20:50:00,CSE Department,13.76,557.89,40.55,Critical
2026-07-08 05:50:00,Biotech Department,4.38,34.63,7.9,Normal
2026-07-15 02:10:00,Physics Lab,5.99,20.08,3.35,Normal
2026-07-31 04:10:00,AIML Department,3.65,23.08,6.33,Normal
2026-07-02 10:50:00,Electronics Department,5.63,28.35,5.04,Normal
2026-08-09 17:50:00,Physics Lab,6.3,40.93,6.5,Normal
2026-08-18 01:30:00,IT Department,15.68,923.45,58.9,Critical
2026-08-15 18:50:00,New Seminar Hall,7.13,40.58,5.69,Normal
2026-08-03 15:40:00,Biotech Department,5.51,39.61,7.19,Normal
2026-07-11 18:00:00,New Seminar Hall,12.03,285.36,23.73,Suspicious
2026-07-28 00:30:00,Electronics Department,4.52,28.68,6.35,Normal
2026-08-06 14:50:00,Biotech Department,4.96,6.83,1.37,Normal
2026-07-19 11:30:00,Biotech Department,3.73,13.72,3.68,Normal
2026-07-25 08:50:00,CSE Department,3.03,23.84,7.87,Normal
2026-07-08 10:10:00,HOD Department,4.97,10.81,2.17,Normal
2026-07-22 16:10:00,BT Department,5.85,30.29,5.18,Normal
2026-08-22 19:10:00,Mechanical Lab,5.0,33.35,6.67,Normal
2026-07-28 17:10:00,Biotech Department,6.27,14.97,2.39,Normal
2026-07-12 08:10:00,AI Lab,5.54,10.21,1.84,Normal
2026-07-14 21:50:00,Chemistry Lab,15.89,189.55,11.93,Suspicious
2026-07-23 05:20:00,New Seminar Hall,8.66,35.2,4.06,Normal
2026-08-14 10:10:00,BT Department,6.73,63.78,9.47,Normal
2026-07-01 13:40:00,Chemistry Lab,5.93,24.83,4.19,Normal
2026-07-29 05:00:00,BT Department,3.51,12.63,3.6,Normal
2026-07-06 17:10:00,Chemistry Lab,6.81,16.06,2.36,Normal
2026-07-19 02:00:00,AI Lab,5.49,37.48,6.83,Normal
2026-08-23 01:50:00,Biotech Department,5.99,37.75,6.31,Normal
2026-07-11 14:20:00,IT Department,5.2,27.09,5.21,Normal
2026-08-19 15:10:00,Chemistry Lab,4.78,27.06,5.66,Normal
2026-08-08 10:20:00,Biotech Department,3.86,15.34,3.97,Normal
2026-08-13 15:10:00,AI Lab,4.82,22.26,4.62,Normal
2026-07-10 19:10:00,BT Department,4.58,38.62,8.43,Normal
2026-08-19 05:30:00,AI Lab,18.55,1296.56,69.91,Critical
2026-07-19 11:20:00,Mechanical Lab,5.52,28.6,5.18,Normal
2026-08-22 12:10:00,CSE Department,6.27,53.93,8.61,Normal
2026-07-20 22:40:00,Chemistry Lab,5.6,18.22,3.26,Normal
2026-07-15 12:10:00,Electronics Department,3.08,18.94,6.16,Normal
2026-07-03 00:10:00,Chemistry Lab,5.37,32.88,6.12,Normal
2026-07-15 15:30:00,Mechanical Lab,6.97,42.91,6.15,Normal
2026-07-17 17:50:00,Electronics Department,4.92,20.88,4.24,Normal
2026-07-05 12:00:00,CSE Department,3.3,29.45,8.92,Normal
2026-07-18 05:50:00,Biotech Department,3.85,10.62,2.76,Normal
2026-08-07 18:50:00,Mechanical Lab,7.31,18.09,2.47,Normal
2026-08-14 03:40:00,New Seminar Hall,6.67,50.9,7.63,Normal
2026-07-21 09:20:00,IT Department,2.81,5.13,1.82,Normal
2026-08-13 03:20:00,Mechanical Lab,6.17,46.59,7.55,Normal
2026-07-05 19:40:00,Mechanical Lab,3.84,22.43,5.84,Normal
2026-07-28 08:20:00,BT Department,4.93,15.65,3.17,Normal
2026-07-26 00:40:00,Mechanical Lab,5.42,43.36,8.0,Normal
2026-07-23 13:40:00,Biotech Department,5.14,20.08,3.91,Normal
2026-07-11 22:40:00,New Seminar Hall,6.83,34.82,5.1,Normal
2026-08-18 18:30:00,HOD Department,6.76,195.18,28.86,Suspicious
2026-07-10 03:10:00,Physics Lab,4.27,4.74,1.11,Normal
2026-08-24 01:00:00,HOD Department,3.52,22.66,6.44,Normal
2026-07-14 12:30:00,HOD Department,3.55,11.07,3.12,Normal
2026-08-02 16:20:00,Physics Lab,5.43,12.42,2.29,Normal
2026-07-22 04:50:00,HOD Department,2.88,19.99,6.95,Normal
2026-07-20 07:40:00,BT Department,5.05,31.05,6.15,Normal
2026-08-19 15:30:00,Mechanical Lab,6.15,52.01,8.46,Normal
2026-07-02 15:30:00,AI Lab,4.54,28.12,6.2,Normal
2026-07-13 21:00:00,AIML Department,4.26,28.24,6.62,Normal
2026-07-08 02:30:00,HOD Department,3.76,30.41,8.08,Normal
2026-07-20 09:50:00,IT Department,3.7,29.86,8.06,Normal
2026-08-23 09:50:00,HOD Department,3.86,24.63,6.39,Normal
2026-07-15 13:10:00,Physics Lab,3.61,19.78,5.47,Normal
2026-08-24 20:10:00,New Seminar Hall,3.97,13.2,3.32,Normal
2026-07-19 02:20:00,AI Lab,6.79,11.97,1.76,Normal
2026-07-08 20:20:00,AIML Department,5.37,7.25,1.35,Normal
2026-07-04 15:00:00,Mechanical Lab,7.84,61.61,7.86,Normal
2026-08-24 00:00:00,Physics Lab,6.12,28.99,4.73,Normal
2026-07-21 12:00:00,New Seminar Hall,6.31,43.12,6.83,Normal
2026-08-03 23:10:00,Physics Lab,6.24,21.92,3.51,Normal
2026-08-14 18:00:00,New Seminar Hall,5.75,53.83,9.35,Normal
2026-07-29 22:10:00,AI Lab,5.14,11.19,2.18,Normal
2026-07-24 20:10:00,CSE Department,4.45,17.48,3.93,Normal
2026-08-01 23:10:00,IT Department,4.29,24.91,5.81,Normal
2026-07-09 13:20:00,Chemistry Lab,11.3,131.21,11.61,Suspicious
2026-08-14 22:00:00,CSE Department,4.0,33.94,8.49,Normal
2026-08-05 09:50:00,BT Department,4.37,18.77,4.3,Normal
2026-08-07 05:10:00,Chemistry Lab,5.06,45.71,9.03,Normal
2026-07-18 05:30:00,AIML Department,10.94,273.3,24.97,Suspicious
2026-08-18 14:10:00,IT Department,5.0,31.09,6.22,Normal
2026-08-22 23:30:00,AIML Department,4.72,16.36,3.47,Normal
2026-08-09 07:10:00,Chemistry Lab,5.63,54.66,9.71,Normal
2026-07-17 22:30:00,AIML Department,1.35,11.54,8.54,Normal
2026-07-06 16:10:00,HOD Department,4.36,4.71,1.08,Normal
2026-08-22 06:00:00,AIML Department,7.86,82.15,10.46,Suspicious
2026-07-13 00:50:00,AI Lab,4.41,21.68,4.91,Normal
2026-07-02 05:40:00,HOD Department,3.69,26.06,7.06,Normal
2026-08-24 17:10:00,Electronics Department,5.12,12.16,2.38,Normal
2026-07-21 14:30:00,Mechanical Lab,4.9,42.72,8.72,Normal
2026-07-23 08:30:00,BT Department,2.79,4.34,1.56,Normal
2026-07-25 06:00:00,New Seminar Hall,5.69,10.54,1.85,Normal
2026-08-13 14:30:00,IT Department,3.6,7.82,2.17,Normal
2026-08-09 01:40:00,Biotech Department,4.61,13.13,2.85,Normal
2026-08-01 01:40:00,New Seminar Hall,5.67,29.87,5.27,Normal
2026-08-07 09:00:00,Physics Lab,5.4,17.49,3.24,Normal
2026-07-04 13:40:00,Physics Lab,25.13,1439.61,57.28,Critical
2026-08-13 20:10:00,Biotech Department,4.37,30.27,6.93,Normal
2026-08-10 03:40:00,New Seminar Hall,5.29,49.06,9.27,Normal
2026-07-22 19:20:00,AIML Department,9.78,244.24,24.98,Suspicious
2026-07-27 12:40:00,Chemistry Lab,4.19,30.27,7.22,Normal
2026-08-06 09:10:00,BT Department,17.44,1185.31,67.95,Critical
2026-08-06 15:00:00,IT Department,5.73,13.73,2.4,Normal
2026-08-07 18:20:00,BT Department,5.23,30.54,5.84,Normal
2026-07-07 07:20:00,CSE Department,3.82,8.23,2.16,Normal
2026-08-23 03:10:00,Physics Lab,4.6,33.48,7.28,Normal
2026-08-20 19:40:00,CSE Department,2.91,10.23,3.52,Normal
